code,name,name_official,name_clean,level,level_num,is_leaf,parent_code,major_code,middle_code,minor_code,detail_code,subdetail_code,major_name,middle_name,minor_name,detail_name,subdetail_name,major_name_filled,path_codes,path_names,kapp_industry_tag,industry_label_ko,diagnostic_unit,is_demo_target,context_level,excluded_flag,ncs_unit_code,ksco_code,keco_code,onet_soc_code,wage_survey_code,benchmark_group,benchmark_avg_K,benchmark_avg_A,benchmark_avg_P1,benchmark_avg_P2,benchmark_p10_total,key_skills,skill_industry_avg,career_path_mid,career_path_far
A,"농업, 임업 및 어업","농업, 임업 및 어업(01~03)","농업, 임업 및 어업",major,1,False,,A,,,,,"농업, 임업 및 어업",,,,,"농업, 임업 및 어업",A,"농업, 임업 및 어업",AGRICULTURE,농업·임업·어업,False,False,industry_overlay,False,,,,,,,,,,,,,,,
B,광업,광업(05~08),광업,major,1,False,,B,,,,,광업,,,,,광업,B,광업,MINING,광업,False,False,industry_overlay,False,,,,,,,,,,,,,,,
C,제조업,제조업(10~34),제조업,major,1,False,,C,,,,,제조업,,,,,제조업,C,제조업,MANUFACTURING,제조업,False,True,industry_overlay,False,,,,,,,,,,,,,,,
D,"전기, 가스, 증기 및 공기 조절 공급업","전기, 가스, 증기 및 공기 조절 공급업(35)","전기, 가스, 증기 및 공기 조절 공급업",major,1,False,,D,,,,,"전기, 가스, 증기 및 공기 조절 공급업",,,,,"전기, 가스, 증기 및 공기 조절 공급업",D,"전기, 가스, 증기 및 공기 조절 공급업",ENERGY,전기·가스·에너지,False,False,industry_overlay,False,,,,,,,,,,,,,,,
E,"수도, 하수 및 폐기물 처리, 원료 재생업","수도, 하수 및 폐기물 처리, 원료 재생업(36~39)","수도, 하수 및 폐기물 처리, 원료 재생업",major,1,False,,E,,,,,"수도, 하수 및 폐기물 처리, 원료 재생업",,,,,"수도, 하수 및 폐기물 처리, 원료 재생업",E,"수도, 하수 및 폐기물 처리, 원료 재생업",ENVIRONMENT,환경·폐기물 처리,False,False,industry_overlay,False,,,,,,,,,,,,,,,
F,건설업,건설업(41~42),건설업,major,1,False,,F,,,,,건설업,,,,,건설업,F,건설업,CONSTRUCTION,건설·부동산,False,False,industry_overlay,False,,,,,,,,,,,,,,,
G,도매 및 소매업,도매 및 소매업(45~47),도매 및 소매업,major,1,False,,G,,,,,도매 및 소매업,,,,,도매 및 소매업,G,도매 및 소매업,RETAIL_TRADE,도매·소매업,False,True,industry_overlay,False,,,,,,,,,,,,,,,
H,운수 및 창고업,운수 및 창고업(49~52),운수 및 창고업,major,1,False,,H,,,,,운수 및 창고업,,,,,운수 및 창고업,H,운수 및 창고업,LOGISTICS,운수·창고업,False,False,industry_overlay,False,,,,,,,,,,,,,,,
I,숙박 및 음식점업,숙박 및 음식점업(55~56),숙박 및 음식점업,major,1,False,,I,,,,,숙박 및 음식점업,,,,,숙박 및 음식점업,I,숙박 및 음식점업,HOSPITALITY,숙박·음식·여행,False,False,industry_overlay,False,,,,,,,,,,,,,,,
J,정보통신업,정보통신업(58~63),정보통신업,major,1,False,,J,,,,,정보통신업,,,,,정보통신업,J,정보통신업,IT_TECH,정보통신업 (IT),False,True,industry_overlay,False,,,,,,,,,,,,,,,
K,금융 및 보험업,금융 및 보험업(64~66),금융 및 보험업,major,1,False,,K,,,,,금융 및 보험업,,,,,금융 및 보험업,K,금융 및 보험업,FINANCE,금융·보험업,False,True,industry_overlay,False,,,,,,,,,,,,,,,
L,부동산업,부동산업(68),부동산업,major,1,False,,L,,,,,부동산업,,,,,부동산업,L,부동산업,REAL_ESTATE,부동산업,False,False,industry_overlay,False,,,,,,,,,,,,,,,
M,"전문, 과학 및 기술 서비스업","전문, 과학 및 기술 서비스업(70~73)","전문, 과학 및 기술 서비스업",major,1,False,,M,,,,,"전문, 과학 및 기술 서비스업",,,,,"전문, 과학 및 기술 서비스업",M,"전문, 과학 및 기술 서비스업",PROFESSIONAL_SVC,전문·과학·기술 서비스,False,False,industry_overlay,False,,,,,,,,,,,,,,,
N,"사업시설 관리, 사업 지원 및 임대 서비스업","사업시설 관리, 사업 지원 및 임대 서비스업(74~76)","사업시설 관리, 사업 지원 및 임대 서비스업",major,1,False,,N,,,,,"사업시설 관리, 사업 지원 및 임대 서비스업",,,,,"사업시설 관리, 사업 지원 및 임대 서비스업",N,"사업시설 관리, 사업 지원 및 임대 서비스업",BUSINESS_SVC,사업지원 서비스업,False,False,industry_overlay,False,,,,,,,,,,,,,,,
O,"공공 행정, 국방 및 사회보장 행정","공공 행정, 국방 및 사회보장 행정(84)","공공 행정, 국방 및 사회보장 행정",major,1,False,,O,,,,,"공공 행정, 국방 및 사회보장 행정",,,,,"공공 행정, 국방 및 사회보장 행정",O,"공공 행정, 국방 및 사회보장 행정",PUBLIC_ADMIN,공공행정·국방,False,False,industry_overlay,False,,,,,,,,,,,,,,,
P,교육 서비스업,교육 서비스업(85),교육 서비스업,major,1,False,,P,,,,,교육 서비스업,,,,,교육 서비스업,P,교육 서비스업,EDUCATION,교육서비스업,False,True,industry_overlay,False,,,,,,,,,,,,,,,
Q,보건업 및 사회복지 서비스업,보건업 및 사회복지 서비스업(86~87),보건업 및 사회복지 서비스업,major,1,False,,Q,,,,,보건업 및 사회복지 서비스업,,,,,보건업 및 사회복지 서비스업,Q,보건업 및 사회복지 서비스업,HEALTHCARE,보건·사회복지,False,True,industry_overlay,False,,,,,,,,,,,,,,,
R,"예술, 스포츠 및 여가관련 서비스업","예술, 스포츠 및 여가관련 서비스업(90~91)","예술, 스포츠 및 여가관련 서비스업",major,1,False,,R,,,,,"예술, 스포츠 및 여가관련 서비스업",,,,,"예술, 스포츠 및 여가관련 서비스업",R,"예술, 스포츠 및 여가관련 서비스업",ARTS_SPORTS,문화·예술·스포츠,False,False,industry_overlay,False,,,,,,,,,,,,,,,
S,"협회 및 단체, 수리 및 기타 개인 서비스업","협회 및 단체, 수리 및 기타 개인 서비스업(94~96)","협회 및 단체, 수리 및 기타 개인 서비스업",major,1,False,,S,,,,,"협회 및 단체, 수리 및 기타 개인 서비스업",,,,,"협회 및 단체, 수리 및 기타 개인 서비스업",S,"협회 및 단체, 수리 및 기타 개인 서비스업",ASSOC_ORG,기타 서비스업,False,False,industry_overlay,False,,,,,,,,,,,,,,,
T,가구 내 고용활동 및 달리 분류되지 않은 자가 소비 생산활동,가구 내 고용활동 및 달리 분류되지 않은 자가 소비 생산활동(97~98),가구 내 고용활동 및 달리 분류되지 않은 자가 소비 생산활동,major,1,False,,T,,,,,가구 내 고용활동 및 달리 분류되지 않은 자가 소비 생산활동,,,,,가구 내 고용활동 및 달리 분류되지 않은 자가 소비 생산활동,T,가구 내 고용활동 및 달리 분류되지 않은 자가 소비 생산활동,HOUSEHOLD,가구 내 고용 활동,False,False,industry_overlay,True,,,,,,,,,,,,,,,
U,국제 및 외국기관,국제 및 외국기관(99),국제 및 외국기관,major,1,False,,U,,,,,국제 및 외국기관,,,,,국제 및 외국기관,U,국제 및 외국기관,INTERNATIONAL,국제·외국기관,False,False,industry_overlay,True,,,,,,,,,,,,,,,
01,농업,농업,농업,middle,2,False,A,0,1.0,,,,"농업, 임업 및 어업",농업,,,,"농업, 임업 및 어업",0/01, / 농업,AGRICULTURE,농업·임업·어업,False,False,context_group,False,,,,,,,,,,,,,,,
02,임업,임업,임업,middle,2,False,A,0,2.0,,,,"농업, 임업 및 어업",임업,,,,"농업, 임업 및 어업",0/02, / 임업,AGRICULTURE,농업·임업·어업,False,False,context_group,False,,,,,,,,,,,,,,,
03,어업,어업,어업,middle,2,False,A,0,3.0,,,,"농업, 임업 및 어업",어업,,,,"농업, 임업 및 어업",0/03, / 어업,AGRICULTURE,농업·임업·어업,False,False,context_group,False,,,,,,,,,,,,,,,
05,"석탄, 원유 및 천연가스 광업","석탄, 원유 및 천연가스 광업","석탄, 원유 및 천연가스 광업",middle,2,False,B,0,5.0,,,,광업,"석탄, 원유 및 천연가스 광업",,,,광업,0/05," / 석탄, 원유 및 천연가스 광업",MINING,광업,False,False,context_group,False,,,,,,,,,,,,,,,
06,금속 광업,금속 광업,금속 광업,middle,2,False,B,0,6.0,,,,광업,금속 광업,,,,광업,0/06, / 금속 광업,MINING,광업,False,False,context_group,False,,,,,,,,,,,,,,,
07,"비금속광물 광업, 연료용 제외",비금속광물 광업; 연료용 제외,"비금속광물 광업, 연료용 제외",middle,2,False,B,0,7.0,,,,광업,"비금속광물 광업, 연료용 제외",,,,광업,0/07," / 비금속광물 광업, 연료용 제외",MINING,광업,False,False,context_group,False,,,,,,,,,,,,,,,
08,광업 지원 서비스업,광업 지원 서비스업,광업 지원 서비스업,middle,2,False,B,0,8.0,,,,광업,광업 지원 서비스업,,,,광업,0/08, / 광업 지원 서비스업,MINING,광업,False,False,context_group,False,,,,,,,,,,,,,,,
10,식료품 제조업,식료품 제조업,식료품 제조업,middle,2,False,C,1,10.0,,,,제조업,식료품 제조업,,,,제조업,1/10, / 식료품 제조업,MANUFACTURING,제조업,False,True,context_group,False,,,,,,,,,,,,,,,
11,음료 제조업,음료 제조업,음료 제조업,middle,2,False,C,1,11.0,,,,제조업,음료 제조업,,,,제조업,1/11, / 음료 제조업,MANUFACTURING,제조업,False,True,context_group,False,,,,,,,,,,,,,,,
12,담배 제조업,담배 제조업,담배 제조업,middle,2,False,C,1,12.0,,,,제조업,담배 제조업,,,,제조업,1/12, / 담배 제조업,MANUFACTURING,제조업,False,True,context_group,False,,,,,,,,,,,,,,,
13,"섬유제품 제조업, 의복 제외",섬유제품 제조업; 의복 제외,"섬유제품 제조업, 의복 제외",middle,2,False,C,1,13.0,,,,제조업,"섬유제품 제조업, 의복 제외",,,,제조업,1/13," / 섬유제품 제조업, 의복 제외",MANUFACTURING,제조업,False,True,context_group,False,,,,,,,,,,,,,,,
14,"의복, 의복 액세서리 및 모피제품 제조업","의복, 의복 액세서리 및 모피제품 제조업","의복, 의복 액세서리 및 모피제품 제조업",middle,2,False,C,1,14.0,,,,제조업,"의복, 의복 액세서리 및 모피제품 제조업",,,,제조업,1/14," / 의복, 의복 액세서리 및 모피제품 제조업",MANUFACTURING,제조업,False,True,context_group,False,,,,,,,,,,,,,,,
15,"가죽, 가방 및 신발 제조업","가죽, 가방 및 신발 제조업","가죽, 가방 및 신발 제조업",middle,2,False,C,1,15.0,,,,제조업,"가죽, 가방 및 신발 제조업",,,,제조업,1/15," / 가죽, 가방 및 신발 제조업",MANUFACTURING,제조업,False,True,context_group,False,,,,,,,,,,,,,,,
16,"목재 및 나무제품 제조업, 가구 제외",목재 및 나무제품 제조업; 가구 제외,"목재 및 나무제품 제조업, 가구 제외",middle,2,False,C,1,16.0,,,,제조업,"목재 및 나무제품 제조업, 가구 제외",,,,제조업,1/16," / 목재 및 나무제품 제조업, 가구 제외",MANUFACTURING,제조업,False,True,context_group,False,,,,,,,,,,,,,,,
17,"펄프, 종이 및 종이제품 제조업","펄프, 종이 및 종이제품 제조업","펄프, 종이 및 종이제품 제조업",middle,2,False,C,1,17.0,,,,제조업,"펄프, 종이 및 종이제품 제조업",,,,제조업,1/17," / 펄프, 종이 및 종이제품 제조업",MANUFACTURING,제조업,False,True,context_group,False,,,,,,,,,,,,,,,
18,인쇄 및 기록매체 복제업,인쇄 및 기록매체 복제업,인쇄 및 기록매체 복제업,middle,2,False,C,1,18.0,,,,제조업,인쇄 및 기록매체 복제업,,,,제조업,1/18, / 인쇄 및 기록매체 복제업,MANUFACTURING,제조업,False,True,context_group,False,,,,,,,,,,,,,,,
19,"코크스, 연탄 및 석유정제품 제조업","코크스, 연탄 및 석유정제품 제조업","코크스, 연탄 및 석유정제품 제조업",middle,2,False,C,1,19.0,,,,제조업,"코크스, 연탄 및 석유정제품 제조업",,,,제조업,1/19," / 코크스, 연탄 및 석유정제품 제조업",MANUFACTURING,제조업,False,True,context_group,False,,,,,,,,,,,,,,,
20,"화학 물질 및 화학제품 제조업, 의약품 제외",화학 물질 및 화학제품 제조업; 의약품 제외,"화학 물질 및 화학제품 제조업, 의약품 제외",middle,2,False,C,2,20.0,,,,제조업,"화학 물질 및 화학제품 제조업, 의약품 제외",,,,제조업,2/20," / 화학 물질 및 화학제품 제조업, 의약품 제외",MANUFACTURING,제조업,False,True,context_group,False,,,,,,,,,,,,,,,
21,의료용 물질 및 의약품 제조업,의료용 물질 및 의약품 제조업,의료용 물질 및 의약품 제조업,middle,2,False,C,2,21.0,,,,제조업,의료용 물질 및 의약품 제조업,,,,제조업,2/21, / 의료용 물질 및 의약품 제조업,MANUFACTURING,제조업,False,True,context_group,False,,,,,,,,,,,,,,,
22,고무 및 플라스틱제품 제조업,고무 및 플라스틱제품 제조업,고무 및 플라스틱제품 제조업,middle,2,False,C,2,22.0,,,,제조업,고무 및 플라스틱제품 제조업,,,,제조업,2/22, / 고무 및 플라스틱제품 제조업,MANUFACTURING,제조업,False,True,context_group,False,,,,,,,,,,,,,,,
23,비금속 광물제품 제조업,비금속 광물제품 제조업,비금속 광물제품 제조업,middle,2,False,C,2,23.0,,,,제조업,비금속 광물제품 제조업,,,,제조업,2/23, / 비금속 광물제품 제조업,MANUFACTURING,제조업,False,True,context_group,False,,,,,,,,,,,,,,,
24,1차 금속 제조업,1차 금속 제조업,1차 금속 제조업,middle,2,False,C,2,24.0,,,,제조업,1차 금속 제조업,,,,제조업,2/24, / 1차 금속 제조업,MANUFACTURING,제조업,False,True,context_group,False,,,,,,,,,,,,,,,
25,"금속 가공제품 제조업, 기계 및 가구 제외",금속 가공제품 제조업; 기계 및 가구 제외,"금속 가공제품 제조업, 기계 및 가구 제외",middle,2,False,C,2,25.0,,,,제조업,"금속 가공제품 제조업, 기계 및 가구 제외",,,,제조업,2/25," / 금속 가공제품 제조업, 기계 및 가구 제외",MANUFACTURING,제조업,False,True,context_group,False,,,,,,,,,,,,,,,
26,"전자 부품, 컴퓨터, 영상, 음향 및 통신장비 제조업","전자 부품, 컴퓨터, 영상, 음향 및 통신장비 제조업","전자 부품, 컴퓨터, 영상, 음향 및 통신장비 제조업",middle,2,False,C,2,26.0,,,,제조업,"전자 부품, 컴퓨터, 영상, 음향 및 통신장비 제조업",,,,제조업,2/26," / 전자 부품, 컴퓨터, 영상, 음향 및 통신장비 제조업",MANUFACTURING,제조업,False,True,context_group,False,,,,,,,,,,,,,,,
27,"의료, 정밀, 광학 기기 및 시계 제조업","의료, 정밀, 광학 기기 및 시계 제조업","의료, 정밀, 광학 기기 및 시계 제조업",middle,2,False,C,2,27.0,,,,제조업,"의료, 정밀, 광학 기기 및 시계 제조업",,,,제조업,2/27," / 의료, 정밀, 광학 기기 및 시계 제조업",MANUFACTURING,제조업,False,True,context_group,False,,,,,,,,,,,,,,,
28,전기장비 제조업,전기장비 제조업,전기장비 제조업,middle,2,False,C,2,28.0,,,,제조업,전기장비 제조업,,,,제조업,2/28, / 전기장비 제조업,MANUFACTURING,제조업,False,True,context_group,False,,,,,,,,,,,,,,,
29,기타 기계 및 장비 제조업,기타 기계 및 장비 제조업,기타 기계 및 장비 제조업,middle,2,False,C,2,29.0,,,,제조업,기타 기계 및 장비 제조업,,,,제조업,2/29, / 기타 기계 및 장비 제조업,MANUFACTURING,제조업,False,True,context_group,False,,,,,,,,,,,,,,,
30,자동차 및 트레일러 제조업,자동차 및 트레일러 제조업,자동차 및 트레일러 제조업,middle,2,False,C,3,30.0,,,,제조업,자동차 및 트레일러 제조업,,,,제조업,3/30, / 자동차 및 트레일러 제조업,MANUFACTURING,제조업,False,True,context_group,False,,,,,,,,,,,,,,,
31,기타 운송장비 제조업,기타 운송장비 제조업,기타 운송장비 제조업,middle,2,False,C,3,31.0,,,,제조업,기타 운송장비 제조업,,,,제조업,3/31, / 기타 운송장비 제조업,MANUFACTURING,제조업,False,True,context_group,False,,,,,,,,,,,,,,,
32,가구 제조업,가구 제조업,가구 제조업,middle,2,False,C,3,32.0,,,,제조업,가구 제조업,,,,제조업,3/32, / 가구 제조업,MANUFACTURING,제조업,False,True,context_group,False,,,,,,,,,,,,,,,
33,기타 제품 제조업,기타 제품 제조업,기타 제품 제조업,middle,2,False,C,3,33.0,,,,제조업,기타 제품 제조업,,,,제조업,3/33, / 기타 제품 제조업,MANUFACTURING,제조업,False,True,context_group,False,,,,,,,,,,,,,,,
34,산업용 기계 및 장비 수리업,산업용 기계 및 장비 수리업,산업용 기계 및 장비 수리업,middle,2,False,C,3,34.0,,,,제조업,산업용 기계 및 장비 수리업,,,,제조업,3/34, / 산업용 기계 및 장비 수리업,MANUFACTURING,제조업,False,True,context_group,False,,,,,,,,,,,,,,,
35,"전기, 가스, 증기 및 공기 조절 공급업","전기, 가스, 증기 및 공기 조절 공급업","전기, 가스, 증기 및 공기 조절 공급업",middle,2,False,D,3,35.0,,,,"전기, 가스, 증기 및 공기 조절 공급업","전기, 가스, 증기 및 공기 조절 공급업",,,,"전기, 가스, 증기 및 공기 조절 공급업",3/35," / 전기, 가스, 증기 및 공기 조절 공급업",ENERGY,전기·가스·에너지,False,False,context_group,False,,,,,,,,,,,,,,,
36,수도업,수도업,수도업,middle,2,False,E,3,36.0,,,,"수도, 하수 및 폐기물 처리, 원료 재생업",수도업,,,,"수도, 하수 및 폐기물 처리, 원료 재생업",3/36, / 수도업,ENVIRONMENT,환경·폐기물 처리,False,False,context_group,False,,,,,,,,,,,,,,,
37,"하수, 폐수 및 분뇨 처리업","하수, 폐수 및 분뇨 처리업","하수, 폐수 및 분뇨 처리업",middle,2,False,E,3,37.0,,,,"수도, 하수 및 폐기물 처리, 원료 재생업","하수, 폐수 및 분뇨 처리업",,,,"수도, 하수 및 폐기물 처리, 원료 재생업",3/37," / 하수, 폐수 및 분뇨 처리업",ENVIRONMENT,환경·폐기물 처리,False,False,context_group,False,,,,,,,,,,,,,,,
38,"폐기물 수집, 운반, 처리 및 원료 재생업","폐기물 수집, 운반, 처리 및 원료 재생업","폐기물 수집, 운반, 처리 및 원료 재생업",middle,2,False,E,3,38.0,,,,"수도, 하수 및 폐기물 처리, 원료 재생업","폐기물 수집, 운반, 처리 및 원료 재생업",,,,"수도, 하수 및 폐기물 처리, 원료 재생업",3/38," / 폐기물 수집, 운반, 처리 및 원료 재생업",ENVIRONMENT,환경·폐기물 처리,False,False,context_group,False,,,,,,,,,,,,,,,
39,환경 정화 및 복원업,환경 정화 및 복원업,환경 정화 및 복원업,middle,2,False,E,3,39.0,,,,"수도, 하수 및 폐기물 처리, 원료 재생업",환경 정화 및 복원업,,,,"수도, 하수 및 폐기물 처리, 원료 재생업",3/39, / 환경 정화 및 복원업,ENVIRONMENT,환경·폐기물 처리,False,False,context_group,False,,,,,,,,,,,,,,,
41,종합 건설업,종합 건설업,종합 건설업,middle,2,False,F,4,41.0,,,,건설업,종합 건설업,,,,건설업,4/41, / 종합 건설업,CONSTRUCTION,건설·부동산,False,False,context_group,False,,,,,,,,,,,,,,,
42,전문직별 공사업,전문직별 공사업,전문직별 공사업,middle,2,False,F,4,42.0,,,,건설업,전문직별 공사업,,,,건설업,4/42, / 전문직별 공사업,CONSTRUCTION,건설·부동산,False,False,context_group,False,,,,,,,,,,,,,,,
45,자동차 및 부품 판매업,자동차 및 부품 판매업,자동차 및 부품 판매업,middle,2,False,G,4,45.0,,,,도매 및 소매업,자동차 및 부품 판매업,,,,도매 및 소매업,4/45, / 자동차 및 부품 판매업,RETAIL_TRADE,도매·소매업,False,True,context_group,False,,,,,,,,,,,,,,,
46,도매 및 상품 중개업,도매 및 상품 중개업,도매 및 상품 중개업,middle,2,False,G,4,46.0,,,,도매 및 소매업,도매 및 상품 중개업,,,,도매 및 소매업,4/46, / 도매 및 상품 중개업,RETAIL_TRADE,도매·소매업,False,True,context_group,False,,,,,,,,,,,,,,,
47,"소매업, 자동차 제외",소매업; 자동차 제외,"소매업, 자동차 제외",middle,2,False,G,4,47.0,,,,도매 및 소매업,"소매업, 자동차 제외",,,,도매 및 소매업,4/47," / 소매업, 자동차 제외",RETAIL_TRADE,도매·소매업,False,True,context_group,False,,,,,,,,,,,,,,,
49,육상 운송 및 파이프라인 운송업,육상 운송 및 파이프라인 운송업,육상 운송 및 파이프라인 운송업,middle,2,False,H,4,49.0,,,,운수 및 창고업,육상 운송 및 파이프라인 운송업,,,,운수 및 창고업,4/49, / 육상 운송 및 파이프라인 운송업,LOGISTICS,운수·창고업,False,False,context_group,False,,,,,,,,,,,,,,,
50,수상 운송업,수상 운송업,수상 운송업,middle,2,False,H,5,50.0,,,,운수 및 창고업,수상 운송업,,,,운수 및 창고업,5/50, / 수상 운송업,LOGISTICS,운수·창고업,False,False,context_group,False,,,,,,,,,,,,,,,
51,항공 운송업,항공 운송업,항공 운송업,middle,2,False,H,5,51.0,,,,운수 및 창고업,항공 운송업,,,,운수 및 창고업,5/51, / 항공 운송업,LOGISTICS,운수·창고업,False,False,context_group,False,,,,,,,,,,,,,,,
52,창고 및 운송관련 서비스업,창고 및 운송관련 서비스업,창고 및 운송관련 서비스업,middle,2,False,H,5,52.0,,,,운수 및 창고업,창고 및 운송관련 서비스업,,,,운수 및 창고업,5/52, / 창고 및 운송관련 서비스업,LOGISTICS,운수·창고업,False,False,context_group,False,,,,,,,,,,,,,,,
55,숙박업,숙박업,숙박업,middle,2,False,I,5,55.0,,,,숙박 및 음식점업,숙박업,,,,숙박 및 음식점업,5/55, / 숙박업,HOSPITALITY,숙박·음식·여행,False,False,context_group,False,,,,,,,,,,,,,,,
56,음식점 및 주점업,음식점 및 주점업,음식점 및 주점업,middle,2,False,I,5,56.0,,,,숙박 및 음식점업,음식점 및 주점업,,,,숙박 및 음식점업,5/56, / 음식점 및 주점업,HOSPITALITY,숙박·음식·여행,False,False,context_group,False,,,,,,,,,,,,,,,
58,출판업,출판업,출판업,middle,2,False,J,5,58.0,,,,정보통신업,출판업,,,,정보통신업,5/58, / 출판업,IT_TECH,정보통신업 (IT),False,True,context_group,False,,,,,,,,,,,,,,,
59,영상ㆍ오디오 기록물 제작 및 배급업,영상ㆍ오디오 기록물 제작 및 배급업,영상ㆍ오디오 기록물 제작 및 배급업,middle,2,False,J,5,59.0,,,,정보통신업,영상ㆍ오디오 기록물 제작 및 배급업,,,,정보통신업,5/59, / 영상ㆍ오디오 기록물 제작 및 배급업,IT_TECH,정보통신업 (IT),False,True,context_group,False,,,,,,,,,,,,,,,
60,방송 및 영상ㆍ오디오물 제공 서비스업,방송 및 영상ㆍ오디오물 제공 서비스업,방송 및 영상ㆍ오디오물 제공 서비스업,middle,2,False,J,6,60.0,,,,정보통신업,방송 및 영상ㆍ오디오물 제공 서비스업,,,,정보통신업,6/60, / 방송 및 영상ㆍ오디오물 제공 서비스업,IT_TECH,정보통신업 (IT),False,True,context_group,False,,,,,,,,,,,,,,,
61,우편 및 통신업,우편 및 통신업,우편 및 통신업,middle,2,False,J,6,61.0,,,,정보통신업,우편 및 통신업,,,,정보통신업,6/61, / 우편 및 통신업,IT_TECH,정보통신업 (IT),False,True,context_group,False,,,,,,,,,,,,,,,
62,"컴퓨터 프로그래밍, 시스템 통합 및 관리업","컴퓨터 프로그래밍, 시스템 통합 및 관리업","컴퓨터 프로그래밍, 시스템 통합 및 관리업",middle,2,False,J,6,62.0,,,,정보통신업,"컴퓨터 프로그래밍, 시스템 통합 및 관리업",,,,정보통신업,6/62," / 컴퓨터 프로그래밍, 시스템 통합 및 관리업",IT_TECH,정보통신업 (IT),False,True,context_group,False,,,,,,,,,,,,,,,
63,정보서비스업,정보서비스업,정보서비스업,middle,2,False,J,6,63.0,,,,정보통신업,정보서비스업,,,,정보통신업,6/63, / 정보서비스업,IT_TECH,정보통신업 (IT),False,True,context_group,False,,,,,,,,,,,,,,,
64,금융업,금융업,금융업,middle,2,False,K,6,64.0,,,,금융 및 보험업,금융업,,,,금융 및 보험업,6/64, / 금융업,FINANCE,금융·보험업,False,True,context_group,False,,,,,,,,,,,,,,,
65,보험업,보험업,보험업,middle,2,False,K,6,65.0,,,,금융 및 보험업,보험업,,,,금융 및 보험업,6/65, / 보험업,FINANCE,금융·보험업,False,True,context_group,False,,,,,,,,,,,,,,,
66,금융 및 보험관련 서비스업,금융 및 보험관련 서비스업,금융 및 보험관련 서비스업,middle,2,False,K,6,66.0,,,,금융 및 보험업,금융 및 보험관련 서비스업,,,,금융 및 보험업,6/66, / 금융 및 보험관련 서비스업,FINANCE,금융·보험업,False,True,context_group,False,,,,,,,,,,,,,,,
68,부동산업,부동산업,부동산업,middle,2,False,L,6,68.0,,,,부동산업,부동산업,,,,부동산업,6/68, / 부동산업,REAL_ESTATE,부동산업,False,False,context_group,False,,,,,,,,,,,,,,,
70,연구개발업,연구개발업,연구개발업,middle,2,False,M,7,70.0,,,,"전문, 과학 및 기술 서비스업",연구개발업,,,,"전문, 과학 및 기술 서비스업",7/70, / 연구개발업,PROFESSIONAL_SVC,전문·과학·기술 서비스,False,False,context_group,False,,,,,,,,,,,,,,,
71,전문 서비스업,전문 서비스업,전문 서비스업,middle,2,False,M,7,71.0,,,,"전문, 과학 및 기술 서비스업",전문 서비스업,,,,"전문, 과학 및 기술 서비스업",7/71, / 전문 서비스업,PROFESSIONAL_SVC,전문·과학·기술 서비스,False,False,context_group,False,,,,,,,,,,,,,,,
72,"건축 기술, 엔지니어링 및 기타 과학기술 서비스업","건축 기술, 엔지니어링 및 기타 과학기술 서비스업","건축 기술, 엔지니어링 및 기타 과학기술 서비스업",middle,2,False,M,7,72.0,,,,"전문, 과학 및 기술 서비스업","건축 기술, 엔지니어링 및 기타 과학기술 서비스업",,,,"전문, 과학 및 기술 서비스업",7/72," / 건축 기술, 엔지니어링 및 기타 과학기술 서비스업",PROFESSIONAL_SVC,전문·과학·기술 서비스,False,False,context_group,False,,,,,,,,,,,,,,,
73,"기타 전문, 과학 및 기술 서비스업","기타 전문, 과학 및 기술 서비스업","기타 전문, 과학 및 기술 서비스업",middle,2,False,M,7,73.0,,,,"전문, 과학 및 기술 서비스업","기타 전문, 과학 및 기술 서비스업",,,,"전문, 과학 및 기술 서비스업",7/73," / 기타 전문, 과학 및 기술 서비스업",PROFESSIONAL_SVC,전문·과학·기술 서비스,False,False,context_group,False,,,,,,,,,,,,,,,
74,사업시설 관리 및 조경 서비스업,사업시설 관리 및 조경 서비스업,사업시설 관리 및 조경 서비스업,middle,2,False,N,7,74.0,,,,"사업시설 관리, 사업 지원 및 임대 서비스업",사업시설 관리 및 조경 서비스업,,,,"사업시설 관리, 사업 지원 및 임대 서비스업",7/74, / 사업시설 관리 및 조경 서비스업,BUSINESS_SVC,사업지원 서비스업,False,False,context_group,False,,,,,,,,,,,,,,,
75,사업 지원 서비스업,사업 지원 서비스업,사업 지원 서비스업,middle,2,False,N,7,75.0,,,,"사업시설 관리, 사업 지원 및 임대 서비스업",사업 지원 서비스업,,,,"사업시설 관리, 사업 지원 및 임대 서비스업",7/75, / 사업 지원 서비스업,BUSINESS_SVC,사업지원 서비스업,False,False,context_group,False,,,,,,,,,,,,,,,
76,"임대업, 부동산 제외",임대업; 부동산 제외,"임대업, 부동산 제외",middle,2,False,N,7,76.0,,,,"사업시설 관리, 사업 지원 및 임대 서비스업","임대업, 부동산 제외",,,,"사업시설 관리, 사업 지원 및 임대 서비스업",7/76," / 임대업, 부동산 제외",BUSINESS_SVC,사업지원 서비스업,False,False,context_group,False,,,,,,,,,,,,,,,
84,"공공 행정, 국방 및 사회보장 행정","공공 행정, 국방 및 사회보장 행정","공공 행정, 국방 및 사회보장 행정",middle,2,False,O,8,84.0,,,,"공공 행정, 국방 및 사회보장 행정","공공 행정, 국방 및 사회보장 행정",,,,"공공 행정, 국방 및 사회보장 행정",8/84," / 공공 행정, 국방 및 사회보장 행정",PUBLIC_ADMIN,공공행정·국방,False,False,context_group,False,,,,,,,,,,,,,,,
85,교육 서비스업,교육 서비스업,교육 서비스업,middle,2,False,P,8,85.0,,,,교육 서비스업,교육 서비스업,,,,교육 서비스업,8/85, / 교육 서비스업,EDUCATION,교육서비스업,False,True,context_group,False,,,,,,,,,,,,,,,
86,보건업,보건업,보건업,middle,2,False,Q,8,86.0,,,,보건업 및 사회복지 서비스업,보건업,,,,보건업 및 사회복지 서비스업,8/86, / 보건업,HEALTHCARE,보건·사회복지,False,True,context_group,False,,,,,,,,,,,,,,,
87,사회복지 서비스업,사회복지 서비스업,사회복지 서비스업,middle,2,False,Q,8,87.0,,,,보건업 및 사회복지 서비스업,사회복지 서비스업,,,,보건업 및 사회복지 서비스업,8/87, / 사회복지 서비스업,HEALTHCARE,보건·사회복지,False,True,context_group,False,,,,,,,,,,,,,,,
90,"창작, 예술 및 여가관련 서비스업","창작, 예술 및 여가관련 서비스업","창작, 예술 및 여가관련 서비스업",middle,2,False,R,9,90.0,,,,"예술, 스포츠 및 여가관련 서비스업","창작, 예술 및 여가관련 서비스업",,,,"예술, 스포츠 및 여가관련 서비스업",9/90," / 창작, 예술 및 여가관련 서비스업",ARTS_SPORTS,문화·예술·스포츠,False,False,context_group,False,,,,,,,,,,,,,,,
91,스포츠 및 오락관련 서비스업,스포츠 및 오락관련 서비스업,스포츠 및 오락관련 서비스업,middle,2,False,R,9,91.0,,,,"예술, 스포츠 및 여가관련 서비스업",스포츠 및 오락관련 서비스업,,,,"예술, 스포츠 및 여가관련 서비스업",9/91, / 스포츠 및 오락관련 서비스업,ARTS_SPORTS,문화·예술·스포츠,False,False,context_group,False,,,,,,,,,,,,,,,
94,협회 및 단체,협회 및 단체,협회 및 단체,middle,2,False,S,9,94.0,,,,"협회 및 단체, 수리 및 기타 개인 서비스업",협회 및 단체,,,,"협회 및 단체, 수리 및 기타 개인 서비스업",9/94, / 협회 및 단체,ASSOC_ORG,협회·단체·종교·정치,False,False,context_group,False,,,,,,,,,,,,,,,
95,개인 및 소비용품 수리업,개인 및 소비용품 수리업,개인 및 소비용품 수리업,middle,2,False,S,9,95.0,,,,"협회 및 단체, 수리 및 기타 개인 서비스업",개인 및 소비용품 수리업,,,,"협회 및 단체, 수리 및 기타 개인 서비스업",9/95, / 개인 및 소비용품 수리업,OTHER_SVC,기타 서비스업,False,False,context_group,False,,,,,,,,,,,,,,,
96,기타 개인 서비스업,기타 개인 서비스업,기타 개인 서비스업,middle,2,False,S,9,96.0,,,,"협회 및 단체, 수리 및 기타 개인 서비스업",기타 개인 서비스업,,,,"협회 및 단체, 수리 및 기타 개인 서비스업",9/96, / 기타 개인 서비스업,OTHER_SVC,기타 서비스업,False,False,context_group,True,,,,,,,,,,,,,,,
97,가구 내 고용활동,가구 내 고용활동,가구 내 고용활동,middle,2,False,T,9,97.0,,,,가구 내 고용활동 및 달리 분류되지 않은 자가 소비 생산활동,가구 내 고용활동,,,,가구 내 고용활동 및 달리 분류되지 않은 자가 소비 생산활동,9/97, / 가구 내 고용활동,HOUSEHOLD,가구 내 고용 활동,False,False,context_group,True,,,,,,,,,,,,,,,
98,달리 분류되지 않은 자가 소비를 위한 가구의 재화 및 서비스 생산활동,달리 분류되지 않은 자가 소비를 위한 가구의 재화 및 서비스 생산활동,달리 분류되지 않은 자가 소비를 위한 가구의 재화 및 서비스 생산활동,middle,2,False,T,9,98.0,,,,가구 내 고용활동 및 달리 분류되지 않은 자가 소비 생산활동,달리 분류되지 않은 자가 소비를 위한 가구의 재화 및 서비스 생산활동,,,,가구 내 고용활동 및 달리 분류되지 않은 자가 소비 생산활동,9/98, / 달리 분류되지 않은 자가 소비를 위한 가구의 재화 및 서비스 생산활동,HOUSEHOLD,가구 내 고용 활동,False,False,context_group,True,,,,,,,,,,,,,,,
99,국제 및 외국기관,국제 및 외국기관,국제 및 외국기관,middle,2,False,U,9,99.0,,,,국제 및 외국기관,국제 및 외국기관,,,,국제 및 외국기관,9/99, / 국제 및 외국기관,INTERNATIONAL,국제·외국기관,False,False,context_group,True,,,,,,,,,,,,,,,
011,작물 재배업,작물 재배업,작물 재배업,minor,3,False,01,0,1.0,11.0,,,"농업, 임업 및 어업",농업,작물 재배업,,,"농업, 임업 및 어업",0/01/011, / 농업 / 작물 재배업,AGRICULTURE,농업·임업·어업,False,False,diagnostic_unit,False,TBD,TBD,TBD,TBD,TBD,TBD,,,,,,TBD,TBD,TBD,TBD
012,축산업,축산업,축산업,minor,3,False,01,0,1.0,12.0,,,"농업, 임업 및 어업",농업,축산업,,,"농업, 임업 및 어업",0/01/012, / 농업 / 축산업,AGRICULTURE,농업·임업·어업,False,False,diagnostic_unit,False,TBD,TBD,TBD,TBD,TBD,TBD,,,,,,TBD,TBD,TBD,TBD
013,작물재배 및 축산 복합농업,작물재배 및 축산 복합농업,작물재배 및 축산 복합농업,minor,3,False,01,0,1.0,13.0,,,"농업, 임업 및 어업",농업,작물재배 및 축산 복합농업,,,"농업, 임업 및 어업",0/01/013, / 농업 / 작물재배 및 축산 복합농업,AGRICULTURE,농업·임업·어업,False,False,diagnostic_unit,False,TBD,TBD,TBD,TBD,TBD,TBD,,,,,,TBD,TBD,TBD,TBD
014,작물재배 및 축산 관련 서비스업,작물재배 및 축산 관련 서비스업,작물재배 및 축산 관련 서비스업,minor,3,False,01,0,1.0,14.0,,,"농업, 임업 및 어업",농업,작물재배 및 축산 관련 서비스업,,,"농업, 임업 및 어업",0/01/014, / 농업 / 작물재배 및 축산 관련 서비스업,AGRICULTURE,농업·임업·어업,False,False,diagnostic_unit,False,TBD,TBD,TBD,TBD,TBD,TBD,,,,,,TBD,TBD,TBD,TBD
015,수렵 및 관련 서비스업,수렵 및 관련 서비스업,수렵 및 관련 서비스업,minor,3,False,01,0,1.0,15.0,,,"농업, 임업 및 어업",농업,수렵 및 관련 서비스업,,,"농업, 임업 및 어업",0/01/015, / 농업 / 수렵 및 관련 서비스업,AGRICULTURE,농업·임업·어업,False,False,diagnostic_unit,False,TBD,TBD,TBD,TBD,TBD,TBD,,,,,,TBD,TBD,TBD,TBD
020,임업,임업,임업,minor,3,False,02,0,2.0,20.0,,,"농업, 임업 및 어업",임업,임업,,,"농업, 임업 및 어업",0/02/020, / 임업 / 임업,AGRICULTURE,농업·임업·어업,False,False,diagnostic_unit,False,TBD,TBD,TBD,TBD,TBD,TBD,,,,,,TBD,TBD,TBD,TBD
031,어로 어업,어로 어업,어로 어업,minor,3,False,03,0,3.0,31.0,,,"농업, 임업 및 어업",어업,어로 어업,,,"농업, 임업 및 어업",0/03/031, / 어업 / 어로 어업,AGRICULTURE,농업·임업·어업,False,False,diagnostic_unit,False,TBD,TBD,TBD,TBD,TBD,TBD,,,,,,TBD,TBD,TBD,TBD
032,양식어업 및 어업관련 서비스업,양식어업 및 어업관련 서비스업,양식어업 및 어업관련 서비스업,minor,3,False,03,0,3.0,32.0,,,"농업, 임업 및 어업",어업,양식어업 및 어업관련 서비스업,,,"농업, 임업 및 어업",0/03/032, / 어업 / 양식어업 및 어업관련 서비스업,AGRICULTURE,농업·임업·어업,False,False,diagnostic_unit,False,TBD,TBD,TBD,TBD,TBD,TBD,,,,,,TBD,TBD,TBD,TBD
051,석탄 광업,석탄 광업,석탄 광업,minor,3,False,05,0,5.0,51.0,,,광업,"석탄, 원유 및 천연가스 광업",석탄 광업,,,광업,0/05/051," / 석탄, 원유 및 천연가스 광업 / 석탄 광업",MINING,광업,False,False,diagnostic_unit,False,TBD,TBD,TBD,TBD,TBD,TBD,,,,,,TBD,TBD,TBD,TBD
052,원유 및 천연가스 채굴업,원유 및 천연가스 채굴업,원유 및 천연가스 채굴업,minor,3,False,05,0,5.0,52.0,,,광업,"석탄, 원유 및 천연가스 광업",원유 및 천연가스 채굴업,,,광업,0/05/052," / 석탄, 원유 및 천연가스 광업 / 원유 및 천연가스 채굴업",MINING,광업,False,False,diagnostic_unit,False,TBD,TBD,TBD,TBD,TBD,TBD,,,,,,TBD,TBD,TBD,TBD
061,철 광업,철 광업,철 광업,minor,3,False,06,0,6.0,61.0,,,광업,금속 광업,철 광업,,,광업,0/06/061, / 금속 광업 / 철 광업,MINING,광업,False,False,diagnostic_unit,False,TBD,TBD,TBD,TBD,TBD,TBD,,,,,,TBD,TBD,TBD,TBD
062,비철금속 광업,비철금속 광업,비철금속 광업,minor,3,False,06,0,6.0,62.0,,,광업,금속 광업,비철금속 광업,,,광업,0/06/062, / 금속 광업 / 비철금속 광업,MINING,광업,False,False,diagnostic_unit,False,TBD,TBD,TBD,TBD,TBD,TBD,,,,,,TBD,TBD,TBD,TBD
071,토사석 광업,토사석 광업,토사석 광업,minor,3,False,07,0,7.0,71.0,,,광업,"비금속광물 광업, 연료용 제외",토사석 광업,,,광업,0/07/071," / 비금속광물 광업, 연료용 제외 / 토사석 광업",MINING,광업,False,False,diagnostic_unit,False,TBD,TBD,TBD,TBD,TBD,TBD,,,,,,TBD,TBD,TBD,TBD
072,기타 비금속광물 광업,기타 비금속광물 광업,기타 비금속광물 광업,minor,3,False,07,0,7.0,72.0,,,광업,"비금속광물 광업, 연료용 제외",기타 비금속광물 광업,,,광업,0/07/072," / 비금속광물 광업, 연료용 제외 / 기타 비금속광물 광업",MINING,광업,False,False,diagnostic_unit,False,TBD,TBD,TBD,TBD,TBD,TBD,,,,,,TBD,TBD,TBD,TBD
080,광업 지원 서비스업,광업 지원 서비스업,광업 지원 서비스업,minor,3,False,08,0,8.0,80.0,,,광업,광업 지원 서비스업,광업 지원 서비스업,,,광업,0/08/080, / 광업 지원 서비스업 / 광업 지원 서비스업,MINING,광업,False,False,diagnostic_unit,False,TBD,TBD,TBD,TBD,TBD,TBD,,,,,,TBD,TBD,TBD,TBD
101,"도축, 육류 가공 및 저장 처리업","도축, 육류 가공 및 저장 처리업","도축, 육류 가공 및 저장 처리업",minor,3,False,10,1,10.0,101.0,,,제조업,식료품 제조업,"도축, 육류 가공 및 저장 처리업",,,제조업,1/10/101," / 식료품 제조업 / 도축, 육류 가공 및 저장 처리업",MANUFACTURING,제조업,False,True,diagnostic_unit,False,TBD,TBD,TBD,TBD,TBD,TBD,62.0,58.0,61.0,55.0,80.0,TBD,TBD,TBD,TBD
102,수산물 가공 및 저장 처리업,수산물 가공 및 저장 처리업,수산물 가공 및 저장 처리업,minor,3,False,10,1,10.0,102.0,,,제조업,식료품 제조업,수산물 가공 및 저장 처리업,,,제조업,1/10/102, / 식료품 제조업 / 수산물 가공 및 저장 처리업,MANUFACTURING,제조업,False,True,diagnostic_unit,False,TBD,TBD,TBD,TBD,TBD,TBD,62.0,58.0,61.0,55.0,80.0,TBD,TBD,TBD,TBD
103,"과실, 채소 가공 및 저장 처리업","과실, 채소 가공 및 저장 처리업","과실, 채소 가공 및 저장 처리업",minor,3,False,10,1,10.0,103.0,,,제조업,식료품 제조업,"과실, 채소 가공 및 저장 처리업",,,제조업,1/10/103," / 식료품 제조업 / 과실, 채소 가공 및 저장 처리업",MANUFACTURING,제조업,False,True,diagnostic_unit,False,TBD,TBD,TBD,TBD,TBD,TBD,62.0,58.0,61.0,55.0,80.0,TBD,TBD,TBD,TBD
104,동ㆍ식물성 유지 및 낙농제품 제조업,동ㆍ식물성 유지 및 낙농제품 제조업,동ㆍ식물성 유지 및 낙농제품 제조업,minor,3,False,10,1,10.0,104.0,,,제조업,식료품 제조업,동ㆍ식물성 유지 및 낙농제품 제조업,,,제조업,1/10/104, / 식료품 제조업 / 동ㆍ식물성 유지 및 낙농제품 제조업,MANUFACTURING,제조업,False,True,diagnostic_unit,False,TBD,TBD,TBD,TBD,TBD,TBD,62.0,58.0,61.0,55.0,80.0,TBD,TBD,TBD,TBD
105,"곡물 가공품, 전분 및 전분제품 제조업","곡물 가공품, 전분 및 전분제품 제조업","곡물 가공품, 전분 및 전분제품 제조업",minor,3,False,10,1,10.0,105.0,,,제조업,식료품 제조업,"곡물 가공품, 전분 및 전분제품 제조업",,,제조업,1/10/105," / 식료품 제조업 / 곡물 가공품, 전분 및 전분제품 제조업",MANUFACTURING,제조업,False,True,diagnostic_unit,False,TBD,TBD,TBD,TBD,TBD,TBD,62.0,58.0,61.0,55.0,80.0,TBD,TBD,TBD,TBD
106,"떡, 빵 및 과자류 제조업","떡, 빵 및 과자류 제조업","떡, 빵 및 과자류 제조업",minor,3,False,10,1,10.0,106.0,,,제조업,식료품 제조업,"떡, 빵 및 과자류 제조업",,,제조업,1/10/106," / 식료품 제조업 / 떡, 빵 및 과자류 제조업",MANUFACTURING,제조업,False,True,diagnostic_unit,False,TBD,TBD,TBD,TBD,TBD,TBD,62.0,58.0,61.0,55.0,80.0,TBD,TBD,TBD,TBD
107,도시락 및 식사용 조리식품 제조업,도시락 및 식사용 조리식품 제조업,도시락 및 식사용 조리식품 제조업,minor,3,False,10,1,10.0,107.0,,,제조업,식료품 제조업,도시락 및 식사용 조리식품 제조업,,,제조업,1/10/107, / 식료품 제조업 / 도시락 및 식사용 조리식품 제조업,MANUFACTURING,제조업,False,True,diagnostic_unit,False,TBD,TBD,TBD,TBD,TBD,TBD,62.0,58.0,61.0,55.0,80.0,TBD,TBD,TBD,TBD
108,기타 식품 제조업,기타 식품 제조업,기타 식품 제조업,minor,3,False,10,1,10.0,108.0,,,제조업,식료품 제조업,기타 식품 제조업,,,제조업,1/10/108, / 식료품 제조업 / 기타 식품 제조업,MANUFACTURING,제조업,False,True,diagnostic_unit,False,TBD,TBD,TBD,TBD,TBD,TBD,62.0,58.0,61.0,55.0,80.0,TBD,TBD,TBD,TBD
109,동물용 사료 및 조제식품 제조업,동물용 사료 및 조제식품 제조업,동물용 사료 및 조제식품 제조업,minor,3,False,10,1,10.0,109.0,,,제조업,식료품 제조업,동물용 사료 및 조제식품 제조업,,,제조업,1/10/109, / 식료품 제조업 / 동물용 사료 및 조제식품 제조업,MANUFACTURING,제조업,False,True,diagnostic_unit,False,TBD,TBD,TBD,TBD,TBD,TBD,62.0,58.0,61.0,55.0,80.0,TBD,TBD,TBD,TBD
111,알코올 음료 제조업,알코올 음료 제조업,알코올 음료 제조업,minor,3,False,11,1,11.0,111.0,,,제조업,음료 제조업,알코올 음료 제조업,,,제조업,1/11/111, / 음료 제조업 / 알코올 음료 제조업,MANUFACTURING,제조업,False,True,diagnostic_unit,False,TBD,TBD,TBD,TBD,TBD,TBD,62.0,58.0,61.0,55.0,80.0,TBD,TBD,TBD,TBD
112,비알코올 음료 및 얼음 제조업,비알코올 음료 및 얼음 제조업,비알코올 음료 및 얼음 제조업,minor,3,False,11,1,11.0,112.0,,,제조업,음료 제조업,비알코올 음료 및 얼음 제조업,,,제조업,1/11/112, / 음료 제조업 / 비알코올 음료 및 얼음 제조업,MANUFACTURING,제조업,False,True,diagnostic_unit,False,TBD,TBD,TBD,TBD,TBD,TBD,62.0,58.0,61.0,55.0,80.0,TBD,TBD,TBD,TBD
120,담배 제조업,담배 제조업,담배 제조업,minor,3,False,12,1,12.0,120.0,,,제조업,담배 제조업,담배 제조업,,,제조업,1/12/120, / 담배 제조업 / 담배 제조업,MANUFACTURING,제조업,False,True,diagnostic_unit,False,TBD,TBD,TBD,TBD,TBD,TBD,62.0,58.0,61.0,55.0,80.0,TBD,TBD,TBD,TBD
131,방적 및 가공사 제조업,방적 및 가공사 제조업,방적 및 가공사 제조업,minor,3,False,13,1,13.0,131.0,,,제조업,"섬유제품 제조업, 의복 제외",방적 및 가공사 제조업,,,제조업,1/13/131," / 섬유제품 제조업, 의복 제외 / 방적 및 가공사 제조업",MANUFACTURING,제조업,False,True,diagnostic_unit,False,TBD,TBD,TBD,TBD,TBD,TBD,62.0,58.0,61.0,55.0,80.0,TBD,TBD,TBD,TBD
132,직물 직조 및 직물제품 제조업,직물 직조 및 직물제품 제조업,직물 직조 및 직물제품 제조업,minor,3,False,13,1,13.0,132.0,,,제조업,"섬유제품 제조업, 의복 제외",직물 직조 및 직물제품 제조업,,,제조업,1/13/132," / 섬유제품 제조업, 의복 제외 / 직물 직조 및 직물제품 제조업",MANUFACTURING,제조업,False,True,diagnostic_unit,False,TBD,TBD,TBD,TBD,TBD,TBD,62.0,58.0,61.0,55.0,80.0,TBD,TBD,TBD,TBD
133,편조 원단 제조업,편조 원단 제조업,편조 원단 제조업,minor,3,False,13,1,13.0,133.0,,,제조업,"섬유제품 제조업, 의복 제외",편조 원단 제조업,,,제조업,1/13/133," / 섬유제품 제조업, 의복 제외 / 편조 원단 제조업",MANUFACTURING,제조업,False,True,diagnostic_unit,False,TBD,TBD,TBD,TBD,TBD,TBD,62.0,58.0,61.0,55.0,80.0,TBD,TBD,TBD,TBD
134,"섬유제품 염색, 정리 및 마무리 가공업","섬유제품 염색, 정리 및 마무리 가공업","섬유제품 염색, 정리 및 마무리 가공업",minor,3,False,13,1,13.0,134.0,,,제조업,"섬유제품 제조업, 의복 제외","섬유제품 염색, 정리 및 마무리 가공업",,,제조업,1/13/134," / 섬유제품 제조업, 의복 제외 / 섬유제품 염색, 정리 및 마무리 가공업",MANUFACTURING,제조업,False,True,diagnostic_unit,False,TBD,TBD,TBD,TBD,TBD,TBD,62.0,58.0,61.0,55.0,80.0,TBD,TBD,TBD,TBD
139,기타 섬유제품 제조업,기타 섬유제품 제조업,기타 섬유제품 제조업,minor,3,False,13,1,13.0,139.0,,,제조업,"섬유제품 제조업, 의복 제외",기타 섬유제품 제조업,,,제조업,1/13/139," / 섬유제품 제조업, 의복 제외 / 기타 섬유제품 제조업",MANUFACTURING,제조업,False,True,diagnostic_unit,False,TBD,TBD,TBD,TBD,TBD,TBD,62.0,58.0,61.0,55.0,80.0,TBD,TBD,TBD,TBD
141,봉제의복 제조업,봉제의복 제조업,봉제의복 제조업,minor,3,False,14,1,14.0,141.0,,,제조업,"의복, 의복 액세서리 및 모피제품 제조업",봉제의복 제조업,,,제조업,1/14/141," / 의복, 의복 액세서리 및 모피제품 제조업 / 봉제의복 제조업",MANUFACTURING,제조업,False,True,diagnostic_unit,False,TBD,TBD,TBD,TBD,TBD,TBD,62.0,58.0,61.0,55.0,80.0,TBD,TBD,TBD,TBD
142,모피제품 제조업,모피제품 제조업,모피제품 제조업,minor,3,False,14,1,14.0,142.0,,,제조업,"의복, 의복 액세서리 및 모피제품 제조업",모피제품 제조업,,,제조업,1/14/142," / 의복, 의복 액세서리 및 모피제품 제조업 / 모피제품 제조업",MANUFACTURING,제조업,False,True,diagnostic_unit,False,TBD,TBD,TBD,TBD,TBD,TBD,62.0,58.0,61.0,55.0,80.0,TBD,TBD,TBD,TBD
143,편조의복 제조업,편조의복 제조업,편조의복 제조업,minor,3,False,14,1,14.0,143.0,,,제조업,"의복, 의복 액세서리 및 모피제품 제조업",편조의복 제조업,,,제조업,1/14/143," / 의복, 의복 액세서리 및 모피제품 제조업 / 편조의복 제조업",MANUFACTURING,제조업,False,True,diagnostic_unit,False,TBD,TBD,TBD,TBD,TBD,TBD,62.0,58.0,61.0,55.0,80.0,TBD,TBD,TBD,TBD
144,의복 액세서리 제조업,의복 액세서리 제조업,의복 액세서리 제조업,minor,3,False,14,1,14.0,144.0,,,제조업,"의복, 의복 액세서리 및 모피제품 제조업",의복 액세서리 제조업,,,제조업,1/14/144," / 의복, 의복 액세서리 및 모피제품 제조업 / 의복 액세서리 제조업",MANUFACTURING,제조업,False,True,diagnostic_unit,False,TBD,TBD,TBD,TBD,TBD,TBD,62.0,58.0,61.0,55.0,80.0,TBD,TBD,TBD,TBD
151,"가죽, 가방 및 유사 제품 제조업","가죽, 가방 및 유사 제품 제조업","가죽, 가방 및 유사 제품 제조업",minor,3,False,15,1,15.0,151.0,,,제조업,"가죽, 가방 및 신발 제조업","가죽, 가방 및 유사 제품 제조업",,,제조업,1/15/151," / 가죽, 가방 및 신발 제조업 / 가죽, 가방 및 유사 제품 제조업",MANUFACTURING,제조업,False,True,diagnostic_unit,False,TBD,TBD,TBD,TBD,TBD,TBD,62.0,58.0,61.0,55.0,80.0,TBD,TBD,TBD,TBD
152,신발 및 신발 부분품 제조업,신발 및 신발 부분품 제조업,신발 및 신발 부분품 제조업,minor,3,False,15,1,15.0,152.0,,,제조업,"가죽, 가방 및 신발 제조업",신발 및 신발 부분품 제조업,,,제조업,1/15/152," / 가죽, 가방 및 신발 제조업 / 신발 및 신발 부분품 제조업",MANUFACTURING,제조업,False,True,diagnostic_unit,False,TBD,TBD,TBD,TBD,TBD,TBD,62.0,58.0,61.0,55.0,80.0,TBD,TBD,TBD,TBD
161,제재 및 목재 가공업,제재 및 목재 가공업,제재 및 목재 가공업,minor,3,False,16,1,16.0,161.0,,,제조업,"목재 및 나무제품 제조업, 가구 제외",제재 및 목재 가공업,,,제조업,1/16/161," / 목재 및 나무제품 제조업, 가구 제외 / 제재 및 목재 가공업",MANUFACTURING,제조업,False,True,diagnostic_unit,False,TBD,TBD,TBD,TBD,TBD,TBD,62.0,58.0,61.0,55.0,80.0,TBD,TBD,TBD,TBD
162,나무제품 제조업,나무제품 제조업,나무제품 제조업,minor,3,False,16,1,16.0,162.0,,,제조업,"목재 및 나무제품 제조업, 가구 제외",나무제품 제조업,,,제조업,1/16/162," / 목재 및 나무제품 제조업, 가구 제외 / 나무제품 제조업",MANUFACTURING,제조업,False,True,diagnostic_unit,False,TBD,TBD,TBD,TBD,TBD,TBD,62.0,58.0,61.0,55.0,80.0,TBD,TBD,TBD,TBD
163,코르크 및 조물 제품 제조업,코르크 및 조물 제품 제조업,코르크 및 조물 제품 제조업,minor,3,False,16,1,16.0,163.0,,,제조업,"목재 및 나무제품 제조업, 가구 제외",코르크 및 조물 제품 제조업,,,제조업,1/16/163," / 목재 및 나무제품 제조업, 가구 제외 / 코르크 및 조물 제품 제조업",MANUFACTURING,제조업,False,True,diagnostic_unit,False,TBD,TBD,TBD,TBD,TBD,TBD,62.0,58.0,61.0,55.0,80.0,TBD,TBD,TBD,TBD
171,"펄프, 종이 및 판지 제조업","펄프, 종이 및 판지 제조업","펄프, 종이 및 판지 제조업",minor,3,False,17,1,17.0,171.0,,,제조업,"펄프, 종이 및 종이제품 제조업","펄프, 종이 및 판지 제조업",,,제조업,1/17/171," / 펄프, 종이 및 종이제품 제조업 / 펄프, 종이 및 판지 제조업",MANUFACTURING,제조업,False,True,diagnostic_unit,False,TBD,TBD,TBD,TBD,TBD,TBD,62.0,58.0,61.0,55.0,80.0,TBD,TBD,TBD,TBD
172,"골판지, 종이 상자 및 종이 용기 제조업","골판지, 종이 상자 및 종이 용기 제조업","골판지, 종이 상자 및 종이 용기 제조업",minor,3,False,17,1,17.0,172.0,,,제조업,"펄프, 종이 및 종이제품 제조업","골판지, 종이 상자 및 종이 용기 제조업",,,제조업,1/17/172," / 펄프, 종이 및 종이제품 제조업 / 골판지, 종이 상자 및 종이 용기 제조업",MANUFACTURING,제조업,False,True,diagnostic_unit,False,TBD,TBD,TBD,TBD,TBD,TBD,62.0,58.0,61.0,55.0,80.0,TBD,TBD,TBD,TBD
179,기타 종이 및 판지 제품 제조업,기타 종이 및 판지 제품 제조업,기타 종이 및 판지 제품 제조업,minor,3,False,17,1,17.0,179.0,,,제조업,"펄프, 종이 및 종이제품 제조업",기타 종이 및 판지 제품 제조업,,,제조업,1/17/179," / 펄프, 종이 및 종이제품 제조업 / 기타 종이 및 판지 제품 제조업",MANUFACTURING,제조업,False,True,diagnostic_unit,False,TBD,TBD,TBD,TBD,TBD,TBD,62.0,58.0,61.0,55.0,80.0,TBD,TBD,TBD,TBD
181,인쇄 및 인쇄관련 산업,인쇄 및 인쇄관련 산업,인쇄 및 인쇄관련 산업,minor,3,False,18,1,18.0,181.0,,,제조업,인쇄 및 기록매체 복제업,인쇄 및 인쇄관련 산업,,,제조업,1/18/181, / 인쇄 및 기록매체 복제업 / 인쇄 및 인쇄관련 산업,MANUFACTURING,제조업,False,True,diagnostic_unit,False,TBD,TBD,TBD,TBD,TBD,TBD,62.0,58.0,61.0,55.0,80.0,TBD,TBD,TBD,TBD
182,기록매체 복제업,기록매체 복제업,기록매체 복제업,minor,3,False,18,1,18.0,182.0,,,제조업,인쇄 및 기록매체 복제업,기록매체 복제업,,,제조업,1/18/182, / 인쇄 및 기록매체 복제업 / 기록매체 복제업,MANUFACTURING,제조업,False,True,diagnostic_unit,False,TBD,TBD,TBD,TBD,TBD,TBD,62.0,58.0,61.0,55.0,80.0,TBD,TBD,TBD,TBD
191,코크스 및 연탄 제조업,코크스 및 연탄 제조업,코크스 및 연탄 제조업,minor,3,False,19,1,19.0,191.0,,,제조업,"코크스, 연탄 및 석유정제품 제조업",코크스 및 연탄 제조업,,,제조업,1/19/191," / 코크스, 연탄 및 석유정제품 제조업 / 코크스 및 연탄 제조업",MANUFACTURING,제조업,False,True,diagnostic_unit,False,TBD,TBD,TBD,TBD,TBD,TBD,62.0,58.0,61.0,55.0,80.0,TBD,TBD,TBD,TBD
192,석유 정제품 제조업,석유 정제품 제조업,석유 정제품 제조업,minor,3,False,19,1,19.0,192.0,,,제조업,"코크스, 연탄 및 석유정제품 제조업",석유 정제품 제조업,,,제조업,1/19/192," / 코크스, 연탄 및 석유정제품 제조업 / 석유 정제품 제조업",MANUFACTURING,제조업,False,True,diagnostic_unit,False,TBD,TBD,TBD,TBD,TBD,TBD,62.0,58.0,61.0,55.0,80.0,TBD,TBD,TBD,TBD
201,기초 화학물질 제조업,기초 화학물질 제조업,기초 화학물질 제조업,minor,3,False,20,2,20.0,201.0,,,제조업,"화학 물질 및 화학제품 제조업, 의약품 제외",기초 화학물질 제조업,,,제조업,2/20/201," / 화학 물질 및 화학제품 제조업, 의약품 제외 / 기초 화학물질 제조업",MANUFACTURING,제조업,False,True,diagnostic_unit,False,TBD,TBD,TBD,TBD,TBD,TBD,62.0,58.0,61.0,55.0,80.0,TBD,TBD,TBD,TBD
202,합성고무 및 플라스틱 물질 제조업,합성고무 및 플라스틱 물질 제조업,합성고무 및 플라스틱 물질 제조업,minor,3,False,20,2,20.0,202.0,,,제조업,"화학 물질 및 화학제품 제조업, 의약품 제외",합성고무 및 플라스틱 물질 제조업,,,제조업,2/20/202," / 화학 물질 및 화학제품 제조업, 의약품 제외 / 합성고무 및 플라스틱 물질 제조업",MANUFACTURING,제조업,False,True,diagnostic_unit,False,TBD,TBD,TBD,TBD,TBD,TBD,62.0,58.0,61.0,55.0,80.0,TBD,TBD,TBD,TBD
203,"비료, 농약 및 살균ㆍ살충제 제조업","비료, 농약 및 살균ㆍ살충제 제조업","비료, 농약 및 살균ㆍ살충제 제조업",minor,3,False,20,2,20.0,203.0,,,제조업,"화학 물질 및 화학제품 제조업, 의약품 제외","비료, 농약 및 살균ㆍ살충제 제조업",,,제조업,2/20/203," / 화학 물질 및 화학제품 제조업, 의약품 제외 / 비료, 농약 및 살균ㆍ살충제 제조업",MANUFACTURING,제조업,False,True,diagnostic_unit,False,TBD,TBD,TBD,TBD,TBD,TBD,62.0,58.0,61.0,55.0,80.0,TBD,TBD,TBD,TBD
204,기타 화학제품 제조업,기타 화학제품 제조업,기타 화학제품 제조업,minor,3,False,20,2,20.0,204.0,,,제조업,"화학 물질 및 화학제품 제조업, 의약품 제외",기타 화학제품 제조업,,,제조업,2/20/204," / 화학 물질 및 화학제품 제조업, 의약품 제외 / 기타 화학제품 제조업",MANUFACTURING,제조업,False,True,diagnostic_unit,False,TBD,TBD,TBD,TBD,TBD,TBD,62.0,58.0,61.0,55.0,80.0,TBD,TBD,TBD,TBD
205,화학섬유 제조업,화학섬유 제조업,화학섬유 제조업,minor,3,False,20,2,20.0,205.0,,,제조업,"화학 물질 및 화학제품 제조업, 의약품 제외",화학섬유 제조업,,,제조업,2/20/205," / 화학 물질 및 화학제품 제조업, 의약품 제외 / 화학섬유 제조업",MANUFACTURING,제조업,False,True,diagnostic_unit,False,TBD,TBD,TBD,TBD,TBD,TBD,62.0,58.0,61.0,55.0,80.0,TBD,TBD,TBD,TBD
211,기초 의약 물질 제조업,기초 의약 물질 제조업,기초 의약 물질 제조업,minor,3,False,21,2,21.0,211.0,,,제조업,의료용 물질 및 의약품 제조업,기초 의약 물질 제조업,,,제조업,2/21/211, / 의료용 물질 및 의약품 제조업 / 기초 의약 물질 제조업,MANUFACTURING,제조업,False,True,diagnostic_unit,False,TBD,TBD,TBD,TBD,TBD,TBD,62.0,58.0,61.0,55.0,80.0,TBD,TBD,TBD,TBD
212,의약품 제조업,의약품 제조업,의약품 제조업,minor,3,False,21,2,21.0,212.0,,,제조업,의료용 물질 및 의약품 제조업,의약품 제조업,,,제조업,2/21/212, / 의료용 물질 및 의약품 제조업 / 의약품 제조업,MANUFACTURING,제조업,False,True,diagnostic_unit,False,TBD,TBD,TBD,TBD,TBD,TBD,62.0,58.0,61.0,55.0,80.0,TBD,TBD,TBD,TBD
213,의료용품 및 기타 의약 관련제품 제조업,의료용품 및 기타 의약 관련제품 제조업,의료용품 및 기타 의약 관련제품 제조업,minor,3,False,21,2,21.0,213.0,,,제조업,의료용 물질 및 의약품 제조업,의료용품 및 기타 의약 관련제품 제조업,,,제조업,2/21/213, / 의료용 물질 및 의약품 제조업 / 의료용품 및 기타 의약 관련제품 제조업,MANUFACTURING,제조업,False,True,diagnostic_unit,False,TBD,TBD,TBD,TBD,TBD,TBD,62.0,58.0,61.0,55.0,80.0,TBD,TBD,TBD,TBD
221,고무제품 제조업,고무제품 제조업,고무제품 제조업,minor,3,False,22,2,22.0,221.0,,,제조업,고무 및 플라스틱제품 제조업,고무제품 제조업,,,제조업,2/22/221, / 고무 및 플라스틱제품 제조업 / 고무제품 제조업,MANUFACTURING,제조업,False,True,diagnostic_unit,False,TBD,TBD,TBD,TBD,TBD,TBD,62.0,58.0,61.0,55.0,80.0,TBD,TBD,TBD,TBD
222,플라스틱 제품 제조업,플라스틱 제품 제조업,플라스틱 제품 제조업,minor,3,False,22,2,22.0,222.0,,,제조업,고무 및 플라스틱제품 제조업,플라스틱 제품 제조업,,,제조업,2/22/222, / 고무 및 플라스틱제품 제조업 / 플라스틱 제품 제조업,MANUFACTURING,제조업,False,True,diagnostic_unit,False,TBD,TBD,TBD,TBD,TBD,TBD,62.0,58.0,61.0,55.0,80.0,TBD,TBD,TBD,TBD
231,유리 및 유리제품 제조업,유리 및 유리제품 제조업,유리 및 유리제품 제조업,minor,3,False,23,2,23.0,231.0,,,제조업,비금속 광물제품 제조업,유리 및 유리제품 제조업,,,제조업,2/23/231, / 비금속 광물제품 제조업 / 유리 및 유리제품 제조업,MANUFACTURING,제조업,False,True,diagnostic_unit,False,TBD,TBD,TBD,TBD,TBD,TBD,62.0,58.0,61.0,55.0,80.0,TBD,TBD,TBD,TBD
232,"내화, 비내화 요업제품 제조업","내화, 비내화 요업제품 제조업","내화, 비내화 요업제품 제조업",minor,3,False,23,2,23.0,232.0,,,제조업,비금속 광물제품 제조업,"내화, 비내화 요업제품 제조업",,,제조업,2/23/232," / 비금속 광물제품 제조업 / 내화, 비내화 요업제품 제조업",MANUFACTURING,제조업,False,True,diagnostic_unit,False,TBD,TBD,TBD,TBD,TBD,TBD,62.0,58.0,61.0,55.0,80.0,TBD,TBD,TBD,TBD
233,"시멘트, 석회, 플라스터 및 그 제품 제조업","시멘트, 석회, 플라스터 및 그 제품 제조업","시멘트, 석회, 플라스터 및 그 제품 제조업",minor,3,False,23,2,23.0,233.0,,,제조업,비금속 광물제품 제조업,"시멘트, 석회, 플라스터 및 그 제품 제조업",,,제조업,2/23/233," / 비금속 광물제품 제조업 / 시멘트, 석회, 플라스터 및 그 제품 제조업",MANUFACTURING,제조업,False,True,diagnostic_unit,False,TBD,TBD,TBD,TBD,TBD,TBD,62.0,58.0,61.0,55.0,80.0,TBD,TBD,TBD,TBD
239,기타 비금속 광물제품 제조업,기타 비금속 광물제품 제조업,기타 비금속 광물제품 제조업,minor,3,False,23,2,23.0,239.0,,,제조업,비금속 광물제품 제조업,기타 비금속 광물제품 제조업,,,제조업,2/23/239, / 비금속 광물제품 제조업 / 기타 비금속 광물제품 제조업,MANUFACTURING,제조업,False,True,diagnostic_unit,False,TBD,TBD,TBD,TBD,TBD,TBD,62.0,58.0,61.0,55.0,80.0,TBD,TBD,TBD,TBD
241,1차 철강 제조업,1차 철강 제조업,1차 철강 제조업,minor,3,False,24,2,24.0,241.0,,,제조업,1차 금속 제조업,1차 철강 제조업,,,제조업,2/24/241, / 1차 금속 제조업 / 1차 철강 제조업,MANUFACTURING,제조업,False,True,diagnostic_unit,False,TBD,TBD,TBD,TBD,TBD,TBD,62.0,58.0,61.0,55.0,80.0,TBD,TBD,TBD,TBD
242,1차 비철금속 제조업,1차 비철금속 제조업,1차 비철금속 제조업,minor,3,False,24,2,24.0,242.0,,,제조업,1차 금속 제조업,1차 비철금속 제조업,,,제조업,2/24/242, / 1차 금속 제조업 / 1차 비철금속 제조업,MANUFACTURING,제조업,False,True,diagnostic_unit,False,TBD,TBD,TBD,TBD,TBD,TBD,62.0,58.0,61.0,55.0,80.0,TBD,TBD,TBD,TBD
243,금속 주조업,금속 주조업,금속 주조업,minor,3,False,24,2,24.0,243.0,,,제조업,1차 금속 제조업,금속 주조업,,,제조업,2/24/243, / 1차 금속 제조업 / 금속 주조업,MANUFACTURING,제조업,False,True,diagnostic_unit,False,TBD,TBD,TBD,TBD,TBD,TBD,62.0,58.0,61.0,55.0,80.0,TBD,TBD,TBD,TBD
251,"구조용 금속제품, 탱크 및 증기발생기 제조업","구조용 금속제품, 탱크 및 증기발생기 제조업","구조용 금속제품, 탱크 및 증기발생기 제조업",minor,3,False,25,2,25.0,251.0,,,제조업,"금속 가공제품 제조업, 기계 및 가구 제외","구조용 금속제품, 탱크 및 증기발생기 제조업",,,제조업,2/25/251," / 금속 가공제품 제조업, 기계 및 가구 제외 / 구조용 금속제품, 탱크 및 증기발생기 제조업",MANUFACTURING,제조업,False,True,diagnostic_unit,False,TBD,TBD,TBD,TBD,TBD,TBD,62.0,58.0,61.0,55.0,80.0,TBD,TBD,TBD,TBD
252,무기 및 총포탄 제조업,무기 및 총포탄 제조업,무기 및 총포탄 제조업,minor,3,False,25,2,25.0,252.0,,,제조업,"금속 가공제품 제조업, 기계 및 가구 제외",무기 및 총포탄 제조업,,,제조업,2/25/252," / 금속 가공제품 제조업, 기계 및 가구 제외 / 무기 및 총포탄 제조업",MANUFACTURING,제조업,False,True,diagnostic_unit,False,TBD,TBD,TBD,TBD,TBD,TBD,62.0,58.0,61.0,55.0,80.0,TBD,TBD,TBD,TBD
259,기타 금속 가공제품 제조업,기타 금속 가공제품 제조업,기타 금속 가공제품 제조업,minor,3,False,25,2,25.0,259.0,,,제조업,"금속 가공제품 제조업, 기계 및 가구 제외",기타 금속 가공제품 제조업,,,제조업,2/25/259," / 금속 가공제품 제조업, 기계 및 가구 제외 / 기타 금속 가공제품 제조업",MANUFACTURING,제조업,False,True,diagnostic_unit,False,TBD,TBD,TBD,TBD,TBD,TBD,62.0,58.0,61.0,55.0,80.0,TBD,TBD,TBD,TBD
261,반도체 제조업,반도체 제조업,반도체 제조업,minor,3,False,26,2,26.0,261.0,,,제조업,"전자 부품, 컴퓨터, 영상, 음향 및 통신장비 제조업",반도체 제조업,,,제조업,2/26/261," / 전자 부품, 컴퓨터, 영상, 음향 및 통신장비 제조업 / 반도체 제조업",MANUFACTURING,제조업,False,True,diagnostic_unit,False,TBD,TBD,TBD,TBD,TBD,TBD,62.0,58.0,61.0,55.0,80.0,TBD,TBD,TBD,TBD
262,전자 부품 제조업,전자 부품 제조업,전자 부품 제조업,minor,3,False,26,2,26.0,262.0,,,제조업,"전자 부품, 컴퓨터, 영상, 음향 및 통신장비 제조업",전자 부품 제조업,,,제조업,2/26/262," / 전자 부품, 컴퓨터, 영상, 음향 및 통신장비 제조업 / 전자 부품 제조업",MANUFACTURING,제조업,False,True,diagnostic_unit,False,TBD,TBD,TBD,TBD,TBD,TBD,62.0,58.0,61.0,55.0,80.0,TBD,TBD,TBD,TBD
263,컴퓨터 및 주변 장치 제조업,컴퓨터 및 주변 장치 제조업,컴퓨터 및 주변 장치 제조업,minor,3,False,26,2,26.0,263.0,,,제조업,"전자 부품, 컴퓨터, 영상, 음향 및 통신장비 제조업",컴퓨터 및 주변 장치 제조업,,,제조업,2/26/263," / 전자 부품, 컴퓨터, 영상, 음향 및 통신장비 제조업 / 컴퓨터 및 주변 장치 제조업",MANUFACTURING,제조업,False,True,diagnostic_unit,False,TBD,TBD,TBD,TBD,TBD,TBD,62.0,58.0,61.0,55.0,80.0,TBD,TBD,TBD,TBD
264,통신 및 방송장비 제조업,통신 및 방송장비 제조업,통신 및 방송장비 제조업,minor,3,False,26,2,26.0,264.0,,,제조업,"전자 부품, 컴퓨터, 영상, 음향 및 통신장비 제조업",통신 및 방송장비 제조업,,,제조업,2/26/264," / 전자 부품, 컴퓨터, 영상, 음향 및 통신장비 제조업 / 통신 및 방송장비 제조업",MANUFACTURING,제조업,False,True,diagnostic_unit,False,TBD,TBD,TBD,TBD,TBD,TBD,62.0,58.0,61.0,55.0,80.0,TBD,TBD,TBD,TBD
265,영상 및 음향 기기 제조업,영상 및 음향 기기 제조업,영상 및 음향 기기 제조업,minor,3,False,26,2,26.0,265.0,,,제조업,"전자 부품, 컴퓨터, 영상, 음향 및 통신장비 제조업",영상 및 음향 기기 제조업,,,제조업,2/26/265," / 전자 부품, 컴퓨터, 영상, 음향 및 통신장비 제조업 / 영상 및 음향 기기 제조업",MANUFACTURING,제조업,False,True,diagnostic_unit,False,TBD,TBD,TBD,TBD,TBD,TBD,62.0,58.0,61.0,55.0,80.0,TBD,TBD,TBD,TBD
266,마그네틱 및 광학 매체 제조업,마그네틱 및 광학 매체 제조업,마그네틱 및 광학 매체 제조업,minor,3,False,26,2,26.0,266.0,,,제조업,"전자 부품, 컴퓨터, 영상, 음향 및 통신장비 제조업",마그네틱 및 광학 매체 제조업,,,제조업,2/26/266," / 전자 부품, 컴퓨터, 영상, 음향 및 통신장비 제조업 / 마그네틱 및 광학 매체 제조업",MANUFACTURING,제조업,False,True,diagnostic_unit,False,TBD,TBD,TBD,TBD,TBD,TBD,62.0,58.0,61.0,55.0,80.0,TBD,TBD,TBD,TBD
271,의료용 기기 제조업,의료용 기기 제조업,의료용 기기 제조업,minor,3,False,27,2,27.0,271.0,,,제조업,"의료, 정밀, 광학 기기 및 시계 제조업",의료용 기기 제조업,,,제조업,2/27/271," / 의료, 정밀, 광학 기기 및 시계 제조업 / 의료용 기기 제조업",MANUFACTURING,제조업,False,True,diagnostic_unit,False,TBD,TBD,TBD,TBD,TBD,TBD,62.0,58.0,61.0,55.0,80.0,TBD,TBD,TBD,TBD
272,"측정, 시험, 항해, 제어 및 기타 정밀 기기 제조업, 광학 기기 제외","측정, 시험, 항해, 제어 및 기타 정밀 기기 제조업; 광학 기기 제외","측정, 시험, 항해, 제어 및 기타 정밀 기기 제조업, 광학 기기 제외",minor,3,False,27,2,27.0,272.0,,,제조업,"의료, 정밀, 광학 기기 및 시계 제조업","측정, 시험, 항해, 제어 및 기타 정밀 기기 제조업, 광학 기기 제외",,,제조업,2/27/272," / 의료, 정밀, 광학 기기 및 시계 제조업 / 측정, 시험, 항해, 제어 및 기타 정밀 기기 제조업, 광학 기기 제외",MANUFACTURING,제조업,False,True,diagnostic_unit,False,TBD,TBD,TBD,TBD,TBD,TBD,62.0,58.0,61.0,55.0,80.0,TBD,TBD,TBD,TBD
273,사진장비 및 광학 기기 제조업,사진장비 및 광학 기기 제조업,사진장비 및 광학 기기 제조업,minor,3,False,27,2,27.0,273.0,,,제조업,"의료, 정밀, 광학 기기 및 시계 제조업",사진장비 및 광학 기기 제조업,,,제조업,2/27/273," / 의료, 정밀, 광학 기기 및 시계 제조업 / 사진장비 및 광학 기기 제조업",MANUFACTURING,제조업,False,True,diagnostic_unit,False,TBD,TBD,TBD,TBD,TBD,TBD,62.0,58.0,61.0,55.0,80.0,TBD,TBD,TBD,TBD
281,"전동기, 발전기 및 전기 변환ㆍ공급ㆍ제어 장치 제조업","전동기, 발전기 및 전기 변환ㆍ공급ㆍ제어 장치 제조업","전동기, 발전기 및 전기 변환ㆍ공급ㆍ제어 장치 제조업",minor,3,False,28,2,28.0,281.0,,,제조업,전기장비 제조업,"전동기, 발전기 및 전기 변환ㆍ공급ㆍ제어 장치 제조업",,,제조업,2/28/281," / 전기장비 제조업 / 전동기, 발전기 및 전기 변환ㆍ공급ㆍ제어 장치 제조업",MANUFACTURING,제조업,False,True,diagnostic_unit,False,TBD,TBD,TBD,TBD,TBD,TBD,62.0,58.0,61.0,55.0,80.0,TBD,TBD,TBD,TBD
282,일차전지 및 이차전지 제조업,일차전지 및 이차전지 제조업,일차전지 및 이차전지 제조업,minor,3,False,28,2,28.0,282.0,,,제조업,전기장비 제조업,일차전지 및 이차전지 제조업,,,제조업,2/28/282, / 전기장비 제조업 / 일차전지 및 이차전지 제조업,MANUFACTURING,제조업,False,True,diagnostic_unit,False,TBD,TBD,TBD,TBD,TBD,TBD,62.0,58.0,61.0,55.0,80.0,TBD,TBD,TBD,TBD
283,절연선 및 케이블 제조업,절연선 및 케이블 제조업,절연선 및 케이블 제조업,minor,3,False,28,2,28.0,283.0,,,제조업,전기장비 제조업,절연선 및 케이블 제조업,,,제조업,2/28/283, / 전기장비 제조업 / 절연선 및 케이블 제조업,MANUFACTURING,제조업,False,True,diagnostic_unit,False,TBD,TBD,TBD,TBD,TBD,TBD,62.0,58.0,61.0,55.0,80.0,TBD,TBD,TBD,TBD
284,전구 및 조명장치 제조업,전구 및 조명장치 제조업,전구 및 조명장치 제조업,minor,3,False,28,2,28.0,284.0,,,제조업,전기장비 제조업,전구 및 조명장치 제조업,,,제조업,2/28/284, / 전기장비 제조업 / 전구 및 조명장치 제조업,MANUFACTURING,제조업,False,True,diagnostic_unit,False,TBD,TBD,TBD,TBD,TBD,TBD,62.0,58.0,61.0,55.0,80.0,TBD,TBD,TBD,TBD
285,가정용 기기 제조업,가정용 기기 제조업,가정용 기기 제조업,minor,3,False,28,2,28.0,285.0,,,제조업,전기장비 제조업,가정용 기기 제조업,,,제조업,2/28/285, / 전기장비 제조업 / 가정용 기기 제조업,MANUFACTURING,제조업,False,True,diagnostic_unit,False,TBD,TBD,TBD,TBD,TBD,TBD,62.0,58.0,61.0,55.0,80.0,TBD,TBD,TBD,TBD
289,기타 전기장비 제조업,기타 전기장비 제조업,기타 전기장비 제조업,minor,3,False,28,2,28.0,289.0,,,제조업,전기장비 제조업,기타 전기장비 제조업,,,제조업,2/28/289, / 전기장비 제조업 / 기타 전기장비 제조업,MANUFACTURING,제조업,False,True,diagnostic_unit,False,TBD,TBD,TBD,TBD,TBD,TBD,62.0,58.0,61.0,55.0,80.0,TBD,TBD,TBD,TBD
291,일반 목적용 기계 제조업,일반 목적용 기계 제조업,일반 목적용 기계 제조업,minor,3,False,29,2,29.0,291.0,,,제조업,기타 기계 및 장비 제조업,일반 목적용 기계 제조업,,,제조업,2/29/291, / 기타 기계 및 장비 제조업 / 일반 목적용 기계 제조업,MANUFACTURING,제조업,False,True,diagnostic_unit,False,TBD,TBD,TBD,TBD,TBD,TBD,62.0,58.0,61.0,55.0,80.0,TBD,TBD,TBD,TBD
292,특수 목적용 기계 제조업,특수 목적용 기계 제조업,특수 목적용 기계 제조업,minor,3,False,29,2,29.0,292.0,,,제조업,기타 기계 및 장비 제조업,특수 목적용 기계 제조업,,,제조업,2/29/292, / 기타 기계 및 장비 제조업 / 특수 목적용 기계 제조업,MANUFACTURING,제조업,False,True,diagnostic_unit,False,TBD,TBD,TBD,TBD,TBD,TBD,62.0,58.0,61.0,55.0,80.0,TBD,TBD,TBD,TBD
301,자동차용 엔진 및 자동차 제조업,자동차용 엔진 및 자동차 제조업,자동차용 엔진 및 자동차 제조업,minor,3,False,30,3,30.0,301.0,,,제조업,자동차 및 트레일러 제조업,자동차용 엔진 및 자동차 제조업,,,제조업,3/30/301, / 자동차 및 트레일러 제조업 / 자동차용 엔진 및 자동차 제조업,MANUFACTURING,제조업,False,True,diagnostic_unit,False,TBD,TBD,TBD,TBD,TBD,TBD,62.0,58.0,61.0,55.0,80.0,TBD,TBD,TBD,TBD
302,자동차 차체 및 트레일러 제조업,자동차 차체 및 트레일러 제조업,자동차 차체 및 트레일러 제조업,minor,3,False,30,3,30.0,302.0,,,제조업,자동차 및 트레일러 제조업,자동차 차체 및 트레일러 제조업,,,제조업,3/30/302, / 자동차 및 트레일러 제조업 / 자동차 차체 및 트레일러 제조업,MANUFACTURING,제조업,False,True,diagnostic_unit,False,TBD,TBD,TBD,TBD,TBD,TBD,62.0,58.0,61.0,55.0,80.0,TBD,TBD,TBD,TBD
303,자동차 신품 부품 제조업,자동차 신품 부품 제조업,자동차 신품 부품 제조업,minor,3,False,30,3,30.0,303.0,,,제조업,자동차 및 트레일러 제조업,자동차 신품 부품 제조업,,,제조업,3/30/303, / 자동차 및 트레일러 제조업 / 자동차 신품 부품 제조업,MANUFACTURING,제조업,False,True,diagnostic_unit,False,TBD,TBD,TBD,TBD,TBD,TBD,62.0,58.0,61.0,55.0,80.0,TBD,TBD,TBD,TBD
304,자동차 재제조 부품 제조업,자동차 재제조 부품 제조업,자동차 재제조 부품 제조업,minor,3,False,30,3,30.0,304.0,,,제조업,자동차 및 트레일러 제조업,자동차 재제조 부품 제조업,,,제조업,3/30/304, / 자동차 및 트레일러 제조업 / 자동차 재제조 부품 제조업,MANUFACTURING,제조업,False,True,diagnostic_unit,False,TBD,TBD,TBD,TBD,TBD,TBD,62.0,58.0,61.0,55.0,80.0,TBD,TBD,TBD,TBD
311,선박 및 보트 건조업,선박 및 보트 건조업,선박 및 보트 건조업,minor,3,False,31,3,31.0,311.0,,,제조업,기타 운송장비 제조업,선박 및 보트 건조업,,,제조업,3/31/311, / 기타 운송장비 제조업 / 선박 및 보트 건조업,MANUFACTURING,제조업,False,True,diagnostic_unit,False,TBD,TBD,TBD,TBD,TBD,TBD,62.0,58.0,61.0,55.0,80.0,TBD,TBD,TBD,TBD
312,철도장비 제조업,철도장비 제조업,철도장비 제조업,minor,3,False,31,3,31.0,312.0,,,제조업,기타 운송장비 제조업,철도장비 제조업,,,제조업,3/31/312, / 기타 운송장비 제조업 / 철도장비 제조업,MANUFACTURING,제조업,False,True,diagnostic_unit,False,TBD,TBD,TBD,TBD,TBD,TBD,62.0,58.0,61.0,55.0,80.0,TBD,TBD,TBD,TBD
313,"항공기, 우주선 및 부품 제조업","항공기, 우주선 및 부품 제조업","항공기, 우주선 및 부품 제조업",minor,3,False,31,3,31.0,313.0,,,제조업,기타 운송장비 제조업,"항공기, 우주선 및 부품 제조업",,,제조업,3/31/313," / 기타 운송장비 제조업 / 항공기, 우주선 및 부품 제조업",MANUFACTURING,제조업,False,True,diagnostic_unit,False,TBD,TBD,TBD,TBD,TBD,TBD,62.0,58.0,61.0,55.0,80.0,TBD,TBD,TBD,TBD
319,그 외 기타 운송장비 제조업,그 외 기타 운송장비 제조업,그 외 기타 운송장비 제조업,minor,3,False,31,3,31.0,319.0,,,제조업,기타 운송장비 제조업,그 외 기타 운송장비 제조업,,,제조업,3/31/319, / 기타 운송장비 제조업 / 그 외 기타 운송장비 제조업,MANUFACTURING,제조업,False,True,diagnostic_unit,False,TBD,TBD,TBD,TBD,TBD,TBD,62.0,58.0,61.0,55.0,80.0,TBD,TBD,TBD,TBD
320,가구 제조업,가구 제조업,가구 제조업,minor,3,False,32,3,32.0,320.0,,,제조업,가구 제조업,가구 제조업,,,제조업,3/32/320, / 가구 제조업 / 가구 제조업,MANUFACTURING,제조업,False,True,diagnostic_unit,False,TBD,TBD,TBD,TBD,TBD,TBD,62.0,58.0,61.0,55.0,80.0,TBD,TBD,TBD,TBD
331,귀금속 및 장신용품 제조업,귀금속 및 장신용품 제조업,귀금속 및 장신용품 제조업,minor,3,False,33,3,33.0,331.0,,,제조업,기타 제품 제조업,귀금속 및 장신용품 제조업,,,제조업,3/33/331, / 기타 제품 제조업 / 귀금속 및 장신용품 제조업,MANUFACTURING,제조업,False,True,diagnostic_unit,False,TBD,TBD,TBD,TBD,TBD,TBD,62.0,58.0,61.0,55.0,80.0,TBD,TBD,TBD,TBD
332,악기 제조업,악기 제조업,악기 제조업,minor,3,False,33,3,33.0,332.0,,,제조업,기타 제품 제조업,악기 제조업,,,제조업,3/33/332, / 기타 제품 제조업 / 악기 제조업,MANUFACTURING,제조업,False,True,diagnostic_unit,False,TBD,TBD,TBD,TBD,TBD,TBD,62.0,58.0,61.0,55.0,80.0,TBD,TBD,TBD,TBD
333,운동 및 경기용구 제조업,운동 및 경기용구 제조업,운동 및 경기용구 제조업,minor,3,False,33,3,33.0,333.0,,,제조업,기타 제품 제조업,운동 및 경기용구 제조업,,,제조업,3/33/333, / 기타 제품 제조업 / 운동 및 경기용구 제조업,MANUFACTURING,제조업,False,True,diagnostic_unit,False,TBD,TBD,TBD,TBD,TBD,TBD,62.0,58.0,61.0,55.0,80.0,TBD,TBD,TBD,TBD
334,"인형, 장난감 및 오락용품 제조업","인형, 장난감 및 오락용품 제조업","인형, 장난감 및 오락용품 제조업",minor,3,False,33,3,33.0,334.0,,,제조업,기타 제품 제조업,"인형, 장난감 및 오락용품 제조업",,,제조업,3/33/334," / 기타 제품 제조업 / 인형, 장난감 및 오락용품 제조업",MANUFACTURING,제조업,False,True,diagnostic_unit,False,TBD,TBD,TBD,TBD,TBD,TBD,62.0,58.0,61.0,55.0,80.0,TBD,TBD,TBD,TBD
339,그 외 기타 제품 제조업,그 외 기타 제품 제조업,그 외 기타 제품 제조업,minor,3,False,33,3,33.0,339.0,,,제조업,기타 제품 제조업,그 외 기타 제품 제조업,,,제조업,3/33/339, / 기타 제품 제조업 / 그 외 기타 제품 제조업,MANUFACTURING,제조업,False,True,diagnostic_unit,False,TBD,TBD,TBD,TBD,TBD,TBD,62.0,58.0,61.0,55.0,80.0,TBD,TBD,TBD,TBD
340,산업용 기계 및 장비 수리업,산업용 기계 및 장비 수리업,산업용 기계 및 장비 수리업,minor,3,False,34,3,34.0,340.0,,,제조업,산업용 기계 및 장비 수리업,산업용 기계 및 장비 수리업,,,제조업,3/34/340, / 산업용 기계 및 장비 수리업 / 산업용 기계 및 장비 수리업,MANUFACTURING,제조업,False,True,diagnostic_unit,False,TBD,TBD,TBD,TBD,TBD,TBD,62.0,58.0,61.0,55.0,80.0,TBD,TBD,TBD,TBD
351,전기업,전기업,전기업,minor,3,False,35,3,35.0,351.0,,,"전기, 가스, 증기 및 공기 조절 공급업","전기, 가스, 증기 및 공기 조절 공급업",전기업,,,"전기, 가스, 증기 및 공기 조절 공급업",3/35/351," / 전기, 가스, 증기 및 공기 조절 공급업 / 전기업",ENERGY,전기·가스·에너지,False,False,diagnostic_unit,False,TBD,TBD,TBD,TBD,TBD,TBD,,,,,,TBD,TBD,TBD,TBD
352,연료용 가스 제조 및 배관공급업,연료용 가스 제조 및 배관공급업,연료용 가스 제조 및 배관공급업,minor,3,False,35,3,35.0,352.0,,,"전기, 가스, 증기 및 공기 조절 공급업","전기, 가스, 증기 및 공기 조절 공급업",연료용 가스 제조 및 배관공급업,,,"전기, 가스, 증기 및 공기 조절 공급업",3/35/352," / 전기, 가스, 증기 및 공기 조절 공급업 / 연료용 가스 제조 및 배관공급업",ENERGY,전기·가스·에너지,False,False,diagnostic_unit,False,TBD,TBD,TBD,TBD,TBD,TBD,,,,,,TBD,TBD,TBD,TBD
353,"증기, 냉ㆍ온수 및 공기 조절 공급업","증기, 냉ㆍ온수 및 공기 조절 공급업","증기, 냉ㆍ온수 및 공기 조절 공급업",minor,3,False,35,3,35.0,353.0,,,"전기, 가스, 증기 및 공기 조절 공급업","전기, 가스, 증기 및 공기 조절 공급업","증기, 냉ㆍ온수 및 공기 조절 공급업",,,"전기, 가스, 증기 및 공기 조절 공급업",3/35/353," / 전기, 가스, 증기 및 공기 조절 공급업 / 증기, 냉ㆍ온수 및 공기 조절 공급업",ENERGY,전기·가스·에너지,False,False,diagnostic_unit,False,TBD,TBD,TBD,TBD,TBD,TBD,,,,,,TBD,TBD,TBD,TBD
360,수도업,수도업,수도업,minor,3,False,36,3,36.0,360.0,,,"수도, 하수 및 폐기물 처리, 원료 재생업",수도업,수도업,,,"수도, 하수 및 폐기물 처리, 원료 재생업",3/36/360, / 수도업 / 수도업,ENVIRONMENT,환경·폐기물 처리,False,False,diagnostic_unit,False,TBD,TBD,TBD,TBD,TBD,TBD,,,,,,TBD,TBD,TBD,TBD
370,"하수, 폐수 및 분뇨 처리업","하수, 폐수 및 분뇨 처리업","하수, 폐수 및 분뇨 처리업",minor,3,False,37,3,37.0,370.0,,,"수도, 하수 및 폐기물 처리, 원료 재생업","하수, 폐수 및 분뇨 처리업","하수, 폐수 및 분뇨 처리업",,,"수도, 하수 및 폐기물 처리, 원료 재생업",3/37/370," / 하수, 폐수 및 분뇨 처리업 / 하수, 폐수 및 분뇨 처리업",ENVIRONMENT,환경·폐기물 처리,False,False,diagnostic_unit,False,TBD,TBD,TBD,TBD,TBD,TBD,,,,,,TBD,TBD,TBD,TBD
381,"폐기물 수집, 운반업","폐기물 수집, 운반업","폐기물 수집, 운반업",minor,3,False,38,3,38.0,381.0,,,"수도, 하수 및 폐기물 처리, 원료 재생업","폐기물 수집, 운반, 처리 및 원료 재생업","폐기물 수집, 운반업",,,"수도, 하수 및 폐기물 처리, 원료 재생업",3/38/381," / 폐기물 수집, 운반, 처리 및 원료 재생업 / 폐기물 수집, 운반업",ENVIRONMENT,환경·폐기물 처리,False,False,diagnostic_unit,False,TBD,TBD,TBD,TBD,TBD,TBD,,,,,,TBD,TBD,TBD,TBD
382,폐기물 처리업,폐기물 처리업,폐기물 처리업,minor,3,False,38,3,38.0,382.0,,,"수도, 하수 및 폐기물 처리, 원료 재생업","폐기물 수집, 운반, 처리 및 원료 재생업",폐기물 처리업,,,"수도, 하수 및 폐기물 처리, 원료 재생업",3/38/382," / 폐기물 수집, 운반, 처리 및 원료 재생업 / 폐기물 처리업",ENVIRONMENT,환경·폐기물 처리,False,False,diagnostic_unit,False,TBD,TBD,TBD,TBD,TBD,TBD,,,,,,TBD,TBD,TBD,TBD
383,"해체, 선별 및 원료 재생업","해체, 선별 및 원료 재생업","해체, 선별 및 원료 재생업",minor,3,False,38,3,38.0,383.0,,,"수도, 하수 및 폐기물 처리, 원료 재생업","폐기물 수집, 운반, 처리 및 원료 재생업","해체, 선별 및 원료 재생업",,,"수도, 하수 및 폐기물 처리, 원료 재생업",3/38/383," / 폐기물 수집, 운반, 처리 및 원료 재생업 / 해체, 선별 및 원료 재생업",ENVIRONMENT,환경·폐기물 처리,False,False,diagnostic_unit,False,TBD,TBD,TBD,TBD,TBD,TBD,,,,,,TBD,TBD,TBD,TBD
390,환경 정화 및 복원업,환경 정화 및 복원업,환경 정화 및 복원업,minor,3,False,39,3,39.0,390.0,,,"수도, 하수 및 폐기물 처리, 원료 재생업",환경 정화 및 복원업,환경 정화 및 복원업,,,"수도, 하수 및 폐기물 처리, 원료 재생업",3/39/390, / 환경 정화 및 복원업 / 환경 정화 및 복원업,ENVIRONMENT,환경·폐기물 처리,False,False,diagnostic_unit,False,TBD,TBD,TBD,TBD,TBD,TBD,,,,,,TBD,TBD,TBD,TBD
411,건물 건설업,건물 건설업,건물 건설업,minor,3,False,41,4,41.0,411.0,,,건설업,종합 건설업,건물 건설업,,,건설업,4/41/411, / 종합 건설업 / 건물 건설업,CONSTRUCTION,건설·부동산,False,False,diagnostic_unit,False,TBD,TBD,TBD,TBD,TBD,TBD,61.0,57.0,60.0,54.0,78.0,TBD,TBD,TBD,TBD
412,토목 건설업,토목 건설업,토목 건설업,minor,3,False,41,4,41.0,412.0,,,건설업,종합 건설업,토목 건설업,,,건설업,4/41/412, / 종합 건설업 / 토목 건설업,CONSTRUCTION,건설·부동산,False,False,diagnostic_unit,False,TBD,TBD,TBD,TBD,TBD,TBD,61.0,57.0,60.0,54.0,78.0,TBD,TBD,TBD,TBD
421,기반조성 및 시설물 축조관련 전문공사업,기반조성 및 시설물 축조관련 전문공사업,기반조성 및 시설물 축조관련 전문공사업,minor,3,False,42,4,42.0,421.0,,,건설업,전문직별 공사업,기반조성 및 시설물 축조관련 전문공사업,,,건설업,4/42/421, / 전문직별 공사업 / 기반조성 및 시설물 축조관련 전문공사업,CONSTRUCTION,건설·부동산,False,False,diagnostic_unit,False,TBD,TBD,TBD,TBD,TBD,TBD,61.0,57.0,60.0,54.0,78.0,TBD,TBD,TBD,TBD
422,건물설비 설치 공사업,건물설비 설치 공사업,건물설비 설치 공사업,minor,3,False,42,4,42.0,422.0,,,건설업,전문직별 공사업,건물설비 설치 공사업,,,건설업,4/42/422, / 전문직별 공사업 / 건물설비 설치 공사업,CONSTRUCTION,건설·부동산,False,False,diagnostic_unit,False,TBD,TBD,TBD,TBD,TBD,TBD,61.0,57.0,60.0,54.0,78.0,TBD,TBD,TBD,TBD
423,전기 및 통신 공사업,전기 및 통신 공사업,전기 및 통신 공사업,minor,3,False,42,4,42.0,423.0,,,건설업,전문직별 공사업,전기 및 통신 공사업,,,건설업,4/42/423, / 전문직별 공사업 / 전기 및 통신 공사업,CONSTRUCTION,건설·부동산,False,False,diagnostic_unit,False,TBD,TBD,TBD,TBD,TBD,TBD,61.0,57.0,60.0,54.0,78.0,TBD,TBD,TBD,TBD
424,실내건축 및 건축마무리 공사업,실내건축 및 건축마무리 공사업,실내건축 및 건축마무리 공사업,minor,3,False,42,4,42.0,424.0,,,건설업,전문직별 공사업,실내건축 및 건축마무리 공사업,,,건설업,4/42/424, / 전문직별 공사업 / 실내건축 및 건축마무리 공사업,CONSTRUCTION,건설·부동산,False,False,diagnostic_unit,False,TBD,TBD,TBD,TBD,TBD,TBD,61.0,57.0,60.0,54.0,78.0,TBD,TBD,TBD,TBD
425,시설물 유지관리 공사업,시설물 유지관리 공사업,시설물 유지관리 공사업,minor,3,False,42,4,42.0,425.0,,,건설업,전문직별 공사업,시설물 유지관리 공사업,,,건설업,4/42/425, / 전문직별 공사업 / 시설물 유지관리 공사업,CONSTRUCTION,건설·부동산,False,False,diagnostic_unit,False,TBD,TBD,TBD,TBD,TBD,TBD,61.0,57.0,60.0,54.0,78.0,TBD,TBD,TBD,TBD
426,건설장비 운영업,건설장비 운영업,건설장비 운영업,minor,3,False,42,4,42.0,426.0,,,건설업,전문직별 공사업,건설장비 운영업,,,건설업,4/42/426, / 전문직별 공사업 / 건설장비 운영업,CONSTRUCTION,건설·부동산,False,False,diagnostic_unit,False,TBD,TBD,TBD,TBD,TBD,TBD,61.0,57.0,60.0,54.0,78.0,TBD,TBD,TBD,TBD
451,자동차 판매업,자동차 판매업,자동차 판매업,minor,3,False,45,4,45.0,451.0,,,도매 및 소매업,자동차 및 부품 판매업,자동차 판매업,,,도매 및 소매업,4/45/451, / 자동차 및 부품 판매업 / 자동차 판매업,RETAIL_TRADE,도매·소매업,False,True,diagnostic_unit,False,TBD,TBD,TBD,TBD,TBD,TBD,60.0,60.0,63.0,57.0,79.0,TBD,TBD,TBD,TBD
452,자동차 부품 및 내장품 판매업,자동차 부품 및 내장품 판매업,자동차 부품 및 내장품 판매업,minor,3,False,45,4,45.0,452.0,,,도매 및 소매업,자동차 및 부품 판매업,자동차 부품 및 내장품 판매업,,,도매 및 소매업,4/45/452, / 자동차 및 부품 판매업 / 자동차 부품 및 내장품 판매업,RETAIL_TRADE,도매·소매업,False,True,diagnostic_unit,False,TBD,TBD,TBD,TBD,TBD,TBD,60.0,60.0,63.0,57.0,79.0,TBD,TBD,TBD,TBD
453,모터사이클 및 부품 판매업,모터사이클 및 부품 판매업,모터사이클 및 부품 판매업,minor,3,False,45,4,45.0,453.0,,,도매 및 소매업,자동차 및 부품 판매업,모터사이클 및 부품 판매업,,,도매 및 소매업,4/45/453, / 자동차 및 부품 판매업 / 모터사이클 및 부품 판매업,RETAIL_TRADE,도매·소매업,False,True,diagnostic_unit,False,TBD,TBD,TBD,TBD,TBD,TBD,60.0,60.0,63.0,57.0,79.0,TBD,TBD,TBD,TBD
461,상품 중개업,상품 중개업,상품 중개업,minor,3,False,46,4,46.0,461.0,,,도매 및 소매업,도매 및 상품 중개업,상품 중개업,,,도매 및 소매업,4/46/461, / 도매 및 상품 중개업 / 상품 중개업,RETAIL_TRADE,도매·소매업,False,True,diagnostic_unit,False,TBD,TBD,TBD,TBD,TBD,TBD,60.0,60.0,63.0,57.0,79.0,TBD,TBD,TBD,TBD
462,산업용 농ㆍ축산물 및 동ㆍ식물 도매업,산업용 농ㆍ축산물 및 동ㆍ식물 도매업,산업용 농ㆍ축산물 및 동ㆍ식물 도매업,minor,3,False,46,4,46.0,462.0,,,도매 및 소매업,도매 및 상품 중개업,산업용 농ㆍ축산물 및 동ㆍ식물 도매업,,,도매 및 소매업,4/46/462, / 도매 및 상품 중개업 / 산업용 농ㆍ축산물 및 동ㆍ식물 도매업,RETAIL_TRADE,도매·소매업,False,True,diagnostic_unit,False,TBD,TBD,TBD,TBD,TBD,TBD,60.0,60.0,63.0,57.0,79.0,TBD,TBD,TBD,TBD
463,음ㆍ식료품 및 담배 도매업,음ㆍ식료품 및 담배 도매업,음ㆍ식료품 및 담배 도매업,minor,3,False,46,4,46.0,463.0,,,도매 및 소매업,도매 및 상품 중개업,음ㆍ식료품 및 담배 도매업,,,도매 및 소매업,4/46/463, / 도매 및 상품 중개업 / 음ㆍ식료품 및 담배 도매업,RETAIL_TRADE,도매·소매업,False,True,diagnostic_unit,False,TBD,TBD,TBD,TBD,TBD,TBD,60.0,60.0,63.0,57.0,79.0,TBD,TBD,TBD,TBD
464,생활용품 도매업,생활용품 도매업,생활용품 도매업,minor,3,False,46,4,46.0,464.0,,,도매 및 소매업,도매 및 상품 중개업,생활용품 도매업,,,도매 및 소매업,4/46/464, / 도매 및 상품 중개업 / 생활용품 도매업,RETAIL_TRADE,도매·소매업,False,True,diagnostic_unit,False,TBD,TBD,TBD,TBD,TBD,TBD,60.0,60.0,63.0,57.0,79.0,TBD,TBD,TBD,TBD
465,기계장비 및 관련 물품 도매업,기계장비 및 관련 물품 도매업,기계장비 및 관련 물품 도매업,minor,3,False,46,4,46.0,465.0,,,도매 및 소매업,도매 및 상품 중개업,기계장비 및 관련 물품 도매업,,,도매 및 소매업,4/46/465, / 도매 및 상품 중개업 / 기계장비 및 관련 물품 도매업,RETAIL_TRADE,도매·소매업,False,True,diagnostic_unit,False,TBD,TBD,TBD,TBD,TBD,TBD,60.0,60.0,63.0,57.0,79.0,TBD,TBD,TBD,TBD
466,"건축 자재, 철물 및 난방장치 도매업","건축 자재, 철물 및 난방장치 도매업","건축 자재, 철물 및 난방장치 도매업",minor,3,False,46,4,46.0,466.0,,,도매 및 소매업,도매 및 상품 중개업,"건축 자재, 철물 및 난방장치 도매업",,,도매 및 소매업,4/46/466," / 도매 및 상품 중개업 / 건축 자재, 철물 및 난방장치 도매업",RETAIL_TRADE,도매·소매업,False,True,diagnostic_unit,False,TBD,TBD,TBD,TBD,TBD,TBD,60.0,60.0,63.0,57.0,79.0,TBD,TBD,TBD,TBD
467,기타 전문 도매업,기타 전문 도매업,기타 전문 도매업,minor,3,False,46,4,46.0,467.0,,,도매 및 소매업,도매 및 상품 중개업,기타 전문 도매업,,,도매 및 소매업,4/46/467, / 도매 및 상품 중개업 / 기타 전문 도매업,RETAIL_TRADE,도매·소매업,False,True,diagnostic_unit,False,TBD,TBD,TBD,TBD,TBD,TBD,60.0,60.0,63.0,57.0,79.0,TBD,TBD,TBD,TBD
468,상품 종합 도매업,상품 종합 도매업,상품 종합 도매업,minor,3,False,46,4,46.0,468.0,,,도매 및 소매업,도매 및 상품 중개업,상품 종합 도매업,,,도매 및 소매업,4/46/468, / 도매 및 상품 중개업 / 상품 종합 도매업,RETAIL_TRADE,도매·소매업,False,True,diagnostic_unit,False,TBD,TBD,TBD,TBD,TBD,TBD,60.0,60.0,63.0,57.0,79.0,TBD,TBD,TBD,TBD
471,종합 소매업,종합 소매업,종합 소매업,minor,3,False,47,4,47.0,471.0,,,도매 및 소매업,"소매업, 자동차 제외",종합 소매업,,,도매 및 소매업,4/47/471," / 소매업, 자동차 제외 / 종합 소매업",RETAIL_TRADE,도매·소매업,False,True,diagnostic_unit,False,TBD,TBD,TBD,TBD,TBD,TBD,60.0,60.0,63.0,57.0,79.0,TBD,TBD,TBD,TBD
472,음ㆍ식료품 및 담배 소매업,음ㆍ식료품 및 담배 소매업,음ㆍ식료품 및 담배 소매업,minor,3,False,47,4,47.0,472.0,,,도매 및 소매업,"소매업, 자동차 제외",음ㆍ식료품 및 담배 소매업,,,도매 및 소매업,4/47/472," / 소매업, 자동차 제외 / 음ㆍ식료품 및 담배 소매업",RETAIL_TRADE,도매·소매업,False,True,diagnostic_unit,False,TBD,TBD,TBD,TBD,TBD,TBD,60.0,60.0,63.0,57.0,79.0,TBD,TBD,TBD,TBD
473,가전제품 및 정보 통신장비 소매업,가전제품 및 정보 통신장비 소매업,가전제품 및 정보 통신장비 소매업,minor,3,False,47,4,47.0,473.0,,,도매 및 소매업,"소매업, 자동차 제외",가전제품 및 정보 통신장비 소매업,,,도매 및 소매업,4/47/473," / 소매업, 자동차 제외 / 가전제품 및 정보 통신장비 소매업",RETAIL_TRADE,도매·소매업,False,True,diagnostic_unit,False,TBD,TBD,TBD,TBD,TBD,TBD,60.0,60.0,63.0,57.0,79.0,TBD,TBD,TBD,TBD
474,"섬유, 의복, 신발 및 가죽제품 소매업","섬유, 의복, 신발 및 가죽제품 소매업","섬유, 의복, 신발 및 가죽제품 소매업",minor,3,False,47,4,47.0,474.0,,,도매 및 소매업,"소매업, 자동차 제외","섬유, 의복, 신발 및 가죽제품 소매업",,,도매 및 소매업,4/47/474," / 소매업, 자동차 제외 / 섬유, 의복, 신발 및 가죽제품 소매업",RETAIL_TRADE,도매·소매업,False,True,diagnostic_unit,False,TBD,TBD,TBD,TBD,TBD,TBD,60.0,60.0,63.0,57.0,79.0,TBD,TBD,TBD,TBD
475,기타 생활용품 소매업,기타 생활용품 소매업,기타 생활용품 소매업,minor,3,False,47,4,47.0,475.0,,,도매 및 소매업,"소매업, 자동차 제외",기타 생활용품 소매업,,,도매 및 소매업,4/47/475," / 소매업, 자동차 제외 / 기타 생활용품 소매업",RETAIL_TRADE,도매·소매업,False,True,diagnostic_unit,False,TBD,TBD,TBD,TBD,TBD,TBD,60.0,60.0,63.0,57.0,79.0,TBD,TBD,TBD,TBD
476,"문화, 오락 및 여가 용품 소매업","문화, 오락 및 여가 용품 소매업","문화, 오락 및 여가 용품 소매업",minor,3,False,47,4,47.0,476.0,,,도매 및 소매업,"소매업, 자동차 제외","문화, 오락 및 여가 용품 소매업",,,도매 및 소매업,4/47/476," / 소매업, 자동차 제외 / 문화, 오락 및 여가 용품 소매업",RETAIL_TRADE,도매·소매업,False,True,diagnostic_unit,False,TBD,TBD,TBD,TBD,TBD,TBD,60.0,60.0,63.0,57.0,79.0,TBD,TBD,TBD,TBD
477,연료 소매업,연료 소매업,연료 소매업,minor,3,False,47,4,47.0,477.0,,,도매 및 소매업,"소매업, 자동차 제외",연료 소매업,,,도매 및 소매업,4/47/477," / 소매업, 자동차 제외 / 연료 소매업",RETAIL_TRADE,도매·소매업,False,True,diagnostic_unit,False,TBD,TBD,TBD,TBD,TBD,TBD,60.0,60.0,63.0,57.0,79.0,TBD,TBD,TBD,TBD
478,기타 상품 전문 소매업,기타 상품 전문 소매업,기타 상품 전문 소매업,minor,3,False,47,4,47.0,478.0,,,도매 및 소매업,"소매업, 자동차 제외",기타 상품 전문 소매업,,,도매 및 소매업,4/47/478," / 소매업, 자동차 제외 / 기타 상품 전문 소매업",RETAIL_TRADE,도매·소매업,False,True,diagnostic_unit,False,TBD,TBD,TBD,TBD,TBD,TBD,60.0,60.0,63.0,57.0,79.0,TBD,TBD,TBD,TBD
479,무점포 소매업,무점포 소매업,무점포 소매업,minor,3,False,47,4,47.0,479.0,,,도매 및 소매업,"소매업, 자동차 제외",무점포 소매업,,,도매 및 소매업,4/47/479," / 소매업, 자동차 제외 / 무점포 소매업",RETAIL_TRADE,도매·소매업,False,True,diagnostic_unit,False,TBD,TBD,TBD,TBD,TBD,TBD,60.0,60.0,63.0,57.0,79.0,TBD,TBD,TBD,TBD
491,철도 운송업,철도 운송업,철도 운송업,minor,3,False,49,4,49.0,491.0,,,운수 및 창고업,육상 운송 및 파이프라인 운송업,철도 운송업,,,운수 및 창고업,4/49/491, / 육상 운송 및 파이프라인 운송업 / 철도 운송업,LOGISTICS,운수·창고업,False,False,diagnostic_unit,False,TBD,TBD,TBD,TBD,TBD,TBD,60.0,58.0,59.0,55.0,77.0,TBD,TBD,TBD,TBD
492,육상 여객 운송업,육상 여객 운송업,육상 여객 운송업,minor,3,False,49,4,49.0,492.0,,,운수 및 창고업,육상 운송 및 파이프라인 운송업,육상 여객 운송업,,,운수 및 창고업,4/49/492, / 육상 운송 및 파이프라인 운송업 / 육상 여객 운송업,LOGISTICS,운수·창고업,False,False,diagnostic_unit,False,TBD,TBD,TBD,TBD,TBD,TBD,60.0,58.0,59.0,55.0,77.0,TBD,TBD,TBD,TBD
493,도로 화물 운송업,도로 화물 운송업,도로 화물 운송업,minor,3,False,49,4,49.0,493.0,,,운수 및 창고업,육상 운송 및 파이프라인 운송업,도로 화물 운송업,,,운수 및 창고업,4/49/493, / 육상 운송 및 파이프라인 운송업 / 도로 화물 운송업,LOGISTICS,운수·창고업,False,False,diagnostic_unit,False,TBD,TBD,TBD,TBD,TBD,TBD,60.0,58.0,59.0,55.0,77.0,TBD,TBD,TBD,TBD
494,소화물 전문 운송업,소화물 전문 운송업,소화물 전문 운송업,minor,3,False,49,4,49.0,494.0,,,운수 및 창고업,육상 운송 및 파이프라인 운송업,소화물 전문 운송업,,,운수 및 창고업,4/49/494, / 육상 운송 및 파이프라인 운송업 / 소화물 전문 운송업,LOGISTICS,운수·창고업,False,False,diagnostic_unit,False,TBD,TBD,TBD,TBD,TBD,TBD,60.0,58.0,59.0,55.0,77.0,TBD,TBD,TBD,TBD
495,파이프라인 운송업,파이프라인 운송업,파이프라인 운송업,minor,3,False,49,4,49.0,495.0,,,운수 및 창고업,육상 운송 및 파이프라인 운송업,파이프라인 운송업,,,운수 및 창고업,4/49/495, / 육상 운송 및 파이프라인 운송업 / 파이프라인 운송업,LOGISTICS,운수·창고업,False,False,diagnostic_unit,False,TBD,TBD,TBD,TBD,TBD,TBD,60.0,58.0,59.0,55.0,77.0,TBD,TBD,TBD,TBD
501,해상 운송업,해상 운송업,해상 운송업,minor,3,False,50,5,50.0,501.0,,,운수 및 창고업,수상 운송업,해상 운송업,,,운수 및 창고업,5/50/501, / 수상 운송업 / 해상 운송업,LOGISTICS,운수·창고업,False,False,diagnostic_unit,False,TBD,TBD,TBD,TBD,TBD,TBD,60.0,58.0,59.0,55.0,77.0,TBD,TBD,TBD,TBD
502,내륙 수상 및 항만 내 운송업,내륙 수상 및 항만 내 운송업,내륙 수상 및 항만 내 운송업,minor,3,False,50,5,50.0,502.0,,,운수 및 창고업,수상 운송업,내륙 수상 및 항만 내 운송업,,,운수 및 창고업,5/50/502, / 수상 운송업 / 내륙 수상 및 항만 내 운송업,LOGISTICS,운수·창고업,False,False,diagnostic_unit,False,TBD,TBD,TBD,TBD,TBD,TBD,60.0,58.0,59.0,55.0,77.0,TBD,TBD,TBD,TBD
511,항공 여객 운송업,항공 여객 운송업,항공 여객 운송업,minor,3,False,51,5,51.0,511.0,,,운수 및 창고업,항공 운송업,항공 여객 운송업,,,운수 및 창고업,5/51/511, / 항공 운송업 / 항공 여객 운송업,LOGISTICS,운수·창고업,False,False,diagnostic_unit,False,TBD,TBD,TBD,TBD,TBD,TBD,60.0,58.0,59.0,55.0,77.0,TBD,TBD,TBD,TBD
512,항공 화물 운송업,항공 화물 운송업,항공 화물 운송업,minor,3,False,51,5,51.0,512.0,,,운수 및 창고업,항공 운송업,항공 화물 운송업,,,운수 및 창고업,5/51/512, / 항공 운송업 / 항공 화물 운송업,LOGISTICS,운수·창고업,False,False,diagnostic_unit,False,TBD,TBD,TBD,TBD,TBD,TBD,60.0,58.0,59.0,55.0,77.0,TBD,TBD,TBD,TBD
521,보관 및 창고업,보관 및 창고업,보관 및 창고업,minor,3,False,52,5,52.0,521.0,,,운수 및 창고업,창고 및 운송관련 서비스업,보관 및 창고업,,,운수 및 창고업,5/52/521, / 창고 및 운송관련 서비스업 / 보관 및 창고업,LOGISTICS,운수·창고업,False,False,diagnostic_unit,False,TBD,TBD,TBD,TBD,TBD,TBD,60.0,58.0,59.0,55.0,77.0,TBD,TBD,TBD,TBD
529,기타 운송관련 서비스업,기타 운송관련 서비스업,기타 운송관련 서비스업,minor,3,False,52,5,52.0,529.0,,,운수 및 창고업,창고 및 운송관련 서비스업,기타 운송관련 서비스업,,,운수 및 창고업,5/52/529, / 창고 및 운송관련 서비스업 / 기타 운송관련 서비스업,LOGISTICS,운수·창고업,False,False,diagnostic_unit,False,TBD,TBD,TBD,TBD,TBD,TBD,60.0,58.0,59.0,55.0,77.0,TBD,TBD,TBD,TBD
551,일반 및 생활 숙박시설 운영업,일반 및 생활 숙박시설 운영업,일반 및 생활 숙박시설 운영업,minor,3,False,55,5,55.0,551.0,,,숙박 및 음식점업,숙박업,일반 및 생활 숙박시설 운영업,,,숙박 및 음식점업,5/55/551, / 숙박업 / 일반 및 생활 숙박시설 운영업,HOSPITALITY,숙박·음식·여행,False,False,diagnostic_unit,False,TBD,TBD,TBD,TBD,TBD,TBD,,,,,,TBD,TBD,TBD,TBD
559,기타 숙박업,기타 숙박업,기타 숙박업,minor,3,False,55,5,55.0,559.0,,,숙박 및 음식점업,숙박업,기타 숙박업,,,숙박 및 음식점업,5/55/559, / 숙박업 / 기타 숙박업,HOSPITALITY,숙박·음식·여행,False,False,diagnostic_unit,False,TBD,TBD,TBD,TBD,TBD,TBD,,,,,,TBD,TBD,TBD,TBD
561,음식점업,음식점업,음식점업,minor,3,False,56,5,56.0,561.0,,,숙박 및 음식점업,음식점 및 주점업,음식점업,,,숙박 및 음식점업,5/56/561, / 음식점 및 주점업 / 음식점업,HOSPITALITY,숙박·음식·여행,False,False,diagnostic_unit,False,TBD,TBD,TBD,TBD,TBD,TBD,,,,,,TBD,TBD,TBD,TBD
562,주점 및 비알코올 음료점업,주점 및 비알코올 음료점업,주점 및 비알코올 음료점업,minor,3,False,56,5,56.0,562.0,,,숙박 및 음식점업,음식점 및 주점업,주점 및 비알코올 음료점업,,,숙박 및 음식점업,5/56/562, / 음식점 및 주점업 / 주점 및 비알코올 음료점업,HOSPITALITY,숙박·음식·여행,False,False,diagnostic_unit,False,TBD,TBD,TBD,TBD,TBD,TBD,,,,,,TBD,TBD,TBD,TBD
581,"서적, 잡지 및 기타 인쇄물 출판업","서적, 잡지 및 기타 인쇄물 출판업","서적, 잡지 및 기타 인쇄물 출판업",minor,3,False,58,5,58.0,581.0,,,정보통신업,출판업,"서적, 잡지 및 기타 인쇄물 출판업",,,정보통신업,5/58/581," / 출판업 / 서적, 잡지 및 기타 인쇄물 출판업",IT_TECH,정보통신업 (IT),False,True,diagnostic_unit,False,TBD,TBD,TBD,TBD,TBD,TBD,68.0,62.0,60.0,65.0,84.0,TBD,TBD,TBD,TBD
582,소프트웨어 개발 및 공급업,소프트웨어 개발 및 공급업,소프트웨어 개발 및 공급업,minor,3,False,58,5,58.0,582.0,,,정보통신업,출판업,소프트웨어 개발 및 공급업,,,정보통신업,5/58/582, / 출판업 / 소프트웨어 개발 및 공급업,IT_TECH,정보통신업 (IT),False,True,diagnostic_unit,False,TBD,TBD,TBD,TBD,TBD,TBD,68.0,62.0,60.0,65.0,84.0,TBD,TBD,TBD,TBD
591,"영화, 비디오물, 방송 프로그램 제작 및 배급업","영화, 비디오물, 방송 프로그램 제작 및 배급업","영화, 비디오물, 방송 프로그램 제작 및 배급업",minor,3,False,59,5,59.0,591.0,,,정보통신업,영상ㆍ오디오 기록물 제작 및 배급업,"영화, 비디오물, 방송 프로그램 제작 및 배급업",,,정보통신업,5/59/591," / 영상ㆍ오디오 기록물 제작 및 배급업 / 영화, 비디오물, 방송 프로그램 제작 및 배급업",IT_TECH,정보통신업 (IT),False,True,diagnostic_unit,False,TBD,TBD,TBD,TBD,TBD,TBD,68.0,62.0,60.0,65.0,84.0,TBD,TBD,TBD,TBD
592,오디오물 출판 및 원판 녹음업,오디오물 출판 및 원판 녹음업,오디오물 출판 및 원판 녹음업,minor,3,False,59,5,59.0,592.0,,,정보통신업,영상ㆍ오디오 기록물 제작 및 배급업,오디오물 출판 및 원판 녹음업,,,정보통신업,5/59/592, / 영상ㆍ오디오 기록물 제작 및 배급업 / 오디오물 출판 및 원판 녹음업,IT_TECH,정보통신업 (IT),False,True,diagnostic_unit,False,TBD,TBD,TBD,TBD,TBD,TBD,68.0,62.0,60.0,65.0,84.0,TBD,TBD,TBD,TBD
601,라디오 방송업,라디오 방송업,라디오 방송업,minor,3,False,60,6,60.0,601.0,,,정보통신업,방송 및 영상ㆍ오디오물 제공 서비스업,라디오 방송업,,,정보통신업,6/60/601, / 방송 및 영상ㆍ오디오물 제공 서비스업 / 라디오 방송업,IT_TECH,정보통신업 (IT),False,True,diagnostic_unit,False,TBD,TBD,TBD,TBD,TBD,TBD,68.0,62.0,60.0,65.0,84.0,TBD,TBD,TBD,TBD
602,텔레비전 방송업,텔레비전 방송업,텔레비전 방송업,minor,3,False,60,6,60.0,602.0,,,정보통신업,방송 및 영상ㆍ오디오물 제공 서비스업,텔레비전 방송업,,,정보통신업,6/60/602, / 방송 및 영상ㆍ오디오물 제공 서비스업 / 텔레비전 방송업,IT_TECH,정보통신업 (IT),False,True,diagnostic_unit,False,TBD,TBD,TBD,TBD,TBD,TBD,68.0,62.0,60.0,65.0,84.0,TBD,TBD,TBD,TBD
603,영상ㆍ오디오물 제공 서비스업,영상ㆍ오디오물 제공 서비스업,영상ㆍ오디오물 제공 서비스업,minor,3,False,60,6,60.0,603.0,,,정보통신업,방송 및 영상ㆍ오디오물 제공 서비스업,영상ㆍ오디오물 제공 서비스업,,,정보통신업,6/60/603, / 방송 및 영상ㆍ오디오물 제공 서비스업 / 영상ㆍ오디오물 제공 서비스업,IT_TECH,정보통신업 (IT),False,True,diagnostic_unit,False,TBD,TBD,TBD,TBD,TBD,TBD,68.0,62.0,60.0,65.0,84.0,TBD,TBD,TBD,TBD
611,공영 우편업,공영 우편업,공영 우편업,minor,3,False,61,6,61.0,611.0,,,정보통신업,우편 및 통신업,공영 우편업,,,정보통신업,6/61/611, / 우편 및 통신업 / 공영 우편업,IT_TECH,정보통신업 (IT),False,True,diagnostic_unit,False,TBD,TBD,TBD,TBD,TBD,TBD,68.0,62.0,60.0,65.0,84.0,TBD,TBD,TBD,TBD
612,전기 통신업,전기 통신업,전기 통신업,minor,3,False,61,6,61.0,612.0,,,정보통신업,우편 및 통신업,전기 통신업,,,정보통신업,6/61/612, / 우편 및 통신업 / 전기 통신업,IT_TECH,정보통신업 (IT),False,True,diagnostic_unit,False,TBD,TBD,TBD,TBD,TBD,TBD,68.0,62.0,60.0,65.0,84.0,TBD,TBD,TBD,TBD
620,"컴퓨터 프로그래밍, 시스템 통합 및 관리업","컴퓨터 프로그래밍, 시스템 통합 및 관리업","컴퓨터 프로그래밍, 시스템 통합 및 관리업",minor,3,False,62,6,62.0,620.0,,,정보통신업,"컴퓨터 프로그래밍, 시스템 통합 및 관리업","컴퓨터 프로그래밍, 시스템 통합 및 관리업",,,정보통신업,6/62/620," / 컴퓨터 프로그래밍, 시스템 통합 및 관리업 / 컴퓨터 프로그래밍, 시스템 통합 및 관리업",IT_TECH,정보통신업 (IT),False,True,diagnostic_unit,False,TBD,TBD,TBD,TBD,TBD,TBD,68.0,62.0,60.0,65.0,84.0,TBD,TBD,TBD,TBD
631,"자료 처리, 호스팅, 포털 및 기타 인터넷 정보 매개 서비스업","자료 처리, 호스팅, 포털 및 기타 인터넷 정보 매개 서비스업","자료 처리, 호스팅, 포털 및 기타 인터넷 정보 매개 서비스업",minor,3,False,63,6,63.0,631.0,,,정보통신업,정보서비스업,"자료 처리, 호스팅, 포털 및 기타 인터넷 정보 매개 서비스업",,,정보통신업,6/63/631," / 정보서비스업 / 자료 처리, 호스팅, 포털 및 기타 인터넷 정보 매개 서비스업",IT_TECH,정보통신업 (IT),False,True,diagnostic_unit,False,TBD,TBD,TBD,TBD,TBD,TBD,68.0,62.0,60.0,65.0,84.0,TBD,TBD,TBD,TBD
639,기타 정보 서비스업,기타 정보 서비스업,기타 정보 서비스업,minor,3,False,63,6,63.0,639.0,,,정보통신업,정보서비스업,기타 정보 서비스업,,,정보통신업,6/63/639, / 정보서비스업 / 기타 정보 서비스업,IT_TECH,정보통신업 (IT),False,True,diagnostic_unit,False,TBD,TBD,TBD,TBD,TBD,TBD,68.0,62.0,60.0,65.0,84.0,TBD,TBD,TBD,TBD
641,은행 및 저축기관,은행 및 저축기관,은행 및 저축기관,minor,3,False,64,6,64.0,641.0,,,금융 및 보험업,금융업,은행 및 저축기관,,,금융 및 보험업,6/64/641, / 금융업 / 은행 및 저축기관,FINANCE,금융·보험업,False,True,diagnostic_unit,False,TBD,TBD,TBD,TBD,TBD,TBD,70.0,64.0,65.0,60.0,86.0,TBD,TBD,TBD,TBD
642,신탁업 및 집합 투자업,신탁업 및 집합 투자업,신탁업 및 집합 투자업,minor,3,False,64,6,64.0,642.0,,,금융 및 보험업,금융업,신탁업 및 집합 투자업,,,금융 및 보험업,6/64/642, / 금융업 / 신탁업 및 집합 투자업,FINANCE,금융·보험업,False,True,diagnostic_unit,False,TBD,TBD,TBD,TBD,TBD,TBD,70.0,64.0,65.0,60.0,86.0,TBD,TBD,TBD,TBD
649,기타 금융업,기타 금융업,기타 금융업,minor,3,False,64,6,64.0,649.0,,,금융 및 보험업,금융업,기타 금융업,,,금융 및 보험업,6/64/649, / 금융업 / 기타 금융업,FINANCE,금융·보험업,False,True,diagnostic_unit,False,TBD,TBD,TBD,TBD,TBD,TBD,70.0,64.0,65.0,60.0,86.0,TBD,TBD,TBD,TBD
651,보험업,보험업,보험업,minor,3,False,65,6,65.0,651.0,,,금융 및 보험업,보험업,보험업,,,금융 및 보험업,6/65/651, / 보험업 / 보험업,FINANCE,금융·보험업,False,True,diagnostic_unit,False,TBD,TBD,TBD,TBD,TBD,TBD,70.0,64.0,65.0,60.0,86.0,TBD,TBD,TBD,TBD
652,재보험업,재보험업,재보험업,minor,3,False,65,6,65.0,652.0,,,금융 및 보험업,보험업,재보험업,,,금융 및 보험업,6/65/652, / 보험업 / 재보험업,FINANCE,금융·보험업,False,True,diagnostic_unit,False,TBD,TBD,TBD,TBD,TBD,TBD,70.0,64.0,65.0,60.0,86.0,TBD,TBD,TBD,TBD
653,공제업,공제업,공제업,minor,3,False,65,6,65.0,653.0,,,금융 및 보험업,보험업,공제업,,,금융 및 보험업,6/65/653, / 보험업 / 공제업,FINANCE,금융·보험업,False,True,diagnostic_unit,False,TBD,TBD,TBD,TBD,TBD,TBD,70.0,64.0,65.0,60.0,86.0,TBD,TBD,TBD,TBD
661,금융 지원 서비스업,금융 지원 서비스업,금융 지원 서비스업,minor,3,False,66,6,66.0,661.0,,,금융 및 보험업,금융 및 보험관련 서비스업,금융 지원 서비스업,,,금융 및 보험업,6/66/661, / 금융 및 보험관련 서비스업 / 금융 지원 서비스업,FINANCE,금융·보험업,False,True,diagnostic_unit,False,TBD,TBD,TBD,TBD,TBD,TBD,70.0,64.0,65.0,60.0,86.0,TBD,TBD,TBD,TBD
662,보험 및 연금관련 서비스업,보험 및 연금관련 서비스업,보험 및 연금관련 서비스업,minor,3,False,66,6,66.0,662.0,,,금융 및 보험업,금융 및 보험관련 서비스업,보험 및 연금관련 서비스업,,,금융 및 보험업,6/66/662, / 금융 및 보험관련 서비스업 / 보험 및 연금관련 서비스업,FINANCE,금융·보험업,False,True,diagnostic_unit,False,TBD,TBD,TBD,TBD,TBD,TBD,70.0,64.0,65.0,60.0,86.0,TBD,TBD,TBD,TBD
681,부동산 임대 및 공급업,부동산 임대 및 공급업,부동산 임대 및 공급업,minor,3,False,68,6,68.0,681.0,,,부동산업,부동산업,부동산 임대 및 공급업,,,부동산업,6/68/681, / 부동산업 / 부동산 임대 및 공급업,REAL_ESTATE,부동산업,False,False,diagnostic_unit,False,TBD,TBD,TBD,TBD,TBD,TBD,,,,,,TBD,TBD,TBD,TBD
682,부동산관련 서비스업,부동산관련 서비스업,부동산관련 서비스업,minor,3,False,68,6,68.0,682.0,,,부동산업,부동산업,부동산관련 서비스업,,,부동산업,6/68/682, / 부동산업 / 부동산관련 서비스업,REAL_ESTATE,부동산업,False,False,diagnostic_unit,False,TBD,TBD,TBD,TBD,TBD,TBD,,,,,,TBD,TBD,TBD,TBD
701,자연과학 및 공학 연구개발업,자연과학 및 공학 연구개발업,자연과학 및 공학 연구개발업,minor,3,False,70,7,70.0,701.0,,,"전문, 과학 및 기술 서비스업",연구개발업,자연과학 및 공학 연구개발업,,,"전문, 과학 및 기술 서비스업",7/70/701, / 연구개발업 / 자연과학 및 공학 연구개발업,PROFESSIONAL_SVC,전문·과학·기술 서비스,False,False,diagnostic_unit,False,TBD,TBD,TBD,TBD,TBD,TBD,69.0,65.0,63.0,63.0,85.0,TBD,TBD,TBD,TBD
702,인문 및 사회과학 연구개발업,인문 및 사회과학 연구개발업,인문 및 사회과학 연구개발업,minor,3,False,70,7,70.0,702.0,,,"전문, 과학 및 기술 서비스업",연구개발업,인문 및 사회과학 연구개발업,,,"전문, 과학 및 기술 서비스업",7/70/702, / 연구개발업 / 인문 및 사회과학 연구개발업,PROFESSIONAL_SVC,전문·과학·기술 서비스,False,False,diagnostic_unit,False,TBD,TBD,TBD,TBD,TBD,TBD,69.0,65.0,63.0,63.0,85.0,TBD,TBD,TBD,TBD
711,법무관련 서비스업,법무관련 서비스업,법무관련 서비스업,minor,3,False,71,7,71.0,711.0,,,"전문, 과학 및 기술 서비스업",전문 서비스업,법무관련 서비스업,,,"전문, 과학 및 기술 서비스업",7/71/711, / 전문 서비스업 / 법무관련 서비스업,PROFESSIONAL_SVC,전문·과학·기술 서비스,False,False,diagnostic_unit,False,TBD,TBD,TBD,TBD,TBD,TBD,69.0,65.0,63.0,63.0,85.0,TBD,TBD,TBD,TBD
712,회계 및 세무관련 서비스업,회계 및 세무관련 서비스업,회계 및 세무관련 서비스업,minor,3,False,71,7,71.0,712.0,,,"전문, 과학 및 기술 서비스업",전문 서비스업,회계 및 세무관련 서비스업,,,"전문, 과학 및 기술 서비스업",7/71/712, / 전문 서비스업 / 회계 및 세무관련 서비스업,PROFESSIONAL_SVC,전문·과학·기술 서비스,False,False,diagnostic_unit,False,TBD,TBD,TBD,TBD,TBD,TBD,69.0,65.0,63.0,63.0,85.0,TBD,TBD,TBD,TBD
713,광고업,광고업,광고업,minor,3,False,71,7,71.0,713.0,,,"전문, 과학 및 기술 서비스업",전문 서비스업,광고업,,,"전문, 과학 및 기술 서비스업",7/71/713, / 전문 서비스업 / 광고업,PROFESSIONAL_SVC,전문·과학·기술 서비스,False,False,diagnostic_unit,False,TBD,TBD,TBD,TBD,TBD,TBD,69.0,65.0,63.0,63.0,85.0,TBD,TBD,TBD,TBD
714,시장 조사 및 여론 조사업,시장 조사 및 여론 조사업,시장 조사 및 여론 조사업,minor,3,False,71,7,71.0,714.0,,,"전문, 과학 및 기술 서비스업",전문 서비스업,시장 조사 및 여론 조사업,,,"전문, 과학 및 기술 서비스업",7/71/714, / 전문 서비스업 / 시장 조사 및 여론 조사업,PROFESSIONAL_SVC,전문·과학·기술 서비스,False,False,diagnostic_unit,False,TBD,TBD,TBD,TBD,TBD,TBD,69.0,65.0,63.0,63.0,85.0,TBD,TBD,TBD,TBD
715,회사 본부 및 경영 컨설팅 서비스업,회사 본부 및 경영 컨설팅 서비스업,회사 본부 및 경영 컨설팅 서비스업,minor,3,False,71,7,71.0,715.0,,,"전문, 과학 및 기술 서비스업",전문 서비스업,회사 본부 및 경영 컨설팅 서비스업,,,"전문, 과학 및 기술 서비스업",7/71/715, / 전문 서비스업 / 회사 본부 및 경영 컨설팅 서비스업,PROFESSIONAL_SVC,전문·과학·기술 서비스,False,False,diagnostic_unit,False,TBD,TBD,TBD,TBD,TBD,TBD,69.0,65.0,63.0,63.0,85.0,TBD,TBD,TBD,TBD
716,기타 전문 서비스업,기타 전문 서비스업,기타 전문 서비스업,minor,3,False,71,7,71.0,716.0,,,"전문, 과학 및 기술 서비스업",전문 서비스업,기타 전문 서비스업,,,"전문, 과학 및 기술 서비스업",7/71/716, / 전문 서비스업 / 기타 전문 서비스업,PROFESSIONAL_SVC,전문·과학·기술 서비스,False,False,diagnostic_unit,False,TBD,TBD,TBD,TBD,TBD,TBD,69.0,65.0,63.0,63.0,85.0,TBD,TBD,TBD,TBD
721,"건축 기술, 엔지니어링 및 관련 기술 서비스업","건축 기술, 엔지니어링 및 관련 기술 서비스업","건축 기술, 엔지니어링 및 관련 기술 서비스업",minor,3,False,72,7,72.0,721.0,,,"전문, 과학 및 기술 서비스업","건축 기술, 엔지니어링 및 기타 과학기술 서비스업","건축 기술, 엔지니어링 및 관련 기술 서비스업",,,"전문, 과학 및 기술 서비스업",7/72/721," / 건축 기술, 엔지니어링 및 기타 과학기술 서비스업 / 건축 기술, 엔지니어링 및 관련 기술 서비스업",PROFESSIONAL_SVC,전문·과학·기술 서비스,False,False,diagnostic_unit,False,TBD,TBD,TBD,TBD,TBD,TBD,69.0,65.0,63.0,63.0,85.0,TBD,TBD,TBD,TBD
729,기타 과학기술 서비스업,기타 과학기술 서비스업,기타 과학기술 서비스업,minor,3,False,72,7,72.0,729.0,,,"전문, 과학 및 기술 서비스업","건축 기술, 엔지니어링 및 기타 과학기술 서비스업",기타 과학기술 서비스업,,,"전문, 과학 및 기술 서비스업",7/72/729," / 건축 기술, 엔지니어링 및 기타 과학기술 서비스업 / 기타 과학기술 서비스업",PROFESSIONAL_SVC,전문·과학·기술 서비스,False,False,diagnostic_unit,False,TBD,TBD,TBD,TBD,TBD,TBD,69.0,65.0,63.0,63.0,85.0,TBD,TBD,TBD,TBD
731,수의업,수의업,수의업,minor,3,False,73,7,73.0,731.0,,,"전문, 과학 및 기술 서비스업","기타 전문, 과학 및 기술 서비스업",수의업,,,"전문, 과학 및 기술 서비스업",7/73/731," / 기타 전문, 과학 및 기술 서비스업 / 수의업",PROFESSIONAL_SVC,전문·과학·기술 서비스,False,False,diagnostic_unit,False,TBD,TBD,TBD,TBD,TBD,TBD,69.0,65.0,63.0,63.0,85.0,TBD,TBD,TBD,TBD
732,전문 디자인업,전문 디자인업,전문 디자인업,minor,3,False,73,7,73.0,732.0,,,"전문, 과학 및 기술 서비스업","기타 전문, 과학 및 기술 서비스업",전문 디자인업,,,"전문, 과학 및 기술 서비스업",7/73/732," / 기타 전문, 과학 및 기술 서비스업 / 전문 디자인업",PROFESSIONAL_SVC,전문·과학·기술 서비스,False,False,diagnostic_unit,False,TBD,TBD,TBD,TBD,TBD,TBD,69.0,65.0,63.0,63.0,85.0,TBD,TBD,TBD,TBD
733,사진 촬영 및 처리업,사진 촬영 및 처리업,사진 촬영 및 처리업,minor,3,False,73,7,73.0,733.0,,,"전문, 과학 및 기술 서비스업","기타 전문, 과학 및 기술 서비스업",사진 촬영 및 처리업,,,"전문, 과학 및 기술 서비스업",7/73/733," / 기타 전문, 과학 및 기술 서비스업 / 사진 촬영 및 처리업",PROFESSIONAL_SVC,전문·과학·기술 서비스,False,False,diagnostic_unit,False,TBD,TBD,TBD,TBD,TBD,TBD,69.0,65.0,63.0,63.0,85.0,TBD,TBD,TBD,TBD
739,"그 외 기타 전문, 과학 및 기술 서비스업","그 외 기타 전문, 과학 및 기술 서비스업","그 외 기타 전문, 과학 및 기술 서비스업",minor,3,False,73,7,73.0,739.0,,,"전문, 과학 및 기술 서비스업","기타 전문, 과학 및 기술 서비스업","그 외 기타 전문, 과학 및 기술 서비스업",,,"전문, 과학 및 기술 서비스업",7/73/739," / 기타 전문, 과학 및 기술 서비스업 / 그 외 기타 전문, 과학 및 기술 서비스업",PROFESSIONAL_SVC,전문·과학·기술 서비스,False,False,diagnostic_unit,False,TBD,TBD,TBD,TBD,TBD,TBD,69.0,65.0,63.0,63.0,85.0,TBD,TBD,TBD,TBD
741,사업시설 유지ㆍ관리 서비스업,사업시설 유지ㆍ관리 서비스업,사업시설 유지ㆍ관리 서비스업,minor,3,False,74,7,74.0,741.0,,,"사업시설 관리, 사업 지원 및 임대 서비스업",사업시설 관리 및 조경 서비스업,사업시설 유지ㆍ관리 서비스업,,,"사업시설 관리, 사업 지원 및 임대 서비스업",7/74/741, / 사업시설 관리 및 조경 서비스업 / 사업시설 유지ㆍ관리 서비스업,BUSINESS_SVC,사업지원 서비스업,False,False,diagnostic_unit,False,TBD,TBD,TBD,TBD,TBD,TBD,,,,,,TBD,TBD,TBD,TBD
742,건물ㆍ산업설비 청소 및 방제 서비스업,건물ㆍ산업설비 청소 및 방제 서비스업,건물ㆍ산업설비 청소 및 방제 서비스업,minor,3,False,74,7,74.0,742.0,,,"사업시설 관리, 사업 지원 및 임대 서비스업",사업시설 관리 및 조경 서비스업,건물ㆍ산업설비 청소 및 방제 서비스업,,,"사업시설 관리, 사업 지원 및 임대 서비스업",7/74/742, / 사업시설 관리 및 조경 서비스업 / 건물ㆍ산업설비 청소 및 방제 서비스업,BUSINESS_SVC,사업지원 서비스업,False,False,diagnostic_unit,False,TBD,TBD,TBD,TBD,TBD,TBD,,,,,,TBD,TBD,TBD,TBD
743,조경관리 및 유지 서비스업,조경관리 및 유지 서비스업,조경관리 및 유지 서비스업,minor,3,False,74,7,74.0,743.0,,,"사업시설 관리, 사업 지원 및 임대 서비스업",사업시설 관리 및 조경 서비스업,조경관리 및 유지 서비스업,,,"사업시설 관리, 사업 지원 및 임대 서비스업",7/74/743, / 사업시설 관리 및 조경 서비스업 / 조경관리 및 유지 서비스업,BUSINESS_SVC,사업지원 서비스업,False,False,diagnostic_unit,False,TBD,TBD,TBD,TBD,TBD,TBD,,,,,,TBD,TBD,TBD,TBD
751,고용 알선 및 인력 공급업,고용 알선 및 인력 공급업,고용 알선 및 인력 공급업,minor,3,False,75,7,75.0,751.0,,,"사업시설 관리, 사업 지원 및 임대 서비스업",사업 지원 서비스업,고용 알선 및 인력 공급업,,,"사업시설 관리, 사업 지원 및 임대 서비스업",7/75/751, / 사업 지원 서비스업 / 고용 알선 및 인력 공급업,BUSINESS_SVC,사업지원 서비스업,False,False,diagnostic_unit,False,TBD,TBD,TBD,TBD,TBD,TBD,,,,,,TBD,TBD,TBD,TBD
752,여행사 및 기타 여행 보조 서비스업,여행사 및 기타 여행 보조 서비스업,여행사 및 기타 여행 보조 서비스업,minor,3,False,75,7,75.0,752.0,,,"사업시설 관리, 사업 지원 및 임대 서비스업",사업 지원 서비스업,여행사 및 기타 여행 보조 서비스업,,,"사업시설 관리, 사업 지원 및 임대 서비스업",7/75/752, / 사업 지원 서비스업 / 여행사 및 기타 여행 보조 서비스업,BUSINESS_SVC,사업지원 서비스업,False,False,diagnostic_unit,False,TBD,TBD,TBD,TBD,TBD,TBD,,,,,,TBD,TBD,TBD,TBD
753,"경비, 경호 및 탐정업","경비, 경호 및 탐정업","경비, 경호 및 탐정업",minor,3,False,75,7,75.0,753.0,,,"사업시설 관리, 사업 지원 및 임대 서비스업",사업 지원 서비스업,"경비, 경호 및 탐정업",,,"사업시설 관리, 사업 지원 및 임대 서비스업",7/75/753," / 사업 지원 서비스업 / 경비, 경호 및 탐정업",BUSINESS_SVC,사업지원 서비스업,False,False,diagnostic_unit,False,TBD,TBD,TBD,TBD,TBD,TBD,,,,,,TBD,TBD,TBD,TBD
759,기타 사업 지원 서비스업,기타 사업 지원 서비스업,기타 사업 지원 서비스업,minor,3,False,75,7,75.0,759.0,,,"사업시설 관리, 사업 지원 및 임대 서비스업",사업 지원 서비스업,기타 사업 지원 서비스업,,,"사업시설 관리, 사업 지원 및 임대 서비스업",7/75/759, / 사업 지원 서비스업 / 기타 사업 지원 서비스업,BUSINESS_SVC,사업지원 서비스업,False,False,diagnostic_unit,False,TBD,TBD,TBD,TBD,TBD,TBD,,,,,,TBD,TBD,TBD,TBD
761,운송장비 임대업,운송장비 임대업,운송장비 임대업,minor,3,False,76,7,76.0,761.0,,,"사업시설 관리, 사업 지원 및 임대 서비스업","임대업, 부동산 제외",운송장비 임대업,,,"사업시설 관리, 사업 지원 및 임대 서비스업",7/76/761," / 임대업, 부동산 제외 / 운송장비 임대업",BUSINESS_SVC,사업지원 서비스업,False,False,diagnostic_unit,False,TBD,TBD,TBD,TBD,TBD,TBD,,,,,,TBD,TBD,TBD,TBD
762,개인 및 가정용품 임대업,개인 및 가정용품 임대업,개인 및 가정용품 임대업,minor,3,False,76,7,76.0,762.0,,,"사업시설 관리, 사업 지원 및 임대 서비스업","임대업, 부동산 제외",개인 및 가정용품 임대업,,,"사업시설 관리, 사업 지원 및 임대 서비스업",7/76/762," / 임대업, 부동산 제외 / 개인 및 가정용품 임대업",BUSINESS_SVC,사업지원 서비스업,False,False,diagnostic_unit,False,TBD,TBD,TBD,TBD,TBD,TBD,,,,,,TBD,TBD,TBD,TBD
763,산업용 기계 및 장비 임대업,산업용 기계 및 장비 임대업,산업용 기계 및 장비 임대업,minor,3,False,76,7,76.0,763.0,,,"사업시설 관리, 사업 지원 및 임대 서비스업","임대업, 부동산 제외",산업용 기계 및 장비 임대업,,,"사업시설 관리, 사업 지원 및 임대 서비스업",7/76/763," / 임대업, 부동산 제외 / 산업용 기계 및 장비 임대업",BUSINESS_SVC,사업지원 서비스업,False,False,diagnostic_unit,False,TBD,TBD,TBD,TBD,TBD,TBD,,,,,,TBD,TBD,TBD,TBD
764,무형 재산권 임대업,무형 재산권 임대업,무형 재산권 임대업,minor,3,False,76,7,76.0,764.0,,,"사업시설 관리, 사업 지원 및 임대 서비스업","임대업, 부동산 제외",무형 재산권 임대업,,,"사업시설 관리, 사업 지원 및 임대 서비스업",7/76/764," / 임대업, 부동산 제외 / 무형 재산권 임대업",BUSINESS_SVC,사업지원 서비스업,False,False,diagnostic_unit,False,TBD,TBD,TBD,TBD,TBD,TBD,,,,,,TBD,TBD,TBD,TBD
841,입법 및 일반 정부 행정,입법 및 일반 정부 행정,입법 및 일반 정부 행정,minor,3,False,84,8,84.0,841.0,,,"공공 행정, 국방 및 사회보장 행정","공공 행정, 국방 및 사회보장 행정",입법 및 일반 정부 행정,,,"공공 행정, 국방 및 사회보장 행정",8/84/841," / 공공 행정, 국방 및 사회보장 행정 / 입법 및 일반 정부 행정",PUBLIC_ADMIN,공공행정·국방,False,False,diagnostic_unit,False,TBD,TBD,TBD,TBD,TBD,TBD,64.0,60.0,61.0,57.0,80.0,TBD,TBD,TBD,TBD
842,사회 및 산업정책 행정,사회 및 산업정책 행정,사회 및 산업정책 행정,minor,3,False,84,8,84.0,842.0,,,"공공 행정, 국방 및 사회보장 행정","공공 행정, 국방 및 사회보장 행정",사회 및 산업정책 행정,,,"공공 행정, 국방 및 사회보장 행정",8/84/842," / 공공 행정, 국방 및 사회보장 행정 / 사회 및 산업정책 행정",PUBLIC_ADMIN,공공행정·국방,False,False,diagnostic_unit,False,TBD,TBD,TBD,TBD,TBD,TBD,64.0,60.0,61.0,57.0,80.0,TBD,TBD,TBD,TBD
843,외무 및 국방 행정,외무 및 국방 행정,외무 및 국방 행정,minor,3,False,84,8,84.0,843.0,,,"공공 행정, 국방 및 사회보장 행정","공공 행정, 국방 및 사회보장 행정",외무 및 국방 행정,,,"공공 행정, 국방 및 사회보장 행정",8/84/843," / 공공 행정, 국방 및 사회보장 행정 / 외무 및 국방 행정",PUBLIC_ADMIN,공공행정·국방,False,False,diagnostic_unit,False,TBD,TBD,TBD,TBD,TBD,TBD,64.0,60.0,61.0,57.0,80.0,TBD,TBD,TBD,TBD
844,사법 및 공공 질서 행정,사법 및 공공 질서 행정,사법 및 공공 질서 행정,minor,3,False,84,8,84.0,844.0,,,"공공 행정, 국방 및 사회보장 행정","공공 행정, 국방 및 사회보장 행정",사법 및 공공 질서 행정,,,"공공 행정, 국방 및 사회보장 행정",8/84/844," / 공공 행정, 국방 및 사회보장 행정 / 사법 및 공공 질서 행정",PUBLIC_ADMIN,공공행정·국방,False,False,diagnostic_unit,False,TBD,TBD,TBD,TBD,TBD,TBD,64.0,60.0,61.0,57.0,80.0,TBD,TBD,TBD,TBD
845,사회보장 행정,사회보장 행정,사회보장 행정,minor,3,False,84,8,84.0,845.0,,,"공공 행정, 국방 및 사회보장 행정","공공 행정, 국방 및 사회보장 행정",사회보장 행정,,,"공공 행정, 국방 및 사회보장 행정",8/84/845," / 공공 행정, 국방 및 사회보장 행정 / 사회보장 행정",PUBLIC_ADMIN,공공행정·국방,False,False,diagnostic_unit,False,TBD,TBD,TBD,TBD,TBD,TBD,64.0,60.0,61.0,57.0,80.0,TBD,TBD,TBD,TBD
846,사회보장보험업 및 연금업,사회보장보험업 및 연금업,사회보장보험업 및 연금업,minor,3,False,84,8,84.0,846.0,,,"공공 행정, 국방 및 사회보장 행정","공공 행정, 국방 및 사회보장 행정",사회보장보험업 및 연금업,,,"공공 행정, 국방 및 사회보장 행정",8/84/846," / 공공 행정, 국방 및 사회보장 행정 / 사회보장보험업 및 연금업",PUBLIC_ADMIN,공공행정·국방,False,False,diagnostic_unit,False,TBD,TBD,TBD,TBD,TBD,TBD,64.0,60.0,61.0,57.0,80.0,TBD,TBD,TBD,TBD
851,초등 교육기관,초등 교육기관,초등 교육기관,minor,3,False,85,8,85.0,851.0,,,교육 서비스업,교육 서비스업,초등 교육기관,,,교육 서비스업,8/85/851, / 교육 서비스업 / 초등 교육기관,EDUCATION,교육서비스업,False,True,diagnostic_unit,False,TBD,TBD,TBD,TBD,TBD,TBD,65.0,61.0,60.0,62.0,81.0,TBD,TBD,TBD,TBD
852,중등 교육기관,중등 교육기관,중등 교육기관,minor,3,False,85,8,85.0,852.0,,,교육 서비스업,교육 서비스업,중등 교육기관,,,교육 서비스업,8/85/852, / 교육 서비스업 / 중등 교육기관,EDUCATION,교육서비스업,False,True,diagnostic_unit,False,TBD,TBD,TBD,TBD,TBD,TBD,65.0,61.0,60.0,62.0,81.0,TBD,TBD,TBD,TBD
853,고등 교육기관,고등 교육기관,고등 교육기관,minor,3,False,85,8,85.0,853.0,,,교육 서비스업,교육 서비스업,고등 교육기관,,,교육 서비스업,8/85/853, / 교육 서비스업 / 고등 교육기관,EDUCATION,교육서비스업,False,True,diagnostic_unit,False,TBD,TBD,TBD,TBD,TBD,TBD,65.0,61.0,60.0,62.0,81.0,TBD,TBD,TBD,TBD
854,"특수학교, 외국인학교 및 대안학교","특수학교, 외국인학교 및 대안학교","특수학교, 외국인학교 및 대안학교",minor,3,False,85,8,85.0,854.0,,,교육 서비스업,교육 서비스업,"특수학교, 외국인학교 및 대안학교",,,교육 서비스업,8/85/854," / 교육 서비스업 / 특수학교, 외국인학교 및 대안학교",EDUCATION,교육서비스업,False,True,diagnostic_unit,False,TBD,TBD,TBD,TBD,TBD,TBD,65.0,61.0,60.0,62.0,81.0,TBD,TBD,TBD,TBD
855,일반 교습학원,일반 교습학원,일반 교습학원,minor,3,False,85,8,85.0,855.0,,,교육 서비스업,교육 서비스업,일반 교습학원,,,교육 서비스업,8/85/855, / 교육 서비스업 / 일반 교습학원,EDUCATION,교육서비스업,False,True,diagnostic_unit,False,TBD,TBD,TBD,TBD,TBD,TBD,65.0,61.0,60.0,62.0,81.0,TBD,TBD,TBD,TBD
856,기타 교육기관,기타 교육기관,기타 교육기관,minor,3,False,85,8,85.0,856.0,,,교육 서비스업,교육 서비스업,기타 교육기관,,,교육 서비스업,8/85/856, / 교육 서비스업 / 기타 교육기관,EDUCATION,교육서비스업,False,True,diagnostic_unit,False,TBD,TBD,TBD,TBD,TBD,TBD,65.0,61.0,60.0,62.0,81.0,TBD,TBD,TBD,TBD
857,교육 지원 서비스업,교육 지원 서비스업,교육 지원 서비스업,minor,3,False,85,8,85.0,857.0,,,교육 서비스업,교육 서비스업,교육 지원 서비스업,,,교육 서비스업,8/85/857, / 교육 서비스업 / 교육 지원 서비스업,EDUCATION,교육서비스업,False,True,diagnostic_unit,False,TBD,TBD,TBD,TBD,TBD,TBD,65.0,61.0,60.0,62.0,81.0,TBD,TBD,TBD,TBD
861,병원,병원,병원,minor,3,False,86,8,86.0,861.0,,,보건업 및 사회복지 서비스업,보건업,병원,,,보건업 및 사회복지 서비스업,8/86/861, / 보건업 / 병원,HEALTHCARE,보건·사회복지,False,True,diagnostic_unit,False,TBD,TBD,TBD,TBD,TBD,TBD,66.0,63.0,62.0,58.0,82.0,TBD,TBD,TBD,TBD
862,의원,의원,의원,minor,3,False,86,8,86.0,862.0,,,보건업 및 사회복지 서비스업,보건업,의원,,,보건업 및 사회복지 서비스업,8/86/862, / 보건업 / 의원,HEALTHCARE,보건·사회복지,False,True,diagnostic_unit,False,TBD,TBD,TBD,TBD,TBD,TBD,66.0,63.0,62.0,58.0,82.0,TBD,TBD,TBD,TBD
863,공중 보건 의료업,공중 보건 의료업,공중 보건 의료업,minor,3,False,86,8,86.0,863.0,,,보건업 및 사회복지 서비스업,보건업,공중 보건 의료업,,,보건업 및 사회복지 서비스업,8/86/863, / 보건업 / 공중 보건 의료업,HEALTHCARE,보건·사회복지,False,True,diagnostic_unit,False,TBD,TBD,TBD,TBD,TBD,TBD,66.0,63.0,62.0,58.0,82.0,TBD,TBD,TBD,TBD
869,기타 보건업,기타 보건업,기타 보건업,minor,3,False,86,8,86.0,869.0,,,보건업 및 사회복지 서비스업,보건업,기타 보건업,,,보건업 및 사회복지 서비스업,8/86/869, / 보건업 / 기타 보건업,HEALTHCARE,보건·사회복지,False,True,diagnostic_unit,False,TBD,TBD,TBD,TBD,TBD,TBD,66.0,63.0,62.0,58.0,82.0,TBD,TBD,TBD,TBD
871,거주 복지시설 운영업,거주 복지시설 운영업,거주 복지시설 운영업,minor,3,False,87,8,87.0,871.0,,,보건업 및 사회복지 서비스업,사회복지 서비스업,거주 복지시설 운영업,,,보건업 및 사회복지 서비스업,8/87/871, / 사회복지 서비스업 / 거주 복지시설 운영업,HEALTHCARE,보건·사회복지,False,True,diagnostic_unit,False,TBD,TBD,TBD,TBD,TBD,TBD,66.0,63.0,62.0,58.0,82.0,TBD,TBD,TBD,TBD
872,비거주 복지시설 운영업,비거주 복지시설 운영업,비거주 복지시설 운영업,minor,3,False,87,8,87.0,872.0,,,보건업 및 사회복지 서비스업,사회복지 서비스업,비거주 복지시설 운영업,,,보건업 및 사회복지 서비스업,8/87/872, / 사회복지 서비스업 / 비거주 복지시설 운영업,HEALTHCARE,보건·사회복지,False,True,diagnostic_unit,False,TBD,TBD,TBD,TBD,TBD,TBD,66.0,63.0,62.0,58.0,82.0,TBD,TBD,TBD,TBD
901,창작 및 예술관련 서비스업,창작 및 예술관련 서비스업,창작 및 예술관련 서비스업,minor,3,False,90,9,90.0,901.0,,,"예술, 스포츠 및 여가관련 서비스업","창작, 예술 및 여가관련 서비스업",창작 및 예술관련 서비스업,,,"예술, 스포츠 및 여가관련 서비스업",9/90/901," / 창작, 예술 및 여가관련 서비스업 / 창작 및 예술관련 서비스업",ARTS_SPORTS,문화·예술·스포츠,False,False,diagnostic_unit,False,TBD,TBD,TBD,TBD,TBD,TBD,,,,,,TBD,TBD,TBD,TBD
902,"도서관, 사적지 및 유사 여가관련 서비스업","도서관, 사적지 및 유사 여가관련 서비스업","도서관, 사적지 및 유사 여가관련 서비스업",minor,3,False,90,9,90.0,902.0,,,"예술, 스포츠 및 여가관련 서비스업","창작, 예술 및 여가관련 서비스업","도서관, 사적지 및 유사 여가관련 서비스업",,,"예술, 스포츠 및 여가관련 서비스업",9/90/902," / 창작, 예술 및 여가관련 서비스업 / 도서관, 사적지 및 유사 여가관련 서비스업",ARTS_SPORTS,문화·예술·스포츠,False,False,diagnostic_unit,False,TBD,TBD,TBD,TBD,TBD,TBD,,,,,,TBD,TBD,TBD,TBD
911,스포츠 서비스업,스포츠 서비스업,스포츠 서비스업,minor,3,False,91,9,91.0,911.0,,,"예술, 스포츠 및 여가관련 서비스업",스포츠 및 오락관련 서비스업,스포츠 서비스업,,,"예술, 스포츠 및 여가관련 서비스업",9/91/911, / 스포츠 및 오락관련 서비스업 / 스포츠 서비스업,ARTS_SPORTS,문화·예술·스포츠,False,False,diagnostic_unit,False,TBD,TBD,TBD,TBD,TBD,TBD,,,,,,TBD,TBD,TBD,TBD
912,유원지 및 기타 오락관련 서비스업,유원지 및 기타 오락관련 서비스업,유원지 및 기타 오락관련 서비스업,minor,3,False,91,9,91.0,912.0,,,"예술, 스포츠 및 여가관련 서비스업",스포츠 및 오락관련 서비스업,유원지 및 기타 오락관련 서비스업,,,"예술, 스포츠 및 여가관련 서비스업",9/91/912, / 스포츠 및 오락관련 서비스업 / 유원지 및 기타 오락관련 서비스업,ARTS_SPORTS,문화·예술·스포츠,False,False,diagnostic_unit,False,TBD,TBD,TBD,TBD,TBD,TBD,,,,,,TBD,TBD,TBD,TBD
941,산업 및 전문가 단체,산업 및 전문가 단체,산업 및 전문가 단체,minor,3,False,94,9,94.0,941.0,,,"협회 및 단체, 수리 및 기타 개인 서비스업",협회 및 단체,산업 및 전문가 단체,,,"협회 및 단체, 수리 및 기타 개인 서비스업",9/94/941, / 협회 및 단체 / 산업 및 전문가 단체,ASSOC_ORG,협회·단체·종교·정치,False,False,diagnostic_unit,False,TBD,TBD,TBD,TBD,TBD,TBD,,,,,,TBD,TBD,TBD,TBD
942,노동조합,노동조합,노동조합,minor,3,False,94,9,94.0,942.0,,,"협회 및 단체, 수리 및 기타 개인 서비스업",협회 및 단체,노동조합,,,"협회 및 단체, 수리 및 기타 개인 서비스업",9/94/942, / 협회 및 단체 / 노동조합,ASSOC_ORG,협회·단체·종교·정치,False,False,diagnostic_unit,False,TBD,TBD,TBD,TBD,TBD,TBD,,,,,,TBD,TBD,TBD,TBD
949,기타 협회 및 단체,기타 협회 및 단체,기타 협회 및 단체,minor,3,False,94,9,94.0,949.0,,,"협회 및 단체, 수리 및 기타 개인 서비스업",협회 및 단체,기타 협회 및 단체,,,"협회 및 단체, 수리 및 기타 개인 서비스업",9/94/949, / 협회 및 단체 / 기타 협회 및 단체,ASSOC_ORG,협회·단체·종교·정치,False,False,diagnostic_unit,False,TBD,TBD,TBD,TBD,TBD,TBD,,,,,,TBD,TBD,TBD,TBD
951,컴퓨터 및 통신장비 수리업,컴퓨터 및 통신장비 수리업,컴퓨터 및 통신장비 수리업,minor,3,False,95,9,95.0,951.0,,,"협회 및 단체, 수리 및 기타 개인 서비스업",개인 및 소비용품 수리업,컴퓨터 및 통신장비 수리업,,,"협회 및 단체, 수리 및 기타 개인 서비스업",9/95/951, / 개인 및 소비용품 수리업 / 컴퓨터 및 통신장비 수리업,OTHER_SVC,기타 서비스업,False,False,diagnostic_unit,False,TBD,TBD,TBD,TBD,TBD,TBD,,,,,,TBD,TBD,TBD,TBD
952,자동차 및 모터사이클 수리업,자동차 및 모터사이클 수리업,자동차 및 모터사이클 수리업,minor,3,False,95,9,95.0,952.0,,,"협회 및 단체, 수리 및 기타 개인 서비스업",개인 및 소비용품 수리업,자동차 및 모터사이클 수리업,,,"협회 및 단체, 수리 및 기타 개인 서비스업",9/95/952, / 개인 및 소비용품 수리업 / 자동차 및 모터사이클 수리업,OTHER_SVC,기타 서비스업,False,False,diagnostic_unit,False,TBD,TBD,TBD,TBD,TBD,TBD,,,,,,TBD,TBD,TBD,TBD
953,개인 및 가정용품 수리업,개인 및 가정용품 수리업,개인 및 가정용품 수리업,minor,3,False,95,9,95.0,953.0,,,"협회 및 단체, 수리 및 기타 개인 서비스업",개인 및 소비용품 수리업,개인 및 가정용품 수리업,,,"협회 및 단체, 수리 및 기타 개인 서비스업",9/95/953, / 개인 및 소비용품 수리업 / 개인 및 가정용품 수리업,OTHER_SVC,기타 서비스업,False,False,diagnostic_unit,False,TBD,TBD,TBD,TBD,TBD,TBD,,,,,,TBD,TBD,TBD,TBD
961,"미용, 욕탕 및 유사 서비스업","미용, 욕탕 및 유사 서비스업","미용, 욕탕 및 유사 서비스업",minor,3,False,96,9,96.0,961.0,,,"협회 및 단체, 수리 및 기타 개인 서비스업",기타 개인 서비스업,"미용, 욕탕 및 유사 서비스업",,,"협회 및 단체, 수리 및 기타 개인 서비스업",9/96/961," / 기타 개인 서비스업 / 미용, 욕탕 및 유사 서비스업",OTHER_SVC,기타 서비스업,False,False,diagnostic_unit,True,TBD,TBD,TBD,TBD,TBD,TBD,,,,,,TBD,TBD,TBD,TBD
969,그 외 기타 개인 서비스업,그 외 기타 개인 서비스업,그 외 기타 개인 서비스업,minor,3,False,96,9,96.0,969.0,,,"협회 및 단체, 수리 및 기타 개인 서비스업",기타 개인 서비스업,그 외 기타 개인 서비스업,,,"협회 및 단체, 수리 및 기타 개인 서비스업",9/96/969, / 기타 개인 서비스업 / 그 외 기타 개인 서비스업,OTHER_SVC,기타 서비스업,False,False,diagnostic_unit,True,TBD,TBD,TBD,TBD,TBD,TBD,,,,,,TBD,TBD,TBD,TBD
970,가구 내 고용활동,가구 내 고용활동,가구 내 고용활동,minor,3,False,97,9,97.0,970.0,,,가구 내 고용활동 및 달리 분류되지 않은 자가 소비 생산활동,가구 내 고용활동,가구 내 고용활동,,,가구 내 고용활동 및 달리 분류되지 않은 자가 소비 생산활동,9/97/970, / 가구 내 고용활동 / 가구 내 고용활동,HOUSEHOLD,가구 내 고용 활동,False,False,diagnostic_unit,True,TBD,TBD,TBD,TBD,TBD,TBD,,,,,,TBD,TBD,TBD,TBD
981,자가 소비를 위한 가사 생산 활동,자가 소비를 위한 가사 생산 활동,자가 소비를 위한 가사 생산 활동,minor,3,False,98,9,98.0,981.0,,,가구 내 고용활동 및 달리 분류되지 않은 자가 소비 생산활동,달리 분류되지 않은 자가 소비를 위한 가구의 재화 및 서비스 생산활동,자가 소비를 위한 가사 생산 활동,,,가구 내 고용활동 및 달리 분류되지 않은 자가 소비 생산활동,9/98/981, / 달리 분류되지 않은 자가 소비를 위한 가구의 재화 및 서비스 생산활동 / 자가 소비를 위한 가사 생산 활동,HOUSEHOLD,가구 내 고용 활동,False,False,diagnostic_unit,True,TBD,TBD,TBD,TBD,TBD,TBD,,,,,,TBD,TBD,TBD,TBD
982,자가 소비를 위한 가사 서비스 활동,자가 소비를 위한 가사 서비스 활동,자가 소비를 위한 가사 서비스 활동,minor,3,False,98,9,98.0,982.0,,,가구 내 고용활동 및 달리 분류되지 않은 자가 소비 생산활동,달리 분류되지 않은 자가 소비를 위한 가구의 재화 및 서비스 생산활동,자가 소비를 위한 가사 서비스 활동,,,가구 내 고용활동 및 달리 분류되지 않은 자가 소비 생산활동,9/98/982, / 달리 분류되지 않은 자가 소비를 위한 가구의 재화 및 서비스 생산활동 / 자가 소비를 위한 가사 서비스 활동,HOUSEHOLD,가구 내 고용 활동,False,False,diagnostic_unit,True,TBD,TBD,TBD,TBD,TBD,TBD,,,,,,TBD,TBD,TBD,TBD
990,국제 및 외국기관,국제 및 외국기관,국제 및 외국기관,minor,3,False,99,9,99.0,990.0,,,국제 및 외국기관,국제 및 외국기관,국제 및 외국기관,,,국제 및 외국기관,9/99/990, / 국제 및 외국기관 / 국제 및 외국기관,INTERNATIONAL,국제·외국기관,False,False,diagnostic_unit,True,TBD,TBD,TBD,TBD,TBD,TBD,,,,,,TBD,TBD,TBD,TBD
0111,곡물 및 기타 식량작물 재배업,곡물 및 기타 식량작물 재배업,곡물 및 기타 식량작물 재배업,detail,4,False,011,0,1.0,11.0,111.0,,"농업, 임업 및 어업",농업,작물 재배업,곡물 및 기타 식량작물 재배업,,"농업, 임업 및 어업",0/01/011/0111, / 농업 / 작물 재배업 / 곡물 및 기타 식량작물 재배업,AGRICULTURE,농업·임업·어업,False,False,sub_unit,False,,,,,,,,,,,,,,,
0112,"채소, 화훼작물 및 종묘 재배업","채소, 화훼작물 및 종묘 재배업","채소, 화훼작물 및 종묘 재배업",detail,4,False,011,0,1.0,11.0,112.0,,"농업, 임업 및 어업",농업,작물 재배업,"채소, 화훼작물 및 종묘 재배업",,"농업, 임업 및 어업",0/01/011/0112," / 농업 / 작물 재배업 / 채소, 화훼작물 및 종묘 재배업",AGRICULTURE,농업·임업·어업,False,False,sub_unit,False,,,,,,,,,,,,,,,
0113,"과실, 음료용 및 향신용 작물 재배업","과실, 음료용 및 향신용 작물 재배업","과실, 음료용 및 향신용 작물 재배업",detail,4,False,011,0,1.0,11.0,113.0,,"농업, 임업 및 어업",농업,작물 재배업,"과실, 음료용 및 향신용 작물 재배업",,"농업, 임업 및 어업",0/01/011/0113," / 농업 / 작물 재배업 / 과실, 음료용 및 향신용 작물 재배업",AGRICULTURE,농업·임업·어업,False,False,sub_unit,False,,,,,,,,,,,,,,,
0114,기타 작물 재배업,기타 작물 재배업,기타 작물 재배업,detail,4,False,011,0,1.0,11.0,114.0,,"농업, 임업 및 어업",농업,작물 재배업,기타 작물 재배업,,"농업, 임업 및 어업",0/01/011/0114, / 농업 / 작물 재배업 / 기타 작물 재배업,AGRICULTURE,농업·임업·어업,False,False,sub_unit,False,,,,,,,,,,,,,,,
0115,시설작물 재배업,시설작물 재배업,시설작물 재배업,detail,4,False,011,0,1.0,11.0,115.0,,"농업, 임업 및 어업",농업,작물 재배업,시설작물 재배업,,"농업, 임업 및 어업",0/01/011/0115, / 농업 / 작물 재배업 / 시설작물 재배업,AGRICULTURE,농업·임업·어업,False,False,sub_unit,False,,,,,,,,,,,,,,,
0121,소 사육업,소 사육업,소 사육업,detail,4,False,012,0,1.0,12.0,121.0,,"농업, 임업 및 어업",농업,축산업,소 사육업,,"농업, 임업 및 어업",0/01/012/0121, / 농업 / 축산업 / 소 사육업,AGRICULTURE,농업·임업·어업,False,False,sub_unit,False,,,,,,,,,,,,,,,
0122,양돈업,양돈업,양돈업,detail,4,False,012,0,1.0,12.0,122.0,,"농업, 임업 및 어업",농업,축산업,양돈업,,"농업, 임업 및 어업",0/01/012/0122, / 농업 / 축산업 / 양돈업,AGRICULTURE,농업·임업·어업,False,False,sub_unit,False,,,,,,,,,,,,,,,
0123,가금류 및 조류 사육업,가금류 및 조류 사육업,가금류 및 조류 사육업,detail,4,False,012,0,1.0,12.0,123.0,,"농업, 임업 및 어업",농업,축산업,가금류 및 조류 사육업,,"농업, 임업 및 어업",0/01/012/0123, / 농업 / 축산업 / 가금류 및 조류 사육업,AGRICULTURE,농업·임업·어업,False,False,sub_unit,False,,,,,,,,,,,,,,,
0129,기타 축산업,기타 축산업,기타 축산업,detail,4,False,012,0,1.0,12.0,129.0,,"농업, 임업 및 어업",농업,축산업,기타 축산업,,"농업, 임업 및 어업",0/01/012/0129, / 농업 / 축산업 / 기타 축산업,AGRICULTURE,농업·임업·어업,False,False,sub_unit,False,,,,,,,,,,,,,,,
0130,작물재배 및 축산 복합농업,작물재배 및 축산 복합농업,작물재배 및 축산 복합농업,detail,4,False,013,0,1.0,13.0,130.0,,"농업, 임업 및 어업",농업,작물재배 및 축산 복합농업,작물재배 및 축산 복합농업,,"농업, 임업 및 어업",0/01/013/0130, / 농업 / 작물재배 및 축산 복합농업 / 작물재배 및 축산 복합농업,AGRICULTURE,농업·임업·어업,False,False,sub_unit,False,,,,,,,,,,,,,,,
0141,작물재배 관련 서비스업,작물재배 관련 서비스업,작물재배 관련 서비스업,detail,4,False,014,0,1.0,14.0,141.0,,"농업, 임업 및 어업",농업,작물재배 및 축산 관련 서비스업,작물재배 관련 서비스업,,"농업, 임업 및 어업",0/01/014/0141, / 농업 / 작물재배 및 축산 관련 서비스업 / 작물재배 관련 서비스업,AGRICULTURE,농업·임업·어업,False,False,sub_unit,False,,,,,,,,,,,,,,,
0142,축산 관련 서비스업,축산 관련 서비스업,축산 관련 서비스업,detail,4,False,014,0,1.0,14.0,142.0,,"농업, 임업 및 어업",농업,작물재배 및 축산 관련 서비스업,축산 관련 서비스업,,"농업, 임업 및 어업",0/01/014/0142, / 농업 / 작물재배 및 축산 관련 서비스업 / 축산 관련 서비스업,AGRICULTURE,농업·임업·어업,False,False,sub_unit,False,,,,,,,,,,,,,,,
0150,수렵 및 관련 서비스업,수렵 및 관련 서비스업,수렵 및 관련 서비스업,detail,4,False,015,0,1.0,15.0,150.0,,"농업, 임업 및 어업",농업,수렵 및 관련 서비스업,수렵 및 관련 서비스업,,"농업, 임업 및 어업",0/01/015/0150, / 농업 / 수렵 및 관련 서비스업 / 수렵 및 관련 서비스업,AGRICULTURE,농업·임업·어업,False,False,sub_unit,False,,,,,,,,,,,,,,,
0201,영림업,영림업,영림업,detail,4,False,020,0,2.0,20.0,201.0,,"농업, 임업 및 어업",임업,임업,영림업,,"농업, 임업 및 어업",0/02/020/0201, / 임업 / 임업 / 영림업,AGRICULTURE,농업·임업·어업,False,False,sub_unit,False,,,,,,,,,,,,,,,
0202,벌목업,벌목업,벌목업,detail,4,False,020,0,2.0,20.0,202.0,,"농업, 임업 및 어업",임업,임업,벌목업,,"농업, 임업 및 어업",0/02/020/0202, / 임업 / 임업 / 벌목업,AGRICULTURE,농업·임업·어업,False,False,sub_unit,False,,,,,,,,,,,,,,,
0203,임산물 채취업,임산물 채취업,임산물 채취업,detail,4,False,020,0,2.0,20.0,203.0,,"농업, 임업 및 어업",임업,임업,임산물 채취업,,"농업, 임업 및 어업",0/02/020/0203, / 임업 / 임업 / 임산물 채취업,AGRICULTURE,농업·임업·어업,False,False,sub_unit,False,,,,,,,,,,,,,,,
0204,임업 관련 서비스업,임업 관련 서비스업,임업 관련 서비스업,detail,4,False,020,0,2.0,20.0,204.0,,"농업, 임업 및 어업",임업,임업,임업 관련 서비스업,,"농업, 임업 및 어업",0/02/020/0204, / 임업 / 임업 / 임업 관련 서비스업,AGRICULTURE,농업·임업·어업,False,False,sub_unit,False,,,,,,,,,,,,,,,
0311,해수면 어업,해수면 어업,해수면 어업,detail,4,False,031,0,3.0,31.0,311.0,,"농업, 임업 및 어업",어업,어로 어업,해수면 어업,,"농업, 임업 및 어업",0/03/031/0311, / 어업 / 어로 어업 / 해수면 어업,AGRICULTURE,농업·임업·어업,False,False,sub_unit,False,,,,,,,,,,,,,,,
0312,내수면 어업,내수면 어업,내수면 어업,detail,4,False,031,0,3.0,31.0,312.0,,"농업, 임업 및 어업",어업,어로 어업,내수면 어업,,"농업, 임업 및 어업",0/03/031/0312, / 어업 / 어로 어업 / 내수면 어업,AGRICULTURE,농업·임업·어업,False,False,sub_unit,False,,,,,,,,,,,,,,,
0321,양식 어업,양식 어업,양식 어업,detail,4,False,032,0,3.0,32.0,321.0,,"농업, 임업 및 어업",어업,양식어업 및 어업관련 서비스업,양식 어업,,"농업, 임업 및 어업",0/03/032/0321, / 어업 / 양식어업 및 어업관련 서비스업 / 양식 어업,AGRICULTURE,농업·임업·어업,False,False,sub_unit,False,,,,,,,,,,,,,,,
0322,어업 관련 서비스업,어업 관련 서비스업,어업 관련 서비스업,detail,4,False,032,0,3.0,32.0,322.0,,"농업, 임업 및 어업",어업,양식어업 및 어업관련 서비스업,어업 관련 서비스업,,"농업, 임업 및 어업",0/03/032/0322, / 어업 / 양식어업 및 어업관련 서비스업 / 어업 관련 서비스업,AGRICULTURE,농업·임업·어업,False,False,sub_unit,False,,,,,,,,,,,,,,,
0510,석탄 광업,석탄 광업,석탄 광업,detail,4,False,051,0,5.0,51.0,510.0,,광업,"석탄, 원유 및 천연가스 광업",석탄 광업,석탄 광업,,광업,0/05/051/0510," / 석탄, 원유 및 천연가스 광업 / 석탄 광업 / 석탄 광업",MINING,광업,False,False,sub_unit,False,,,,,,,,,,,,,,,
0520,원유 및 천연가스 채굴업,원유 및 천연가스 채굴업,원유 및 천연가스 채굴업,detail,4,False,052,0,5.0,52.0,520.0,,광업,"석탄, 원유 및 천연가스 광업",원유 및 천연가스 채굴업,원유 및 천연가스 채굴업,,광업,0/05/052/0520," / 석탄, 원유 및 천연가스 광업 / 원유 및 천연가스 채굴업 / 원유 및 천연가스 채굴업",MINING,광업,False,False,sub_unit,False,,,,,,,,,,,,,,,
0610,철 광업,철 광업,철 광업,detail,4,False,061,0,6.0,61.0,610.0,,광업,금속 광업,철 광업,철 광업,,광업,0/06/061/0610, / 금속 광업 / 철 광업 / 철 광업,MINING,광업,False,False,sub_unit,False,,,,,,,,,,,,,,,
0620,비철금속 광업,비철금속 광업,비철금속 광업,detail,4,False,062,0,6.0,62.0,620.0,,광업,금속 광업,비철금속 광업,비철금속 광업,,광업,0/06/062/0620, / 금속 광업 / 비철금속 광업 / 비철금속 광업,MINING,광업,False,False,sub_unit,False,,,,,,,,,,,,,,,
0711,석회석 및 점토 광업,석회석 및 점토 광업,석회석 및 점토 광업,detail,4,False,071,0,7.0,71.0,711.0,,광업,"비금속광물 광업, 연료용 제외",토사석 광업,석회석 및 점토 광업,,광업,0/07/071/0711," / 비금속광물 광업, 연료용 제외 / 토사석 광업 / 석회석 및 점토 광업",MINING,광업,False,False,sub_unit,False,,,,,,,,,,,,,,,
0712,"석재, 쇄석 및 모래, 자갈 채취업","석재, 쇄석 및 모래, 자갈 채취업","석재, 쇄석 및 모래, 자갈 채취업",detail,4,False,071,0,7.0,71.0,712.0,,광업,"비금속광물 광업, 연료용 제외",토사석 광업,"석재, 쇄석 및 모래, 자갈 채취업",,광업,0/07/071/0712," / 비금속광물 광업, 연료용 제외 / 토사석 광업 / 석재, 쇄석 및 모래, 자갈 채취업",MINING,광업,False,False,sub_unit,False,,,,,,,,,,,,,,,
0721,화학용 및 비료 원료용 광물 광업,화학용 및 비료 원료용 광물 광업,화학용 및 비료 원료용 광물 광업,detail,4,False,072,0,7.0,72.0,721.0,,광업,"비금속광물 광업, 연료용 제외",기타 비금속광물 광업,화학용 및 비료 원료용 광물 광업,,광업,0/07/072/0721," / 비금속광물 광업, 연료용 제외 / 기타 비금속광물 광업 / 화학용 및 비료 원료용 광물 광업",MINING,광업,False,False,sub_unit,False,,,,,,,,,,,,,,,
0722,천일염 생산 및 암염 채취업,천일염 생산 및 암염 채취업,천일염 생산 및 암염 채취업,detail,4,False,072,0,7.0,72.0,722.0,,광업,"비금속광물 광업, 연료용 제외",기타 비금속광물 광업,천일염 생산 및 암염 채취업,,광업,0/07/072/0722," / 비금속광물 광업, 연료용 제외 / 기타 비금속광물 광업 / 천일염 생산 및 암염 채취업",MINING,광업,False,False,sub_unit,False,,,,,,,,,,,,,,,
0729,그 외 기타 비금속광물 광업,그 외 기타 비금속광물 광업,그 외 기타 비금속광물 광업,detail,4,False,072,0,7.0,72.0,729.0,,광업,"비금속광물 광업, 연료용 제외",기타 비금속광물 광업,그 외 기타 비금속광물 광업,,광업,0/07/072/0729," / 비금속광물 광업, 연료용 제외 / 기타 비금속광물 광업 / 그 외 기타 비금속광물 광업",MINING,광업,False,False,sub_unit,False,,,,,,,,,,,,,,,
0800,광업 지원 서비스업,광업 지원 서비스업,광업 지원 서비스업,detail,4,False,080,0,8.0,80.0,800.0,,광업,광업 지원 서비스업,광업 지원 서비스업,광업 지원 서비스업,,광업,0/08/080/0800, / 광업 지원 서비스업 / 광업 지원 서비스업 / 광업 지원 서비스업,MINING,광업,False,False,sub_unit,False,,,,,,,,,,,,,,,
1011,도축업,도축업,도축업,detail,4,False,101,1,10.0,101.0,1011.0,,제조업,식료품 제조업,"도축, 육류 가공 및 저장 처리업",도축업,,제조업,1/10/101/1011," / 식료품 제조업 / 도축, 육류 가공 및 저장 처리업 / 도축업",MANUFACTURING,제조업,False,True,sub_unit,False,,,,,,,,,,,,,,,
1012,육류 가공 및 저장 처리업,육류 가공 및 저장 처리업,육류 가공 및 저장 처리업,detail,4,False,101,1,10.0,101.0,1012.0,,제조업,식료품 제조업,"도축, 육류 가공 및 저장 처리업",육류 가공 및 저장 처리업,,제조업,1/10/101/1012," / 식료품 제조업 / 도축, 육류 가공 및 저장 처리업 / 육류 가공 및 저장 처리업",MANUFACTURING,제조업,False,True,sub_unit,False,,,,,,,,,,,,,,,
1021,수산동물 가공 및 저장 처리업,수산동물 가공 및 저장 처리업,수산동물 가공 및 저장 처리업,detail,4,False,102,1,10.0,102.0,1021.0,,제조업,식료품 제조업,수산물 가공 및 저장 처리업,수산동물 가공 및 저장 처리업,,제조업,1/10/102/1021, / 식료품 제조업 / 수산물 가공 및 저장 처리업 / 수산동물 가공 및 저장 처리업,MANUFACTURING,제조업,False,True,sub_unit,False,,,,,,,,,,,,,,,
1022,수산식물 가공 및 저장 처리업,수산식물 가공 및 저장 처리업,수산식물 가공 및 저장 처리업,detail,4,False,102,1,10.0,102.0,1022.0,,제조업,식료품 제조업,수산물 가공 및 저장 처리업,수산식물 가공 및 저장 처리업,,제조업,1/10/102/1022, / 식료품 제조업 / 수산물 가공 및 저장 처리업 / 수산식물 가공 및 저장 처리업,MANUFACTURING,제조업,False,True,sub_unit,False,,,,,,,,,,,,,,,
1030,"과실, 채소 가공 및 저장 처리업","과실, 채소 가공 및 저장 처리업","과실, 채소 가공 및 저장 처리업",detail,4,False,103,1,10.0,103.0,1030.0,,제조업,식료품 제조업,"과실, 채소 가공 및 저장 처리업","과실, 채소 가공 및 저장 처리업",,제조업,1/10/103/1030," / 식료품 제조업 / 과실, 채소 가공 및 저장 처리업 / 과실, 채소 가공 및 저장 처리업",MANUFACTURING,제조업,False,True,sub_unit,False,,,,,,,,,,,,,,,
1041,동물성 및 식물성 유지 제조업,동물성 및 식물성 유지 제조업,동물성 및 식물성 유지 제조업,detail,4,False,104,1,10.0,104.0,1041.0,,제조업,식료품 제조업,동ㆍ식물성 유지 및 낙농제품 제조업,동물성 및 식물성 유지 제조업,,제조업,1/10/104/1041, / 식료품 제조업 / 동ㆍ식물성 유지 및 낙농제품 제조업 / 동물성 및 식물성 유지 제조업,MANUFACTURING,제조업,False,True,sub_unit,False,,,,,,,,,,,,,,,
1042,낙농제품 및 식용 빙과류 제조업,낙농제품 및 식용 빙과류 제조업,낙농제품 및 식용 빙과류 제조업,detail,4,False,104,1,10.0,104.0,1042.0,,제조업,식료품 제조업,동ㆍ식물성 유지 및 낙농제품 제조업,낙농제품 및 식용 빙과류 제조업,,제조업,1/10/104/1042, / 식료품 제조업 / 동ㆍ식물성 유지 및 낙농제품 제조업 / 낙농제품 및 식용 빙과류 제조업,MANUFACTURING,제조업,False,True,sub_unit,False,,,,,,,,,,,,,,,
1051,곡물 가공품 제조업,곡물 가공품 제조업,곡물 가공품 제조업,detail,4,False,105,1,10.0,105.0,1051.0,,제조업,식료품 제조업,"곡물 가공품, 전분 및 전분제품 제조업",곡물 가공품 제조업,,제조업,1/10/105/1051," / 식료품 제조업 / 곡물 가공품, 전분 및 전분제품 제조업 / 곡물 가공품 제조업",MANUFACTURING,제조업,False,True,sub_unit,False,,,,,,,,,,,,,,,
1052,전분제품 및 당류 제조업,전분제품 및 당류 제조업,전분제품 및 당류 제조업,detail,4,False,105,1,10.0,105.0,1052.0,,제조업,식료품 제조업,"곡물 가공품, 전분 및 전분제품 제조업",전분제품 및 당류 제조업,,제조업,1/10/105/1052," / 식료품 제조업 / 곡물 가공품, 전분 및 전분제품 제조업 / 전분제품 및 당류 제조업",MANUFACTURING,제조업,False,True,sub_unit,False,,,,,,,,,,,,,,,
1060,"떡, 빵 및 과자류 제조업","떡, 빵 및 과자류 제조업","떡, 빵 및 과자류 제조업",detail,4,False,106,1,10.0,106.0,1060.0,,제조업,식료품 제조업,"떡, 빵 및 과자류 제조업","떡, 빵 및 과자류 제조업",,제조업,1/10/106/1060," / 식료품 제조업 / 떡, 빵 및 과자류 제조업 / 떡, 빵 및 과자류 제조업",MANUFACTURING,제조업,False,True,sub_unit,False,,,,,,,,,,,,,,,
1070,도시락 및 식사용 조리식품 제조업,도시락 및 식사용 조리식품 제조업,도시락 및 식사용 조리식품 제조업,detail,4,False,107,1,10.0,107.0,1070.0,,제조업,식료품 제조업,도시락 및 식사용 조리식품 제조업,도시락 및 식사용 조리식품 제조업,,제조업,1/10/107/1070, / 식료품 제조업 / 도시락 및 식사용 조리식품 제조업 / 도시락 및 식사용 조리식품 제조업,MANUFACTURING,제조업,False,True,sub_unit,False,,,,,,,,,,,,,,,
1081,설탕 제조업,설탕 제조업,설탕 제조업,detail,4,False,108,1,10.0,108.0,1081.0,,제조업,식료품 제조업,기타 식품 제조업,설탕 제조업,,제조업,1/10/108/1081, / 식료품 제조업 / 기타 식품 제조업 / 설탕 제조업,MANUFACTURING,제조업,False,True,sub_unit,False,,,,,,,,,,,,,,,
1082,"면류, 마카로니 및 유사 식품 제조업","면류, 마카로니 및 유사 식품 제조업","면류, 마카로니 및 유사 식품 제조업",detail,4,False,108,1,10.0,108.0,1082.0,,제조업,식료품 제조업,기타 식품 제조업,"면류, 마카로니 및 유사 식품 제조업",,제조업,1/10/108/1082," / 식료품 제조업 / 기타 식품 제조업 / 면류, 마카로니 및 유사 식품 제조업",MANUFACTURING,제조업,False,True,sub_unit,False,,,,,,,,,,,,,,,
1083,조미료 및 식품 첨가물 제조업,조미료 및 식품 첨가물 제조업,조미료 및 식품 첨가물 제조업,detail,4,False,108,1,10.0,108.0,1083.0,,제조업,식료품 제조업,기타 식품 제조업,조미료 및 식품 첨가물 제조업,,제조업,1/10/108/1083, / 식료품 제조업 / 기타 식품 제조업 / 조미료 및 식품 첨가물 제조업,MANUFACTURING,제조업,False,True,sub_unit,False,,,,,,,,,,,,,,,
1089,기타 식료품 제조업,기타 식료품 제조업,기타 식료품 제조업,detail,4,False,108,1,10.0,108.0,1089.0,,제조업,식료품 제조업,기타 식품 제조업,기타 식료품 제조업,,제조업,1/10/108/1089, / 식료품 제조업 / 기타 식품 제조업 / 기타 식료품 제조업,MANUFACTURING,제조업,False,True,sub_unit,False,,,,,,,,,,,,,,,
1090,동물용 사료 및 조제식품 제조업,동물용 사료 및 조제식품 제조업,동물용 사료 및 조제식품 제조업,detail,4,False,109,1,10.0,109.0,1090.0,,제조업,식료품 제조업,동물용 사료 및 조제식품 제조업,동물용 사료 및 조제식품 제조업,,제조업,1/10/109/1090, / 식료품 제조업 / 동물용 사료 및 조제식품 제조업 / 동물용 사료 및 조제식품 제조업,MANUFACTURING,제조업,False,True,sub_unit,False,,,,,,,,,,,,,,,
1111,발효주 제조업,발효주 제조업,발효주 제조업,detail,4,False,111,1,11.0,111.0,1111.0,,제조업,음료 제조업,알코올 음료 제조업,발효주 제조업,,제조업,1/11/111/1111, / 음료 제조업 / 알코올 음료 제조업 / 발효주 제조업,MANUFACTURING,제조업,False,True,sub_unit,False,,,,,,,,,,,,,,,
1112,증류주 및 합성주 제조업,증류주 및 합성주 제조업,증류주 및 합성주 제조업,detail,4,False,111,1,11.0,111.0,1112.0,,제조업,음료 제조업,알코올 음료 제조업,증류주 및 합성주 제조업,,제조업,1/11/111/1112, / 음료 제조업 / 알코올 음료 제조업 / 증류주 및 합성주 제조업,MANUFACTURING,제조업,False,True,sub_unit,False,,,,,,,,,,,,,,,
1120,비알코올 음료 및 얼음 제조업,비알코올 음료 및 얼음 제조업,비알코올 음료 및 얼음 제조업,detail,4,False,112,1,11.0,112.0,1120.0,,제조업,음료 제조업,비알코올 음료 및 얼음 제조업,비알코올 음료 및 얼음 제조업,,제조업,1/11/112/1120, / 음료 제조업 / 비알코올 음료 및 얼음 제조업 / 비알코올 음료 및 얼음 제조업,MANUFACTURING,제조업,False,True,sub_unit,False,,,,,,,,,,,,,,,
1200,담배 제조업,담배 제조업,담배 제조업,detail,4,False,120,1,12.0,120.0,1200.0,,제조업,담배 제조업,담배 제조업,담배 제조업,,제조업,1/12/120/1200, / 담배 제조업 / 담배 제조업 / 담배 제조업,MANUFACTURING,제조업,False,True,sub_unit,False,,,,,,,,,,,,,,,
1310,방적 및 가공사 제조업,방적 및 가공사 제조업,방적 및 가공사 제조업,detail,4,False,131,1,13.0,131.0,1310.0,,제조업,"섬유제품 제조업, 의복 제외",방적 및 가공사 제조업,방적 및 가공사 제조업,,제조업,1/13/131/1310," / 섬유제품 제조업, 의복 제외 / 방적 및 가공사 제조업 / 방적 및 가공사 제조업",MANUFACTURING,제조업,False,True,sub_unit,False,,,,,,,,,,,,,,,
1321,직물 직조업,직물 직조업,직물 직조업,detail,4,False,132,1,13.0,132.0,1321.0,,제조업,"섬유제품 제조업, 의복 제외",직물 직조 및 직물제품 제조업,직물 직조업,,제조업,1/13/132/1321," / 섬유제품 제조업, 의복 제외 / 직물 직조 및 직물제품 제조업 / 직물 직조업",MANUFACTURING,제조업,False,True,sub_unit,False,,,,,,,,,,,,,,,
1322,직물제품 제조업,직물제품 제조업,직물제품 제조업,detail,4,False,132,1,13.0,132.0,1322.0,,제조업,"섬유제품 제조업, 의복 제외",직물 직조 및 직물제품 제조업,직물제품 제조업,,제조업,1/13/132/1322," / 섬유제품 제조업, 의복 제외 / 직물 직조 및 직물제품 제조업 / 직물제품 제조업",MANUFACTURING,제조업,False,True,sub_unit,False,,,,,,,,,,,,,,,
1330,편조 원단 제조업,편조 원단 제조업,편조 원단 제조업,detail,4,False,133,1,13.0,133.0,1330.0,,제조업,"섬유제품 제조업, 의복 제외",편조 원단 제조업,편조 원단 제조업,,제조업,1/13/133/1330," / 섬유제품 제조업, 의복 제외 / 편조 원단 제조업 / 편조 원단 제조업",MANUFACTURING,제조업,False,True,sub_unit,False,,,,,,,,,,,,,,,
1340,"섬유제품 염색, 정리 및 마무리 가공업","섬유제품 염색, 정리 및 마무리 가공업","섬유제품 염색, 정리 및 마무리 가공업",detail,4,False,134,1,13.0,134.0,1340.0,,제조업,"섬유제품 제조업, 의복 제외","섬유제품 염색, 정리 및 마무리 가공업","섬유제품 염색, 정리 및 마무리 가공업",,제조업,1/13/134/1340," / 섬유제품 제조업, 의복 제외 / 섬유제품 염색, 정리 및 마무리 가공업 / 섬유제품 염색, 정리 및 마무리 가공업",MANUFACTURING,제조업,False,True,sub_unit,False,,,,,,,,,,,,,,,
1391,"카펫, 마루덮개 및 유사 제품 제조업","카펫, 마루덮개 및 유사 제품 제조업","카펫, 마루덮개 및 유사 제품 제조업",detail,4,False,139,1,13.0,139.0,1391.0,,제조업,"섬유제품 제조업, 의복 제외",기타 섬유제품 제조업,"카펫, 마루덮개 및 유사 제품 제조업",,제조업,1/13/139/1391," / 섬유제품 제조업, 의복 제외 / 기타 섬유제품 제조업 / 카펫, 마루덮개 및 유사 제품 제조업",MANUFACTURING,제조업,False,True,sub_unit,False,,,,,,,,,,,,,,,
1392,"끈, 로프, 망 및 끈 가공품 제조업","끈, 로프, 망 및 끈 가공품 제조업","끈, 로프, 망 및 끈 가공품 제조업",detail,4,False,139,1,13.0,139.0,1392.0,,제조업,"섬유제품 제조업, 의복 제외",기타 섬유제품 제조업,"끈, 로프, 망 및 끈 가공품 제조업",,제조업,1/13/139/1392," / 섬유제품 제조업, 의복 제외 / 기타 섬유제품 제조업 / 끈, 로프, 망 및 끈 가공품 제조업",MANUFACTURING,제조업,False,True,sub_unit,False,,,,,,,,,,,,,,,
1399,그 외 기타 섬유제품 제조업,그 외 기타 섬유제품 제조업,그 외 기타 섬유제품 제조업,detail,4,False,139,1,13.0,139.0,1399.0,,제조업,"섬유제품 제조업, 의복 제외",기타 섬유제품 제조업,그 외 기타 섬유제품 제조업,,제조업,1/13/139/1399," / 섬유제품 제조업, 의복 제외 / 기타 섬유제품 제조업 / 그 외 기타 섬유제품 제조업",MANUFACTURING,제조업,False,True,sub_unit,False,,,,,,,,,,,,,,,
1411,겉옷 제조업,겉옷 제조업,겉옷 제조업,detail,4,False,141,1,14.0,141.0,1411.0,,제조업,"의복, 의복 액세서리 및 모피제품 제조업",봉제의복 제조업,겉옷 제조업,,제조업,1/14/141/1411," / 의복, 의복 액세서리 및 모피제품 제조업 / 봉제의복 제조업 / 겉옷 제조업",MANUFACTURING,제조업,False,True,sub_unit,False,,,,,,,,,,,,,,,
1412,속옷 및 잠옷 제조업,속옷 및 잠옷 제조업,속옷 및 잠옷 제조업,detail,4,False,141,1,14.0,141.0,1412.0,,제조업,"의복, 의복 액세서리 및 모피제품 제조업",봉제의복 제조업,속옷 및 잠옷 제조업,,제조업,1/14/141/1412," / 의복, 의복 액세서리 및 모피제품 제조업 / 봉제의복 제조업 / 속옷 및 잠옷 제조업",MANUFACTURING,제조업,False,True,sub_unit,False,,,,,,,,,,,,,,,
1413,한복 제조업,한복 제조업,한복 제조업,detail,4,False,141,1,14.0,141.0,1413.0,,제조업,"의복, 의복 액세서리 및 모피제품 제조업",봉제의복 제조업,한복 제조업,,제조업,1/14/141/1413," / 의복, 의복 액세서리 및 모피제품 제조업 / 봉제의복 제조업 / 한복 제조업",MANUFACTURING,제조업,False,True,sub_unit,False,,,,,,,,,,,,,,,
1419,기타 봉제의복 제조업,기타 봉제의복 제조업,기타 봉제의복 제조업,detail,4,False,141,1,14.0,141.0,1419.0,,제조업,"의복, 의복 액세서리 및 모피제품 제조업",봉제의복 제조업,기타 봉제의복 제조업,,제조업,1/14/141/1419," / 의복, 의복 액세서리 및 모피제품 제조업 / 봉제의복 제조업 / 기타 봉제의복 제조업",MANUFACTURING,제조업,False,True,sub_unit,False,,,,,,,,,,,,,,,
1420,모피제품 제조업,모피제품 제조업,모피제품 제조업,detail,4,False,142,1,14.0,142.0,1420.0,,제조업,"의복, 의복 액세서리 및 모피제품 제조업",모피제품 제조업,모피제품 제조업,,제조업,1/14/142/1420," / 의복, 의복 액세서리 및 모피제품 제조업 / 모피제품 제조업 / 모피제품 제조업",MANUFACTURING,제조업,False,True,sub_unit,False,,,,,,,,,,,,,,,
1430,편조의복 제조업,편조의복 제조업,편조의복 제조업,detail,4,False,143,1,14.0,143.0,1430.0,,제조업,"의복, 의복 액세서리 및 모피제품 제조업",편조의복 제조업,편조의복 제조업,,제조업,1/14/143/1430," / 의복, 의복 액세서리 및 모피제품 제조업 / 편조의복 제조업 / 편조의복 제조업",MANUFACTURING,제조업,False,True,sub_unit,False,,,,,,,,,,,,,,,
1441,편조 의복 액세서리 제조업,편조 의복 액세서리 제조업,편조 의복 액세서리 제조업,detail,4,False,144,1,14.0,144.0,1441.0,,제조업,"의복, 의복 액세서리 및 모피제품 제조업",의복 액세서리 제조업,편조 의복 액세서리 제조업,,제조업,1/14/144/1441," / 의복, 의복 액세서리 및 모피제품 제조업 / 의복 액세서리 제조업 / 편조 의복 액세서리 제조업",MANUFACTURING,제조업,False,True,sub_unit,False,,,,,,,,,,,,,,,
1449,기타 의복 액세서리 제조업,기타 의복 액세서리 제조업,기타 의복 액세서리 제조업,detail,4,False,144,1,14.0,144.0,1449.0,,제조업,"의복, 의복 액세서리 및 모피제품 제조업",의복 액세서리 제조업,기타 의복 액세서리 제조업,,제조업,1/14/144/1449," / 의복, 의복 액세서리 및 모피제품 제조업 / 의복 액세서리 제조업 / 기타 의복 액세서리 제조업",MANUFACTURING,제조업,False,True,sub_unit,False,,,,,,,,,,,,,,,
1511,모피 및 가죽 제조업,모피 및 가죽 제조업,모피 및 가죽 제조업,detail,4,False,151,1,15.0,151.0,1511.0,,제조업,"가죽, 가방 및 신발 제조업","가죽, 가방 및 유사 제품 제조업",모피 및 가죽 제조업,,제조업,1/15/151/1511," / 가죽, 가방 및 신발 제조업 / 가죽, 가방 및 유사 제품 제조업 / 모피 및 가죽 제조업",MANUFACTURING,제조업,False,True,sub_unit,False,,,,,,,,,,,,,,,
1512,"핸드백, 가방 및 기타 보호용 케이스 제조업","핸드백, 가방 및 기타 보호용 케이스 제조업","핸드백, 가방 및 기타 보호용 케이스 제조업",detail,4,False,151,1,15.0,151.0,1512.0,,제조업,"가죽, 가방 및 신발 제조업","가죽, 가방 및 유사 제품 제조업","핸드백, 가방 및 기타 보호용 케이스 제조업",,제조업,1/15/151/1512," / 가죽, 가방 및 신발 제조업 / 가죽, 가방 및 유사 제품 제조업 / 핸드백, 가방 및 기타 보호용 케이스 제조업",MANUFACTURING,제조업,False,True,sub_unit,False,,,,,,,,,,,,,,,
1519,기타 가죽제품 제조업,기타 가죽제품 제조업,기타 가죽제품 제조업,detail,4,False,151,1,15.0,151.0,1519.0,,제조업,"가죽, 가방 및 신발 제조업","가죽, 가방 및 유사 제품 제조업",기타 가죽제품 제조업,,제조업,1/15/151/1519," / 가죽, 가방 및 신발 제조업 / 가죽, 가방 및 유사 제품 제조업 / 기타 가죽제품 제조업",MANUFACTURING,제조업,False,True,sub_unit,False,,,,,,,,,,,,,,,
1521,신발 제조업,신발 제조업,신발 제조업,detail,4,False,152,1,15.0,152.0,1521.0,,제조업,"가죽, 가방 및 신발 제조업",신발 및 신발 부분품 제조업,신발 제조업,,제조업,1/15/152/1521," / 가죽, 가방 및 신발 제조업 / 신발 및 신발 부분품 제조업 / 신발 제조업",MANUFACTURING,제조업,False,True,sub_unit,False,,,,,,,,,,,,,,,
1522,신발 부분품 제조업,신발 부분품 제조업,신발 부분품 제조업,detail,4,False,152,1,15.0,152.0,1522.0,,제조업,"가죽, 가방 및 신발 제조업",신발 및 신발 부분품 제조업,신발 부분품 제조업,,제조업,1/15/152/1522," / 가죽, 가방 및 신발 제조업 / 신발 및 신발 부분품 제조업 / 신발 부분품 제조업",MANUFACTURING,제조업,False,True,sub_unit,False,,,,,,,,,,,,,,,
1610,제재 및 목재 가공업,제재 및 목재 가공업,제재 및 목재 가공업,detail,4,False,161,1,16.0,161.0,1610.0,,제조업,"목재 및 나무제품 제조업, 가구 제외",제재 및 목재 가공업,제재 및 목재 가공업,,제조업,1/16/161/1610," / 목재 및 나무제품 제조업, 가구 제외 / 제재 및 목재 가공업 / 제재 및 목재 가공업",MANUFACTURING,제조업,False,True,sub_unit,False,,,,,,,,,,,,,,,
1621,"박판, 합판 및 강화 목제품 제조업","박판, 합판 및 강화 목제품 제조업","박판, 합판 및 강화 목제품 제조업",detail,4,False,162,1,16.0,162.0,1621.0,,제조업,"목재 및 나무제품 제조업, 가구 제외",나무제품 제조업,"박판, 합판 및 강화 목제품 제조업",,제조업,1/16/162/1621," / 목재 및 나무제품 제조업, 가구 제외 / 나무제품 제조업 / 박판, 합판 및 강화 목제품 제조업",MANUFACTURING,제조업,False,True,sub_unit,False,,,,,,,,,,,,,,,
1622,건축용 나무제품 제조업,건축용 나무제품 제조업,건축용 나무제품 제조업,detail,4,False,162,1,16.0,162.0,1622.0,,제조업,"목재 및 나무제품 제조업, 가구 제외",나무제품 제조업,건축용 나무제품 제조업,,제조업,1/16/162/1622," / 목재 및 나무제품 제조업, 가구 제외 / 나무제품 제조업 / 건축용 나무제품 제조업",MANUFACTURING,제조업,False,True,sub_unit,False,,,,,,,,,,,,,,,
1623,"목재 상자, 드럼 및 적재판 제조업","목재 상자, 드럼 및 적재판 제조업","목재 상자, 드럼 및 적재판 제조업",detail,4,False,162,1,16.0,162.0,1623.0,,제조업,"목재 및 나무제품 제조업, 가구 제외",나무제품 제조업,"목재 상자, 드럼 및 적재판 제조업",,제조업,1/16/162/1623," / 목재 및 나무제품 제조업, 가구 제외 / 나무제품 제조업 / 목재 상자, 드럼 및 적재판 제조업",MANUFACTURING,제조업,False,True,sub_unit,False,,,,,,,,,,,,,,,
1629,기타 나무제품 제조업,기타 나무제품 제조업,기타 나무제품 제조업,detail,4,False,162,1,16.0,162.0,1629.0,,제조업,"목재 및 나무제품 제조업, 가구 제외",나무제품 제조업,기타 나무제품 제조업,,제조업,1/16/162/1629," / 목재 및 나무제품 제조업, 가구 제외 / 나무제품 제조업 / 기타 나무제품 제조업",MANUFACTURING,제조업,False,True,sub_unit,False,,,,,,,,,,,,,,,
1630,코르크 및 조물 제품 제조업,코르크 및 조물 제품 제조업,코르크 및 조물 제품 제조업,detail,4,False,163,1,16.0,163.0,1630.0,,제조업,"목재 및 나무제품 제조업, 가구 제외",코르크 및 조물 제품 제조업,코르크 및 조물 제품 제조업,,제조업,1/16/163/1630," / 목재 및 나무제품 제조업, 가구 제외 / 코르크 및 조물 제품 제조업 / 코르크 및 조물 제품 제조업",MANUFACTURING,제조업,False,True,sub_unit,False,,,,,,,,,,,,,,,
1710,"펄프, 종이 및 판지 제조업","펄프, 종이 및 판지 제조업","펄프, 종이 및 판지 제조업",detail,4,False,171,1,17.0,171.0,1710.0,,제조업,"펄프, 종이 및 종이제품 제조업","펄프, 종이 및 판지 제조업","펄프, 종이 및 판지 제조업",,제조업,1/17/171/1710," / 펄프, 종이 및 종이제품 제조업 / 펄프, 종이 및 판지 제조업 / 펄프, 종이 및 판지 제조업",MANUFACTURING,제조업,False,True,sub_unit,False,,,,,,,,,,,,,,,
1721,골판지 및 골판지 가공제품 제조업,골판지 및 골판지 가공제품 제조업,골판지 및 골판지 가공제품 제조업,detail,4,False,172,1,17.0,172.0,1721.0,,제조업,"펄프, 종이 및 종이제품 제조업","골판지, 종이 상자 및 종이 용기 제조업",골판지 및 골판지 가공제품 제조업,,제조업,1/17/172/1721," / 펄프, 종이 및 종이제품 제조업 / 골판지, 종이 상자 및 종이 용기 제조업 / 골판지 및 골판지 가공제품 제조업",MANUFACTURING,제조업,False,True,sub_unit,False,,,,,,,,,,,,,,,
1722,"종이 포대, 판지 상자 및 종이 용기 제조업","종이 포대, 판지 상자 및 종이 용기 제조업","종이 포대, 판지 상자 및 종이 용기 제조업",detail,4,False,172,1,17.0,172.0,1722.0,,제조업,"펄프, 종이 및 종이제품 제조업","골판지, 종이 상자 및 종이 용기 제조업","종이 포대, 판지 상자 및 종이 용기 제조업",,제조업,1/17/172/1722," / 펄프, 종이 및 종이제품 제조업 / 골판지, 종이 상자 및 종이 용기 제조업 / 종이 포대, 판지 상자 및 종이 용기 제조업",MANUFACTURING,제조업,False,True,sub_unit,False,,,,,,,,,,,,,,,
1790,기타 종이 및 판지 제품 제조업,기타 종이 및 판지 제품 제조업,기타 종이 및 판지 제품 제조업,detail,4,False,179,1,17.0,179.0,1790.0,,제조업,"펄프, 종이 및 종이제품 제조업",기타 종이 및 판지 제품 제조업,기타 종이 및 판지 제품 제조업,,제조업,1/17/179/1790," / 펄프, 종이 및 종이제품 제조업 / 기타 종이 및 판지 제품 제조업 / 기타 종이 및 판지 제품 제조업",MANUFACTURING,제조업,False,True,sub_unit,False,,,,,,,,,,,,,,,
1811,인쇄업,인쇄업,인쇄업,detail,4,False,181,1,18.0,181.0,1811.0,,제조업,인쇄 및 기록매체 복제업,인쇄 및 인쇄관련 산업,인쇄업,,제조업,1/18/181/1811, / 인쇄 및 기록매체 복제업 / 인쇄 및 인쇄관련 산업 / 인쇄업,MANUFACTURING,제조업,False,True,sub_unit,False,,,,,,,,,,,,,,,
1812,인쇄관련 산업,인쇄관련 산업,인쇄관련 산업,detail,4,False,181,1,18.0,181.0,1812.0,,제조업,인쇄 및 기록매체 복제업,인쇄 및 인쇄관련 산업,인쇄관련 산업,,제조업,1/18/181/1812, / 인쇄 및 기록매체 복제업 / 인쇄 및 인쇄관련 산업 / 인쇄관련 산업,MANUFACTURING,제조업,False,True,sub_unit,False,,,,,,,,,,,,,,,
1820,기록매체 복제업,기록매체 복제업,기록매체 복제업,detail,4,False,182,1,18.0,182.0,1820.0,,제조업,인쇄 및 기록매체 복제업,기록매체 복제업,기록매체 복제업,,제조업,1/18/182/1820, / 인쇄 및 기록매체 복제업 / 기록매체 복제업 / 기록매체 복제업,MANUFACTURING,제조업,False,True,sub_unit,False,,,,,,,,,,,,,,,
1910,코크스 및 연탄 제조업,코크스 및 연탄 제조업,코크스 및 연탄 제조업,detail,4,False,191,1,19.0,191.0,1910.0,,제조업,"코크스, 연탄 및 석유정제품 제조업",코크스 및 연탄 제조업,코크스 및 연탄 제조업,,제조업,1/19/191/1910," / 코크스, 연탄 및 석유정제품 제조업 / 코크스 및 연탄 제조업 / 코크스 및 연탄 제조업",MANUFACTURING,제조업,False,True,sub_unit,False,,,,,,,,,,,,,,,
1921,원유 정제처리업,원유 정제처리업,원유 정제처리업,detail,4,False,192,1,19.0,192.0,1921.0,,제조업,"코크스, 연탄 및 석유정제품 제조업",석유 정제품 제조업,원유 정제처리업,,제조업,1/19/192/1921," / 코크스, 연탄 및 석유정제품 제조업 / 석유 정제품 제조업 / 원유 정제처리업",MANUFACTURING,제조업,False,True,sub_unit,False,,,,,,,,,,,,,,,
1922,석유 정제물 재처리업,석유 정제물 재처리업,석유 정제물 재처리업,detail,4,False,192,1,19.0,192.0,1922.0,,제조업,"코크스, 연탄 및 석유정제품 제조업",석유 정제품 제조업,석유 정제물 재처리업,,제조업,1/19/192/1922," / 코크스, 연탄 및 석유정제품 제조업 / 석유 정제품 제조업 / 석유 정제물 재처리업",MANUFACTURING,제조업,False,True,sub_unit,False,,,,,,,,,,,,,,,
2011,기초 유기화학 물질 제조업,기초 유기화학 물질 제조업,기초 유기화학 물질 제조업,detail,4,False,201,2,20.0,201.0,2011.0,,제조업,"화학 물질 및 화학제품 제조업, 의약품 제외",기초 화학물질 제조업,기초 유기화학 물질 제조업,,제조업,2/20/201/2011," / 화학 물질 및 화학제품 제조업, 의약품 제외 / 기초 화학물질 제조업 / 기초 유기화학 물질 제조업",MANUFACTURING,제조업,False,True,sub_unit,False,,,,,,,,,,,,,,,
2012,기초 무기화학 물질 제조업,기초 무기화학 물질 제조업,기초 무기화학 물질 제조업,detail,4,False,201,2,20.0,201.0,2012.0,,제조업,"화학 물질 및 화학제품 제조업, 의약품 제외",기초 화학물질 제조업,기초 무기화학 물질 제조업,,제조업,2/20/201/2012," / 화학 물질 및 화학제품 제조업, 의약품 제외 / 기초 화학물질 제조업 / 기초 무기화학 물질 제조업",MANUFACTURING,제조업,False,True,sub_unit,False,,,,,,,,,,,,,,,
2013,"무기 안료, 염료, 유연제 및 기타 착색제 제조업","무기 안료, 염료, 유연제 및 기타 착색제 제조업","무기 안료, 염료, 유연제 및 기타 착색제 제조업",detail,4,False,201,2,20.0,201.0,2013.0,,제조업,"화학 물질 및 화학제품 제조업, 의약품 제외",기초 화학물질 제조업,"무기 안료, 염료, 유연제 및 기타 착색제 제조업",,제조업,2/20/201/2013," / 화학 물질 및 화학제품 제조업, 의약품 제외 / 기초 화학물질 제조업 / 무기 안료, 염료, 유연제 및 기타 착색제 제조업",MANUFACTURING,제조업,False,True,sub_unit,False,,,,,,,,,,,,,,,
2020,합성고무 및 플라스틱 물질 제조업,합성고무 및 플라스틱 물질 제조업,합성고무 및 플라스틱 물질 제조업,detail,4,False,202,2,20.0,202.0,2020.0,,제조업,"화학 물질 및 화학제품 제조업, 의약품 제외",합성고무 및 플라스틱 물질 제조업,합성고무 및 플라스틱 물질 제조업,,제조업,2/20/202/2020," / 화학 물질 및 화학제품 제조업, 의약품 제외 / 합성고무 및 플라스틱 물질 제조업 / 합성고무 및 플라스틱 물질 제조업",MANUFACTURING,제조업,False,True,sub_unit,False,,,,,,,,,,,,,,,
2031,비료 및 질소 화합물 제조업,비료 및 질소 화합물 제조업,비료 및 질소 화합물 제조업,detail,4,False,203,2,20.0,203.0,2031.0,,제조업,"화학 물질 및 화학제품 제조업, 의약품 제외","비료, 농약 및 살균ㆍ살충제 제조업",비료 및 질소 화합물 제조업,,제조업,2/20/203/2031," / 화학 물질 및 화학제품 제조업, 의약품 제외 / 비료, 농약 및 살균ㆍ살충제 제조업 / 비료 및 질소 화합물 제조업",MANUFACTURING,제조업,False,True,sub_unit,False,,,,,,,,,,,,,,,
2032,살균ㆍ살충제 및 농약 제조업,살균ㆍ살충제 및 농약 제조업,살균ㆍ살충제 및 농약 제조업,detail,4,False,203,2,20.0,203.0,2032.0,,제조업,"화학 물질 및 화학제품 제조업, 의약품 제외","비료, 농약 및 살균ㆍ살충제 제조업",살균ㆍ살충제 및 농약 제조업,,제조업,2/20/203/2032," / 화학 물질 및 화학제품 제조업, 의약품 제외 / 비료, 농약 및 살균ㆍ살충제 제조업 / 살균ㆍ살충제 및 농약 제조업",MANUFACTURING,제조업,False,True,sub_unit,False,,,,,,,,,,,,,,,
2041,"잉크, 페인트, 코팅제 및 유사제품 제조업","잉크, 페인트, 코팅제 및 유사제품 제조업","잉크, 페인트, 코팅제 및 유사제품 제조업",detail,4,False,204,2,20.0,204.0,2041.0,,제조업,"화학 물질 및 화학제품 제조업, 의약품 제외",기타 화학제품 제조업,"잉크, 페인트, 코팅제 및 유사제품 제조업",,제조업,2/20/204/2041," / 화학 물질 및 화학제품 제조업, 의약품 제외 / 기타 화학제품 제조업 / 잉크, 페인트, 코팅제 및 유사제품 제조업",MANUFACTURING,제조업,False,True,sub_unit,False,,,,,,,,,,,,,,,
2042,"세제, 화장품 및 광택제 제조업","세제, 화장품 및 광택제 제조업","세제, 화장품 및 광택제 제조업",detail,4,False,204,2,20.0,204.0,2042.0,,제조업,"화학 물질 및 화학제품 제조업, 의약품 제외",기타 화학제품 제조업,"세제, 화장품 및 광택제 제조업",,제조업,2/20/204/2042," / 화학 물질 및 화학제품 제조업, 의약품 제외 / 기타 화학제품 제조업 / 세제, 화장품 및 광택제 제조업",MANUFACTURING,제조업,False,True,sub_unit,False,,,,,,,,,,,,,,,
2049,그 외 기타 화학제품 제조업,그 외 기타 화학제품 제조업,그 외 기타 화학제품 제조업,detail,4,False,204,2,20.0,204.0,2049.0,,제조업,"화학 물질 및 화학제품 제조업, 의약품 제외",기타 화학제품 제조업,그 외 기타 화학제품 제조업,,제조업,2/20/204/2049," / 화학 물질 및 화학제품 제조업, 의약품 제외 / 기타 화학제품 제조업 / 그 외 기타 화학제품 제조업",MANUFACTURING,제조업,False,True,sub_unit,False,,,,,,,,,,,,,,,
2050,화학섬유 제조업,화학섬유 제조업,화학섬유 제조업,detail,4,False,205,2,20.0,205.0,2050.0,,제조업,"화학 물질 및 화학제품 제조업, 의약품 제외",화학섬유 제조업,화학섬유 제조업,,제조업,2/20/205/2050," / 화학 물질 및 화학제품 제조업, 의약품 제외 / 화학섬유 제조업 / 화학섬유 제조업",MANUFACTURING,제조업,False,True,sub_unit,False,,,,,,,,,,,,,,,
2110,기초 의약 물질 제조업,기초 의약 물질 제조업,기초 의약 물질 제조업,detail,4,False,211,2,21.0,211.0,2110.0,,제조업,의료용 물질 및 의약품 제조업,기초 의약 물질 제조업,기초 의약 물질 제조업,,제조업,2/21/211/2110, / 의료용 물질 및 의약품 제조업 / 기초 의약 물질 제조업 / 기초 의약 물질 제조업,MANUFACTURING,제조업,False,True,sub_unit,False,,,,,,,,,,,,,,,
2121,완제 의약품 제조업,완제 의약품 제조업,완제 의약품 제조업,detail,4,False,212,2,21.0,212.0,2121.0,,제조업,의료용 물질 및 의약품 제조업,의약품 제조업,완제 의약품 제조업,,제조업,2/21/212/2121, / 의료용 물질 및 의약품 제조업 / 의약품 제조업 / 완제 의약품 제조업,MANUFACTURING,제조업,False,True,sub_unit,False,,,,,,,,,,,,,,,
2122,한의약품 제조업,한의약품 제조업,한의약품 제조업,detail,4,False,212,2,21.0,212.0,2122.0,,제조업,의료용 물질 및 의약품 제조업,의약품 제조업,한의약품 제조업,,제조업,2/21/212/2122, / 의료용 물질 및 의약품 제조업 / 의약품 제조업 / 한의약품 제조업,MANUFACTURING,제조업,False,True,sub_unit,False,,,,,,,,,,,,,,,
2123,동물용 의약품 제조업,동물용 의약품 제조업,동물용 의약품 제조업,detail,4,False,212,2,21.0,212.0,2123.0,,제조업,의료용 물질 및 의약품 제조업,의약품 제조업,동물용 의약품 제조업,,제조업,2/21/212/2123, / 의료용 물질 및 의약품 제조업 / 의약품 제조업 / 동물용 의약품 제조업,MANUFACTURING,제조업,False,True,sub_unit,False,,,,,,,,,,,,,,,
2130,의료용품 및 기타 의약 관련제품 제조업,의료용품 및 기타 의약 관련제품 제조업,의료용품 및 기타 의약 관련제품 제조업,detail,4,False,213,2,21.0,213.0,2130.0,,제조업,의료용 물질 및 의약품 제조업,의료용품 및 기타 의약 관련제품 제조업,의료용품 및 기타 의약 관련제품 제조업,,제조업,2/21/213/2130, / 의료용 물질 및 의약품 제조업 / 의료용품 및 기타 의약 관련제품 제조업 / 의료용품 및 기타 의약 관련제품 제조업,MANUFACTURING,제조업,False,True,sub_unit,False,,,,,,,,,,,,,,,
2211,고무 타이어 및 튜브 제조업,고무 타이어 및 튜브 제조업,고무 타이어 및 튜브 제조업,detail,4,False,221,2,22.0,221.0,2211.0,,제조업,고무 및 플라스틱제품 제조업,고무제품 제조업,고무 타이어 및 튜브 제조업,,제조업,2/22/221/2211, / 고무 및 플라스틱제품 제조업 / 고무제품 제조업 / 고무 타이어 및 튜브 제조업,MANUFACTURING,제조업,False,True,sub_unit,False,,,,,,,,,,,,,,,
2219,기타 고무제품 제조업,기타 고무제품 제조업,기타 고무제품 제조업,detail,4,False,221,2,22.0,221.0,2219.0,,제조업,고무 및 플라스틱제품 제조업,고무제품 제조업,기타 고무제품 제조업,,제조업,2/22/221/2219, / 고무 및 플라스틱제품 제조업 / 고무제품 제조업 / 기타 고무제품 제조업,MANUFACTURING,제조업,False,True,sub_unit,False,,,,,,,,,,,,,,,
2221,1차 플라스틱제품 제조업,1차 플라스틱제품 제조업,1차 플라스틱제품 제조업,detail,4,False,222,2,22.0,222.0,2221.0,,제조업,고무 및 플라스틱제품 제조업,플라스틱 제품 제조업,1차 플라스틱제품 제조업,,제조업,2/22/222/2221, / 고무 및 플라스틱제품 제조업 / 플라스틱 제품 제조업 / 1차 플라스틱제품 제조업,MANUFACTURING,제조업,False,True,sub_unit,False,,,,,,,,,,,,,,,
2222,건축용 플라스틱제품 제조업,건축용 플라스틱제품 제조업,건축용 플라스틱제품 제조업,detail,4,False,222,2,22.0,222.0,2222.0,,제조업,고무 및 플라스틱제품 제조업,플라스틱 제품 제조업,건축용 플라스틱제품 제조업,,제조업,2/22/222/2222, / 고무 및 플라스틱제품 제조업 / 플라스틱 제품 제조업 / 건축용 플라스틱제품 제조업,MANUFACTURING,제조업,False,True,sub_unit,False,,,,,,,,,,,,,,,
2223,포장용 플라스틱제품 제조업,포장용 플라스틱제품 제조업,포장용 플라스틱제품 제조업,detail,4,False,222,2,22.0,222.0,2223.0,,제조업,고무 및 플라스틱제품 제조업,플라스틱 제품 제조업,포장용 플라스틱제품 제조업,,제조업,2/22/222/2223, / 고무 및 플라스틱제품 제조업 / 플라스틱 제품 제조업 / 포장용 플라스틱제품 제조업,MANUFACTURING,제조업,False,True,sub_unit,False,,,,,,,,,,,,,,,
2224,기계장비 조립용 플라스틱제품 제조업,기계장비 조립용 플라스틱제품 제조업,기계장비 조립용 플라스틱제품 제조업,detail,4,False,222,2,22.0,222.0,2224.0,,제조업,고무 및 플라스틱제품 제조업,플라스틱 제품 제조업,기계장비 조립용 플라스틱제품 제조업,,제조업,2/22/222/2224, / 고무 및 플라스틱제품 제조업 / 플라스틱 제품 제조업 / 기계장비 조립용 플라스틱제품 제조업,MANUFACTURING,제조업,False,True,sub_unit,False,,,,,,,,,,,,,,,
2225,플라스틱 발포 성형제품 제조업,플라스틱 발포 성형제품 제조업,플라스틱 발포 성형제품 제조업,detail,4,False,222,2,22.0,222.0,2225.0,,제조업,고무 및 플라스틱제품 제조업,플라스틱 제품 제조업,플라스틱 발포 성형제품 제조업,,제조업,2/22/222/2225, / 고무 및 플라스틱제품 제조업 / 플라스틱 제품 제조업 / 플라스틱 발포 성형제품 제조업,MANUFACTURING,제조업,False,True,sub_unit,False,,,,,,,,,,,,,,,
2229,기타 플라스틱 제품 제조업,기타 플라스틱 제품 제조업,기타 플라스틱 제품 제조업,detail,4,False,222,2,22.0,222.0,2229.0,,제조업,고무 및 플라스틱제품 제조업,플라스틱 제품 제조업,기타 플라스틱 제품 제조업,,제조업,2/22/222/2229, / 고무 및 플라스틱제품 제조업 / 플라스틱 제품 제조업 / 기타 플라스틱 제품 제조업,MANUFACTURING,제조업,False,True,sub_unit,False,,,,,,,,,,,,,,,
2311,판유리 및 판유리 가공품 제조업,판유리 및 판유리 가공품 제조업,판유리 및 판유리 가공품 제조업,detail,4,False,231,2,23.0,231.0,2311.0,,제조업,비금속 광물제품 제조업,유리 및 유리제품 제조업,판유리 및 판유리 가공품 제조업,,제조업,2/23/231/2311, / 비금속 광물제품 제조업 / 유리 및 유리제품 제조업 / 판유리 및 판유리 가공품 제조업,MANUFACTURING,제조업,False,True,sub_unit,False,,,,,,,,,,,,,,,
2312,산업용 유리 제조업,산업용 유리 제조업,산업용 유리 제조업,detail,4,False,231,2,23.0,231.0,2312.0,,제조업,비금속 광물제품 제조업,유리 및 유리제품 제조업,산업용 유리 제조업,,제조업,2/23/231/2312, / 비금속 광물제품 제조업 / 유리 및 유리제품 제조업 / 산업용 유리 제조업,MANUFACTURING,제조업,False,True,sub_unit,False,,,,,,,,,,,,,,,
2319,기타 유리제품 제조업,기타 유리제품 제조업,기타 유리제품 제조업,detail,4,False,231,2,23.0,231.0,2319.0,,제조업,비금속 광물제품 제조업,유리 및 유리제품 제조업,기타 유리제품 제조업,,제조업,2/23/231/2319, / 비금속 광물제품 제조업 / 유리 및 유리제품 제조업 / 기타 유리제품 제조업,MANUFACTURING,제조업,False,True,sub_unit,False,,,,,,,,,,,,,,,
2321,내화 요업제품 제조업,내화 요업제품 제조업,내화 요업제품 제조업,detail,4,False,232,2,23.0,232.0,2321.0,,제조업,비금속 광물제품 제조업,"내화, 비내화 요업제품 제조업",내화 요업제품 제조업,,제조업,2/23/232/2321," / 비금속 광물제품 제조업 / 내화, 비내화 요업제품 제조업 / 내화 요업제품 제조업",MANUFACTURING,제조업,False,True,sub_unit,False,,,,,,,,,,,,,,,
2322,비내화 일반 도자기 제조업,비내화 일반 도자기 제조업,비내화 일반 도자기 제조업,detail,4,False,232,2,23.0,232.0,2322.0,,제조업,비금속 광물제품 제조업,"내화, 비내화 요업제품 제조업",비내화 일반 도자기 제조업,,제조업,2/23/232/2322," / 비금속 광물제품 제조업 / 내화, 비내화 요업제품 제조업 / 비내화 일반 도자기 제조업",MANUFACTURING,제조업,False,True,sub_unit,False,,,,,,,,,,,,,,,
2323,건축용 비내화 요업제품 제조업,건축용 비내화 요업제품 제조업,건축용 비내화 요업제품 제조업,detail,4,False,232,2,23.0,232.0,2323.0,,제조업,비금속 광물제품 제조업,"내화, 비내화 요업제품 제조업",건축용 비내화 요업제품 제조업,,제조업,2/23/232/2323," / 비금속 광물제품 제조업 / 내화, 비내화 요업제품 제조업 / 건축용 비내화 요업제품 제조업",MANUFACTURING,제조업,False,True,sub_unit,False,,,,,,,,,,,,,,,
2331,"시멘트, 석회 및 플라스터 제조업","시멘트, 석회 및 플라스터 제조업","시멘트, 석회 및 플라스터 제조업",detail,4,False,233,2,23.0,233.0,2331.0,,제조업,비금속 광물제품 제조업,"시멘트, 석회, 플라스터 및 그 제품 제조업","시멘트, 석회 및 플라스터 제조업",,제조업,2/23/233/2331," / 비금속 광물제품 제조업 / 시멘트, 석회, 플라스터 및 그 제품 제조업 / 시멘트, 석회 및 플라스터 제조업",MANUFACTURING,제조업,False,True,sub_unit,False,,,,,,,,,,,,,,,
2332,"콘크리트, 레미콘 및 기타 시멘트, 플라스터 제품 제조업","콘크리트, 레미콘 및 기타 시멘트, 플라스터 제품 제조업","콘크리트, 레미콘 및 기타 시멘트, 플라스터 제품 제조업",detail,4,False,233,2,23.0,233.0,2332.0,,제조업,비금속 광물제품 제조업,"시멘트, 석회, 플라스터 및 그 제품 제조업","콘크리트, 레미콘 및 기타 시멘트, 플라스터 제품 제조업",,제조업,2/23/233/2332," / 비금속 광물제품 제조업 / 시멘트, 석회, 플라스터 및 그 제품 제조업 / 콘크리트, 레미콘 및 기타 시멘트, 플라스터 제품 제조업",MANUFACTURING,제조업,False,True,sub_unit,False,,,,,,,,,,,,,,,
2391,석제품 제조업,석제품 제조업,석제품 제조업,detail,4,False,239,2,23.0,239.0,2391.0,,제조업,비금속 광물제품 제조업,기타 비금속 광물제품 제조업,석제품 제조업,,제조업,2/23/239/2391, / 비금속 광물제품 제조업 / 기타 비금속 광물제품 제조업 / 석제품 제조업,MANUFACTURING,제조업,False,True,sub_unit,False,,,,,,,,,,,,,,,
2399,그 외 기타 비금속 광물제품 제조업,그 외 기타 비금속 광물제품 제조업,그 외 기타 비금속 광물제품 제조업,detail,4,False,239,2,23.0,239.0,2399.0,,제조업,비금속 광물제품 제조업,기타 비금속 광물제품 제조업,그 외 기타 비금속 광물제품 제조업,,제조업,2/23/239/2399, / 비금속 광물제품 제조업 / 기타 비금속 광물제품 제조업 / 그 외 기타 비금속 광물제품 제조업,MANUFACTURING,제조업,False,True,sub_unit,False,,,,,,,,,,,,,,,
2411,"제철, 제강 및 합금철 제조업","제철, 제강 및 합금철 제조업","제철, 제강 및 합금철 제조업",detail,4,False,241,2,24.0,241.0,2411.0,,제조업,1차 금속 제조업,1차 철강 제조업,"제철, 제강 및 합금철 제조업",,제조업,2/24/241/2411," / 1차 금속 제조업 / 1차 철강 제조업 / 제철, 제강 및 합금철 제조업",MANUFACTURING,제조업,False,True,sub_unit,False,,,,,,,,,,,,,,,
2412,"철강 압연, 압출 및 연신제품 제조업","철강 압연, 압출 및 연신제품 제조업","철강 압연, 압출 및 연신제품 제조업",detail,4,False,241,2,24.0,241.0,2412.0,,제조업,1차 금속 제조업,1차 철강 제조업,"철강 압연, 압출 및 연신제품 제조업",,제조업,2/24/241/2412," / 1차 금속 제조업 / 1차 철강 제조업 / 철강 압연, 압출 및 연신제품 제조업",MANUFACTURING,제조업,False,True,sub_unit,False,,,,,,,,,,,,,,,
2413,철강관 제조업,철강관 제조업,철강관 제조업,detail,4,False,241,2,24.0,241.0,2413.0,,제조업,1차 금속 제조업,1차 철강 제조업,철강관 제조업,,제조업,2/24/241/2413, / 1차 금속 제조업 / 1차 철강 제조업 / 철강관 제조업,MANUFACTURING,제조업,False,True,sub_unit,False,,,,,,,,,,,,,,,
2419,기타 1차 철강 제조업,기타 1차 철강 제조업,기타 1차 철강 제조업,detail,4,False,241,2,24.0,241.0,2419.0,,제조업,1차 금속 제조업,1차 철강 제조업,기타 1차 철강 제조업,,제조업,2/24/241/2419, / 1차 금속 제조업 / 1차 철강 제조업 / 기타 1차 철강 제조업,MANUFACTURING,제조업,False,True,sub_unit,False,,,,,,,,,,,,,,,
2421,"비철금속 제련, 정련 및 합금 제조업","비철금속 제련, 정련 및 합금 제조업","비철금속 제련, 정련 및 합금 제조업",detail,4,False,242,2,24.0,242.0,2421.0,,제조업,1차 금속 제조업,1차 비철금속 제조업,"비철금속 제련, 정련 및 합금 제조업",,제조업,2/24/242/2421," / 1차 금속 제조업 / 1차 비철금속 제조업 / 비철금속 제련, 정련 및 합금 제조업",MANUFACTURING,제조업,False,True,sub_unit,False,,,,,,,,,,,,,,,
2422,"비철금속 압연, 압출 및 연신제품 제조업","비철금속 압연, 압출 및 연신제품 제조업","비철금속 압연, 압출 및 연신제품 제조업",detail,4,False,242,2,24.0,242.0,2422.0,,제조업,1차 금속 제조업,1차 비철금속 제조업,"비철금속 압연, 압출 및 연신제품 제조업",,제조업,2/24/242/2422," / 1차 금속 제조업 / 1차 비철금속 제조업 / 비철금속 압연, 압출 및 연신제품 제조업",MANUFACTURING,제조업,False,True,sub_unit,False,,,,,,,,,,,,,,,
2429,기타 1차 비철금속 제조업,기타 1차 비철금속 제조업,기타 1차 비철금속 제조업,detail,4,False,242,2,24.0,242.0,2429.0,,제조업,1차 금속 제조업,1차 비철금속 제조업,기타 1차 비철금속 제조업,,제조업,2/24/242/2429, / 1차 금속 제조업 / 1차 비철금속 제조업 / 기타 1차 비철금속 제조업,MANUFACTURING,제조업,False,True,sub_unit,False,,,,,,,,,,,,,,,
2431,철강 주조업,철강 주조업,철강 주조업,detail,4,False,243,2,24.0,243.0,2431.0,,제조업,1차 금속 제조업,금속 주조업,철강 주조업,,제조업,2/24/243/2431, / 1차 금속 제조업 / 금속 주조업 / 철강 주조업,MANUFACTURING,제조업,False,True,sub_unit,False,,,,,,,,,,,,,,,
2432,비철금속 주조업,비철금속 주조업,비철금속 주조업,detail,4,False,243,2,24.0,243.0,2432.0,,제조업,1차 금속 제조업,금속 주조업,비철금속 주조업,,제조업,2/24/243/2432, / 1차 금속 제조업 / 금속 주조업 / 비철금속 주조업,MANUFACTURING,제조업,False,True,sub_unit,False,,,,,,,,,,,,,,,
2511,구조용 금속제품 제조업,구조용 금속제품 제조업,구조용 금속제품 제조업,detail,4,False,251,2,25.0,251.0,2511.0,,제조업,"금속 가공제품 제조업, 기계 및 가구 제외","구조용 금속제품, 탱크 및 증기발생기 제조업",구조용 금속제품 제조업,,제조업,2/25/251/2511," / 금속 가공제품 제조업, 기계 및 가구 제외 / 구조용 금속제품, 탱크 및 증기발생기 제조업 / 구조용 금속제품 제조업",MANUFACTURING,제조업,False,True,sub_unit,False,,,,,,,,,,,,,,,
2512,"산업용 난방 보일러, 금속탱크 및 유사 용기 제조업","산업용 난방 보일러, 금속탱크 및 유사 용기 제조업","산업용 난방 보일러, 금속탱크 및 유사 용기 제조업",detail,4,False,251,2,25.0,251.0,2512.0,,제조업,"금속 가공제품 제조업, 기계 및 가구 제외","구조용 금속제품, 탱크 및 증기발생기 제조업","산업용 난방 보일러, 금속탱크 및 유사 용기 제조업",,제조업,2/25/251/2512," / 금속 가공제품 제조업, 기계 및 가구 제외 / 구조용 금속제품, 탱크 및 증기발생기 제조업 / 산업용 난방 보일러, 금속탱크 및 유사 용기 제조업",MANUFACTURING,제조업,False,True,sub_unit,False,,,,,,,,,,,,,,,
2513,핵반응기 및 증기보일러 제조업,핵반응기 및 증기보일러 제조업,핵반응기 및 증기보일러 제조업,detail,4,False,251,2,25.0,251.0,2513.0,,제조업,"금속 가공제품 제조업, 기계 및 가구 제외","구조용 금속제품, 탱크 및 증기발생기 제조업",핵반응기 및 증기보일러 제조업,,제조업,2/25/251/2513," / 금속 가공제품 제조업, 기계 및 가구 제외 / 구조용 금속제품, 탱크 및 증기발생기 제조업 / 핵반응기 및 증기보일러 제조업",MANUFACTURING,제조업,False,True,sub_unit,False,,,,,,,,,,,,,,,
2520,무기 및 총포탄 제조업,무기 및 총포탄 제조업,무기 및 총포탄 제조업,detail,4,False,252,2,25.0,252.0,2520.0,,제조업,"금속 가공제품 제조업, 기계 및 가구 제외",무기 및 총포탄 제조업,무기 및 총포탄 제조업,,제조업,2/25/252/2520," / 금속 가공제품 제조업, 기계 및 가구 제외 / 무기 및 총포탄 제조업 / 무기 및 총포탄 제조업",MANUFACTURING,제조업,False,True,sub_unit,False,,,,,,,,,,,,,,,
2591,"금속 단조, 압형 및 분말 야금제품 제조업","금속 단조, 압형 및 분말 야금제품 제조업","금속 단조, 압형 및 분말 야금제품 제조업",detail,4,False,259,2,25.0,259.0,2591.0,,제조업,"금속 가공제품 제조업, 기계 및 가구 제외",기타 금속 가공제품 제조업,"금속 단조, 압형 및 분말 야금제품 제조업",,제조업,2/25/259/2591," / 금속 가공제품 제조업, 기계 및 가구 제외 / 기타 금속 가공제품 제조업 / 금속 단조, 압형 및 분말 야금제품 제조업",MANUFACTURING,제조업,False,True,sub_unit,False,,,,,,,,,,,,,,,
2592,"금속 열처리, 도금 및 기타 금속 가공업","금속 열처리, 도금 및 기타 금속 가공업","금속 열처리, 도금 및 기타 금속 가공업",detail,4,False,259,2,25.0,259.0,2592.0,,제조업,"금속 가공제품 제조업, 기계 및 가구 제외",기타 금속 가공제품 제조업,"금속 열처리, 도금 및 기타 금속 가공업",,제조업,2/25/259/2592," / 금속 가공제품 제조업, 기계 및 가구 제외 / 기타 금속 가공제품 제조업 / 금속 열처리, 도금 및 기타 금속 가공업",MANUFACTURING,제조업,False,True,sub_unit,False,,,,,,,,,,,,,,,
2593,"날붙이, 수공구 및 일반 철물 제조업","날붙이, 수공구 및 일반 철물 제조업","날붙이, 수공구 및 일반 철물 제조업",detail,4,False,259,2,25.0,259.0,2593.0,,제조업,"금속 가공제품 제조업, 기계 및 가구 제외",기타 금속 가공제품 제조업,"날붙이, 수공구 및 일반 철물 제조업",,제조업,2/25/259/2593," / 금속 가공제품 제조업, 기계 및 가구 제외 / 기타 금속 가공제품 제조업 / 날붙이, 수공구 및 일반 철물 제조업",MANUFACTURING,제조업,False,True,sub_unit,False,,,,,,,,,,,,,,,
2594,"금속 파스너, 스프링 및 금속선 가공제품 제조업","금속 파스너, 스프링 및 금속선 가공제품 제조업","금속 파스너, 스프링 및 금속선 가공제품 제조업",detail,4,False,259,2,25.0,259.0,2594.0,,제조업,"금속 가공제품 제조업, 기계 및 가구 제외",기타 금속 가공제품 제조업,"금속 파스너, 스프링 및 금속선 가공제품 제조업",,제조업,2/25/259/2594," / 금속 가공제품 제조업, 기계 및 가구 제외 / 기타 금속 가공제품 제조업 / 금속 파스너, 스프링 및 금속선 가공제품 제조업",MANUFACTURING,제조업,False,True,sub_unit,False,,,,,,,,,,,,,,,
2599,그 외 기타 금속 가공제품 제조업,그 외 기타 금속 가공제품 제조업,그 외 기타 금속 가공제품 제조업,detail,4,False,259,2,25.0,259.0,2599.0,,제조업,"금속 가공제품 제조업, 기계 및 가구 제외",기타 금속 가공제품 제조업,그 외 기타 금속 가공제품 제조업,,제조업,2/25/259/2599," / 금속 가공제품 제조업, 기계 및 가구 제외 / 기타 금속 가공제품 제조업 / 그 외 기타 금속 가공제품 제조업",MANUFACTURING,제조업,False,True,sub_unit,False,,,,,,,,,,,,,,,
2611,전자집적회로 제조업,전자집적회로 제조업,전자집적회로 제조업,detail,4,False,261,2,26.0,261.0,2611.0,,제조업,"전자 부품, 컴퓨터, 영상, 음향 및 통신장비 제조업",반도체 제조업,전자집적회로 제조업,,제조업,2/26/261/2611," / 전자 부품, 컴퓨터, 영상, 음향 및 통신장비 제조업 / 반도체 제조업 / 전자집적회로 제조업",MANUFACTURING,제조업,False,True,sub_unit,False,,,,,,,,,,,,,,,
2612,"다이오드, 트랜지스터 및 유사 반도체 소자 제조업","다이오드, 트랜지스터 및 유사 반도체 소자 제조업","다이오드, 트랜지스터 및 유사 반도체 소자 제조업",detail,4,False,261,2,26.0,261.0,2612.0,,제조업,"전자 부품, 컴퓨터, 영상, 음향 및 통신장비 제조업",반도체 제조업,"다이오드, 트랜지스터 및 유사 반도체 소자 제조업",,제조업,2/26/261/2612," / 전자 부품, 컴퓨터, 영상, 음향 및 통신장비 제조업 / 반도체 제조업 / 다이오드, 트랜지스터 및 유사 반도체 소자 제조업",MANUFACTURING,제조업,False,True,sub_unit,False,,,,,,,,,,,,,,,
2621,표시장치 제조업,표시장치 제조업,표시장치 제조업,detail,4,False,262,2,26.0,262.0,2621.0,,제조업,"전자 부품, 컴퓨터, 영상, 음향 및 통신장비 제조업",전자 부품 제조업,표시장치 제조업,,제조업,2/26/262/2621," / 전자 부품, 컴퓨터, 영상, 음향 및 통신장비 제조업 / 전자 부품 제조업 / 표시장치 제조업",MANUFACTURING,제조업,False,True,sub_unit,False,,,,,,,,,,,,,,,
2622,인쇄회로기판 및 전자부품 실장기판 제조업,인쇄회로기판 및 전자부품 실장기판 제조업,인쇄회로기판 및 전자부품 실장기판 제조업,detail,4,False,262,2,26.0,262.0,2622.0,,제조업,"전자 부품, 컴퓨터, 영상, 음향 및 통신장비 제조업",전자 부품 제조업,인쇄회로기판 및 전자부품 실장기판 제조업,,제조업,2/26/262/2622," / 전자 부품, 컴퓨터, 영상, 음향 및 통신장비 제조업 / 전자 부품 제조업 / 인쇄회로기판 및 전자부품 실장기판 제조업",MANUFACTURING,제조업,False,True,sub_unit,False,,,,,,,,,,,,,,,
2629,기타 전자 부품 제조업,기타 전자 부품 제조업,기타 전자 부품 제조업,detail,4,False,262,2,26.0,262.0,2629.0,,제조업,"전자 부품, 컴퓨터, 영상, 음향 및 통신장비 제조업",전자 부품 제조업,기타 전자 부품 제조업,,제조업,2/26/262/2629," / 전자 부품, 컴퓨터, 영상, 음향 및 통신장비 제조업 / 전자 부품 제조업 / 기타 전자 부품 제조업",MANUFACTURING,제조업,False,True,sub_unit,False,,,,,,,,,,,,,,,
2631,컴퓨터 제조업,컴퓨터 제조업,컴퓨터 제조업,detail,4,False,263,2,26.0,263.0,2631.0,,제조업,"전자 부품, 컴퓨터, 영상, 음향 및 통신장비 제조업",컴퓨터 및 주변 장치 제조업,컴퓨터 제조업,,제조업,2/26/263/2631," / 전자 부품, 컴퓨터, 영상, 음향 및 통신장비 제조업 / 컴퓨터 및 주변 장치 제조업 / 컴퓨터 제조업",MANUFACTURING,제조업,False,True,sub_unit,False,,,,,,,,,,,,,,,
2632,기억 장치 및 주변 기기 제조업,기억 장치 및 주변 기기 제조업,기억 장치 및 주변 기기 제조업,detail,4,False,263,2,26.0,263.0,2632.0,,제조업,"전자 부품, 컴퓨터, 영상, 음향 및 통신장비 제조업",컴퓨터 및 주변 장치 제조업,기억 장치 및 주변 기기 제조업,,제조업,2/26/263/2632," / 전자 부품, 컴퓨터, 영상, 음향 및 통신장비 제조업 / 컴퓨터 및 주변 장치 제조업 / 기억 장치 및 주변 기기 제조업",MANUFACTURING,제조업,False,True,sub_unit,False,,,,,,,,,,,,,,,
2641,유선 통신장비 제조업,유선 통신장비 제조업,유선 통신장비 제조업,detail,4,False,264,2,26.0,264.0,2641.0,,제조업,"전자 부품, 컴퓨터, 영상, 음향 및 통신장비 제조업",통신 및 방송장비 제조업,유선 통신장비 제조업,,제조업,2/26/264/2641," / 전자 부품, 컴퓨터, 영상, 음향 및 통신장비 제조업 / 통신 및 방송장비 제조업 / 유선 통신장비 제조업",MANUFACTURING,제조업,False,True,sub_unit,False,,,,,,,,,,,,,,,
2642,방송 및 무선 통신장비 제조업,방송 및 무선 통신장비 제조업,방송 및 무선 통신장비 제조업,detail,4,False,264,2,26.0,264.0,2642.0,,제조업,"전자 부품, 컴퓨터, 영상, 음향 및 통신장비 제조업",통신 및 방송장비 제조업,방송 및 무선 통신장비 제조업,,제조업,2/26/264/2642," / 전자 부품, 컴퓨터, 영상, 음향 및 통신장비 제조업 / 통신 및 방송장비 제조업 / 방송 및 무선 통신장비 제조업",MANUFACTURING,제조업,False,True,sub_unit,False,,,,,,,,,,,,,,,
2651,"텔레비전, 비디오 및 기타 영상 기기 제조업","텔레비전, 비디오 및 기타 영상 기기 제조업","텔레비전, 비디오 및 기타 영상 기기 제조업",detail,4,False,265,2,26.0,265.0,2651.0,,제조업,"전자 부품, 컴퓨터, 영상, 음향 및 통신장비 제조업",영상 및 음향 기기 제조업,"텔레비전, 비디오 및 기타 영상 기기 제조업",,제조업,2/26/265/2651," / 전자 부품, 컴퓨터, 영상, 음향 및 통신장비 제조업 / 영상 및 음향 기기 제조업 / 텔레비전, 비디오 및 기타 영상 기기 제조업",MANUFACTURING,제조업,False,True,sub_unit,False,,,,,,,,,,,,,,,
2652,"오디오, 스피커 및 기타 음향 기기 제조업","오디오, 스피커 및 기타 음향 기기 제조업","오디오, 스피커 및 기타 음향 기기 제조업",detail,4,False,265,2,26.0,265.0,2652.0,,제조업,"전자 부품, 컴퓨터, 영상, 음향 및 통신장비 제조업",영상 및 음향 기기 제조업,"오디오, 스피커 및 기타 음향 기기 제조업",,제조업,2/26/265/2652," / 전자 부품, 컴퓨터, 영상, 음향 및 통신장비 제조업 / 영상 및 음향 기기 제조업 / 오디오, 스피커 및 기타 음향 기기 제조업",MANUFACTURING,제조업,False,True,sub_unit,False,,,,,,,,,,,,,,,
2660,마그네틱 및 광학 매체 제조업,마그네틱 및 광학 매체 제조업,마그네틱 및 광학 매체 제조업,detail,4,False,266,2,26.0,266.0,2660.0,,제조업,"전자 부품, 컴퓨터, 영상, 음향 및 통신장비 제조업",마그네틱 및 광학 매체 제조업,마그네틱 및 광학 매체 제조업,,제조업,2/26/266/2660," / 전자 부품, 컴퓨터, 영상, 음향 및 통신장비 제조업 / 마그네틱 및 광학 매체 제조업 / 마그네틱 및 광학 매체 제조업",MANUFACTURING,제조업,False,True,sub_unit,False,,,,,,,,,,,,,,,
2711,방사선 장치 및 전기식 진단 기기 제조업,방사선 장치 및 전기식 진단 기기 제조업,방사선 장치 및 전기식 진단 기기 제조업,detail,4,False,271,2,27.0,271.0,2711.0,,제조업,"의료, 정밀, 광학 기기 및 시계 제조업",의료용 기기 제조업,방사선 장치 및 전기식 진단 기기 제조업,,제조업,2/27/271/2711," / 의료, 정밀, 광학 기기 및 시계 제조업 / 의료용 기기 제조업 / 방사선 장치 및 전기식 진단 기기 제조업",MANUFACTURING,제조업,False,True,sub_unit,False,,,,,,,,,,,,,,,
2719,기타 의료용 기기 제조업,기타 의료용 기기 제조업,기타 의료용 기기 제조업,detail,4,False,271,2,27.0,271.0,2719.0,,제조업,"의료, 정밀, 광학 기기 및 시계 제조업",의료용 기기 제조업,기타 의료용 기기 제조업,,제조업,2/27/271/2719," / 의료, 정밀, 광학 기기 및 시계 제조업 / 의료용 기기 제조업 / 기타 의료용 기기 제조업",MANUFACTURING,제조업,False,True,sub_unit,False,,,,,,,,,,,,,,,
2721,"측정, 시험, 항해, 제어 및 기타 정밀 기기 제조업","측정, 시험, 항해, 제어 및 기타 정밀 기기 제조업","측정, 시험, 항해, 제어 및 기타 정밀 기기 제조업",detail,4,False,272,2,27.0,272.0,2721.0,,제조업,"의료, 정밀, 광학 기기 및 시계 제조업","측정, 시험, 항해, 제어 및 기타 정밀 기기 제조업, 광학 기기 제외","측정, 시험, 항해, 제어 및 기타 정밀 기기 제조업",,제조업,2/27/272/2721," / 의료, 정밀, 광학 기기 및 시계 제조업 / 측정, 시험, 항해, 제어 및 기타 정밀 기기 제조업, 광학 기기 제외 / 측정, 시험, 항해, 제어 및 기타 정밀 기기 제조업",MANUFACTURING,제조업,False,True,sub_unit,False,,,,,,,,,,,,,,,
2722,시계 및 시계 부품 제조업,시계 및 시계 부품 제조업,시계 및 시계 부품 제조업,detail,4,False,272,2,27.0,272.0,2722.0,,제조업,"의료, 정밀, 광학 기기 및 시계 제조업","측정, 시험, 항해, 제어 및 기타 정밀 기기 제조업, 광학 기기 제외",시계 및 시계 부품 제조업,,제조업,2/27/272/2722," / 의료, 정밀, 광학 기기 및 시계 제조업 / 측정, 시험, 항해, 제어 및 기타 정밀 기기 제조업, 광학 기기 제외 / 시계 및 시계 부품 제조업",MANUFACTURING,제조업,False,True,sub_unit,False,,,,,,,,,,,,,,,
2730,사진장비 및 광학기기 제조업,사진장비 및 광학기기 제조업,사진장비 및 광학기기 제조업,detail,4,False,273,2,27.0,273.0,2730.0,,제조업,"의료, 정밀, 광학 기기 및 시계 제조업",사진장비 및 광학 기기 제조업,사진장비 및 광학기기 제조업,,제조업,2/27/273/2730," / 의료, 정밀, 광학 기기 및 시계 제조업 / 사진장비 및 광학 기기 제조업 / 사진장비 및 광학기기 제조업",MANUFACTURING,제조업,False,True,sub_unit,False,,,,,,,,,,,,,,,
2811,"전동기, 발전기 및 전기 변환장치 제조업","전동기, 발전기 및 전기 변환장치 제조업","전동기, 발전기 및 전기 변환장치 제조업",detail,4,False,281,2,28.0,281.0,2811.0,,제조업,전기장비 제조업,"전동기, 발전기 및 전기 변환ㆍ공급ㆍ제어 장치 제조업","전동기, 발전기 및 전기 변환장치 제조업",,제조업,2/28/281/2811," / 전기장비 제조업 / 전동기, 발전기 및 전기 변환ㆍ공급ㆍ제어 장치 제조업 / 전동기, 발전기 및 전기 변환장치 제조업",MANUFACTURING,제조업,False,True,sub_unit,False,,,,,,,,,,,,,,,
2812,전기 공급 및 제어장치 제조업,전기 공급 및 제어장치 제조업,전기 공급 및 제어장치 제조업,detail,4,False,281,2,28.0,281.0,2812.0,,제조업,전기장비 제조업,"전동기, 발전기 및 전기 변환ㆍ공급ㆍ제어 장치 제조업",전기 공급 및 제어장치 제조업,,제조업,2/28/281/2812," / 전기장비 제조업 / 전동기, 발전기 및 전기 변환ㆍ공급ㆍ제어 장치 제조업 / 전기 공급 및 제어장치 제조업",MANUFACTURING,제조업,False,True,sub_unit,False,,,,,,,,,,,,,,,
2820,일차전지 및 이차전지 제조업,일차전지 및 이차전지 제조업,일차전지 및 이차전지 제조업,detail,4,False,282,2,28.0,282.0,2820.0,,제조업,전기장비 제조업,일차전지 및 이차전지 제조업,일차전지 및 이차전지 제조업,,제조업,2/28/282/2820, / 전기장비 제조업 / 일차전지 및 이차전지 제조업 / 일차전지 및 이차전지 제조업,MANUFACTURING,제조업,False,True,sub_unit,False,,,,,,,,,,,,,,,
2830,절연선 및 케이블 제조업,절연선 및 케이블 제조업,절연선 및 케이블 제조업,detail,4,False,283,2,28.0,283.0,2830.0,,제조업,전기장비 제조업,절연선 및 케이블 제조업,절연선 및 케이블 제조업,,제조업,2/28/283/2830, / 전기장비 제조업 / 절연선 및 케이블 제조업 / 절연선 및 케이블 제조업,MANUFACTURING,제조업,False,True,sub_unit,False,,,,,,,,,,,,,,,
2841,전구 및 램프 제조업,전구 및 램프 제조업,전구 및 램프 제조업,detail,4,False,284,2,28.0,284.0,2841.0,,제조업,전기장비 제조업,전구 및 조명장치 제조업,전구 및 램프 제조업,,제조업,2/28/284/2841, / 전기장비 제조업 / 전구 및 조명장치 제조업 / 전구 및 램프 제조업,MANUFACTURING,제조업,False,True,sub_unit,False,,,,,,,,,,,,,,,
2842,조명장치 제조업,조명장치 제조업,조명장치 제조업,detail,4,False,284,2,28.0,284.0,2842.0,,제조업,전기장비 제조업,전구 및 조명장치 제조업,조명장치 제조업,,제조업,2/28/284/2842, / 전기장비 제조업 / 전구 및 조명장치 제조업 / 조명장치 제조업,MANUFACTURING,제조업,False,True,sub_unit,False,,,,,,,,,,,,,,,
2851,가정용 전기 기기 제조업,가정용 전기 기기 제조업,가정용 전기 기기 제조업,detail,4,False,285,2,28.0,285.0,2851.0,,제조업,전기장비 제조업,가정용 기기 제조업,가정용 전기 기기 제조업,,제조업,2/28/285/2851, / 전기장비 제조업 / 가정용 기기 제조업 / 가정용 전기 기기 제조업,MANUFACTURING,제조업,False,True,sub_unit,False,,,,,,,,,,,,,,,
2852,가정용 비전기식 조리 및 난방 기구 제조업,가정용 비전기식 조리 및 난방 기구 제조업,가정용 비전기식 조리 및 난방 기구 제조업,detail,4,False,285,2,28.0,285.0,2852.0,,제조업,전기장비 제조업,가정용 기기 제조업,가정용 비전기식 조리 및 난방 기구 제조업,,제조업,2/28/285/2852, / 전기장비 제조업 / 가정용 기기 제조업 / 가정용 비전기식 조리 및 난방 기구 제조업,MANUFACTURING,제조업,False,True,sub_unit,False,,,,,,,,,,,,,,,
2890,기타 전기장비 제조업,기타 전기장비 제조업,기타 전기장비 제조업,detail,4,False,289,2,28.0,289.0,2890.0,,제조업,전기장비 제조업,기타 전기장비 제조업,기타 전기장비 제조업,,제조업,2/28/289/2890, / 전기장비 제조업 / 기타 전기장비 제조업 / 기타 전기장비 제조업,MANUFACTURING,제조업,False,True,sub_unit,False,,,,,,,,,,,,,,,
2911,"내연기관 및 터빈 제조업, 항공기용 및 차량용 제외",내연기관 및 터빈 제조업; 항공기용 및 차량용 제외,"내연기관 및 터빈 제조업, 항공기용 및 차량용 제외",detail,4,False,291,2,29.0,291.0,2911.0,,제조업,기타 기계 및 장비 제조업,일반 목적용 기계 제조업,"내연기관 및 터빈 제조업, 항공기용 및 차량용 제외",,제조업,2/29/291/2911," / 기타 기계 및 장비 제조업 / 일반 목적용 기계 제조업 / 내연기관 및 터빈 제조업, 항공기용 및 차량용 제외",MANUFACTURING,제조업,False,True,sub_unit,False,,,,,,,,,,,,,,,
2912,유압 기기 제조업,유압 기기 제조업,유압 기기 제조업,detail,4,False,291,2,29.0,291.0,2912.0,,제조업,기타 기계 및 장비 제조업,일반 목적용 기계 제조업,유압 기기 제조업,,제조업,2/29/291/2912, / 기타 기계 및 장비 제조업 / 일반 목적용 기계 제조업 / 유압 기기 제조업,MANUFACTURING,제조업,False,True,sub_unit,False,,,,,,,,,,,,,,,
2913,"펌프 및 압축기 제조업, 탭, 밸브 및 유사 장치 제조 포함","펌프 및 압축기 제조업; 탭, 밸브 및 유사 장치 제조 포함","펌프 및 압축기 제조업, 탭, 밸브 및 유사 장치 제조 포함",detail,4,False,291,2,29.0,291.0,2913.0,,제조업,기타 기계 및 장비 제조업,일반 목적용 기계 제조업,"펌프 및 압축기 제조업, 탭, 밸브 및 유사 장치 제조 포함",,제조업,2/29/291/2913," / 기타 기계 및 장비 제조업 / 일반 목적용 기계 제조업 / 펌프 및 압축기 제조업, 탭, 밸브 및 유사 장치 제조 포함",MANUFACTURING,제조업,False,True,sub_unit,False,,,,,,,,,,,,,,,
2914,"베어링, 기어 및 동력 전달장치 제조업","베어링, 기어 및 동력 전달장치 제조업","베어링, 기어 및 동력 전달장치 제조업",detail,4,False,291,2,29.0,291.0,2914.0,,제조업,기타 기계 및 장비 제조업,일반 목적용 기계 제조업,"베어링, 기어 및 동력 전달장치 제조업",,제조업,2/29/291/2914," / 기타 기계 및 장비 제조업 / 일반 목적용 기계 제조업 / 베어링, 기어 및 동력 전달장치 제조업",MANUFACTURING,제조업,False,True,sub_unit,False,,,,,,,,,,,,,,,
2915,"산업용 오븐, 노 및 노용 버너 제조업","산업용 오븐, 노 및 노용 버너 제조업","산업용 오븐, 노 및 노용 버너 제조업",detail,4,False,291,2,29.0,291.0,2915.0,,제조업,기타 기계 및 장비 제조업,일반 목적용 기계 제조업,"산업용 오븐, 노 및 노용 버너 제조업",,제조업,2/29/291/2915," / 기타 기계 및 장비 제조업 / 일반 목적용 기계 제조업 / 산업용 오븐, 노 및 노용 버너 제조업",MANUFACTURING,제조업,False,True,sub_unit,False,,,,,,,,,,,,,,,
2916,"산업용 트럭, 승강기 및 물품 취급장비 제조업","산업용 트럭, 승강기 및 물품 취급장비 제조업","산업용 트럭, 승강기 및 물품 취급장비 제조업",detail,4,False,291,2,29.0,291.0,2916.0,,제조업,기타 기계 및 장비 제조업,일반 목적용 기계 제조업,"산업용 트럭, 승강기 및 물품 취급장비 제조업",,제조업,2/29/291/2916," / 기타 기계 및 장비 제조업 / 일반 목적용 기계 제조업 / 산업용 트럭, 승강기 및 물품 취급장비 제조업",MANUFACTURING,제조업,False,True,sub_unit,False,,,,,,,,,,,,,,,
2917,"냉각, 공기 조화, 여과, 증류 및 가스 발생기 제조업","냉각, 공기 조화, 여과, 증류 및 가스 발생기 제조업","냉각, 공기 조화, 여과, 증류 및 가스 발생기 제조업",detail,4,False,291,2,29.0,291.0,2917.0,,제조업,기타 기계 및 장비 제조업,일반 목적용 기계 제조업,"냉각, 공기 조화, 여과, 증류 및 가스 발생기 제조업",,제조업,2/29/291/2917," / 기타 기계 및 장비 제조업 / 일반 목적용 기계 제조업 / 냉각, 공기 조화, 여과, 증류 및 가스 발생기 제조업",MANUFACTURING,제조업,False,True,sub_unit,False,,,,,,,,,,,,,,,
2918,사무용 기계 및 장비 제조업,사무용 기계 및 장비 제조업,사무용 기계 및 장비 제조업,detail,4,False,291,2,29.0,291.0,2918.0,,제조업,기타 기계 및 장비 제조업,일반 목적용 기계 제조업,사무용 기계 및 장비 제조업,,제조업,2/29/291/2918, / 기타 기계 및 장비 제조업 / 일반 목적용 기계 제조업 / 사무용 기계 및 장비 제조업,MANUFACTURING,제조업,False,True,sub_unit,False,,,,,,,,,,,,,,,
2919,기타 일반 목적용 기계 제조업,기타 일반 목적용 기계 제조업,기타 일반 목적용 기계 제조업,detail,4,False,291,2,29.0,291.0,2919.0,,제조업,기타 기계 및 장비 제조업,일반 목적용 기계 제조업,기타 일반 목적용 기계 제조업,,제조업,2/29/291/2919, / 기타 기계 및 장비 제조업 / 일반 목적용 기계 제조업 / 기타 일반 목적용 기계 제조업,MANUFACTURING,제조업,False,True,sub_unit,False,,,,,,,,,,,,,,,
2921,농업 및 임업용 기계 제조업,농업 및 임업용 기계 제조업,농업 및 임업용 기계 제조업,detail,4,False,292,2,29.0,292.0,2921.0,,제조업,기타 기계 및 장비 제조업,특수 목적용 기계 제조업,농업 및 임업용 기계 제조업,,제조업,2/29/292/2921, / 기타 기계 및 장비 제조업 / 특수 목적용 기계 제조업 / 농업 및 임업용 기계 제조업,MANUFACTURING,제조업,False,True,sub_unit,False,,,,,,,,,,,,,,,
2922,가공 공작기계 제조업,가공 공작기계 제조업,가공 공작기계 제조업,detail,4,False,292,2,29.0,292.0,2922.0,,제조업,기타 기계 및 장비 제조업,특수 목적용 기계 제조업,가공 공작기계 제조업,,제조업,2/29/292/2922, / 기타 기계 및 장비 제조업 / 특수 목적용 기계 제조업 / 가공 공작기계 제조업,MANUFACTURING,제조업,False,True,sub_unit,False,,,,,,,,,,,,,,,
2923,금속 주조 및 기타 야금용 기계 제조업,금속 주조 및 기타 야금용 기계 제조업,금속 주조 및 기타 야금용 기계 제조업,detail,4,False,292,2,29.0,292.0,2923.0,,제조업,기타 기계 및 장비 제조업,특수 목적용 기계 제조업,금속 주조 및 기타 야금용 기계 제조업,,제조업,2/29/292/2923, / 기타 기계 및 장비 제조업 / 특수 목적용 기계 제조업 / 금속 주조 및 기타 야금용 기계 제조업,MANUFACTURING,제조업,False,True,sub_unit,False,,,,,,,,,,,,,,,
2924,건설 및 광업용 기계장비 제조업,건설 및 광업용 기계장비 제조업,건설 및 광업용 기계장비 제조업,detail,4,False,292,2,29.0,292.0,2924.0,,제조업,기타 기계 및 장비 제조업,특수 목적용 기계 제조업,건설 및 광업용 기계장비 제조업,,제조업,2/29/292/2924, / 기타 기계 및 장비 제조업 / 특수 목적용 기계 제조업 / 건설 및 광업용 기계장비 제조업,MANUFACTURING,제조업,False,True,sub_unit,False,,,,,,,,,,,,,,,
2925,음ㆍ식료품 및 담배 가공기계 제조업,음ㆍ식료품 및 담배 가공기계 제조업,음ㆍ식료품 및 담배 가공기계 제조업,detail,4,False,292,2,29.0,292.0,2925.0,,제조업,기타 기계 및 장비 제조업,특수 목적용 기계 제조업,음ㆍ식료품 및 담배 가공기계 제조업,,제조업,2/29/292/2925, / 기타 기계 및 장비 제조업 / 특수 목적용 기계 제조업 / 음ㆍ식료품 및 담배 가공기계 제조업,MANUFACTURING,제조업,False,True,sub_unit,False,,,,,,,,,,,,,,,
2926,"섬유, 의복 및 가죽 가공기계 제조업","섬유, 의복 및 가죽 가공기계 제조업","섬유, 의복 및 가죽 가공기계 제조업",detail,4,False,292,2,29.0,292.0,2926.0,,제조업,기타 기계 및 장비 제조업,특수 목적용 기계 제조업,"섬유, 의복 및 가죽 가공기계 제조업",,제조업,2/29/292/2926," / 기타 기계 및 장비 제조업 / 특수 목적용 기계 제조업 / 섬유, 의복 및 가죽 가공기계 제조업",MANUFACTURING,제조업,False,True,sub_unit,False,,,,,,,,,,,,,,,
2927,반도체 및 디스플레이 제조용 기계 제조업,반도체 및 디스플레이 제조용 기계 제조업,반도체 및 디스플레이 제조용 기계 제조업,detail,4,False,292,2,29.0,292.0,2927.0,,제조업,기타 기계 및 장비 제조업,특수 목적용 기계 제조업,반도체 및 디스플레이 제조용 기계 제조업,,제조업,2/29/292/2927, / 기타 기계 및 장비 제조업 / 특수 목적용 기계 제조업 / 반도체 및 디스플레이 제조용 기계 제조업,MANUFACTURING,제조업,False,True,sub_unit,False,,,,,,,,,,,,,,,
2928,산업용 로봇 제조업,산업용 로봇 제조업,산업용 로봇 제조업,detail,4,False,292,2,29.0,292.0,2928.0,,제조업,기타 기계 및 장비 제조업,특수 목적용 기계 제조업,산업용 로봇 제조업,,제조업,2/29/292/2928, / 기타 기계 및 장비 제조업 / 특수 목적용 기계 제조업 / 산업용 로봇 제조업,MANUFACTURING,제조업,False,True,sub_unit,False,,,,,,,,,,,,,,,
2929,기타 특수 목적용 기계 제조업,기타 특수 목적용 기계 제조업,기타 특수 목적용 기계 제조업,detail,4,False,292,2,29.0,292.0,2929.0,,제조업,기타 기계 및 장비 제조업,특수 목적용 기계 제조업,기타 특수 목적용 기계 제조업,,제조업,2/29/292/2929, / 기타 기계 및 장비 제조업 / 특수 목적용 기계 제조업 / 기타 특수 목적용 기계 제조업,MANUFACTURING,제조업,False,True,sub_unit,False,,,,,,,,,,,,,,,
3011,자동차용 엔진 제조업,자동차용 엔진 제조업,자동차용 엔진 제조업,detail,4,False,301,3,30.0,301.0,3011.0,,제조업,자동차 및 트레일러 제조업,자동차용 엔진 및 자동차 제조업,자동차용 엔진 제조업,,제조업,3/30/301/3011, / 자동차 및 트레일러 제조업 / 자동차용 엔진 및 자동차 제조업 / 자동차용 엔진 제조업,MANUFACTURING,제조업,False,True,sub_unit,False,,,,,,,,,,,,,,,
3012,자동차 제조업,자동차 제조업,자동차 제조업,detail,4,False,301,3,30.0,301.0,3012.0,,제조업,자동차 및 트레일러 제조업,자동차용 엔진 및 자동차 제조업,자동차 제조업,,제조업,3/30/301/3012, / 자동차 및 트레일러 제조업 / 자동차용 엔진 및 자동차 제조업 / 자동차 제조업,MANUFACTURING,제조업,False,True,sub_unit,False,,,,,,,,,,,,,,,
3020,자동차 차체 및 트레일러 제조업,자동차 차체 및 트레일러 제조업,자동차 차체 및 트레일러 제조업,detail,4,False,302,3,30.0,302.0,3020.0,,제조업,자동차 및 트레일러 제조업,자동차 차체 및 트레일러 제조업,자동차 차체 및 트레일러 제조업,,제조업,3/30/302/3020, / 자동차 및 트레일러 제조업 / 자동차 차체 및 트레일러 제조업 / 자동차 차체 및 트레일러 제조업,MANUFACTURING,제조업,False,True,sub_unit,False,,,,,,,,,,,,,,,
3031,자동차 엔진용 신품 부품 제조업,자동차 엔진용 신품 부품 제조업,자동차 엔진용 신품 부품 제조업,detail,4,False,303,3,30.0,303.0,3031.0,,제조업,자동차 및 트레일러 제조업,자동차 신품 부품 제조업,자동차 엔진용 신품 부품 제조업,,제조업,3/30/303/3031, / 자동차 및 트레일러 제조업 / 자동차 신품 부품 제조업 / 자동차 엔진용 신품 부품 제조업,MANUFACTURING,제조업,False,True,sub_unit,False,,,,,,,,,,,,,,,
3032,자동차 차체용 신품 부품 제조업,자동차 차체용 신품 부품 제조업,자동차 차체용 신품 부품 제조업,detail,4,False,303,3,30.0,303.0,3032.0,,제조업,자동차 및 트레일러 제조업,자동차 신품 부품 제조업,자동차 차체용 신품 부품 제조업,,제조업,3/30/303/3032, / 자동차 및 트레일러 제조업 / 자동차 신품 부품 제조업 / 자동차 차체용 신품 부품 제조업,MANUFACTURING,제조업,False,True,sub_unit,False,,,,,,,,,,,,,,,
3033,자동차용 신품 동력 전달장치 및 전기장치 제조업,자동차용 신품 동력 전달장치 및 전기장치 제조업,자동차용 신품 동력 전달장치 및 전기장치 제조업,detail,4,False,303,3,30.0,303.0,3033.0,,제조업,자동차 및 트레일러 제조업,자동차 신품 부품 제조업,자동차용 신품 동력 전달장치 및 전기장치 제조업,,제조업,3/30/303/3033, / 자동차 및 트레일러 제조업 / 자동차 신품 부품 제조업 / 자동차용 신품 동력 전달장치 및 전기장치 제조업,MANUFACTURING,제조업,False,True,sub_unit,False,,,,,,,,,,,,,,,
3039,자동차용 기타 신품 부품 제조업,자동차용 기타 신품 부품 제조업,자동차용 기타 신품 부품 제조업,detail,4,False,303,3,30.0,303.0,3039.0,,제조업,자동차 및 트레일러 제조업,자동차 신품 부품 제조업,자동차용 기타 신품 부품 제조업,,제조업,3/30/303/3039, / 자동차 및 트레일러 제조업 / 자동차 신품 부품 제조업 / 자동차용 기타 신품 부품 제조업,MANUFACTURING,제조업,False,True,sub_unit,False,,,,,,,,,,,,,,,
3040,자동차 재제조 부품 제조업,자동차 재제조 부품 제조업,자동차 재제조 부품 제조업,detail,4,False,304,3,30.0,304.0,3040.0,,제조업,자동차 및 트레일러 제조업,자동차 재제조 부품 제조업,자동차 재제조 부품 제조업,,제조업,3/30/304/3040, / 자동차 및 트레일러 제조업 / 자동차 재제조 부품 제조업 / 자동차 재제조 부품 제조업,MANUFACTURING,제조업,False,True,sub_unit,False,,,,,,,,,,,,,,,
3111,선박 및 수상 부유 구조물 건조업,선박 및 수상 부유 구조물 건조업,선박 및 수상 부유 구조물 건조업,detail,4,False,311,3,31.0,311.0,3111.0,,제조업,기타 운송장비 제조업,선박 및 보트 건조업,선박 및 수상 부유 구조물 건조업,,제조업,3/31/311/3111, / 기타 운송장비 제조업 / 선박 및 보트 건조업 / 선박 및 수상 부유 구조물 건조업,MANUFACTURING,제조업,False,True,sub_unit,False,,,,,,,,,,,,,,,
3112,오락 및 스포츠용 보트 건조업,오락 및 스포츠용 보트 건조업,오락 및 스포츠용 보트 건조업,detail,4,False,311,3,31.0,311.0,3112.0,,제조업,기타 운송장비 제조업,선박 및 보트 건조업,오락 및 스포츠용 보트 건조업,,제조업,3/31/311/3112, / 기타 운송장비 제조업 / 선박 및 보트 건조업 / 오락 및 스포츠용 보트 건조업,MANUFACTURING,제조업,False,True,sub_unit,False,,,,,,,,,,,,,,,
3120,철도장비 제조업,철도장비 제조업,철도장비 제조업,detail,4,False,312,3,31.0,312.0,3120.0,,제조업,기타 운송장비 제조업,철도장비 제조업,철도장비 제조업,,제조업,3/31/312/3120, / 기타 운송장비 제조업 / 철도장비 제조업 / 철도장비 제조업,MANUFACTURING,제조업,False,True,sub_unit,False,,,,,,,,,,,,,,,
3131,"항공기, 우주선 및 보조장치 제조업","항공기, 우주선 및 보조장치 제조업","항공기, 우주선 및 보조장치 제조업",detail,4,False,313,3,31.0,313.0,3131.0,,제조업,기타 운송장비 제조업,"항공기, 우주선 및 부품 제조업","항공기, 우주선 및 보조장치 제조업",,제조업,3/31/313/3131," / 기타 운송장비 제조업 / 항공기, 우주선 및 부품 제조업 / 항공기, 우주선 및 보조장치 제조업",MANUFACTURING,제조업,False,True,sub_unit,False,,,,,,,,,,,,,,,
3132,항공기용 엔진 및 부품 제조업,항공기용 엔진 및 부품 제조업,항공기용 엔진 및 부품 제조업,detail,4,False,313,3,31.0,313.0,3132.0,,제조업,기타 운송장비 제조업,"항공기, 우주선 및 부품 제조업",항공기용 엔진 및 부품 제조업,,제조업,3/31/313/3132," / 기타 운송장비 제조업 / 항공기, 우주선 및 부품 제조업 / 항공기용 엔진 및 부품 제조업",MANUFACTURING,제조업,False,True,sub_unit,False,,,,,,,,,,,,,,,
3191,전투용 차량 제조업,전투용 차량 제조업,전투용 차량 제조업,detail,4,False,319,3,31.0,319.0,3191.0,,제조업,기타 운송장비 제조업,그 외 기타 운송장비 제조업,전투용 차량 제조업,,제조업,3/31/319/3191, / 기타 운송장비 제조업 / 그 외 기타 운송장비 제조업 / 전투용 차량 제조업,MANUFACTURING,제조업,False,True,sub_unit,False,,,,,,,,,,,,,,,
3192,모터사이클 및 개인용 전기식 이동수단 제조업,모터사이클 및 개인용 전기식 이동수단 제조업,모터사이클 및 개인용 전기식 이동수단 제조업,detail,4,False,319,3,31.0,319.0,3192.0,,제조업,기타 운송장비 제조업,그 외 기타 운송장비 제조업,모터사이클 및 개인용 전기식 이동수단 제조업,,제조업,3/31/319/3192, / 기타 운송장비 제조업 / 그 외 기타 운송장비 제조업 / 모터사이클 및 개인용 전기식 이동수단 제조업,MANUFACTURING,제조업,False,True,sub_unit,False,,,,,,,,,,,,,,,
3199,그 외 기타 분류 안된 운송장비 제조업,그 외 기타 분류 안된 운송장비 제조업,그 외 기타 분류 안된 운송장비 제조업,detail,4,False,319,3,31.0,319.0,3199.0,,제조업,기타 운송장비 제조업,그 외 기타 운송장비 제조업,그 외 기타 분류 안된 운송장비 제조업,,제조업,3/31/319/3199, / 기타 운송장비 제조업 / 그 외 기타 운송장비 제조업 / 그 외 기타 분류 안된 운송장비 제조업,MANUFACTURING,제조업,False,True,sub_unit,False,,,,,,,,,,,,,,,
3201,침대 및 내장 가구 제조업,침대 및 내장 가구 제조업,침대 및 내장 가구 제조업,detail,4,False,320,3,32.0,320.0,3201.0,,제조업,가구 제조업,가구 제조업,침대 및 내장 가구 제조업,,제조업,3/32/320/3201, / 가구 제조업 / 가구 제조업 / 침대 및 내장 가구 제조업,MANUFACTURING,제조업,False,True,sub_unit,False,,,,,,,,,,,,,,,
3202,목재 가구 제조업,목재 가구 제조업,목재 가구 제조업,detail,4,False,320,3,32.0,320.0,3202.0,,제조업,가구 제조업,가구 제조업,목재 가구 제조업,,제조업,3/32/320/3202, / 가구 제조업 / 가구 제조업 / 목재 가구 제조업,MANUFACTURING,제조업,False,True,sub_unit,False,,,,,,,,,,,,,,,
3209,기타 가구 제조업,기타 가구 제조업,기타 가구 제조업,detail,4,False,320,3,32.0,320.0,3209.0,,제조업,가구 제조업,가구 제조업,기타 가구 제조업,,제조업,3/32/320/3209, / 가구 제조업 / 가구 제조업 / 기타 가구 제조업,MANUFACTURING,제조업,False,True,sub_unit,False,,,,,,,,,,,,,,,
3311,귀금속 및 관련제품 제조업,귀금속 및 관련제품 제조업,귀금속 및 관련제품 제조업,detail,4,False,331,3,33.0,331.0,3311.0,,제조업,기타 제품 제조업,귀금속 및 장신용품 제조업,귀금속 및 관련제품 제조업,,제조업,3/33/331/3311, / 기타 제품 제조업 / 귀금속 및 장신용품 제조업 / 귀금속 및 관련제품 제조업,MANUFACTURING,제조업,False,True,sub_unit,False,,,,,,,,,,,,,,,
3312,모조 귀금속 및 모조 장신용품 제조업,모조 귀금속 및 모조 장신용품 제조업,모조 귀금속 및 모조 장신용품 제조업,detail,4,False,331,3,33.0,331.0,3312.0,,제조업,기타 제품 제조업,귀금속 및 장신용품 제조업,모조 귀금속 및 모조 장신용품 제조업,,제조업,3/33/331/3312, / 기타 제품 제조업 / 귀금속 및 장신용품 제조업 / 모조 귀금속 및 모조 장신용품 제조업,MANUFACTURING,제조업,False,True,sub_unit,False,,,,,,,,,,,,,,,
3320,악기 제조업,악기 제조업,악기 제조업,detail,4,False,332,3,33.0,332.0,3320.0,,제조업,기타 제품 제조업,악기 제조업,악기 제조업,,제조업,3/33/332/3320, / 기타 제품 제조업 / 악기 제조업 / 악기 제조업,MANUFACTURING,제조업,False,True,sub_unit,False,,,,,,,,,,,,,,,
3330,운동 및 경기용구 제조업,운동 및 경기용구 제조업,운동 및 경기용구 제조업,detail,4,False,333,3,33.0,333.0,3330.0,,제조업,기타 제품 제조업,운동 및 경기용구 제조업,운동 및 경기용구 제조업,,제조업,3/33/333/3330, / 기타 제품 제조업 / 운동 및 경기용구 제조업 / 운동 및 경기용구 제조업,MANUFACTURING,제조업,False,True,sub_unit,False,,,,,,,,,,,,,,,
3340,"인형, 장난감 및 오락용품 제조업","인형, 장난감 및 오락용품 제조업","인형, 장난감 및 오락용품 제조업",detail,4,False,334,3,33.0,334.0,3340.0,,제조업,기타 제품 제조업,"인형, 장난감 및 오락용품 제조업","인형, 장난감 및 오락용품 제조업",,제조업,3/33/334/3340," / 기타 제품 제조업 / 인형, 장난감 및 오락용품 제조업 / 인형, 장난감 및 오락용품 제조업",MANUFACTURING,제조업,False,True,sub_unit,False,,,,,,,,,,,,,,,
3391,간판 및 광고물 제조업,간판 및 광고물 제조업,간판 및 광고물 제조업,detail,4,False,339,3,33.0,339.0,3391.0,,제조업,기타 제품 제조업,그 외 기타 제품 제조업,간판 및 광고물 제조업,,제조업,3/33/339/3391, / 기타 제품 제조업 / 그 외 기타 제품 제조업 / 간판 및 광고물 제조업,MANUFACTURING,제조업,False,True,sub_unit,False,,,,,,,,,,,,,,,
3392,사무 및 회화용품 제조업,사무 및 회화용품 제조업,사무 및 회화용품 제조업,detail,4,False,339,3,33.0,339.0,3392.0,,제조업,기타 제품 제조업,그 외 기타 제품 제조업,사무 및 회화용품 제조업,,제조업,3/33/339/3392, / 기타 제품 제조업 / 그 외 기타 제품 제조업 / 사무 및 회화용품 제조업,MANUFACTURING,제조업,False,True,sub_unit,False,,,,,,,,,,,,,,,
3393,"가발, 장식용품 및 전시용 모형 제조업","가발, 장식용품 및 전시용 모형 제조업","가발, 장식용품 및 전시용 모형 제조업",detail,4,False,339,3,33.0,339.0,3393.0,,제조업,기타 제품 제조업,그 외 기타 제품 제조업,"가발, 장식용품 및 전시용 모형 제조업",,제조업,3/33/339/3393," / 기타 제품 제조업 / 그 외 기타 제품 제조업 / 가발, 장식용품 및 전시용 모형 제조업",MANUFACTURING,제조업,False,True,sub_unit,False,,,,,,,,,,,,,,,
3399,그 외 기타 분류 안된 제품 제조업,그 외 기타 분류 안된 제품 제조업,그 외 기타 분류 안된 제품 제조업,detail,4,False,339,3,33.0,339.0,3399.0,,제조업,기타 제품 제조업,그 외 기타 제품 제조업,그 외 기타 분류 안된 제품 제조업,,제조업,3/33/339/3399, / 기타 제품 제조업 / 그 외 기타 제품 제조업 / 그 외 기타 분류 안된 제품 제조업,MANUFACTURING,제조업,False,True,sub_unit,False,,,,,,,,,,,,,,,
3401,일반 기계류 수리업,일반 기계류 수리업,일반 기계류 수리업,detail,4,False,340,3,34.0,340.0,3401.0,,제조업,산업용 기계 및 장비 수리업,산업용 기계 및 장비 수리업,일반 기계류 수리업,,제조업,3/34/340/3401, / 산업용 기계 및 장비 수리업 / 산업용 기계 및 장비 수리업 / 일반 기계류 수리업,MANUFACTURING,제조업,False,True,sub_unit,False,,,,,,,,,,,,,,,
3402,전기ㆍ전자 및 정밀 기기 수리업,전기ㆍ전자 및 정밀 기기 수리업,전기ㆍ전자 및 정밀 기기 수리업,detail,4,False,340,3,34.0,340.0,3402.0,,제조업,산업용 기계 및 장비 수리업,산업용 기계 및 장비 수리업,전기ㆍ전자 및 정밀 기기 수리업,,제조업,3/34/340/3402, / 산업용 기계 및 장비 수리업 / 산업용 기계 및 장비 수리업 / 전기ㆍ전자 및 정밀 기기 수리업,MANUFACTURING,제조업,False,True,sub_unit,False,,,,,,,,,,,,,,,
3511,발전업,발전업,발전업,detail,4,False,351,3,35.0,351.0,3511.0,,"전기, 가스, 증기 및 공기 조절 공급업","전기, 가스, 증기 및 공기 조절 공급업",전기업,발전업,,"전기, 가스, 증기 및 공기 조절 공급업",3/35/351/3511," / 전기, 가스, 증기 및 공기 조절 공급업 / 전기업 / 발전업",ENERGY,전기·가스·에너지,False,False,sub_unit,False,,,,,,,,,,,,,,,
3512,송전 및 배전업,송전 및 배전업,송전 및 배전업,detail,4,False,351,3,35.0,351.0,3512.0,,"전기, 가스, 증기 및 공기 조절 공급업","전기, 가스, 증기 및 공기 조절 공급업",전기업,송전 및 배전업,,"전기, 가스, 증기 및 공기 조절 공급업",3/35/351/3512," / 전기, 가스, 증기 및 공기 조절 공급업 / 전기업 / 송전 및 배전업",ENERGY,전기·가스·에너지,False,False,sub_unit,False,,,,,,,,,,,,,,,
3513,전기 판매업,전기 판매업,전기 판매업,detail,4,False,351,3,35.0,351.0,3513.0,,"전기, 가스, 증기 및 공기 조절 공급업","전기, 가스, 증기 및 공기 조절 공급업",전기업,전기 판매업,,"전기, 가스, 증기 및 공기 조절 공급업",3/35/351/3513," / 전기, 가스, 증기 및 공기 조절 공급업 / 전기업 / 전기 판매업",ENERGY,전기·가스·에너지,False,False,sub_unit,False,,,,,,,,,,,,,,,
3520,연료용 가스 제조 및 배관공급업,연료용 가스 제조 및 배관공급업,연료용 가스 제조 및 배관공급업,detail,4,False,352,3,35.0,352.0,3520.0,,"전기, 가스, 증기 및 공기 조절 공급업","전기, 가스, 증기 및 공기 조절 공급업",연료용 가스 제조 및 배관공급업,연료용 가스 제조 및 배관공급업,,"전기, 가스, 증기 및 공기 조절 공급업",3/35/352/3520," / 전기, 가스, 증기 및 공기 조절 공급업 / 연료용 가스 제조 및 배관공급업 / 연료용 가스 제조 및 배관공급업",ENERGY,전기·가스·에너지,False,False,sub_unit,False,,,,,,,,,,,,,,,
3530,"증기, 냉ㆍ온수 및 공기 조절 공급업","증기, 냉ㆍ온수 및 공기 조절 공급업","증기, 냉ㆍ온수 및 공기 조절 공급업",detail,4,False,353,3,35.0,353.0,3530.0,,"전기, 가스, 증기 및 공기 조절 공급업","전기, 가스, 증기 및 공기 조절 공급업","증기, 냉ㆍ온수 및 공기 조절 공급업","증기, 냉ㆍ온수 및 공기 조절 공급업",,"전기, 가스, 증기 및 공기 조절 공급업",3/35/353/3530," / 전기, 가스, 증기 및 공기 조절 공급업 / 증기, 냉ㆍ온수 및 공기 조절 공급업 / 증기, 냉ㆍ온수 및 공기 조절 공급업",ENERGY,전기·가스·에너지,False,False,sub_unit,False,,,,,,,,,,,,,,,
3601,생활용수 공급업,생활용수 공급업,생활용수 공급업,detail,4,False,360,3,36.0,360.0,3601.0,,"수도, 하수 및 폐기물 처리, 원료 재생업",수도업,수도업,생활용수 공급업,,"수도, 하수 및 폐기물 처리, 원료 재생업",3/36/360/3601, / 수도업 / 수도업 / 생활용수 공급업,ENVIRONMENT,환경·폐기물 처리,False,False,sub_unit,False,,,,,,,,,,,,,,,
3602,산업용수 공급업,산업용수 공급업,산업용수 공급업,detail,4,False,360,3,36.0,360.0,3602.0,,"수도, 하수 및 폐기물 처리, 원료 재생업",수도업,수도업,산업용수 공급업,,"수도, 하수 및 폐기물 처리, 원료 재생업",3/36/360/3602, / 수도업 / 수도업 / 산업용수 공급업,ENVIRONMENT,환경·폐기물 처리,False,False,sub_unit,False,,,,,,,,,,,,,,,
3701,하수 및 폐수 처리업,하수 및 폐수 처리업,하수 및 폐수 처리업,detail,4,False,370,3,37.0,370.0,3701.0,,"수도, 하수 및 폐기물 처리, 원료 재생업","하수, 폐수 및 분뇨 처리업","하수, 폐수 및 분뇨 처리업",하수 및 폐수 처리업,,"수도, 하수 및 폐기물 처리, 원료 재생업",3/37/370/3701," / 하수, 폐수 및 분뇨 처리업 / 하수, 폐수 및 분뇨 처리업 / 하수 및 폐수 처리업",ENVIRONMENT,환경·폐기물 처리,False,False,sub_unit,False,,,,,,,,,,,,,,,
3702,분뇨 처리업,분뇨 처리업,분뇨 처리업,detail,4,False,370,3,37.0,370.0,3702.0,,"수도, 하수 및 폐기물 처리, 원료 재생업","하수, 폐수 및 분뇨 처리업","하수, 폐수 및 분뇨 처리업",분뇨 처리업,,"수도, 하수 및 폐기물 처리, 원료 재생업",3/37/370/3702," / 하수, 폐수 및 분뇨 처리업 / 하수, 폐수 및 분뇨 처리업 / 분뇨 처리업",ENVIRONMENT,환경·폐기물 처리,False,False,sub_unit,False,,,,,,,,,,,,,,,
3811,"지정 외 폐기물 수집, 운반업","지정 외 폐기물 수집, 운반업","지정 외 폐기물 수집, 운반업",detail,4,False,381,3,38.0,381.0,3811.0,,"수도, 하수 및 폐기물 처리, 원료 재생업","폐기물 수집, 운반, 처리 및 원료 재생업","폐기물 수집, 운반업","지정 외 폐기물 수집, 운반업",,"수도, 하수 및 폐기물 처리, 원료 재생업",3/38/381/3811," / 폐기물 수집, 운반, 처리 및 원료 재생업 / 폐기물 수집, 운반업 / 지정 외 폐기물 수집, 운반업",ENVIRONMENT,환경·폐기물 처리,False,False,sub_unit,False,,,,,,,,,,,,,,,
3812,"지정 폐기물 수집, 운반업","지정 폐기물 수집, 운반업","지정 폐기물 수집, 운반업",detail,4,False,381,3,38.0,381.0,3812.0,,"수도, 하수 및 폐기물 처리, 원료 재생업","폐기물 수집, 운반, 처리 및 원료 재생업","폐기물 수집, 운반업","지정 폐기물 수집, 운반업",,"수도, 하수 및 폐기물 처리, 원료 재생업",3/38/381/3812," / 폐기물 수집, 운반, 처리 및 원료 재생업 / 폐기물 수집, 운반업 / 지정 폐기물 수집, 운반업",ENVIRONMENT,환경·폐기물 처리,False,False,sub_unit,False,,,,,,,,,,,,,,,
3813,"건설 폐기물 수집, 운반업","건설 폐기물 수집, 운반업","건설 폐기물 수집, 운반업",detail,4,False,381,3,38.0,381.0,3813.0,,"수도, 하수 및 폐기물 처리, 원료 재생업","폐기물 수집, 운반, 처리 및 원료 재생업","폐기물 수집, 운반업","건설 폐기물 수집, 운반업",,"수도, 하수 및 폐기물 처리, 원료 재생업",3/38/381/3813," / 폐기물 수집, 운반, 처리 및 원료 재생업 / 폐기물 수집, 운반업 / 건설 폐기물 수집, 운반업",ENVIRONMENT,환경·폐기물 처리,False,False,sub_unit,False,,,,,,,,,,,,,,,
3821,지정 외 폐기물 처리업,지정 외 폐기물 처리업,지정 외 폐기물 처리업,detail,4,False,382,3,38.0,382.0,3821.0,,"수도, 하수 및 폐기물 처리, 원료 재생업","폐기물 수집, 운반, 처리 및 원료 재생업",폐기물 처리업,지정 외 폐기물 처리업,,"수도, 하수 및 폐기물 처리, 원료 재생업",3/38/382/3821," / 폐기물 수집, 운반, 처리 및 원료 재생업 / 폐기물 처리업 / 지정 외 폐기물 처리업",ENVIRONMENT,환경·폐기물 처리,False,False,sub_unit,False,,,,,,,,,,,,,,,
3822,지정 폐기물 처리업,지정 폐기물 처리업,지정 폐기물 처리업,detail,4,False,382,3,38.0,382.0,3822.0,,"수도, 하수 및 폐기물 처리, 원료 재생업","폐기물 수집, 운반, 처리 및 원료 재생업",폐기물 처리업,지정 폐기물 처리업,,"수도, 하수 및 폐기물 처리, 원료 재생업",3/38/382/3822," / 폐기물 수집, 운반, 처리 및 원료 재생업 / 폐기물 처리업 / 지정 폐기물 처리업",ENVIRONMENT,환경·폐기물 처리,False,False,sub_unit,False,,,,,,,,,,,,,,,
3823,건설 폐기물 처리업,건설 폐기물 처리업,건설 폐기물 처리업,detail,4,False,382,3,38.0,382.0,3823.0,,"수도, 하수 및 폐기물 처리, 원료 재생업","폐기물 수집, 운반, 처리 및 원료 재생업",폐기물 처리업,건설 폐기물 처리업,,"수도, 하수 및 폐기물 처리, 원료 재생업",3/38/382/3823," / 폐기물 수집, 운반, 처리 및 원료 재생업 / 폐기물 처리업 / 건설 폐기물 처리업",ENVIRONMENT,환경·폐기물 처리,False,False,sub_unit,False,,,,,,,,,,,,,,,
3824,"방사성 폐기물 수집, 운반 및 처리업","방사성 폐기물 수집, 운반 및 처리업","방사성 폐기물 수집, 운반 및 처리업",detail,4,False,382,3,38.0,382.0,3824.0,,"수도, 하수 및 폐기물 처리, 원료 재생업","폐기물 수집, 운반, 처리 및 원료 재생업",폐기물 처리업,"방사성 폐기물 수집, 운반 및 처리업",,"수도, 하수 및 폐기물 처리, 원료 재생업",3/38/382/3824," / 폐기물 수집, 운반, 처리 및 원료 재생업 / 폐기물 처리업 / 방사성 폐기물 수집, 운반 및 처리업",ENVIRONMENT,환경·폐기물 처리,False,False,sub_unit,False,,,,,,,,,,,,,,,
3831,"금속류 해체, 선별 및 원료 재생업","금속류 해체, 선별 및 원료 재생업","금속류 해체, 선별 및 원료 재생업",detail,4,False,383,3,38.0,383.0,3831.0,,"수도, 하수 및 폐기물 처리, 원료 재생업","폐기물 수집, 운반, 처리 및 원료 재생업","해체, 선별 및 원료 재생업","금속류 해체, 선별 및 원료 재생업",,"수도, 하수 및 폐기물 처리, 원료 재생업",3/38/383/3831," / 폐기물 수집, 운반, 처리 및 원료 재생업 / 해체, 선별 및 원료 재생업 / 금속류 해체, 선별 및 원료 재생업",ENVIRONMENT,환경·폐기물 처리,False,False,sub_unit,False,,,,,,,,,,,,,,,
3832,"비금속류 해체, 선별 및 원료 재생업","비금속류 해체, 선별 및 원료 재생업","비금속류 해체, 선별 및 원료 재생업",detail,4,False,383,3,38.0,383.0,3832.0,,"수도, 하수 및 폐기물 처리, 원료 재생업","폐기물 수집, 운반, 처리 및 원료 재생업","해체, 선별 및 원료 재생업","비금속류 해체, 선별 및 원료 재생업",,"수도, 하수 및 폐기물 처리, 원료 재생업",3/38/383/3832," / 폐기물 수집, 운반, 처리 및 원료 재생업 / 해체, 선별 및 원료 재생업 / 비금속류 해체, 선별 및 원료 재생업",ENVIRONMENT,환경·폐기물 처리,False,False,sub_unit,False,,,,,,,,,,,,,,,
3900,환경 정화 및 복원업,환경 정화 및 복원업,환경 정화 및 복원업,detail,4,False,390,3,39.0,390.0,3900.0,,"수도, 하수 및 폐기물 처리, 원료 재생업",환경 정화 및 복원업,환경 정화 및 복원업,환경 정화 및 복원업,,"수도, 하수 및 폐기물 처리, 원료 재생업",3/39/390/3900, / 환경 정화 및 복원업 / 환경 정화 및 복원업 / 환경 정화 및 복원업,ENVIRONMENT,환경·폐기물 처리,False,False,sub_unit,False,,,,,,,,,,,,,,,
4111,주거용 건물 건설업,주거용 건물 건설업,주거용 건물 건설업,detail,4,False,411,4,41.0,411.0,4111.0,,건설업,종합 건설업,건물 건설업,주거용 건물 건설업,,건설업,4/41/411/4111, / 종합 건설업 / 건물 건설업 / 주거용 건물 건설업,CONSTRUCTION,건설·부동산,False,False,sub_unit,False,,,,,,,,,,,,,,,
4112,비주거용 건물 건설업,비주거용 건물 건설업,비주거용 건물 건설업,detail,4,False,411,4,41.0,411.0,4112.0,,건설업,종합 건설업,건물 건설업,비주거용 건물 건설업,,건설업,4/41/411/4112, / 종합 건설업 / 건물 건설업 / 비주거용 건물 건설업,CONSTRUCTION,건설·부동산,False,False,sub_unit,False,,,,,,,,,,,,,,,
4121,지반조성 건설업,지반조성 건설업,지반조성 건설업,detail,4,False,412,4,41.0,412.0,4121.0,,건설업,종합 건설업,토목 건설업,지반조성 건설업,,건설업,4/41/412/4121, / 종합 건설업 / 토목 건설업 / 지반조성 건설업,CONSTRUCTION,건설·부동산,False,False,sub_unit,False,,,,,,,,,,,,,,,
4122,토목 시설물 건설업,토목 시설물 건설업,토목 시설물 건설업,detail,4,False,412,4,41.0,412.0,4122.0,,건설업,종합 건설업,토목 건설업,토목 시설물 건설업,,건설업,4/41/412/4122, / 종합 건설업 / 토목 건설업 / 토목 시설물 건설업,CONSTRUCTION,건설·부동산,False,False,sub_unit,False,,,,,,,,,,,,,,,
4211,건물 및 구축물 해체 공사업,건물 및 구축물 해체 공사업,건물 및 구축물 해체 공사업,detail,4,False,421,4,42.0,421.0,4211.0,,건설업,전문직별 공사업,기반조성 및 시설물 축조관련 전문공사업,건물 및 구축물 해체 공사업,,건설업,4/42/421/4211, / 전문직별 공사업 / 기반조성 및 시설물 축조관련 전문공사업 / 건물 및 구축물 해체 공사업,CONSTRUCTION,건설·부동산,False,False,sub_unit,False,,,,,,,,,,,,,,,
4212,기반조성 관련 전문공사업,기반조성 관련 전문공사업,기반조성 관련 전문공사업,detail,4,False,421,4,42.0,421.0,4212.0,,건설업,전문직별 공사업,기반조성 및 시설물 축조관련 전문공사업,기반조성 관련 전문공사업,,건설업,4/42/421/4212, / 전문직별 공사업 / 기반조성 및 시설물 축조관련 전문공사업 / 기반조성 관련 전문공사업,CONSTRUCTION,건설·부동산,False,False,sub_unit,False,,,,,,,,,,,,,,,
4213,"철골, 철근 및 콘크리트 공사업","철골, 철근 및 콘크리트 공사업","철골, 철근 및 콘크리트 공사업",detail,4,False,421,4,42.0,421.0,4213.0,,건설업,전문직별 공사업,기반조성 및 시설물 축조관련 전문공사업,"철골, 철근 및 콘크리트 공사업",,건설업,4/42/421/4213," / 전문직별 공사업 / 기반조성 및 시설물 축조관련 전문공사업 / 철골, 철근 및 콘크리트 공사업",CONSTRUCTION,건설·부동산,False,False,sub_unit,False,,,,,,,,,,,,,,,
4219,기타 시설물 축조 관련 전문 공사업,기타 시설물 축조 관련 전문 공사업,기타 시설물 축조 관련 전문 공사업,detail,4,False,421,4,42.0,421.0,4219.0,,건설업,전문직별 공사업,기반조성 및 시설물 축조관련 전문공사업,기타 시설물 축조 관련 전문 공사업,,건설업,4/42/421/4219, / 전문직별 공사업 / 기반조성 및 시설물 축조관련 전문공사업 / 기타 시설물 축조 관련 전문 공사업,CONSTRUCTION,건설·부동산,False,False,sub_unit,False,,,,,,,,,,,,,,,
4220,건물설비 설치 공사업,건물설비 설치 공사업,건물설비 설치 공사업,detail,4,False,422,4,42.0,422.0,4220.0,,건설업,전문직별 공사업,건물설비 설치 공사업,건물설비 설치 공사업,,건설업,4/42/422/4220, / 전문직별 공사업 / 건물설비 설치 공사업 / 건물설비 설치 공사업,CONSTRUCTION,건설·부동산,False,False,sub_unit,False,,,,,,,,,,,,,,,
4231,전기 공사업,전기 공사업,전기 공사업,detail,4,False,423,4,42.0,423.0,4231.0,,건설업,전문직별 공사업,전기 및 통신 공사업,전기 공사업,,건설업,4/42/423/4231, / 전문직별 공사업 / 전기 및 통신 공사업 / 전기 공사업,CONSTRUCTION,건설·부동산,False,False,sub_unit,False,,,,,,,,,,,,,,,
4232,통신 공사업,통신 공사업,통신 공사업,detail,4,False,423,4,42.0,423.0,4232.0,,건설업,전문직별 공사업,전기 및 통신 공사업,통신 공사업,,건설업,4/42/423/4232, / 전문직별 공사업 / 전기 및 통신 공사업 / 통신 공사업,CONSTRUCTION,건설·부동산,False,False,sub_unit,False,,,,,,,,,,,,,,,
4241,"도장, 도배 및 내장 공사업","도장, 도배 및 내장 공사업","도장, 도배 및 내장 공사업",detail,4,False,424,4,42.0,424.0,4241.0,,건설업,전문직별 공사업,실내건축 및 건축마무리 공사업,"도장, 도배 및 내장 공사업",,건설업,4/42/424/4241," / 전문직별 공사업 / 실내건축 및 건축마무리 공사업 / 도장, 도배 및 내장 공사업",CONSTRUCTION,건설·부동산,False,False,sub_unit,False,,,,,,,,,,,,,,,
4242,유리 및 창호 공사업,유리 및 창호 공사업,유리 및 창호 공사업,detail,4,False,424,4,42.0,424.0,4242.0,,건설업,전문직별 공사업,실내건축 및 건축마무리 공사업,유리 및 창호 공사업,,건설업,4/42/424/4242, / 전문직별 공사업 / 실내건축 및 건축마무리 공사업 / 유리 및 창호 공사업,CONSTRUCTION,건설·부동산,False,False,sub_unit,False,,,,,,,,,,,,,,,
4249,기타 건축 마무리 공사업,기타 건축 마무리 공사업,기타 건축 마무리 공사업,detail,4,False,424,4,42.0,424.0,4249.0,,건설업,전문직별 공사업,실내건축 및 건축마무리 공사업,기타 건축 마무리 공사업,,건설업,4/42/424/4249, / 전문직별 공사업 / 실내건축 및 건축마무리 공사업 / 기타 건축 마무리 공사업,CONSTRUCTION,건설·부동산,False,False,sub_unit,False,,,,,,,,,,,,,,,
4250,시설물 유지관리 공사업,시설물 유지관리 공사업,시설물 유지관리 공사업,detail,4,False,425,4,42.0,425.0,4250.0,,건설업,전문직별 공사업,시설물 유지관리 공사업,시설물 유지관리 공사업,,건설업,4/42/425/4250, / 전문직별 공사업 / 시설물 유지관리 공사업 / 시설물 유지관리 공사업,CONSTRUCTION,건설·부동산,False,False,sub_unit,False,,,,,,,,,,,,,,,
4260,건설장비 운영업,건설장비 운영업,건설장비 운영업,detail,4,False,426,4,42.0,426.0,4260.0,,건설업,전문직별 공사업,건설장비 운영업,건설장비 운영업,,건설업,4/42/426/4260, / 전문직별 공사업 / 건설장비 운영업 / 건설장비 운영업,CONSTRUCTION,건설·부동산,False,False,sub_unit,False,,,,,,,,,,,,,,,
4511,자동차 신품 판매업,자동차 신품 판매업,자동차 신품 판매업,detail,4,False,451,4,45.0,451.0,4511.0,,도매 및 소매업,자동차 및 부품 판매업,자동차 판매업,자동차 신품 판매업,,도매 및 소매업,4/45/451/4511, / 자동차 및 부품 판매업 / 자동차 판매업 / 자동차 신품 판매업,RETAIL_TRADE,도매·소매업,False,True,sub_unit,False,,,,,,,,,,,,,,,
4512,중고 자동차 판매업,중고 자동차 판매업,중고 자동차 판매업,detail,4,False,451,4,45.0,451.0,4512.0,,도매 및 소매업,자동차 및 부품 판매업,자동차 판매업,중고 자동차 판매업,,도매 및 소매업,4/45/451/4512, / 자동차 및 부품 판매업 / 자동차 판매업 / 중고 자동차 판매업,RETAIL_TRADE,도매·소매업,False,True,sub_unit,False,,,,,,,,,,,,,,,
4521,자동차 신품 부품 및 내장품 판매업,자동차 신품 부품 및 내장품 판매업,자동차 신품 부품 및 내장품 판매업,detail,4,False,452,4,45.0,452.0,4521.0,,도매 및 소매업,자동차 및 부품 판매업,자동차 부품 및 내장품 판매업,자동차 신품 부품 및 내장품 판매업,,도매 및 소매업,4/45/452/4521, / 자동차 및 부품 판매업 / 자동차 부품 및 내장품 판매업 / 자동차 신품 부품 및 내장품 판매업,RETAIL_TRADE,도매·소매업,False,True,sub_unit,False,,,,,,,,,,,,,,,
4522,자동차 중고 부품 및 내장품 판매업,자동차 중고 부품 및 내장품 판매업,자동차 중고 부품 및 내장품 판매업,detail,4,False,452,4,45.0,452.0,4522.0,,도매 및 소매업,자동차 및 부품 판매업,자동차 부품 및 내장품 판매업,자동차 중고 부품 및 내장품 판매업,,도매 및 소매업,4/45/452/4522, / 자동차 및 부품 판매업 / 자동차 부품 및 내장품 판매업 / 자동차 중고 부품 및 내장품 판매업,RETAIL_TRADE,도매·소매업,False,True,sub_unit,False,,,,,,,,,,,,,,,
4530,모터사이클 및 부품 판매업,모터사이클 및 부품 판매업,모터사이클 및 부품 판매업,detail,4,False,453,4,45.0,453.0,4530.0,,도매 및 소매업,자동차 및 부품 판매업,모터사이클 및 부품 판매업,모터사이클 및 부품 판매업,,도매 및 소매업,4/45/453/4530, / 자동차 및 부품 판매업 / 모터사이클 및 부품 판매업 / 모터사이클 및 부품 판매업,RETAIL_TRADE,도매·소매업,False,True,sub_unit,False,,,,,,,,,,,,,,,
4610,상품 중개업,상품 중개업,상품 중개업,detail,4,False,461,4,46.0,461.0,4610.0,,도매 및 소매업,도매 및 상품 중개업,상품 중개업,상품 중개업,,도매 및 소매업,4/46/461/4610, / 도매 및 상품 중개업 / 상품 중개업 / 상품 중개업,RETAIL_TRADE,도매·소매업,False,True,sub_unit,False,,,,,,,,,,,,,,,
4620,산업용 농ㆍ축산물 및 동ㆍ식물 도매업,산업용 농ㆍ축산물 및 동ㆍ식물 도매업,산업용 농ㆍ축산물 및 동ㆍ식물 도매업,detail,4,False,462,4,46.0,462.0,4620.0,,도매 및 소매업,도매 및 상품 중개업,산업용 농ㆍ축산물 및 동ㆍ식물 도매업,산업용 농ㆍ축산물 및 동ㆍ식물 도매업,,도매 및 소매업,4/46/462/4620, / 도매 및 상품 중개업 / 산업용 농ㆍ축산물 및 동ㆍ식물 도매업 / 산업용 농ㆍ축산물 및 동ㆍ식물 도매업,RETAIL_TRADE,도매·소매업,False,True,sub_unit,False,,,,,,,,,,,,,,,
4631,신선 식품 및 단순 가공 식품 도매업,신선 식품 및 단순 가공 식품 도매업,신선 식품 및 단순 가공 식품 도매업,detail,4,False,463,4,46.0,463.0,4631.0,,도매 및 소매업,도매 및 상품 중개업,음ㆍ식료품 및 담배 도매업,신선 식품 및 단순 가공 식품 도매업,,도매 및 소매업,4/46/463/4631, / 도매 및 상품 중개업 / 음ㆍ식료품 및 담배 도매업 / 신선 식품 및 단순 가공 식품 도매업,RETAIL_TRADE,도매·소매업,False,True,sub_unit,False,,,,,,,,,,,,,,,
4632,가공식품 도매업,가공식품 도매업,가공식품 도매업,detail,4,False,463,4,46.0,463.0,4632.0,,도매 및 소매업,도매 및 상품 중개업,음ㆍ식료품 및 담배 도매업,가공식품 도매업,,도매 및 소매업,4/46/463/4632, / 도매 및 상품 중개업 / 음ㆍ식료품 및 담배 도매업 / 가공식품 도매업,RETAIL_TRADE,도매·소매업,False,True,sub_unit,False,,,,,,,,,,,,,,,
4633,음료 및 담배 도매업,음료 및 담배 도매업,음료 및 담배 도매업,detail,4,False,463,4,46.0,463.0,4633.0,,도매 및 소매업,도매 및 상품 중개업,음ㆍ식료품 및 담배 도매업,음료 및 담배 도매업,,도매 및 소매업,4/46/463/4633, / 도매 및 상품 중개업 / 음ㆍ식료품 및 담배 도매업 / 음료 및 담배 도매업,RETAIL_TRADE,도매·소매업,False,True,sub_unit,False,,,,,,,,,,,,,,,
4641,"생활용 섬유제품, 의복, 의복 액세서리 및 모피제품 도매업","생활용 섬유제품, 의복, 의복 액세서리 및 모피제품 도매업","생활용 섬유제품, 의복, 의복 액세서리 및 모피제품 도매업",detail,4,False,464,4,46.0,464.0,4641.0,,도매 및 소매업,도매 및 상품 중개업,생활용품 도매업,"생활용 섬유제품, 의복, 의복 액세서리 및 모피제품 도매업",,도매 및 소매업,4/46/464/4641," / 도매 및 상품 중개업 / 생활용품 도매업 / 생활용 섬유제품, 의복, 의복 액세서리 및 모피제품 도매업",RETAIL_TRADE,도매·소매업,False,True,sub_unit,False,,,,,,,,,,,,,,,
4642,신발 도매업,신발 도매업,신발 도매업,detail,4,False,464,4,46.0,464.0,4642.0,,도매 및 소매업,도매 및 상품 중개업,생활용품 도매업,신발 도매업,,도매 및 소매업,4/46/464/4642, / 도매 및 상품 중개업 / 생활용품 도매업 / 신발 도매업,RETAIL_TRADE,도매·소매업,False,True,sub_unit,False,,,,,,,,,,,,,,,
4643,"생활용 가구, 조명기구 및 비전기식 생활용기기 도매업","생활용 가구, 조명기구 및 비전기식 생활용기기 도매업","생활용 가구, 조명기구 및 비전기식 생활용기기 도매업",detail,4,False,464,4,46.0,464.0,4643.0,,도매 및 소매업,도매 및 상품 중개업,생활용품 도매업,"생활용 가구, 조명기구 및 비전기식 생활용기기 도매업",,도매 및 소매업,4/46/464/4643," / 도매 및 상품 중개업 / 생활용품 도매업 / 생활용 가구, 조명기구 및 비전기식 생활용기기 도매업",RETAIL_TRADE,도매·소매업,False,True,sub_unit,False,,,,,,,,,,,,,,,
4644,"의약품, 의료용품 및 화장품 도매업","의약품, 의료용품 및 화장품 도매업","의약품, 의료용품 및 화장품 도매업",detail,4,False,464,4,46.0,464.0,4644.0,,도매 및 소매업,도매 및 상품 중개업,생활용품 도매업,"의약품, 의료용품 및 화장품 도매업",,도매 및 소매업,4/46/464/4644," / 도매 및 상품 중개업 / 생활용품 도매업 / 의약품, 의료용품 및 화장품 도매업",RETAIL_TRADE,도매·소매업,False,True,sub_unit,False,,,,,,,,,,,,,,,
4645,"생활용 포장ㆍ위생용품, 문구용품 및 출판 인쇄물 도매업","생활용 포장ㆍ위생용품, 문구용품 및 출판 인쇄물 도매업","생활용 포장ㆍ위생용품, 문구용품 및 출판 인쇄물 도매업",detail,4,False,464,4,46.0,464.0,4645.0,,도매 및 소매업,도매 및 상품 중개업,생활용품 도매업,"생활용 포장ㆍ위생용품, 문구용품 및 출판 인쇄물 도매업",,도매 및 소매업,4/46/464/4645," / 도매 및 상품 중개업 / 생활용품 도매업 / 생활용 포장ㆍ위생용품, 문구용품 및 출판 인쇄물 도매업",RETAIL_TRADE,도매·소매업,False,True,sub_unit,False,,,,,,,,,,,,,,,
4646,"음반 및 비디오물, 악기, 오락 및 경기용품 도매업","음반 및 비디오물, 악기, 오락 및 경기용품 도매업","음반 및 비디오물, 악기, 오락 및 경기용품 도매업",detail,4,False,464,4,46.0,464.0,4646.0,,도매 및 소매업,도매 및 상품 중개업,생활용품 도매업,"음반 및 비디오물, 악기, 오락 및 경기용품 도매업",,도매 및 소매업,4/46/464/4646," / 도매 및 상품 중개업 / 생활용품 도매업 / 음반 및 비디오물, 악기, 오락 및 경기용품 도매업",RETAIL_TRADE,도매·소매업,False,True,sub_unit,False,,,,,,,,,,,,,,,
4649,"가방, 시계, 안경 및 기타 생활용품 도매업","가방, 시계, 안경 및 기타 생활용품 도매업","가방, 시계, 안경 및 기타 생활용품 도매업",detail,4,False,464,4,46.0,464.0,4649.0,,도매 및 소매업,도매 및 상품 중개업,생활용품 도매업,"가방, 시계, 안경 및 기타 생활용품 도매업",,도매 및 소매업,4/46/464/4649," / 도매 및 상품 중개업 / 생활용품 도매업 / 가방, 시계, 안경 및 기타 생활용품 도매업",RETAIL_TRADE,도매·소매업,False,True,sub_unit,False,,,,,,,,,,,,,,,
4651,"컴퓨터 및 주변장치, 소프트웨어 도매업","컴퓨터 및 주변장치, 소프트웨어 도매업","컴퓨터 및 주변장치, 소프트웨어 도매업",detail,4,False,465,4,46.0,465.0,4651.0,,도매 및 소매업,도매 및 상품 중개업,기계장비 및 관련 물품 도매업,"컴퓨터 및 주변장치, 소프트웨어 도매업",,도매 및 소매업,4/46/465/4651," / 도매 및 상품 중개업 / 기계장비 및 관련 물품 도매업 / 컴퓨터 및 주변장치, 소프트웨어 도매업",RETAIL_TRADE,도매·소매업,False,True,sub_unit,False,,,,,,,,,,,,,,,
4652,"가전제품, 통신장비 및 부품 도매업","가전제품, 통신장비 및 부품 도매업","가전제품, 통신장비 및 부품 도매업",detail,4,False,465,4,46.0,465.0,4652.0,,도매 및 소매업,도매 및 상품 중개업,기계장비 및 관련 물품 도매업,"가전제품, 통신장비 및 부품 도매업",,도매 및 소매업,4/46/465/4652," / 도매 및 상품 중개업 / 기계장비 및 관련 물품 도매업 / 가전제품, 통신장비 및 부품 도매업",RETAIL_TRADE,도매·소매업,False,True,sub_unit,False,,,,,,,,,,,,,,,
4653,산업용 기계 및 장비 도매업,산업용 기계 및 장비 도매업,산업용 기계 및 장비 도매업,detail,4,False,465,4,46.0,465.0,4653.0,,도매 및 소매업,도매 및 상품 중개업,기계장비 및 관련 물품 도매업,산업용 기계 및 장비 도매업,,도매 및 소매업,4/46/465/4653, / 도매 및 상품 중개업 / 기계장비 및 관련 물품 도매업 / 산업용 기계 및 장비 도매업,RETAIL_TRADE,도매·소매업,False,True,sub_unit,False,,,,,,,,,,,,,,,
4659,기타 기계 및 장비 도매업,기타 기계 및 장비 도매업,기타 기계 및 장비 도매업,detail,4,False,465,4,46.0,465.0,4659.0,,도매 및 소매업,도매 및 상품 중개업,기계장비 및 관련 물품 도매업,기타 기계 및 장비 도매업,,도매 및 소매업,4/46/465/4659, / 도매 및 상품 중개업 / 기계장비 및 관련 물품 도매업 / 기타 기계 및 장비 도매업,RETAIL_TRADE,도매·소매업,False,True,sub_unit,False,,,,,,,,,,,,,,,
4661,일반 건축자재 도매업,일반 건축자재 도매업,일반 건축자재 도매업,detail,4,False,466,4,46.0,466.0,4661.0,,도매 및 소매업,도매 및 상품 중개업,"건축 자재, 철물 및 난방장치 도매업",일반 건축자재 도매업,,도매 및 소매업,4/46/466/4661," / 도매 및 상품 중개업 / 건축 자재, 철물 및 난방장치 도매업 / 일반 건축자재 도매업",RETAIL_TRADE,도매·소매업,False,True,sub_unit,False,,,,,,,,,,,,,,,
4662,"냉ㆍ난방장치 및 철물, 수공구 도매업","냉ㆍ난방장치 및 철물, 수공구 도매업","냉ㆍ난방장치 및 철물, 수공구 도매업",detail,4,False,466,4,46.0,466.0,4662.0,,도매 및 소매업,도매 및 상품 중개업,"건축 자재, 철물 및 난방장치 도매업","냉ㆍ난방장치 및 철물, 수공구 도매업",,도매 및 소매업,4/46/466/4662," / 도매 및 상품 중개업 / 건축 자재, 철물 및 난방장치 도매업 / 냉ㆍ난방장치 및 철물, 수공구 도매업",RETAIL_TRADE,도매·소매업,False,True,sub_unit,False,,,,,,,,,,,,,,,
4669,기타 건축자재 도매업,기타 건축자재 도매업,기타 건축자재 도매업,detail,4,False,466,4,46.0,466.0,4669.0,,도매 및 소매업,도매 및 상품 중개업,"건축 자재, 철물 및 난방장치 도매업",기타 건축자재 도매업,,도매 및 소매업,4/46/466/4669," / 도매 및 상품 중개업 / 건축 자재, 철물 및 난방장치 도매업 / 기타 건축자재 도매업",RETAIL_TRADE,도매·소매업,False,True,sub_unit,False,,,,,,,,,,,,,,,
4671,"연료, 연료용 광물 및 관련제품 도매업","연료, 연료용 광물 및 관련제품 도매업","연료, 연료용 광물 및 관련제품 도매업",detail,4,False,467,4,46.0,467.0,4671.0,,도매 및 소매업,도매 및 상품 중개업,기타 전문 도매업,"연료, 연료용 광물 및 관련제품 도매업",,도매 및 소매업,4/46/467/4671," / 도매 및 상품 중개업 / 기타 전문 도매업 / 연료, 연료용 광물 및 관련제품 도매업",RETAIL_TRADE,도매·소매업,False,True,sub_unit,False,,,,,,,,,,,,,,,
4672,1차 금속제품 및 금속광물 도매업,1차 금속제품 및 금속광물 도매업,1차 금속제품 및 금속광물 도매업,detail,4,False,467,4,46.0,467.0,4672.0,,도매 및 소매업,도매 및 상품 중개업,기타 전문 도매업,1차 금속제품 및 금속광물 도매업,,도매 및 소매업,4/46/467/4672, / 도매 및 상품 중개업 / 기타 전문 도매업 / 1차 금속제품 및 금속광물 도매업,RETAIL_TRADE,도매·소매업,False,True,sub_unit,False,,,,,,,,,,,,,,,
4673,화학 물질 및 화학제품 도매업,화학 물질 및 화학제품 도매업,화학 물질 및 화학제품 도매업,detail,4,False,467,4,46.0,467.0,4673.0,,도매 및 소매업,도매 및 상품 중개업,기타 전문 도매업,화학 물질 및 화학제품 도매업,,도매 및 소매업,4/46/467/4673, / 도매 및 상품 중개업 / 기타 전문 도매업 / 화학 물질 및 화학제품 도매업,RETAIL_TRADE,도매·소매업,False,True,sub_unit,False,,,,,,,,,,,,,,,
4674,"방직용 섬유, 실 및 직물 도매업","방직용 섬유, 실 및 직물 도매업","방직용 섬유, 실 및 직물 도매업",detail,4,False,467,4,46.0,467.0,4674.0,,도매 및 소매업,도매 및 상품 중개업,기타 전문 도매업,"방직용 섬유, 실 및 직물 도매업",,도매 및 소매업,4/46/467/4674," / 도매 및 상품 중개업 / 기타 전문 도매업 / 방직용 섬유, 실 및 직물 도매업",RETAIL_TRADE,도매·소매업,False,True,sub_unit,False,,,,,,,,,,,,,,,
4675,"종이 원지, 판지, 종이상자 도매업","종이 원지, 판지, 종이상자 도매업","종이 원지, 판지, 종이상자 도매업",detail,4,False,467,4,46.0,467.0,4675.0,,도매 및 소매업,도매 및 상품 중개업,기타 전문 도매업,"종이 원지, 판지, 종이상자 도매업",,도매 및 소매업,4/46/467/4675," / 도매 및 상품 중개업 / 기타 전문 도매업 / 종이 원지, 판지, 종이상자 도매업",RETAIL_TRADE,도매·소매업,False,True,sub_unit,False,,,,,,,,,,,,,,,
4679,재생용 재료 및 기타 상품 전문 도매업,재생용 재료 및 기타 상품 전문 도매업,재생용 재료 및 기타 상품 전문 도매업,detail,4,False,467,4,46.0,467.0,4679.0,,도매 및 소매업,도매 및 상품 중개업,기타 전문 도매업,재생용 재료 및 기타 상품 전문 도매업,,도매 및 소매업,4/46/467/4679, / 도매 및 상품 중개업 / 기타 전문 도매업 / 재생용 재료 및 기타 상품 전문 도매업,RETAIL_TRADE,도매·소매업,False,True,sub_unit,False,,,,,,,,,,,,,,,
4680,상품 종합 도매업,상품 종합 도매업,상품 종합 도매업,detail,4,False,468,4,46.0,468.0,4680.0,,도매 및 소매업,도매 및 상품 중개업,상품 종합 도매업,상품 종합 도매업,,도매 및 소매업,4/46/468/4680, / 도매 및 상품 중개업 / 상품 종합 도매업 / 상품 종합 도매업,RETAIL_TRADE,도매·소매업,False,True,sub_unit,False,,,,,,,,,,,,,,,
4711,대형 종합 소매업,대형 종합 소매업,대형 종합 소매업,detail,4,False,471,4,47.0,471.0,4711.0,,도매 및 소매업,"소매업, 자동차 제외",종합 소매업,대형 종합 소매업,,도매 및 소매업,4/47/471/4711," / 소매업, 자동차 제외 / 종합 소매업 / 대형 종합 소매업",RETAIL_TRADE,도매·소매업,False,True,sub_unit,False,,,,,,,,,,,,,,,
4712,음ㆍ식료품 위주 종합 소매업,음ㆍ식료품 위주 종합 소매업,음ㆍ식료품 위주 종합 소매업,detail,4,False,471,4,47.0,471.0,4712.0,,도매 및 소매업,"소매업, 자동차 제외",종합 소매업,음ㆍ식료품 위주 종합 소매업,,도매 및 소매업,4/47/471/4712," / 소매업, 자동차 제외 / 종합 소매업 / 음ㆍ식료품 위주 종합 소매업",RETAIL_TRADE,도매·소매업,False,True,sub_unit,False,,,,,,,,,,,,,,,
4713,면세점,면세점,면세점,detail,4,False,471,4,47.0,471.0,4713.0,,도매 및 소매업,"소매업, 자동차 제외",종합 소매업,면세점,,도매 및 소매업,4/47/471/4713," / 소매업, 자동차 제외 / 종합 소매업 / 면세점",RETAIL_TRADE,도매·소매업,False,True,sub_unit,False,,,,,,,,,,,,,,,
4719,그 외 기타 종합 소매업,그 외 기타 종합 소매업,그 외 기타 종합 소매업,detail,4,False,471,4,47.0,471.0,4719.0,,도매 및 소매업,"소매업, 자동차 제외",종합 소매업,그 외 기타 종합 소매업,,도매 및 소매업,4/47/471/4719," / 소매업, 자동차 제외 / 종합 소매업 / 그 외 기타 종합 소매업",RETAIL_TRADE,도매·소매업,False,True,sub_unit,False,,,,,,,,,,,,,,,
4721,신선식품 및 단순 가공식품 소매업,신선식품 및 단순 가공식품 소매업,신선식품 및 단순 가공식품 소매업,detail,4,False,472,4,47.0,472.0,4721.0,,도매 및 소매업,"소매업, 자동차 제외",음ㆍ식료품 및 담배 소매업,신선식품 및 단순 가공식품 소매업,,도매 및 소매업,4/47/472/4721," / 소매업, 자동차 제외 / 음ㆍ식료품 및 담배 소매업 / 신선식품 및 단순 가공식품 소매업",RETAIL_TRADE,도매·소매업,False,True,sub_unit,False,,,,,,,,,,,,,,,
4722,가공식품 소매업,가공식품 소매업,가공식품 소매업,detail,4,False,472,4,47.0,472.0,4722.0,,도매 및 소매업,"소매업, 자동차 제외",음ㆍ식료품 및 담배 소매업,가공식품 소매업,,도매 및 소매업,4/47/472/4722," / 소매업, 자동차 제외 / 음ㆍ식료품 및 담배 소매업 / 가공식품 소매업",RETAIL_TRADE,도매·소매업,False,True,sub_unit,False,,,,,,,,,,,,,,,
4723,음료 및 담배 소매업,음료 및 담배 소매업,음료 및 담배 소매업,detail,4,False,472,4,47.0,472.0,4723.0,,도매 및 소매업,"소매업, 자동차 제외",음ㆍ식료품 및 담배 소매업,음료 및 담배 소매업,,도매 및 소매업,4/47/472/4723," / 소매업, 자동차 제외 / 음ㆍ식료품 및 담배 소매업 / 음료 및 담배 소매업",RETAIL_TRADE,도매·소매업,False,True,sub_unit,False,,,,,,,,,,,,,,,
4731,"컴퓨터 및 주변장치, 소프트웨어 및 통신기기 소매업","컴퓨터 및 주변장치, 소프트웨어 및 통신기기 소매업","컴퓨터 및 주변장치, 소프트웨어 및 통신기기 소매업",detail,4,False,473,4,47.0,473.0,4731.0,,도매 및 소매업,"소매업, 자동차 제외",가전제품 및 정보 통신장비 소매업,"컴퓨터 및 주변장치, 소프트웨어 및 통신기기 소매업",,도매 및 소매업,4/47/473/4731," / 소매업, 자동차 제외 / 가전제품 및 정보 통신장비 소매업 / 컴퓨터 및 주변장치, 소프트웨어 및 통신기기 소매업",RETAIL_TRADE,도매·소매업,False,True,sub_unit,False,,,,,,,,,,,,,,,
4732,가전제품 소매업,가전제품 소매업,가전제품 소매업,detail,4,False,473,4,47.0,473.0,4732.0,,도매 및 소매업,"소매업, 자동차 제외",가전제품 및 정보 통신장비 소매업,가전제품 소매업,,도매 및 소매업,4/47/473/4732," / 소매업, 자동차 제외 / 가전제품 및 정보 통신장비 소매업 / 가전제품 소매업",RETAIL_TRADE,도매·소매업,False,True,sub_unit,False,,,,,,,,,,,,,,,
4741,의복 소매업,의복 소매업,의복 소매업,detail,4,False,474,4,47.0,474.0,4741.0,,도매 및 소매업,"소매업, 자동차 제외","섬유, 의복, 신발 및 가죽제품 소매업",의복 소매업,,도매 및 소매업,4/47/474/4741," / 소매업, 자동차 제외 / 섬유, 의복, 신발 및 가죽제품 소매업 / 의복 소매업",RETAIL_TRADE,도매·소매업,False,True,sub_unit,False,,,,,,,,,,,,,,,
4742,"섬유, 직물 및 의복 액세서리 소매업","섬유, 직물 및 의복 액세서리 소매업","섬유, 직물 및 의복 액세서리 소매업",detail,4,False,474,4,47.0,474.0,4742.0,,도매 및 소매업,"소매업, 자동차 제외","섬유, 의복, 신발 및 가죽제품 소매업","섬유, 직물 및 의복 액세서리 소매업",,도매 및 소매업,4/47/474/4742," / 소매업, 자동차 제외 / 섬유, 의복, 신발 및 가죽제품 소매업 / 섬유, 직물 및 의복 액세서리 소매업",RETAIL_TRADE,도매·소매업,False,True,sub_unit,False,,,,,,,,,,,,,,,
4743,신발 소매업,신발 소매업,신발 소매업,detail,4,False,474,4,47.0,474.0,4743.0,,도매 및 소매업,"소매업, 자동차 제외","섬유, 의복, 신발 및 가죽제품 소매업",신발 소매업,,도매 및 소매업,4/47/474/4743," / 소매업, 자동차 제외 / 섬유, 의복, 신발 및 가죽제품 소매업 / 신발 소매업",RETAIL_TRADE,도매·소매업,False,True,sub_unit,False,,,,,,,,,,,,,,,
4744,가방 및 기타 가죽제품 소매업,가방 및 기타 가죽제품 소매업,가방 및 기타 가죽제품 소매업,detail,4,False,474,4,47.0,474.0,4744.0,,도매 및 소매업,"소매업, 자동차 제외","섬유, 의복, 신발 및 가죽제품 소매업",가방 및 기타 가죽제품 소매업,,도매 및 소매업,4/47/474/4744," / 소매업, 자동차 제외 / 섬유, 의복, 신발 및 가죽제품 소매업 / 가방 및 기타 가죽제품 소매업",RETAIL_TRADE,도매·소매업,False,True,sub_unit,False,,,,,,,,,,,,,,,
4751,"철물, 공구, 창호 및 건설자재 소매업","철물, 공구, 창호 및 건설자재 소매업","철물, 공구, 창호 및 건설자재 소매업",detail,4,False,475,4,47.0,475.0,4751.0,,도매 및 소매업,"소매업, 자동차 제외",기타 생활용품 소매업,"철물, 공구, 창호 및 건설자재 소매업",,도매 및 소매업,4/47/475/4751," / 소매업, 자동차 제외 / 기타 생활용품 소매업 / 철물, 공구, 창호 및 건설자재 소매업",RETAIL_TRADE,도매·소매업,False,True,sub_unit,False,,,,,,,,,,,,,,,
4752,가구 소매업,가구 소매업,가구 소매업,detail,4,False,475,4,47.0,475.0,4752.0,,도매 및 소매업,"소매업, 자동차 제외",기타 생활용품 소매업,가구 소매업,,도매 및 소매업,4/47/475/4752," / 소매업, 자동차 제외 / 기타 생활용품 소매업 / 가구 소매업",RETAIL_TRADE,도매·소매업,False,True,sub_unit,False,,,,,,,,,,,,,,,
4759,그 외 기타 가정용품 소매업,그 외 기타 가정용품 소매업,그 외 기타 가정용품 소매업,detail,4,False,475,4,47.0,475.0,4759.0,,도매 및 소매업,"소매업, 자동차 제외",기타 생활용품 소매업,그 외 기타 가정용품 소매업,,도매 및 소매업,4/47/475/4759," / 소매업, 자동차 제외 / 기타 생활용품 소매업 / 그 외 기타 가정용품 소매업",RETAIL_TRADE,도매·소매업,False,True,sub_unit,False,,,,,,,,,,,,,,,
4761,서적 및 문구용품 소매업,서적 및 문구용품 소매업,서적 및 문구용품 소매업,detail,4,False,476,4,47.0,476.0,4761.0,,도매 및 소매업,"소매업, 자동차 제외","문화, 오락 및 여가 용품 소매업",서적 및 문구용품 소매업,,도매 및 소매업,4/47/476/4761," / 소매업, 자동차 제외 / 문화, 오락 및 여가 용품 소매업 / 서적 및 문구용품 소매업",RETAIL_TRADE,도매·소매업,False,True,sub_unit,False,,,,,,,,,,,,,,,
4762,음반 및 비디오물 소매업,음반 및 비디오물 소매업,음반 및 비디오물 소매업,detail,4,False,476,4,47.0,476.0,4762.0,,도매 및 소매업,"소매업, 자동차 제외","문화, 오락 및 여가 용품 소매업",음반 및 비디오물 소매업,,도매 및 소매업,4/47/476/4762," / 소매업, 자동차 제외 / 문화, 오락 및 여가 용품 소매업 / 음반 및 비디오물 소매업",RETAIL_TRADE,도매·소매업,False,True,sub_unit,False,,,,,,,,,,,,,,,
4763,운동용품 및 자전거 소매업,운동용품 및 자전거 소매업,운동용품 및 자전거 소매업,detail,4,False,476,4,47.0,476.0,4763.0,,도매 및 소매업,"소매업, 자동차 제외","문화, 오락 및 여가 용품 소매업",운동용품 및 자전거 소매업,,도매 및 소매업,4/47/476/4763," / 소매업, 자동차 제외 / 문화, 오락 및 여가 용품 소매업 / 운동용품 및 자전거 소매업",RETAIL_TRADE,도매·소매업,False,True,sub_unit,False,,,,,,,,,,,,,,,
4764,"게임용구, 인형 및 장난감 소매업","게임용구, 인형 및 장난감 소매업","게임용구, 인형 및 장난감 소매업",detail,4,False,476,4,47.0,476.0,4764.0,,도매 및 소매업,"소매업, 자동차 제외","문화, 오락 및 여가 용품 소매업","게임용구, 인형 및 장난감 소매업",,도매 및 소매업,4/47/476/4764," / 소매업, 자동차 제외 / 문화, 오락 및 여가 용품 소매업 / 게임용구, 인형 및 장난감 소매업",RETAIL_TRADE,도매·소매업,False,True,sub_unit,False,,,,,,,,,,,,,,,
4771,운송장비용 연료 소매업,운송장비용 연료 소매업,운송장비용 연료 소매업,detail,4,False,477,4,47.0,477.0,4771.0,,도매 및 소매업,"소매업, 자동차 제외",연료 소매업,운송장비용 연료 소매업,,도매 및 소매업,4/47/477/4771," / 소매업, 자동차 제외 / 연료 소매업 / 운송장비용 연료 소매업",RETAIL_TRADE,도매·소매업,False,True,sub_unit,False,,,,,,,,,,,,,,,
4772,가정용 연료 소매업,가정용 연료 소매업,가정용 연료 소매업,detail,4,False,477,4,47.0,477.0,4772.0,,도매 및 소매업,"소매업, 자동차 제외",연료 소매업,가정용 연료 소매업,,도매 및 소매업,4/47/477/4772," / 소매업, 자동차 제외 / 연료 소매업 / 가정용 연료 소매업",RETAIL_TRADE,도매·소매업,False,True,sub_unit,False,,,,,,,,,,,,,,,
4781,"의약품, 의료용 기구, 화장품 및 방향제 소매업","의약품, 의료용 기구, 화장품 및 방향제 소매업","의약품, 의료용 기구, 화장품 및 방향제 소매업",detail,4,False,478,4,47.0,478.0,4781.0,,도매 및 소매업,"소매업, 자동차 제외",기타 상품 전문 소매업,"의약품, 의료용 기구, 화장품 및 방향제 소매업",,도매 및 소매업,4/47/478/4781," / 소매업, 자동차 제외 / 기타 상품 전문 소매업 / 의약품, 의료용 기구, 화장품 및 방향제 소매업",RETAIL_TRADE,도매·소매업,False,True,sub_unit,False,,,,,,,,,,,,,,,
4782,"사무용 기기, 안경, 사진장비 및 정밀기기 소매업","사무용 기기, 안경, 사진장비 및 정밀기기 소매업","사무용 기기, 안경, 사진장비 및 정밀기기 소매업",detail,4,False,478,4,47.0,478.0,4782.0,,도매 및 소매업,"소매업, 자동차 제외",기타 상품 전문 소매업,"사무용 기기, 안경, 사진장비 및 정밀기기 소매업",,도매 및 소매업,4/47/478/4782," / 소매업, 자동차 제외 / 기타 상품 전문 소매업 / 사무용 기기, 안경, 사진장비 및 정밀기기 소매업",RETAIL_TRADE,도매·소매업,False,True,sub_unit,False,,,,,,,,,,,,,,,
4783,시계 및 귀금속 소매업,시계 및 귀금속 소매업,시계 및 귀금속 소매업,detail,4,False,478,4,47.0,478.0,4783.0,,도매 및 소매업,"소매업, 자동차 제외",기타 상품 전문 소매업,시계 및 귀금속 소매업,,도매 및 소매업,4/47/478/4783," / 소매업, 자동차 제외 / 기타 상품 전문 소매업 / 시계 및 귀금속 소매업",RETAIL_TRADE,도매·소매업,False,True,sub_unit,False,,,,,,,,,,,,,,,
4784,"예술품, 기념품 및 장식용품 소매업","예술품, 기념품 및 장식용품 소매업","예술품, 기념품 및 장식용품 소매업",detail,4,False,478,4,47.0,478.0,4784.0,,도매 및 소매업,"소매업, 자동차 제외",기타 상품 전문 소매업,"예술품, 기념품 및 장식용품 소매업",,도매 및 소매업,4/47/478/4784," / 소매업, 자동차 제외 / 기타 상품 전문 소매업 / 예술품, 기념품 및 장식용품 소매업",RETAIL_TRADE,도매·소매업,False,True,sub_unit,False,,,,,,,,,,,,,,,
4785,그 외 기타 상품 전문 소매업,그 외 기타 상품 전문 소매업,그 외 기타 상품 전문 소매업,detail,4,False,478,4,47.0,478.0,4785.0,,도매 및 소매업,"소매업, 자동차 제외",기타 상품 전문 소매업,그 외 기타 상품 전문 소매업,,도매 및 소매업,4/47/478/4785," / 소매업, 자동차 제외 / 기타 상품 전문 소매업 / 그 외 기타 상품 전문 소매업",RETAIL_TRADE,도매·소매업,False,True,sub_unit,False,,,,,,,,,,,,,,,
4786,중고 상품 소매업,중고 상품 소매업,중고 상품 소매업,detail,4,False,478,4,47.0,478.0,4786.0,,도매 및 소매업,"소매업, 자동차 제외",기타 상품 전문 소매업,중고 상품 소매업,,도매 및 소매업,4/47/478/4786," / 소매업, 자동차 제외 / 기타 상품 전문 소매업 / 중고 상품 소매업",RETAIL_TRADE,도매·소매업,False,True,sub_unit,False,,,,,,,,,,,,,,,
4791,통신 판매업,통신 판매업,통신 판매업,detail,4,False,479,4,47.0,479.0,4791.0,,도매 및 소매업,"소매업, 자동차 제외",무점포 소매업,통신 판매업,,도매 및 소매업,4/47/479/4791," / 소매업, 자동차 제외 / 무점포 소매업 / 통신 판매업",RETAIL_TRADE,도매·소매업,False,True,sub_unit,False,,,,,,,,,,,,,,,
4792,노점 및 유사 이동 소매업,노점 및 유사 이동 소매업,노점 및 유사 이동 소매업,detail,4,False,479,4,47.0,479.0,4792.0,,도매 및 소매업,"소매업, 자동차 제외",무점포 소매업,노점 및 유사 이동 소매업,,도매 및 소매업,4/47/479/4792," / 소매업, 자동차 제외 / 무점포 소매업 / 노점 및 유사 이동 소매업",RETAIL_TRADE,도매·소매업,False,True,sub_unit,False,,,,,,,,,,,,,,,
4799,기타 무점포 소매업,기타 무점포 소매업,기타 무점포 소매업,detail,4,False,479,4,47.0,479.0,4799.0,,도매 및 소매업,"소매업, 자동차 제외",무점포 소매업,기타 무점포 소매업,,도매 및 소매업,4/47/479/4799," / 소매업, 자동차 제외 / 무점포 소매업 / 기타 무점포 소매업",RETAIL_TRADE,도매·소매업,False,True,sub_unit,False,,,,,,,,,,,,,,,
4910,철도 운송업,철도 운송업,철도 운송업,detail,4,False,491,4,49.0,491.0,4910.0,,운수 및 창고업,육상 운송 및 파이프라인 운송업,철도 운송업,철도 운송업,,운수 및 창고업,4/49/491/4910, / 육상 운송 및 파이프라인 운송업 / 철도 운송업 / 철도 운송업,LOGISTICS,운수·창고업,False,False,sub_unit,False,,,,,,,,,,,,,,,
4921,도시 정기 육상 여객 운송업,도시 정기 육상 여객 운송업,도시 정기 육상 여객 운송업,detail,4,False,492,4,49.0,492.0,4921.0,,운수 및 창고업,육상 운송 및 파이프라인 운송업,육상 여객 운송업,도시 정기 육상 여객 운송업,,운수 및 창고업,4/49/492/4921, / 육상 운송 및 파이프라인 운송업 / 육상 여객 운송업 / 도시 정기 육상 여객 운송업,LOGISTICS,운수·창고업,False,False,sub_unit,False,,,,,,,,,,,,,,,
4922,시외버스 운송업,시외버스 운송업,시외버스 운송업,detail,4,False,492,4,49.0,492.0,4922.0,,운수 및 창고업,육상 운송 및 파이프라인 운송업,육상 여객 운송업,시외버스 운송업,,운수 및 창고업,4/49/492/4922, / 육상 운송 및 파이프라인 운송업 / 육상 여객 운송업 / 시외버스 운송업,LOGISTICS,운수·창고업,False,False,sub_unit,False,,,,,,,,,,,,,,,
4923,부정기 육상 여객 운송업,부정기 육상 여객 운송업,부정기 육상 여객 운송업,detail,4,False,492,4,49.0,492.0,4923.0,,운수 및 창고업,육상 운송 및 파이프라인 운송업,육상 여객 운송업,부정기 육상 여객 운송업,,운수 및 창고업,4/49/492/4923, / 육상 운송 및 파이프라인 운송업 / 육상 여객 운송업 / 부정기 육상 여객 운송업,LOGISTICS,운수·창고업,False,False,sub_unit,False,,,,,,,,,,,,,,,
4930,도로 화물 운송업,도로 화물 운송업,도로 화물 운송업,detail,4,False,493,4,49.0,493.0,4930.0,,운수 및 창고업,육상 운송 및 파이프라인 운송업,도로 화물 운송업,도로 화물 운송업,,운수 및 창고업,4/49/493/4930, / 육상 운송 및 파이프라인 운송업 / 도로 화물 운송업 / 도로 화물 운송업,LOGISTICS,운수·창고업,False,False,sub_unit,False,,,,,,,,,,,,,,,
4940,소화물 전문 운송업,소화물 전문 운송업,소화물 전문 운송업,detail,4,False,494,4,49.0,494.0,4940.0,,운수 및 창고업,육상 운송 및 파이프라인 운송업,소화물 전문 운송업,소화물 전문 운송업,,운수 및 창고업,4/49/494/4940, / 육상 운송 및 파이프라인 운송업 / 소화물 전문 운송업 / 소화물 전문 운송업,LOGISTICS,운수·창고업,False,False,sub_unit,False,,,,,,,,,,,,,,,
4950,파이프라인 운송업,파이프라인 운송업,파이프라인 운송업,detail,4,False,495,4,49.0,495.0,4950.0,,운수 및 창고업,육상 운송 및 파이프라인 운송업,파이프라인 운송업,파이프라인 운송업,,운수 및 창고업,4/49/495/4950, / 육상 운송 및 파이프라인 운송업 / 파이프라인 운송업 / 파이프라인 운송업,LOGISTICS,운수·창고업,False,False,sub_unit,False,,,,,,,,,,,,,,,
5011,외항 운송업,외항 운송업,외항 운송업,detail,4,False,501,5,50.0,501.0,5011.0,,운수 및 창고업,수상 운송업,해상 운송업,외항 운송업,,운수 및 창고업,5/50/501/5011, / 수상 운송업 / 해상 운송업 / 외항 운송업,LOGISTICS,운수·창고업,False,False,sub_unit,False,,,,,,,,,,,,,,,
5012,내항 운송업,내항 운송업,내항 운송업,detail,4,False,501,5,50.0,501.0,5012.0,,운수 및 창고업,수상 운송업,해상 운송업,내항 운송업,,운수 및 창고업,5/50/501/5012, / 수상 운송업 / 해상 운송업 / 내항 운송업,LOGISTICS,운수·창고업,False,False,sub_unit,False,,,,,,,,,,,,,,,
5013,기타 해상 운송업,기타 해상 운송업,기타 해상 운송업,detail,4,False,501,5,50.0,501.0,5013.0,,운수 및 창고업,수상 운송업,해상 운송업,기타 해상 운송업,,운수 및 창고업,5/50/501/5013, / 수상 운송업 / 해상 운송업 / 기타 해상 운송업,LOGISTICS,운수·창고업,False,False,sub_unit,False,,,,,,,,,,,,,,,
5020,내륙 수상 및 항만 내 운송업,내륙 수상 및 항만 내 운송업,내륙 수상 및 항만 내 운송업,detail,4,False,502,5,50.0,502.0,5020.0,,운수 및 창고업,수상 운송업,내륙 수상 및 항만 내 운송업,내륙 수상 및 항만 내 운송업,,운수 및 창고업,5/50/502/5020, / 수상 운송업 / 내륙 수상 및 항만 내 운송업 / 내륙 수상 및 항만 내 운송업,LOGISTICS,운수·창고업,False,False,sub_unit,False,,,,,,,,,,,,,,,
5110,항공 여객 운송업,항공 여객 운송업,항공 여객 운송업,detail,4,False,511,5,51.0,511.0,5110.0,,운수 및 창고업,항공 운송업,항공 여객 운송업,항공 여객 운송업,,운수 및 창고업,5/51/511/5110, / 항공 운송업 / 항공 여객 운송업 / 항공 여객 운송업,LOGISTICS,운수·창고업,False,False,sub_unit,False,,,,,,,,,,,,,,,
5120,항공 화물 운송업,항공 화물 운송업,항공 화물 운송업,detail,4,False,512,5,51.0,512.0,5120.0,,운수 및 창고업,항공 운송업,항공 화물 운송업,항공 화물 운송업,,운수 및 창고업,5/51/512/5120, / 항공 운송업 / 항공 화물 운송업 / 항공 화물 운송업,LOGISTICS,운수·창고업,False,False,sub_unit,False,,,,,,,,,,,,,,,
5210,보관 및 창고업,보관 및 창고업,보관 및 창고업,detail,4,False,521,5,52.0,521.0,5210.0,,운수 및 창고업,창고 및 운송관련 서비스업,보관 및 창고업,보관 및 창고업,,운수 및 창고업,5/52/521/5210, / 창고 및 운송관련 서비스업 / 보관 및 창고업 / 보관 및 창고업,LOGISTICS,운수·창고업,False,False,sub_unit,False,,,,,,,,,,,,,,,
5291,육상 운송 지원 서비스업,육상 운송 지원 서비스업,육상 운송 지원 서비스업,detail,4,False,529,5,52.0,529.0,5291.0,,운수 및 창고업,창고 및 운송관련 서비스업,기타 운송관련 서비스업,육상 운송 지원 서비스업,,운수 및 창고업,5/52/529/5291, / 창고 및 운송관련 서비스업 / 기타 운송관련 서비스업 / 육상 운송 지원 서비스업,LOGISTICS,운수·창고업,False,False,sub_unit,False,,,,,,,,,,,,,,,
5292,수상 운송 지원 서비스업,수상 운송 지원 서비스업,수상 운송 지원 서비스업,detail,4,False,529,5,52.0,529.0,5292.0,,운수 및 창고업,창고 및 운송관련 서비스업,기타 운송관련 서비스업,수상 운송 지원 서비스업,,운수 및 창고업,5/52/529/5292, / 창고 및 운송관련 서비스업 / 기타 운송관련 서비스업 / 수상 운송 지원 서비스업,LOGISTICS,운수·창고업,False,False,sub_unit,False,,,,,,,,,,,,,,,
5293,항공 운송 지원 서비스업,항공 운송 지원 서비스업,항공 운송 지원 서비스업,detail,4,False,529,5,52.0,529.0,5293.0,,운수 및 창고업,창고 및 운송관련 서비스업,기타 운송관련 서비스업,항공 운송 지원 서비스업,,운수 및 창고업,5/52/529/5293, / 창고 및 운송관련 서비스업 / 기타 운송관련 서비스업 / 항공 운송 지원 서비스업,LOGISTICS,운수·창고업,False,False,sub_unit,False,,,,,,,,,,,,,,,
5294,화물 취급업,화물 취급업,화물 취급업,detail,4,False,529,5,52.0,529.0,5294.0,,운수 및 창고업,창고 및 운송관련 서비스업,기타 운송관련 서비스업,화물 취급업,,운수 및 창고업,5/52/529/5294, / 창고 및 운송관련 서비스업 / 기타 운송관련 서비스업 / 화물 취급업,LOGISTICS,운수·창고업,False,False,sub_unit,False,,,,,,,,,,,,,,,
5299,그 외 기타 운송관련 서비스업,그 외 기타 운송관련 서비스업,그 외 기타 운송관련 서비스업,detail,4,False,529,5,52.0,529.0,5299.0,,운수 및 창고업,창고 및 운송관련 서비스업,기타 운송관련 서비스업,그 외 기타 운송관련 서비스업,,운수 및 창고업,5/52/529/5299, / 창고 및 운송관련 서비스업 / 기타 운송관련 서비스업 / 그 외 기타 운송관련 서비스업,LOGISTICS,운수·창고업,False,False,sub_unit,False,,,,,,,,,,,,,,,
5510,일반 및 생활 숙박시설 운영업,일반 및 생활 숙박시설 운영업,일반 및 생활 숙박시설 운영업,detail,4,False,551,5,55.0,551.0,5510.0,,숙박 및 음식점업,숙박업,일반 및 생활 숙박시설 운영업,일반 및 생활 숙박시설 운영업,,숙박 및 음식점업,5/55/551/5510, / 숙박업 / 일반 및 생활 숙박시설 운영업 / 일반 및 생활 숙박시설 운영업,HOSPITALITY,숙박·음식·여행,False,False,sub_unit,False,,,,,,,,,,,,,,,
5590,기타 숙박업,기타 숙박업,기타 숙박업,detail,4,False,559,5,55.0,559.0,5590.0,,숙박 및 음식점업,숙박업,기타 숙박업,기타 숙박업,,숙박 및 음식점업,5/55/559/5590, / 숙박업 / 기타 숙박업 / 기타 숙박업,HOSPITALITY,숙박·음식·여행,False,False,sub_unit,False,,,,,,,,,,,,,,,
5611,한식 음식점업,한식 음식점업,한식 음식점업,detail,4,False,561,5,56.0,561.0,5611.0,,숙박 및 음식점업,음식점 및 주점업,음식점업,한식 음식점업,,숙박 및 음식점업,5/56/561/5611, / 음식점 및 주점업 / 음식점업 / 한식 음식점업,HOSPITALITY,숙박·음식·여행,False,False,sub_unit,False,,,,,,,,,,,,,,,
5612,외국식 음식점업,외국식 음식점업,외국식 음식점업,detail,4,False,561,5,56.0,561.0,5612.0,,숙박 및 음식점업,음식점 및 주점업,음식점업,외국식 음식점업,,숙박 및 음식점업,5/56/561/5612, / 음식점 및 주점업 / 음식점업 / 외국식 음식점업,HOSPITALITY,숙박·음식·여행,False,False,sub_unit,False,,,,,,,,,,,,,,,
5613,기관 구내식당업,기관 구내식당업,기관 구내식당업,detail,4,False,561,5,56.0,561.0,5613.0,,숙박 및 음식점업,음식점 및 주점업,음식점업,기관 구내식당업,,숙박 및 음식점업,5/56/561/5613, / 음식점 및 주점업 / 음식점업 / 기관 구내식당업,HOSPITALITY,숙박·음식·여행,False,False,sub_unit,False,,,,,,,,,,,,,,,
5614,출장 및 이동 음식점업,출장 및 이동 음식점업,출장 및 이동 음식점업,detail,4,False,561,5,56.0,561.0,5614.0,,숙박 및 음식점업,음식점 및 주점업,음식점업,출장 및 이동 음식점업,,숙박 및 음식점업,5/56/561/5614, / 음식점 및 주점업 / 음식점업 / 출장 및 이동 음식점업,HOSPITALITY,숙박·음식·여행,False,False,sub_unit,False,,,,,,,,,,,,,,,
5615,제과점업,제과점업,제과점업,detail,4,False,561,5,56.0,561.0,5615.0,,숙박 및 음식점업,음식점 및 주점업,음식점업,제과점업,,숙박 및 음식점업,5/56/561/5615, / 음식점 및 주점업 / 음식점업 / 제과점업,HOSPITALITY,숙박·음식·여행,False,False,sub_unit,False,,,,,,,,,,,,,,,
5616,"피자, 햄버거 및 치킨 전문점","피자, 햄버거 및 치킨 전문점","피자, 햄버거 및 치킨 전문점",detail,4,False,561,5,56.0,561.0,5616.0,,숙박 및 음식점업,음식점 및 주점업,음식점업,"피자, 햄버거 및 치킨 전문점",,숙박 및 음식점업,5/56/561/5616," / 음식점 및 주점업 / 음식점업 / 피자, 햄버거 및 치킨 전문점",HOSPITALITY,숙박·음식·여행,False,False,sub_unit,False,,,,,,,,,,,,,,,
5619,김밥 및 기타 간이 음식점업,김밥 및 기타 간이 음식점업,김밥 및 기타 간이 음식점업,detail,4,False,561,5,56.0,561.0,5619.0,,숙박 및 음식점업,음식점 및 주점업,음식점업,김밥 및 기타 간이 음식점업,,숙박 및 음식점업,5/56/561/5619, / 음식점 및 주점업 / 음식점업 / 김밥 및 기타 간이 음식점업,HOSPITALITY,숙박·음식·여행,False,False,sub_unit,False,,,,,,,,,,,,,,,
5621,주점업,주점업,주점업,detail,4,False,562,5,56.0,562.0,5621.0,,숙박 및 음식점업,음식점 및 주점업,주점 및 비알코올 음료점업,주점업,,숙박 및 음식점업,5/56/562/5621, / 음식점 및 주점업 / 주점 및 비알코올 음료점업 / 주점업,HOSPITALITY,숙박·음식·여행,False,False,sub_unit,False,,,,,,,,,,,,,,,
5622,비알코올 음료점업,비알코올 음료점업,비알코올 음료점업,detail,4,False,562,5,56.0,562.0,5622.0,,숙박 및 음식점업,음식점 및 주점업,주점 및 비알코올 음료점업,비알코올 음료점업,,숙박 및 음식점업,5/56/562/5622, / 음식점 및 주점업 / 주점 및 비알코올 음료점업 / 비알코올 음료점업,HOSPITALITY,숙박·음식·여행,False,False,sub_unit,False,,,,,,,,,,,,,,,
5811,서적 출판업,서적 출판업,서적 출판업,detail,4,False,581,5,58.0,581.0,5811.0,,정보통신업,출판업,"서적, 잡지 및 기타 인쇄물 출판업",서적 출판업,,정보통신업,5/58/581/5811," / 출판업 / 서적, 잡지 및 기타 인쇄물 출판업 / 서적 출판업",IT_TECH,정보통신업 (IT),False,True,sub_unit,False,,,,,,,,,,,,,,,
5812,"신문, 잡지 및 정기 간행물 출판업","신문, 잡지 및 정기 간행물 출판업","신문, 잡지 및 정기 간행물 출판업",detail,4,False,581,5,58.0,581.0,5812.0,,정보통신업,출판업,"서적, 잡지 및 기타 인쇄물 출판업","신문, 잡지 및 정기 간행물 출판업",,정보통신업,5/58/581/5812," / 출판업 / 서적, 잡지 및 기타 인쇄물 출판업 / 신문, 잡지 및 정기 간행물 출판업",IT_TECH,정보통신업 (IT),False,True,sub_unit,False,,,,,,,,,,,,,,,
5819,기타 인쇄물 출판업,기타 인쇄물 출판업,기타 인쇄물 출판업,detail,4,False,581,5,58.0,581.0,5819.0,,정보통신업,출판업,"서적, 잡지 및 기타 인쇄물 출판업",기타 인쇄물 출판업,,정보통신업,5/58/581/5819," / 출판업 / 서적, 잡지 및 기타 인쇄물 출판업 / 기타 인쇄물 출판업",IT_TECH,정보통신업 (IT),False,True,sub_unit,False,,,,,,,,,,,,,,,
5821,게임 소프트웨어 개발 및 공급업,게임 소프트웨어 개발 및 공급업,게임 소프트웨어 개발 및 공급업,detail,4,False,582,5,58.0,582.0,5821.0,,정보통신업,출판업,소프트웨어 개발 및 공급업,게임 소프트웨어 개발 및 공급업,,정보통신업,5/58/582/5821, / 출판업 / 소프트웨어 개발 및 공급업 / 게임 소프트웨어 개발 및 공급업,IT_TECH,정보통신업 (IT),False,True,sub_unit,False,,,,,,,,,,,,,,,
5822,시스템ㆍ응용 소프트웨어 개발 및 공급업,시스템ㆍ응용 소프트웨어 개발 및 공급업,시스템ㆍ응용 소프트웨어 개발 및 공급업,detail,4,False,582,5,58.0,582.0,5822.0,,정보통신업,출판업,소프트웨어 개발 및 공급업,시스템ㆍ응용 소프트웨어 개발 및 공급업,,정보통신업,5/58/582/5822, / 출판업 / 소프트웨어 개발 및 공급업 / 시스템ㆍ응용 소프트웨어 개발 및 공급업,IT_TECH,정보통신업 (IT),False,True,sub_unit,False,,,,,,,,,,,,,,,
5911,"영화, 비디오물 및 방송 프로그램 제작업","영화, 비디오물 및 방송 프로그램 제작업","영화, 비디오물 및 방송 프로그램 제작업",detail,4,False,591,5,59.0,591.0,5911.0,,정보통신업,영상ㆍ오디오 기록물 제작 및 배급업,"영화, 비디오물, 방송 프로그램 제작 및 배급업","영화, 비디오물 및 방송 프로그램 제작업",,정보통신업,5/59/591/5911," / 영상ㆍ오디오 기록물 제작 및 배급업 / 영화, 비디오물, 방송 프로그램 제작 및 배급업 / 영화, 비디오물 및 방송 프로그램 제작업",IT_TECH,정보통신업 (IT),False,True,sub_unit,False,,,,,,,,,,,,,,,
5912,"영화, 비디오물 및 방송 프로그램 제작 관련 서비스업","영화, 비디오물 및 방송 프로그램 제작 관련 서비스업","영화, 비디오물 및 방송 프로그램 제작 관련 서비스업",detail,4,False,591,5,59.0,591.0,5912.0,,정보통신업,영상ㆍ오디오 기록물 제작 및 배급업,"영화, 비디오물, 방송 프로그램 제작 및 배급업","영화, 비디오물 및 방송 프로그램 제작 관련 서비스업",,정보통신업,5/59/591/5912," / 영상ㆍ오디오 기록물 제작 및 배급업 / 영화, 비디오물, 방송 프로그램 제작 및 배급업 / 영화, 비디오물 및 방송 프로그램 제작 관련 서비스업",IT_TECH,정보통신업 (IT),False,True,sub_unit,False,,,,,,,,,,,,,,,
5913,"영화, 비디오물 및 방송 프로그램 배급업","영화, 비디오물 및 방송 프로그램 배급업","영화, 비디오물 및 방송 프로그램 배급업",detail,4,False,591,5,59.0,591.0,5913.0,,정보통신업,영상ㆍ오디오 기록물 제작 및 배급업,"영화, 비디오물, 방송 프로그램 제작 및 배급업","영화, 비디오물 및 방송 프로그램 배급업",,정보통신업,5/59/591/5913," / 영상ㆍ오디오 기록물 제작 및 배급업 / 영화, 비디오물, 방송 프로그램 제작 및 배급업 / 영화, 비디오물 및 방송 프로그램 배급업",IT_TECH,정보통신업 (IT),False,True,sub_unit,False,,,,,,,,,,,,,,,
5914,영화 및 비디오물 상영업,영화 및 비디오물 상영업,영화 및 비디오물 상영업,detail,4,False,591,5,59.0,591.0,5914.0,,정보통신업,영상ㆍ오디오 기록물 제작 및 배급업,"영화, 비디오물, 방송 프로그램 제작 및 배급업",영화 및 비디오물 상영업,,정보통신업,5/59/591/5914," / 영상ㆍ오디오 기록물 제작 및 배급업 / 영화, 비디오물, 방송 프로그램 제작 및 배급업 / 영화 및 비디오물 상영업",IT_TECH,정보통신업 (IT),False,True,sub_unit,False,,,,,,,,,,,,,,,
5920,오디오물 출판 및 원판 녹음업,오디오물 출판 및 원판 녹음업,오디오물 출판 및 원판 녹음업,detail,4,False,592,5,59.0,592.0,5920.0,,정보통신업,영상ㆍ오디오 기록물 제작 및 배급업,오디오물 출판 및 원판 녹음업,오디오물 출판 및 원판 녹음업,,정보통신업,5/59/592/5920, / 영상ㆍ오디오 기록물 제작 및 배급업 / 오디오물 출판 및 원판 녹음업 / 오디오물 출판 및 원판 녹음업,IT_TECH,정보통신업 (IT),False,True,sub_unit,False,,,,,,,,,,,,,,,
6010,라디오 방송업,라디오 방송업,라디오 방송업,detail,4,False,601,6,60.0,601.0,6010.0,,정보통신업,방송 및 영상ㆍ오디오물 제공 서비스업,라디오 방송업,라디오 방송업,,정보통신업,6/60/601/6010, / 방송 및 영상ㆍ오디오물 제공 서비스업 / 라디오 방송업 / 라디오 방송업,IT_TECH,정보통신업 (IT),False,True,sub_unit,False,,,,,,,,,,,,,,,
6021,지상파 방송업,지상파 방송업,지상파 방송업,detail,4,False,602,6,60.0,602.0,6021.0,,정보통신업,방송 및 영상ㆍ오디오물 제공 서비스업,텔레비전 방송업,지상파 방송업,,정보통신업,6/60/602/6021, / 방송 및 영상ㆍ오디오물 제공 서비스업 / 텔레비전 방송업 / 지상파 방송업,IT_TECH,정보통신업 (IT),False,True,sub_unit,False,,,,,,,,,,,,,,,
6022,"유선, 위성 및 기타 방송업","유선, 위성 및 기타 방송업","유선, 위성 및 기타 방송업",detail,4,False,602,6,60.0,602.0,6022.0,,정보통신업,방송 및 영상ㆍ오디오물 제공 서비스업,텔레비전 방송업,"유선, 위성 및 기타 방송업",,정보통신업,6/60/602/6022," / 방송 및 영상ㆍ오디오물 제공 서비스업 / 텔레비전 방송업 / 유선, 위성 및 기타 방송업",IT_TECH,정보통신업 (IT),False,True,sub_unit,False,,,,,,,,,,,,,,,
6031,영상물 제공 서비스업,영상물 제공 서비스업,영상물 제공 서비스업,detail,4,False,603,6,60.0,603.0,6031.0,,정보통신업,방송 및 영상ㆍ오디오물 제공 서비스업,영상ㆍ오디오물 제공 서비스업,영상물 제공 서비스업,,정보통신업,6/60/603/6031, / 방송 및 영상ㆍ오디오물 제공 서비스업 / 영상ㆍ오디오물 제공 서비스업 / 영상물 제공 서비스업,IT_TECH,정보통신업 (IT),False,True,sub_unit,False,,,,,,,,,,,,,,,
6032,오디오물 제공 서비스업,오디오물 제공 서비스업,오디오물 제공 서비스업,detail,4,False,603,6,60.0,603.0,6032.0,,정보통신업,방송 및 영상ㆍ오디오물 제공 서비스업,영상ㆍ오디오물 제공 서비스업,오디오물 제공 서비스업,,정보통신업,6/60/603/6032, / 방송 및 영상ㆍ오디오물 제공 서비스업 / 영상ㆍ오디오물 제공 서비스업 / 오디오물 제공 서비스업,IT_TECH,정보통신업 (IT),False,True,sub_unit,False,,,,,,,,,,,,,,,
6110,공영 우편업,공영 우편업,공영 우편업,detail,4,False,611,6,61.0,611.0,6110.0,,정보통신업,우편 및 통신업,공영 우편업,공영 우편업,,정보통신업,6/61/611/6110, / 우편 및 통신업 / 공영 우편업 / 공영 우편업,IT_TECH,정보통신업 (IT),False,True,sub_unit,False,,,,,,,,,,,,,,,
6121,유선 통신업,유선 통신업,유선 통신업,detail,4,False,612,6,61.0,612.0,6121.0,,정보통신업,우편 및 통신업,전기 통신업,유선 통신업,,정보통신업,6/61/612/6121, / 우편 및 통신업 / 전기 통신업 / 유선 통신업,IT_TECH,정보통신업 (IT),False,True,sub_unit,False,,,,,,,,,,,,,,,
6122,무선 및 위성 통신업,무선 및 위성 통신업,무선 및 위성 통신업,detail,4,False,612,6,61.0,612.0,6122.0,,정보통신업,우편 및 통신업,전기 통신업,무선 및 위성 통신업,,정보통신업,6/61/612/6122, / 우편 및 통신업 / 전기 통신업 / 무선 및 위성 통신업,IT_TECH,정보통신업 (IT),False,True,sub_unit,False,,,,,,,,,,,,,,,
6129,기타 전기 통신업,기타 전기 통신업,기타 전기 통신업,detail,4,False,612,6,61.0,612.0,6129.0,,정보통신업,우편 및 통신업,전기 통신업,기타 전기 통신업,,정보통신업,6/61/612/6129, / 우편 및 통신업 / 전기 통신업 / 기타 전기 통신업,IT_TECH,정보통신업 (IT),False,True,sub_unit,False,,,,,,,,,,,,,,,
6201,컴퓨터 프로그래밍 서비스업,컴퓨터 프로그래밍 서비스업,컴퓨터 프로그래밍 서비스업,detail,4,False,620,6,62.0,620.0,6201.0,,정보통신업,"컴퓨터 프로그래밍, 시스템 통합 및 관리업","컴퓨터 프로그래밍, 시스템 통합 및 관리업",컴퓨터 프로그래밍 서비스업,,정보통신업,6/62/620/6201," / 컴퓨터 프로그래밍, 시스템 통합 및 관리업 / 컴퓨터 프로그래밍, 시스템 통합 및 관리업 / 컴퓨터 프로그래밍 서비스업",IT_TECH,정보통신업 (IT),False,True,sub_unit,False,,,,,,,,,,,,,,,
6202,"컴퓨터 시스템 통합 자문, 구축 및 관리업","컴퓨터 시스템 통합 자문, 구축 및 관리업","컴퓨터 시스템 통합 자문, 구축 및 관리업",detail,4,False,620,6,62.0,620.0,6202.0,,정보통신업,"컴퓨터 프로그래밍, 시스템 통합 및 관리업","컴퓨터 프로그래밍, 시스템 통합 및 관리업","컴퓨터 시스템 통합 자문, 구축 및 관리업",,정보통신업,6/62/620/6202," / 컴퓨터 프로그래밍, 시스템 통합 및 관리업 / 컴퓨터 프로그래밍, 시스템 통합 및 관리업 / 컴퓨터 시스템 통합 자문, 구축 및 관리업",IT_TECH,정보통신업 (IT),False,True,sub_unit,False,,,,,,,,,,,,,,,
6209,기타 정보 기술 및 컴퓨터 운영 관련 서비스업,기타 정보 기술 및 컴퓨터 운영 관련 서비스업,기타 정보 기술 및 컴퓨터 운영 관련 서비스업,detail,4,False,620,6,62.0,620.0,6209.0,,정보통신업,"컴퓨터 프로그래밍, 시스템 통합 및 관리업","컴퓨터 프로그래밍, 시스템 통합 및 관리업",기타 정보 기술 및 컴퓨터 운영 관련 서비스업,,정보통신업,6/62/620/6209," / 컴퓨터 프로그래밍, 시스템 통합 및 관리업 / 컴퓨터 프로그래밍, 시스템 통합 및 관리업 / 기타 정보 기술 및 컴퓨터 운영 관련 서비스업",IT_TECH,정보통신업 (IT),False,True,sub_unit,False,,,,,,,,,,,,,,,
6311,"자료 처리, 호스팅 및 관련 서비스업","자료 처리, 호스팅 및 관련 서비스업","자료 처리, 호스팅 및 관련 서비스업",detail,4,False,631,6,63.0,631.0,6311.0,,정보통신업,정보서비스업,"자료 처리, 호스팅, 포털 및 기타 인터넷 정보 매개 서비스업","자료 처리, 호스팅 및 관련 서비스업",,정보통신업,6/63/631/6311," / 정보서비스업 / 자료 처리, 호스팅, 포털 및 기타 인터넷 정보 매개 서비스업 / 자료 처리, 호스팅 및 관련 서비스업",IT_TECH,정보통신업 (IT),False,True,sub_unit,False,,,,,,,,,,,,,,,
6312,포털 및 기타 인터넷 정보 매개 서비스업,포털 및 기타 인터넷 정보 매개 서비스업,포털 및 기타 인터넷 정보 매개 서비스업,detail,4,False,631,6,63.0,631.0,6312.0,,정보통신업,정보서비스업,"자료 처리, 호스팅, 포털 및 기타 인터넷 정보 매개 서비스업",포털 및 기타 인터넷 정보 매개 서비스업,,정보통신업,6/63/631/6312," / 정보서비스업 / 자료 처리, 호스팅, 포털 및 기타 인터넷 정보 매개 서비스업 / 포털 및 기타 인터넷 정보 매개 서비스업",IT_TECH,정보통신업 (IT),False,True,sub_unit,False,,,,,,,,,,,,,,,
6391,뉴스 제공업,뉴스 제공업,뉴스 제공업,detail,4,False,639,6,63.0,639.0,6391.0,,정보통신업,정보서비스업,기타 정보 서비스업,뉴스 제공업,,정보통신업,6/63/639/6391, / 정보서비스업 / 기타 정보 서비스업 / 뉴스 제공업,IT_TECH,정보통신업 (IT),False,True,sub_unit,False,,,,,,,,,,,,,,,
6399,그 외 기타 정보 서비스업,그 외 기타 정보 서비스업,그 외 기타 정보 서비스업,detail,4,False,639,6,63.0,639.0,6399.0,,정보통신업,정보서비스업,기타 정보 서비스업,그 외 기타 정보 서비스업,,정보통신업,6/63/639/6399, / 정보서비스업 / 기타 정보 서비스업 / 그 외 기타 정보 서비스업,IT_TECH,정보통신업 (IT),False,True,sub_unit,False,,,,,,,,,,,,,,,
6411,중앙은행,중앙은행,중앙은행,detail,4,False,641,6,64.0,641.0,6411.0,,금융 및 보험업,금융업,은행 및 저축기관,중앙은행,,금융 및 보험업,6/64/641/6411, / 금융업 / 은행 및 저축기관 / 중앙은행,FINANCE,금융·보험업,False,True,sub_unit,False,,,,,,,,,,,,,,,
6412,일반은행,일반은행,일반은행,detail,4,False,641,6,64.0,641.0,6412.0,,금융 및 보험업,금융업,은행 및 저축기관,일반은행,,금융 및 보험업,6/64/641/6412, / 금융업 / 은행 및 저축기관 / 일반은행,FINANCE,금융·보험업,False,True,sub_unit,False,,,,,,,,,,,,,,,
6413,신용조합 및 저축기관,신용조합 및 저축기관,신용조합 및 저축기관,detail,4,False,641,6,64.0,641.0,6413.0,,금융 및 보험업,금융업,은행 및 저축기관,신용조합 및 저축기관,,금융 및 보험업,6/64/641/6413, / 금융업 / 은행 및 저축기관 / 신용조합 및 저축기관,FINANCE,금융·보험업,False,True,sub_unit,False,,,,,,,,,,,,,,,
6420,신탁업 및 집합 투자업,신탁업 및 집합 투자업,신탁업 및 집합 투자업,detail,4,False,642,6,64.0,642.0,6420.0,,금융 및 보험업,금융업,신탁업 및 집합 투자업,신탁업 및 집합 투자업,,금융 및 보험업,6/64/642/6420, / 금융업 / 신탁업 및 집합 투자업 / 신탁업 및 집합 투자업,FINANCE,금융·보험업,False,True,sub_unit,False,,,,,,,,,,,,,,,
6491,여신 금융업,여신 금융업,여신 금융업,detail,4,False,649,6,64.0,649.0,6491.0,,금융 및 보험업,금융업,기타 금융업,여신 금융업,,금융 및 보험업,6/64/649/6491, / 금융업 / 기타 금융업 / 여신 금융업,FINANCE,금융·보험업,False,True,sub_unit,False,,,,,,,,,,,,,,,
6499,그 외 기타 금융업,그 외 기타 금융업,그 외 기타 금융업,detail,4,False,649,6,64.0,649.0,6499.0,,금융 및 보험업,금융업,기타 금융업,그 외 기타 금융업,,금융 및 보험업,6/64/649/6499, / 금융업 / 기타 금융업 / 그 외 기타 금융업,FINANCE,금융·보험업,False,True,sub_unit,False,,,,,,,,,,,,,,,
6511,생명보험업,생명보험업,생명보험업,detail,4,False,651,6,65.0,651.0,6511.0,,금융 및 보험업,보험업,보험업,생명보험업,,금융 및 보험업,6/65/651/6511, / 보험업 / 보험업 / 생명보험업,FINANCE,금융·보험업,False,True,sub_unit,False,,,,,,,,,,,,,,,
6512,손해 및 보증보험업,손해 및 보증보험업,손해 및 보증보험업,detail,4,False,651,6,65.0,651.0,6512.0,,금융 및 보험업,보험업,보험업,손해 및 보증보험업,,금융 및 보험업,6/65/651/6512, / 보험업 / 보험업 / 손해 및 보증보험업,FINANCE,금융·보험업,False,True,sub_unit,False,,,,,,,,,,,,,,,
6520,재보험업,재보험업,재보험업,detail,4,False,652,6,65.0,652.0,6520.0,,금융 및 보험업,보험업,재보험업,재보험업,,금융 및 보험업,6/65/652/6520, / 보험업 / 재보험업 / 재보험업,FINANCE,금융·보험업,False,True,sub_unit,False,,,,,,,,,,,,,,,
6530,공제업,공제업,공제업,detail,4,False,653,6,65.0,653.0,6530.0,,금융 및 보험업,보험업,공제업,공제업,,금융 및 보험업,6/65/653/6530, / 보험업 / 공제업 / 공제업,FINANCE,금융·보험업,False,True,sub_unit,False,,,,,,,,,,,,,,,
6611,금융시장 관리업,금융시장 관리업,금융시장 관리업,detail,4,False,661,6,66.0,661.0,6611.0,,금융 및 보험업,금융 및 보험관련 서비스업,금융 지원 서비스업,금융시장 관리업,,금융 및 보험업,6/66/661/6611, / 금융 및 보험관련 서비스업 / 금융 지원 서비스업 / 금융시장 관리업,FINANCE,금융·보험업,False,True,sub_unit,False,,,,,,,,,,,,,,,
6612,증권 및 선물 중개업,증권 및 선물 중개업,증권 및 선물 중개업,detail,4,False,661,6,66.0,661.0,6612.0,,금융 및 보험업,금융 및 보험관련 서비스업,금융 지원 서비스업,증권 및 선물 중개업,,금융 및 보험업,6/66/661/6612, / 금융 및 보험관련 서비스업 / 금융 지원 서비스업 / 증권 및 선물 중개업,FINANCE,금융·보험업,False,True,sub_unit,False,,,,,,,,,,,,,,,
6619,기타 금융 지원 서비스업,기타 금융 지원 서비스업,기타 금융 지원 서비스업,detail,4,False,661,6,66.0,661.0,6619.0,,금융 및 보험업,금융 및 보험관련 서비스업,금융 지원 서비스업,기타 금융 지원 서비스업,,금융 및 보험업,6/66/661/6619, / 금융 및 보험관련 서비스업 / 금융 지원 서비스업 / 기타 금융 지원 서비스업,FINANCE,금융·보험업,False,True,sub_unit,False,,,,,,,,,,,,,,,
6620,보험 및 연금관련 서비스업,보험 및 연금관련 서비스업,보험 및 연금관련 서비스업,detail,4,False,662,6,66.0,662.0,6620.0,,금융 및 보험업,금융 및 보험관련 서비스업,보험 및 연금관련 서비스업,보험 및 연금관련 서비스업,,금융 및 보험업,6/66/662/6620, / 금융 및 보험관련 서비스업 / 보험 및 연금관련 서비스업 / 보험 및 연금관련 서비스업,FINANCE,금융·보험업,False,True,sub_unit,False,,,,,,,,,,,,,,,
6811,부동산 임대업,부동산 임대업,부동산 임대업,detail,4,False,681,6,68.0,681.0,6811.0,,부동산업,부동산업,부동산 임대 및 공급업,부동산 임대업,,부동산업,6/68/681/6811, / 부동산업 / 부동산 임대 및 공급업 / 부동산 임대업,REAL_ESTATE,부동산업,False,False,sub_unit,False,,,,,,,,,,,,,,,
6812,부동산 개발 및 공급업,부동산 개발 및 공급업,부동산 개발 및 공급업,detail,4,False,681,6,68.0,681.0,6812.0,,부동산업,부동산업,부동산 임대 및 공급업,부동산 개발 및 공급업,,부동산업,6/68/681/6812, / 부동산업 / 부동산 임대 및 공급업 / 부동산 개발 및 공급업,REAL_ESTATE,부동산업,False,False,sub_unit,False,,,,,,,,,,,,,,,
6821,부동산 관리업,부동산 관리업,부동산 관리업,detail,4,False,682,6,68.0,682.0,6821.0,,부동산업,부동산업,부동산관련 서비스업,부동산 관리업,,부동산업,6/68/682/6821, / 부동산업 / 부동산관련 서비스업 / 부동산 관리업,REAL_ESTATE,부동산업,False,False,sub_unit,False,,,,,,,,,,,,,,,
6822,"부동산 중개, 자문 및 감정 평가업","부동산 중개, 자문 및 감정 평가업","부동산 중개, 자문 및 감정 평가업",detail,4,False,682,6,68.0,682.0,6822.0,,부동산업,부동산업,부동산관련 서비스업,"부동산 중개, 자문 및 감정 평가업",,부동산업,6/68/682/6822," / 부동산업 / 부동산관련 서비스업 / 부동산 중개, 자문 및 감정 평가업",REAL_ESTATE,부동산업,False,False,sub_unit,False,,,,,,,,,,,,,,,
7011,자연과학 연구개발업,자연과학 연구개발업,자연과학 연구개발업,detail,4,False,701,7,70.0,701.0,7011.0,,"전문, 과학 및 기술 서비스업",연구개발업,자연과학 및 공학 연구개발업,자연과학 연구개발업,,"전문, 과학 및 기술 서비스업",7/70/701/7011, / 연구개발업 / 자연과학 및 공학 연구개발업 / 자연과학 연구개발업,PROFESSIONAL_SVC,전문·과학·기술 서비스,False,False,sub_unit,False,,,,,,,,,,,,,,,
7012,공학 연구개발업,공학 연구개발업,공학 연구개발업,detail,4,False,701,7,70.0,701.0,7012.0,,"전문, 과학 및 기술 서비스업",연구개발업,자연과학 및 공학 연구개발업,공학 연구개발업,,"전문, 과학 및 기술 서비스업",7/70/701/7012, / 연구개발업 / 자연과학 및 공학 연구개발업 / 공학 연구개발업,PROFESSIONAL_SVC,전문·과학·기술 서비스,False,False,sub_unit,False,,,,,,,,,,,,,,,
7013,자연과학 및 공학 융합 연구개발업,자연과학 및 공학 융합 연구개발업,자연과학 및 공학 융합 연구개발업,detail,4,False,701,7,70.0,701.0,7013.0,,"전문, 과학 및 기술 서비스업",연구개발업,자연과학 및 공학 연구개발업,자연과학 및 공학 융합 연구개발업,,"전문, 과학 및 기술 서비스업",7/70/701/7013, / 연구개발업 / 자연과학 및 공학 연구개발업 / 자연과학 및 공학 융합 연구개발업,PROFESSIONAL_SVC,전문·과학·기술 서비스,False,False,sub_unit,False,,,,,,,,,,,,,,,
7020,인문 및 사회과학 연구개발업,인문 및 사회과학 연구개발업,인문 및 사회과학 연구개발업,detail,4,False,702,7,70.0,702.0,7020.0,,"전문, 과학 및 기술 서비스업",연구개발업,인문 및 사회과학 연구개발업,인문 및 사회과학 연구개발업,,"전문, 과학 및 기술 서비스업",7/70/702/7020, / 연구개발업 / 인문 및 사회과학 연구개발업 / 인문 및 사회과학 연구개발업,PROFESSIONAL_SVC,전문·과학·기술 서비스,False,False,sub_unit,False,,,,,,,,,,,,,,,
7110,법무관련 서비스업,법무관련 서비스업,법무관련 서비스업,detail,4,False,711,7,71.0,711.0,7110.0,,"전문, 과학 및 기술 서비스업",전문 서비스업,법무관련 서비스업,법무관련 서비스업,,"전문, 과학 및 기술 서비스업",7/71/711/7110, / 전문 서비스업 / 법무관련 서비스업 / 법무관련 서비스업,PROFESSIONAL_SVC,전문·과학·기술 서비스,False,False,sub_unit,False,,,,,,,,,,,,,,,
7120,회계 및 세무관련 서비스업,회계 및 세무관련 서비스업,회계 및 세무관련 서비스업,detail,4,False,712,7,71.0,712.0,7120.0,,"전문, 과학 및 기술 서비스업",전문 서비스업,회계 및 세무관련 서비스업,회계 및 세무관련 서비스업,,"전문, 과학 및 기술 서비스업",7/71/712/7120, / 전문 서비스업 / 회계 및 세무관련 서비스업 / 회계 및 세무관련 서비스업,PROFESSIONAL_SVC,전문·과학·기술 서비스,False,False,sub_unit,False,,,,,,,,,,,,,,,
7131,광고 대행업,광고 대행업,광고 대행업,detail,4,False,713,7,71.0,713.0,7131.0,,"전문, 과학 및 기술 서비스업",전문 서비스업,광고업,광고 대행업,,"전문, 과학 및 기술 서비스업",7/71/713/7131, / 전문 서비스업 / 광고업 / 광고 대행업,PROFESSIONAL_SVC,전문·과학·기술 서비스,False,False,sub_unit,False,,,,,,,,,,,,,,,
7139,기타 광고업,기타 광고업,기타 광고업,detail,4,False,713,7,71.0,713.0,7139.0,,"전문, 과학 및 기술 서비스업",전문 서비스업,광고업,기타 광고업,,"전문, 과학 및 기술 서비스업",7/71/713/7139, / 전문 서비스업 / 광고업 / 기타 광고업,PROFESSIONAL_SVC,전문·과학·기술 서비스,False,False,sub_unit,False,,,,,,,,,,,,,,,
7140,시장 조사 및 여론 조사업,시장 조사 및 여론 조사업,시장 조사 및 여론 조사업,detail,4,False,714,7,71.0,714.0,7140.0,,"전문, 과학 및 기술 서비스업",전문 서비스업,시장 조사 및 여론 조사업,시장 조사 및 여론 조사업,,"전문, 과학 및 기술 서비스업",7/71/714/7140, / 전문 서비스업 / 시장 조사 및 여론 조사업 / 시장 조사 및 여론 조사업,PROFESSIONAL_SVC,전문·과학·기술 서비스,False,False,sub_unit,False,,,,,,,,,,,,,,,
7151,회사 본부,회사 본부,회사 본부,detail,4,False,715,7,71.0,715.0,7151.0,,"전문, 과학 및 기술 서비스업",전문 서비스업,회사 본부 및 경영 컨설팅 서비스업,회사 본부,,"전문, 과학 및 기술 서비스업",7/71/715/7151, / 전문 서비스업 / 회사 본부 및 경영 컨설팅 서비스업 / 회사 본부,PROFESSIONAL_SVC,전문·과학·기술 서비스,False,False,sub_unit,False,,,,,,,,,,,,,,,
7153,경영 컨설팅 및 공공 관계 서비스업,경영 컨설팅 및 공공 관계 서비스업,경영 컨설팅 및 공공 관계 서비스업,detail,4,False,715,7,71.0,715.0,7153.0,,"전문, 과학 및 기술 서비스업",전문 서비스업,회사 본부 및 경영 컨설팅 서비스업,경영 컨설팅 및 공공 관계 서비스업,,"전문, 과학 및 기술 서비스업",7/71/715/7153, / 전문 서비스업 / 회사 본부 및 경영 컨설팅 서비스업 / 경영 컨설팅 및 공공 관계 서비스업,PROFESSIONAL_SVC,전문·과학·기술 서비스,False,False,sub_unit,False,,,,,,,,,,,,,,,
7160,기타 전문 서비스업,기타 전문 서비스업,기타 전문 서비스업,detail,4,False,716,7,71.0,716.0,7160.0,,"전문, 과학 및 기술 서비스업",전문 서비스업,기타 전문 서비스업,기타 전문 서비스업,,"전문, 과학 및 기술 서비스업",7/71/716/7160, / 전문 서비스업 / 기타 전문 서비스업 / 기타 전문 서비스업,PROFESSIONAL_SVC,전문·과학·기술 서비스,False,False,sub_unit,False,,,,,,,,,,,,,,,
7211,건축 및 조경 설계 서비스업,건축 및 조경 설계 서비스업,건축 및 조경 설계 서비스업,detail,4,False,721,7,72.0,721.0,7211.0,,"전문, 과학 및 기술 서비스업","건축 기술, 엔지니어링 및 기타 과학기술 서비스업","건축 기술, 엔지니어링 및 관련 기술 서비스업",건축 및 조경 설계 서비스업,,"전문, 과학 및 기술 서비스업",7/72/721/7211," / 건축 기술, 엔지니어링 및 기타 과학기술 서비스업 / 건축 기술, 엔지니어링 및 관련 기술 서비스업 / 건축 및 조경 설계 서비스업",PROFESSIONAL_SVC,전문·과학·기술 서비스,False,False,sub_unit,False,,,,,,,,,,,,,,,
7212,엔지니어링 서비스업,엔지니어링 서비스업,엔지니어링 서비스업,detail,4,False,721,7,72.0,721.0,7212.0,,"전문, 과학 및 기술 서비스업","건축 기술, 엔지니어링 및 기타 과학기술 서비스업","건축 기술, 엔지니어링 및 관련 기술 서비스업",엔지니어링 서비스업,,"전문, 과학 및 기술 서비스업",7/72/721/7212," / 건축 기술, 엔지니어링 및 기타 과학기술 서비스업 / 건축 기술, 엔지니어링 및 관련 기술 서비스업 / 엔지니어링 서비스업",PROFESSIONAL_SVC,전문·과학·기술 서비스,False,False,sub_unit,False,,,,,,,,,,,,,,,
7291,"기술 시험, 검사 및 분석업","기술 시험, 검사 및 분석업","기술 시험, 검사 및 분석업",detail,4,False,729,7,72.0,729.0,7291.0,,"전문, 과학 및 기술 서비스업","건축 기술, 엔지니어링 및 기타 과학기술 서비스업",기타 과학기술 서비스업,"기술 시험, 검사 및 분석업",,"전문, 과학 및 기술 서비스업",7/72/729/7291," / 건축 기술, 엔지니어링 및 기타 과학기술 서비스업 / 기타 과학기술 서비스업 / 기술 시험, 검사 및 분석업",PROFESSIONAL_SVC,전문·과학·기술 서비스,False,False,sub_unit,False,,,,,,,,,,,,,,,
7292,"측량, 지질 조사 및 지도 제작업","측량, 지질 조사 및 지도 제작업","측량, 지질 조사 및 지도 제작업",detail,4,False,729,7,72.0,729.0,7292.0,,"전문, 과학 및 기술 서비스업","건축 기술, 엔지니어링 및 기타 과학기술 서비스업",기타 과학기술 서비스업,"측량, 지질 조사 및 지도 제작업",,"전문, 과학 및 기술 서비스업",7/72/729/7292," / 건축 기술, 엔지니어링 및 기타 과학기술 서비스업 / 기타 과학기술 서비스업 / 측량, 지질 조사 및 지도 제작업",PROFESSIONAL_SVC,전문·과학·기술 서비스,False,False,sub_unit,False,,,,,,,,,,,,,,,
7310,수의업,수의업,수의업,detail,4,False,731,7,73.0,731.0,7310.0,,"전문, 과학 및 기술 서비스업","기타 전문, 과학 및 기술 서비스업",수의업,수의업,,"전문, 과학 및 기술 서비스업",7/73/731/7310," / 기타 전문, 과학 및 기술 서비스업 / 수의업 / 수의업",PROFESSIONAL_SVC,전문·과학·기술 서비스,False,False,sub_unit,False,,,,,,,,,,,,,,,
7320,전문 디자인업,전문 디자인업,전문 디자인업,detail,4,False,732,7,73.0,732.0,7320.0,,"전문, 과학 및 기술 서비스업","기타 전문, 과학 및 기술 서비스업",전문 디자인업,전문 디자인업,,"전문, 과학 및 기술 서비스업",7/73/732/7320," / 기타 전문, 과학 및 기술 서비스업 / 전문 디자인업 / 전문 디자인업",PROFESSIONAL_SVC,전문·과학·기술 서비스,False,False,sub_unit,False,,,,,,,,,,,,,,,
7330,사진 촬영 및 처리업,사진 촬영 및 처리업,사진 촬영 및 처리업,detail,4,False,733,7,73.0,733.0,7330.0,,"전문, 과학 및 기술 서비스업","기타 전문, 과학 및 기술 서비스업",사진 촬영 및 처리업,사진 촬영 및 처리업,,"전문, 과학 및 기술 서비스업",7/73/733/7330," / 기타 전문, 과학 및 기술 서비스업 / 사진 촬영 및 처리업 / 사진 촬영 및 처리업",PROFESSIONAL_SVC,전문·과학·기술 서비스,False,False,sub_unit,False,,,,,,,,,,,,,,,
7390,"그 외 기타 전문, 과학 및 기술 서비스업","그 외 기타 전문, 과학 및 기술 서비스업","그 외 기타 전문, 과학 및 기술 서비스업",detail,4,False,739,7,73.0,739.0,7390.0,,"전문, 과학 및 기술 서비스업","기타 전문, 과학 및 기술 서비스업","그 외 기타 전문, 과학 및 기술 서비스업","그 외 기타 전문, 과학 및 기술 서비스업",,"전문, 과학 및 기술 서비스업",7/73/739/7390," / 기타 전문, 과학 및 기술 서비스업 / 그 외 기타 전문, 과학 및 기술 서비스업 / 그 외 기타 전문, 과학 및 기술 서비스업",PROFESSIONAL_SVC,전문·과학·기술 서비스,False,False,sub_unit,False,,,,,,,,,,,,,,,
7410,사업시설 유지ㆍ관리 서비스업,사업시설 유지ㆍ관리 서비스업,사업시설 유지ㆍ관리 서비스업,detail,4,False,741,7,74.0,741.0,7410.0,,"사업시설 관리, 사업 지원 및 임대 서비스업",사업시설 관리 및 조경 서비스업,사업시설 유지ㆍ관리 서비스업,사업시설 유지ㆍ관리 서비스업,,"사업시설 관리, 사업 지원 및 임대 서비스업",7/74/741/7410, / 사업시설 관리 및 조경 서비스업 / 사업시설 유지ㆍ관리 서비스업 / 사업시설 유지ㆍ관리 서비스업,BUSINESS_SVC,사업지원 서비스업,False,False,sub_unit,False,,,,,,,,,,,,,,,
7421,건물 및 산업설비 청소업,건물 및 산업설비 청소업,건물 및 산업설비 청소업,detail,4,False,742,7,74.0,742.0,7421.0,,"사업시설 관리, 사업 지원 및 임대 서비스업",사업시설 관리 및 조경 서비스업,건물ㆍ산업설비 청소 및 방제 서비스업,건물 및 산업설비 청소업,,"사업시설 관리, 사업 지원 및 임대 서비스업",7/74/742/7421, / 사업시설 관리 및 조경 서비스업 / 건물ㆍ산업설비 청소 및 방제 서비스업 / 건물 및 산업설비 청소업,BUSINESS_SVC,사업지원 서비스업,False,False,sub_unit,False,,,,,,,,,,,,,,,
7422,"소독, 구충 및 방제 서비스업","소독, 구충 및 방제 서비스업","소독, 구충 및 방제 서비스업",detail,4,False,742,7,74.0,742.0,7422.0,,"사업시설 관리, 사업 지원 및 임대 서비스업",사업시설 관리 및 조경 서비스업,건물ㆍ산업설비 청소 및 방제 서비스업,"소독, 구충 및 방제 서비스업",,"사업시설 관리, 사업 지원 및 임대 서비스업",7/74/742/7422," / 사업시설 관리 및 조경 서비스업 / 건물ㆍ산업설비 청소 및 방제 서비스업 / 소독, 구충 및 방제 서비스업",BUSINESS_SVC,사업지원 서비스업,False,False,sub_unit,False,,,,,,,,,,,,,,,
7430,조경관리 및 유지 서비스업,조경관리 및 유지 서비스업,조경관리 및 유지 서비스업,detail,4,False,743,7,74.0,743.0,7430.0,,"사업시설 관리, 사업 지원 및 임대 서비스업",사업시설 관리 및 조경 서비스업,조경관리 및 유지 서비스업,조경관리 및 유지 서비스업,,"사업시설 관리, 사업 지원 및 임대 서비스업",7/74/743/7430, / 사업시설 관리 및 조경 서비스업 / 조경관리 및 유지 서비스업 / 조경관리 및 유지 서비스업,BUSINESS_SVC,사업지원 서비스업,False,False,sub_unit,False,,,,,,,,,,,,,,,
7511,고용 알선업,고용 알선업,고용 알선업,detail,4,False,751,7,75.0,751.0,7511.0,,"사업시설 관리, 사업 지원 및 임대 서비스업",사업 지원 서비스업,고용 알선 및 인력 공급업,고용 알선업,,"사업시설 관리, 사업 지원 및 임대 서비스업",7/75/751/7511, / 사업 지원 서비스업 / 고용 알선 및 인력 공급업 / 고용 알선업,BUSINESS_SVC,사업지원 서비스업,False,False,sub_unit,False,,,,,,,,,,,,,,,
7512,인력 공급업,인력 공급업,인력 공급업,detail,4,False,751,7,75.0,751.0,7512.0,,"사업시설 관리, 사업 지원 및 임대 서비스업",사업 지원 서비스업,고용 알선 및 인력 공급업,인력 공급업,,"사업시설 관리, 사업 지원 및 임대 서비스업",7/75/751/7512, / 사업 지원 서비스업 / 고용 알선 및 인력 공급업 / 인력 공급업,BUSINESS_SVC,사업지원 서비스업,False,False,sub_unit,False,,,,,,,,,,,,,,,
7521,여행사업,여행사업,여행사업,detail,4,False,752,7,75.0,752.0,7521.0,,"사업시설 관리, 사업 지원 및 임대 서비스업",사업 지원 서비스업,여행사 및 기타 여행 보조 서비스업,여행사업,,"사업시설 관리, 사업 지원 및 임대 서비스업",7/75/752/7521, / 사업 지원 서비스업 / 여행사 및 기타 여행 보조 서비스업 / 여행사업,BUSINESS_SVC,사업지원 서비스업,False,False,sub_unit,False,,,,,,,,,,,,,,,
7529,기타 여행 보조 및 예약 서비스업,기타 여행 보조 및 예약 서비스업,기타 여행 보조 및 예약 서비스업,detail,4,False,752,7,75.0,752.0,7529.0,,"사업시설 관리, 사업 지원 및 임대 서비스업",사업 지원 서비스업,여행사 및 기타 여행 보조 서비스업,기타 여행 보조 및 예약 서비스업,,"사업시설 관리, 사업 지원 및 임대 서비스업",7/75/752/7529, / 사업 지원 서비스업 / 여행사 및 기타 여행 보조 서비스업 / 기타 여행 보조 및 예약 서비스업,BUSINESS_SVC,사업지원 서비스업,False,False,sub_unit,False,,,,,,,,,,,,,,,
7531,경비 및 경호 서비스업,경비 및 경호 서비스업,경비 및 경호 서비스업,detail,4,False,753,7,75.0,753.0,7531.0,,"사업시설 관리, 사업 지원 및 임대 서비스업",사업 지원 서비스업,"경비, 경호 및 탐정업",경비 및 경호 서비스업,,"사업시설 관리, 사업 지원 및 임대 서비스업",7/75/753/7531," / 사업 지원 서비스업 / 경비, 경호 및 탐정업 / 경비 및 경호 서비스업",BUSINESS_SVC,사업지원 서비스업,False,False,sub_unit,False,,,,,,,,,,,,,,,
7532,보안 시스템 서비스업,보안 시스템 서비스업,보안 시스템 서비스업,detail,4,False,753,7,75.0,753.0,7532.0,,"사업시설 관리, 사업 지원 및 임대 서비스업",사업 지원 서비스업,"경비, 경호 및 탐정업",보안 시스템 서비스업,,"사업시설 관리, 사업 지원 및 임대 서비스업",7/75/753/7532," / 사업 지원 서비스업 / 경비, 경호 및 탐정업 / 보안 시스템 서비스업",BUSINESS_SVC,사업지원 서비스업,False,False,sub_unit,False,,,,,,,,,,,,,,,
7533,탐정 및 조사 서비스업,탐정 및 조사 서비스업,탐정 및 조사 서비스업,detail,4,False,753,7,75.0,753.0,7533.0,,"사업시설 관리, 사업 지원 및 임대 서비스업",사업 지원 서비스업,"경비, 경호 및 탐정업",탐정 및 조사 서비스업,,"사업시설 관리, 사업 지원 및 임대 서비스업",7/75/753/7533," / 사업 지원 서비스업 / 경비, 경호 및 탐정업 / 탐정 및 조사 서비스업",BUSINESS_SVC,사업지원 서비스업,False,False,sub_unit,False,,,,,,,,,,,,,,,
7591,사무 지원 서비스업,사무 지원 서비스업,사무 지원 서비스업,detail,4,False,759,7,75.0,759.0,7591.0,,"사업시설 관리, 사업 지원 및 임대 서비스업",사업 지원 서비스업,기타 사업 지원 서비스업,사무 지원 서비스업,,"사업시설 관리, 사업 지원 및 임대 서비스업",7/75/759/7591, / 사업 지원 서비스업 / 기타 사업 지원 서비스업 / 사무 지원 서비스업,BUSINESS_SVC,사업지원 서비스업,False,False,sub_unit,False,,,,,,,,,,,,,,,
7599,그 외 기타 사업 지원 서비스업,그 외 기타 사업 지원 서비스업,그 외 기타 사업 지원 서비스업,detail,4,False,759,7,75.0,759.0,7599.0,,"사업시설 관리, 사업 지원 및 임대 서비스업",사업 지원 서비스업,기타 사업 지원 서비스업,그 외 기타 사업 지원 서비스업,,"사업시설 관리, 사업 지원 및 임대 서비스업",7/75/759/7599, / 사업 지원 서비스업 / 기타 사업 지원 서비스업 / 그 외 기타 사업 지원 서비스업,BUSINESS_SVC,사업지원 서비스업,False,False,sub_unit,False,,,,,,,,,,,,,,,
7611,자동차 임대업,자동차 임대업,자동차 임대업,detail,4,False,761,7,76.0,761.0,7611.0,,"사업시설 관리, 사업 지원 및 임대 서비스업","임대업, 부동산 제외",운송장비 임대업,자동차 임대업,,"사업시설 관리, 사업 지원 및 임대 서비스업",7/76/761/7611," / 임대업, 부동산 제외 / 운송장비 임대업 / 자동차 임대업",BUSINESS_SVC,사업지원 서비스업,False,False,sub_unit,False,,,,,,,,,,,,,,,
7619,기타 운송장비 임대업,기타 운송장비 임대업,기타 운송장비 임대업,detail,4,False,761,7,76.0,761.0,7619.0,,"사업시설 관리, 사업 지원 및 임대 서비스업","임대업, 부동산 제외",운송장비 임대업,기타 운송장비 임대업,,"사업시설 관리, 사업 지원 및 임대 서비스업",7/76/761/7619," / 임대업, 부동산 제외 / 운송장비 임대업 / 기타 운송장비 임대업",BUSINESS_SVC,사업지원 서비스업,False,False,sub_unit,False,,,,,,,,,,,,,,,
7621,스포츠 및 레크리에이션 용품 임대업,스포츠 및 레크리에이션 용품 임대업,스포츠 및 레크리에이션 용품 임대업,detail,4,False,762,7,76.0,762.0,7621.0,,"사업시설 관리, 사업 지원 및 임대 서비스업","임대업, 부동산 제외",개인 및 가정용품 임대업,스포츠 및 레크리에이션 용품 임대업,,"사업시설 관리, 사업 지원 및 임대 서비스업",7/76/762/7621," / 임대업, 부동산 제외 / 개인 및 가정용품 임대업 / 스포츠 및 레크리에이션 용품 임대업",BUSINESS_SVC,사업지원 서비스업,False,False,sub_unit,False,,,,,,,,,,,,,,,
7622,음반 및 비디오물 임대업,음반 및 비디오물 임대업,음반 및 비디오물 임대업,detail,4,False,762,7,76.0,762.0,7622.0,,"사업시설 관리, 사업 지원 및 임대 서비스업","임대업, 부동산 제외",개인 및 가정용품 임대업,음반 및 비디오물 임대업,,"사업시설 관리, 사업 지원 및 임대 서비스업",7/76/762/7622," / 임대업, 부동산 제외 / 개인 및 가정용품 임대업 / 음반 및 비디오물 임대업",BUSINESS_SVC,사업지원 서비스업,False,False,sub_unit,False,,,,,,,,,,,,,,,
7629,기타 개인 및 가정용품 임대업,기타 개인 및 가정용품 임대업,기타 개인 및 가정용품 임대업,detail,4,False,762,7,76.0,762.0,7629.0,,"사업시설 관리, 사업 지원 및 임대 서비스업","임대업, 부동산 제외",개인 및 가정용품 임대업,기타 개인 및 가정용품 임대업,,"사업시설 관리, 사업 지원 및 임대 서비스업",7/76/762/7629," / 임대업, 부동산 제외 / 개인 및 가정용품 임대업 / 기타 개인 및 가정용품 임대업",BUSINESS_SVC,사업지원 서비스업,False,False,sub_unit,False,,,,,,,,,,,,,,,
7631,건설 및 토목공사용 기계ㆍ장비 임대업,건설 및 토목공사용 기계ㆍ장비 임대업,건설 및 토목공사용 기계ㆍ장비 임대업,detail,4,False,763,7,76.0,763.0,7631.0,,"사업시설 관리, 사업 지원 및 임대 서비스업","임대업, 부동산 제외",산업용 기계 및 장비 임대업,건설 및 토목공사용 기계ㆍ장비 임대업,,"사업시설 관리, 사업 지원 및 임대 서비스업",7/76/763/7631," / 임대업, 부동산 제외 / 산업용 기계 및 장비 임대업 / 건설 및 토목공사용 기계ㆍ장비 임대업",BUSINESS_SVC,사업지원 서비스업,False,False,sub_unit,False,,,,,,,,,,,,,,,
7632,컴퓨터 및 사무용 기계ㆍ장비 임대업,컴퓨터 및 사무용 기계ㆍ장비 임대업,컴퓨터 및 사무용 기계ㆍ장비 임대업,detail,4,False,763,7,76.0,763.0,7632.0,,"사업시설 관리, 사업 지원 및 임대 서비스업","임대업, 부동산 제외",산업용 기계 및 장비 임대업,컴퓨터 및 사무용 기계ㆍ장비 임대업,,"사업시설 관리, 사업 지원 및 임대 서비스업",7/76/763/7632," / 임대업, 부동산 제외 / 산업용 기계 및 장비 임대업 / 컴퓨터 및 사무용 기계ㆍ장비 임대업",BUSINESS_SVC,사업지원 서비스업,False,False,sub_unit,False,,,,,,,,,,,,,,,
7639,기타 산업용 기계 및 장비 임대업,기타 산업용 기계 및 장비 임대업,기타 산업용 기계 및 장비 임대업,detail,4,False,763,7,76.0,763.0,7639.0,,"사업시설 관리, 사업 지원 및 임대 서비스업","임대업, 부동산 제외",산업용 기계 및 장비 임대업,기타 산업용 기계 및 장비 임대업,,"사업시설 관리, 사업 지원 및 임대 서비스업",7/76/763/7639," / 임대업, 부동산 제외 / 산업용 기계 및 장비 임대업 / 기타 산업용 기계 및 장비 임대업",BUSINESS_SVC,사업지원 서비스업,False,False,sub_unit,False,,,,,,,,,,,,,,,
7640,무형 재산권 임대업,무형 재산권 임대업,무형 재산권 임대업,detail,4,False,764,7,76.0,764.0,7640.0,,"사업시설 관리, 사업 지원 및 임대 서비스업","임대업, 부동산 제외",무형 재산권 임대업,무형 재산권 임대업,,"사업시설 관리, 사업 지원 및 임대 서비스업",7/76/764/7640," / 임대업, 부동산 제외 / 무형 재산권 임대업 / 무형 재산권 임대업",BUSINESS_SVC,사업지원 서비스업,False,False,sub_unit,False,,,,,,,,,,,,,,,
8411,일반 공공 행정,일반 공공 행정,일반 공공 행정,detail,4,False,841,8,84.0,841.0,8411.0,,"공공 행정, 국방 및 사회보장 행정","공공 행정, 국방 및 사회보장 행정",입법 및 일반 정부 행정,일반 공공 행정,,"공공 행정, 국방 및 사회보장 행정",8/84/841/8411," / 공공 행정, 국방 및 사회보장 행정 / 입법 및 일반 정부 행정 / 일반 공공 행정",PUBLIC_ADMIN,공공행정·국방,False,False,sub_unit,False,,,,,,,,,,,,,,,
8412,정부기관 일반 보조 행정,정부기관 일반 보조 행정,정부기관 일반 보조 행정,detail,4,False,841,8,84.0,841.0,8412.0,,"공공 행정, 국방 및 사회보장 행정","공공 행정, 국방 및 사회보장 행정",입법 및 일반 정부 행정,정부기관 일반 보조 행정,,"공공 행정, 국방 및 사회보장 행정",8/84/841/8412," / 공공 행정, 국방 및 사회보장 행정 / 입법 및 일반 정부 행정 / 정부기관 일반 보조 행정",PUBLIC_ADMIN,공공행정·국방,False,False,sub_unit,False,,,,,,,,,,,,,,,
8421,사회서비스 관리 행정,사회서비스 관리 행정,사회서비스 관리 행정,detail,4,False,842,8,84.0,842.0,8421.0,,"공공 행정, 국방 및 사회보장 행정","공공 행정, 국방 및 사회보장 행정",사회 및 산업정책 행정,사회서비스 관리 행정,,"공공 행정, 국방 및 사회보장 행정",8/84/842/8421," / 공공 행정, 국방 및 사회보장 행정 / 사회 및 산업정책 행정 / 사회서비스 관리 행정",PUBLIC_ADMIN,공공행정·국방,False,False,sub_unit,False,,,,,,,,,,,,,,,
8422,노동 및 산업 진흥 행정,노동 및 산업 진흥 행정,노동 및 산업 진흥 행정,detail,4,False,842,8,84.0,842.0,8422.0,,"공공 행정, 국방 및 사회보장 행정","공공 행정, 국방 및 사회보장 행정",사회 및 산업정책 행정,노동 및 산업 진흥 행정,,"공공 행정, 국방 및 사회보장 행정",8/84/842/8422," / 공공 행정, 국방 및 사회보장 행정 / 사회 및 산업정책 행정 / 노동 및 산업 진흥 행정",PUBLIC_ADMIN,공공행정·국방,False,False,sub_unit,False,,,,,,,,,,,,,,,
8431,외무 행정,외무 행정,외무 행정,detail,4,False,843,8,84.0,843.0,8431.0,,"공공 행정, 국방 및 사회보장 행정","공공 행정, 국방 및 사회보장 행정",외무 및 국방 행정,외무 행정,,"공공 행정, 국방 및 사회보장 행정",8/84/843/8431," / 공공 행정, 국방 및 사회보장 행정 / 외무 및 국방 행정 / 외무 행정",PUBLIC_ADMIN,공공행정·국방,False,False,sub_unit,False,,,,,,,,,,,,,,,
8432,국방 행정,국방 행정,국방 행정,detail,4,False,843,8,84.0,843.0,8432.0,,"공공 행정, 국방 및 사회보장 행정","공공 행정, 국방 및 사회보장 행정",외무 및 국방 행정,국방 행정,,"공공 행정, 국방 및 사회보장 행정",8/84/843/8432," / 공공 행정, 국방 및 사회보장 행정 / 외무 및 국방 행정 / 국방 행정",PUBLIC_ADMIN,공공행정·국방,False,False,sub_unit,False,,,,,,,,,,,,,,,
8440,사법 및 공공 질서 행정,사법 및 공공 질서 행정,사법 및 공공 질서 행정,detail,4,False,844,8,84.0,844.0,8440.0,,"공공 행정, 국방 및 사회보장 행정","공공 행정, 국방 및 사회보장 행정",사법 및 공공 질서 행정,사법 및 공공 질서 행정,,"공공 행정, 국방 및 사회보장 행정",8/84/844/8440," / 공공 행정, 국방 및 사회보장 행정 / 사법 및 공공 질서 행정 / 사법 및 공공 질서 행정",PUBLIC_ADMIN,공공행정·국방,False,False,sub_unit,False,,,,,,,,,,,,,,,
8450,사회보장 행정,사회보장 행정,사회보장 행정,detail,4,False,845,8,84.0,845.0,8450.0,,"공공 행정, 국방 및 사회보장 행정","공공 행정, 국방 및 사회보장 행정",사회보장 행정,사회보장 행정,,"공공 행정, 국방 및 사회보장 행정",8/84/845/8450," / 공공 행정, 국방 및 사회보장 행정 / 사회보장 행정 / 사회보장 행정",PUBLIC_ADMIN,공공행정·국방,False,False,sub_unit,False,,,,,,,,,,,,,,,
8461,사회보장 보험업,사회보장 보험업,사회보장 보험업,detail,4,False,846,8,84.0,846.0,8461.0,,"공공 행정, 국방 및 사회보장 행정","공공 행정, 국방 및 사회보장 행정",사회보장보험업 및 연금업,사회보장 보험업,,"공공 행정, 국방 및 사회보장 행정",8/84/846/8461," / 공공 행정, 국방 및 사회보장 행정 / 사회보장보험업 및 연금업 / 사회보장 보험업",PUBLIC_ADMIN,공공행정·국방,False,False,sub_unit,False,,,,,,,,,,,,,,,
8462,연금업,연금업,연금업,detail,4,False,846,8,84.0,846.0,8462.0,,"공공 행정, 국방 및 사회보장 행정","공공 행정, 국방 및 사회보장 행정",사회보장보험업 및 연금업,연금업,,"공공 행정, 국방 및 사회보장 행정",8/84/846/8462," / 공공 행정, 국방 및 사회보장 행정 / 사회보장보험업 및 연금업 / 연금업",PUBLIC_ADMIN,공공행정·국방,False,False,sub_unit,False,,,,,,,,,,,,,,,
8511,유아 교육기관,유아 교육기관,유아 교육기관,detail,4,False,851,8,85.0,851.0,8511.0,,교육 서비스업,교육 서비스업,초등 교육기관,유아 교육기관,,교육 서비스업,8/85/851/8511, / 교육 서비스업 / 초등 교육기관 / 유아 교육기관,EDUCATION,교육서비스업,False,True,sub_unit,False,,,,,,,,,,,,,,,
8512,초등학교,초등학교,초등학교,detail,4,False,851,8,85.0,851.0,8512.0,,교육 서비스업,교육 서비스업,초등 교육기관,초등학교,,교육 서비스업,8/85/851/8512, / 교육 서비스업 / 초등 교육기관 / 초등학교,EDUCATION,교육서비스업,False,True,sub_unit,False,,,,,,,,,,,,,,,
8521,일반 중등 교육기관,일반 중등 교육기관,일반 중등 교육기관,detail,4,False,852,8,85.0,852.0,8521.0,,교육 서비스업,교육 서비스업,중등 교육기관,일반 중등 교육기관,,교육 서비스업,8/85/852/8521, / 교육 서비스업 / 중등 교육기관 / 일반 중등 교육기관,EDUCATION,교육서비스업,False,True,sub_unit,False,,,,,,,,,,,,,,,
8522,특성화 고등학교,특성화 고등학교,특성화 고등학교,detail,4,False,852,8,85.0,852.0,8522.0,,교육 서비스업,교육 서비스업,중등 교육기관,특성화 고등학교,,교육 서비스업,8/85/852/8522, / 교육 서비스업 / 중등 교육기관 / 특성화 고등학교,EDUCATION,교육서비스업,False,True,sub_unit,False,,,,,,,,,,,,,,,
8530,고등 교육기관,고등 교육기관,고등 교육기관,detail,4,False,853,8,85.0,853.0,8530.0,,교육 서비스업,교육 서비스업,고등 교육기관,고등 교육기관,,교육 서비스업,8/85/853/8530, / 교육 서비스업 / 고등 교육기관 / 고등 교육기관,EDUCATION,교육서비스업,False,True,sub_unit,False,,,,,,,,,,,,,,,
8541,특수학교,특수학교,특수학교,detail,4,False,854,8,85.0,854.0,8541.0,,교육 서비스업,교육 서비스업,"특수학교, 외국인학교 및 대안학교",특수학교,,교육 서비스업,8/85/854/8541," / 교육 서비스업 / 특수학교, 외국인학교 및 대안학교 / 특수학교",EDUCATION,교육서비스업,False,True,sub_unit,False,,,,,,,,,,,,,,,
8542,외국인학교,외국인학교,외국인학교,detail,4,False,854,8,85.0,854.0,8542.0,,교육 서비스업,교육 서비스업,"특수학교, 외국인학교 및 대안학교",외국인학교,,교육 서비스업,8/85/854/8542," / 교육 서비스업 / 특수학교, 외국인학교 및 대안학교 / 외국인학교",EDUCATION,교육서비스업,False,True,sub_unit,False,,,,,,,,,,,,,,,
8543,대안학교,대안학교,대안학교,detail,4,False,854,8,85.0,854.0,8543.0,,교육 서비스업,교육 서비스업,"특수학교, 외국인학교 및 대안학교",대안학교,,교육 서비스업,8/85/854/8543," / 교육 서비스업 / 특수학교, 외국인학교 및 대안학교 / 대안학교",EDUCATION,교육서비스업,False,True,sub_unit,False,,,,,,,,,,,,,,,
8550,일반 교습학원,일반 교습학원,일반 교습학원,detail,4,False,855,8,85.0,855.0,8550.0,,교육 서비스업,교육 서비스업,일반 교습학원,일반 교습학원,,교육 서비스업,8/85/855/8550, / 교육 서비스업 / 일반 교습학원 / 일반 교습학원,EDUCATION,교육서비스업,False,True,sub_unit,False,,,,,,,,,,,,,,,
8561,스포츠 및 레크리에이션 교육기관,스포츠 및 레크리에이션 교육기관,스포츠 및 레크리에이션 교육기관,detail,4,False,856,8,85.0,856.0,8561.0,,교육 서비스업,교육 서비스업,기타 교육기관,스포츠 및 레크리에이션 교육기관,,교육 서비스업,8/85/856/8561, / 교육 서비스업 / 기타 교육기관 / 스포츠 및 레크리에이션 교육기관,EDUCATION,교육서비스업,False,True,sub_unit,False,,,,,,,,,,,,,,,
8562,예술학원,예술학원,예술학원,detail,4,False,856,8,85.0,856.0,8562.0,,교육 서비스업,교육 서비스업,기타 교육기관,예술학원,,교육 서비스업,8/85/856/8562, / 교육 서비스업 / 기타 교육기관 / 예술학원,EDUCATION,교육서비스업,False,True,sub_unit,False,,,,,,,,,,,,,,,
8563,외국어학원 및 기타 교습학원,외국어학원 및 기타 교습학원,외국어학원 및 기타 교습학원,detail,4,False,856,8,85.0,856.0,8563.0,,교육 서비스업,교육 서비스업,기타 교육기관,외국어학원 및 기타 교습학원,,교육 서비스업,8/85/856/8563, / 교육 서비스업 / 기타 교육기관 / 외국어학원 및 기타 교습학원,EDUCATION,교육서비스업,False,True,sub_unit,False,,,,,,,,,,,,,,,
8564,사회교육시설,사회교육시설,사회교육시설,detail,4,False,856,8,85.0,856.0,8564.0,,교육 서비스업,교육 서비스업,기타 교육기관,사회교육시설,,교육 서비스업,8/85/856/8564, / 교육 서비스업 / 기타 교육기관 / 사회교육시설,EDUCATION,교육서비스업,False,True,sub_unit,False,,,,,,,,,,,,,,,
8565,직원 훈련기관,직원 훈련기관,직원 훈련기관,detail,4,False,856,8,85.0,856.0,8565.0,,교육 서비스업,교육 서비스업,기타 교육기관,직원 훈련기관,,교육 서비스업,8/85/856/8565, / 교육 서비스업 / 기타 교육기관 / 직원 훈련기관,EDUCATION,교육서비스업,False,True,sub_unit,False,,,,,,,,,,,,,,,
8566,기술 및 직업 훈련학원,기술 및 직업 훈련학원,기술 및 직업 훈련학원,detail,4,False,856,8,85.0,856.0,8566.0,,교육 서비스업,교육 서비스업,기타 교육기관,기술 및 직업 훈련학원,,교육 서비스업,8/85/856/8566, / 교육 서비스업 / 기타 교육기관 / 기술 및 직업 훈련학원,EDUCATION,교육서비스업,False,True,sub_unit,False,,,,,,,,,,,,,,,
8569,그 외 기타 교육기관,그 외 기타 교육기관,그 외 기타 교육기관,detail,4,False,856,8,85.0,856.0,8569.0,,교육 서비스업,교육 서비스업,기타 교육기관,그 외 기타 교육기관,,교육 서비스업,8/85/856/8569, / 교육 서비스업 / 기타 교육기관 / 그 외 기타 교육기관,EDUCATION,교육서비스업,False,True,sub_unit,False,,,,,,,,,,,,,,,
8570,교육 지원 서비스업,교육 지원 서비스업,교육 지원 서비스업,detail,4,False,857,8,85.0,857.0,8570.0,,교육 서비스업,교육 서비스업,교육 지원 서비스업,교육 지원 서비스업,,교육 서비스업,8/85/857/8570, / 교육 서비스업 / 교육 지원 서비스업 / 교육 지원 서비스업,EDUCATION,교육서비스업,False,True,sub_unit,False,,,,,,,,,,,,,,,
8610,병원,병원,병원,detail,4,False,861,8,86.0,861.0,8610.0,,보건업 및 사회복지 서비스업,보건업,병원,병원,,보건업 및 사회복지 서비스업,8/86/861/8610, / 보건업 / 병원 / 병원,HEALTHCARE,보건·사회복지,False,True,sub_unit,False,,,,,,,,,,,,,,,
8620,의원,의원,의원,detail,4,False,862,8,86.0,862.0,8620.0,,보건업 및 사회복지 서비스업,보건업,의원,의원,,보건업 및 사회복지 서비스업,8/86/862/8620, / 보건업 / 의원 / 의원,HEALTHCARE,보건·사회복지,False,True,sub_unit,False,,,,,,,,,,,,,,,
8630,공중 보건 의료업,공중 보건 의료업,공중 보건 의료업,detail,4,False,863,8,86.0,863.0,8630.0,,보건업 및 사회복지 서비스업,보건업,공중 보건 의료업,공중 보건 의료업,,보건업 및 사회복지 서비스업,8/86/863/8630, / 보건업 / 공중 보건 의료업 / 공중 보건 의료업,HEALTHCARE,보건·사회복지,False,True,sub_unit,False,,,,,,,,,,,,,,,
8690,기타 보건업,기타 보건업,기타 보건업,detail,4,False,869,8,86.0,869.0,8690.0,,보건업 및 사회복지 서비스업,보건업,기타 보건업,기타 보건업,,보건업 및 사회복지 서비스업,8/86/869/8690, / 보건업 / 기타 보건업 / 기타 보건업,HEALTHCARE,보건·사회복지,False,True,sub_unit,False,,,,,,,,,,,,,,,
8711,노인 거주 복지시설 운영업,노인 거주 복지시설 운영업,노인 거주 복지시설 운영업,detail,4,False,871,8,87.0,871.0,8711.0,,보건업 및 사회복지 서비스업,사회복지 서비스업,거주 복지시설 운영업,노인 거주 복지시설 운영업,,보건업 및 사회복지 서비스업,8/87/871/8711, / 사회복지 서비스업 / 거주 복지시설 운영업 / 노인 거주 복지시설 운영업,HEALTHCARE,보건·사회복지,False,True,sub_unit,False,,,,,,,,,,,,,,,
8712,심신 장애인 거주 복지시설 운영업,심신 장애인 거주 복지시설 운영업,심신 장애인 거주 복지시설 운영업,detail,4,False,871,8,87.0,871.0,8712.0,,보건업 및 사회복지 서비스업,사회복지 서비스업,거주 복지시설 운영업,심신 장애인 거주 복지시설 운영업,,보건업 및 사회복지 서비스업,8/87/871/8712, / 사회복지 서비스업 / 거주 복지시설 운영업 / 심신 장애인 거주 복지시설 운영업,HEALTHCARE,보건·사회복지,False,True,sub_unit,False,,,,,,,,,,,,,,,
8713,기타 거주 복지시설 운영업,기타 거주 복지시설 운영업,기타 거주 복지시설 운영업,detail,4,False,871,8,87.0,871.0,8713.0,,보건업 및 사회복지 서비스업,사회복지 서비스업,거주 복지시설 운영업,기타 거주 복지시설 운영업,,보건업 및 사회복지 서비스업,8/87/871/8713, / 사회복지 서비스업 / 거주 복지시설 운영업 / 기타 거주 복지시설 운영업,HEALTHCARE,보건·사회복지,False,True,sub_unit,False,,,,,,,,,,,,,,,
8721,보육시설 운영업,보육시설 운영업,보육시설 운영업,detail,4,False,872,8,87.0,872.0,8721.0,,보건업 및 사회복지 서비스업,사회복지 서비스업,비거주 복지시설 운영업,보육시설 운영업,,보건업 및 사회복지 서비스업,8/87/872/8721, / 사회복지 서비스업 / 비거주 복지시설 운영업 / 보육시설 운영업,HEALTHCARE,보건·사회복지,False,True,sub_unit,False,,,,,,,,,,,,,,,
8729,기타 비거주 복지 서비스업,기타 비거주 복지 서비스업,기타 비거주 복지 서비스업,detail,4,False,872,8,87.0,872.0,8729.0,,보건업 및 사회복지 서비스업,사회복지 서비스업,비거주 복지시설 운영업,기타 비거주 복지 서비스업,,보건업 및 사회복지 서비스업,8/87/872/8729, / 사회복지 서비스업 / 비거주 복지시설 운영업 / 기타 비거주 복지 서비스업,HEALTHCARE,보건·사회복지,False,True,sub_unit,False,,,,,,,,,,,,,,,
9011,공연시설 운영업,공연시설 운영업,공연시설 운영업,detail,4,False,901,9,90.0,901.0,9011.0,,"예술, 스포츠 및 여가관련 서비스업","창작, 예술 및 여가관련 서비스업",창작 및 예술관련 서비스업,공연시설 운영업,,"예술, 스포츠 및 여가관련 서비스업",9/90/901/9011," / 창작, 예술 및 여가관련 서비스업 / 창작 및 예술관련 서비스업 / 공연시설 운영업",ARTS_SPORTS,문화·예술·스포츠,False,False,sub_unit,False,,,,,,,,,,,,,,,
9012,공연단체,공연단체,공연단체,detail,4,False,901,9,90.0,901.0,9012.0,,"예술, 스포츠 및 여가관련 서비스업","창작, 예술 및 여가관련 서비스업",창작 및 예술관련 서비스업,공연단체,,"예술, 스포츠 및 여가관련 서비스업",9/90/901/9012," / 창작, 예술 및 여가관련 서비스업 / 창작 및 예술관련 서비스업 / 공연단체",ARTS_SPORTS,문화·예술·스포츠,False,False,sub_unit,False,,,,,,,,,,,,,,,
9013,자영 예술가,자영 예술가,자영 예술가,detail,4,False,901,9,90.0,901.0,9013.0,,"예술, 스포츠 및 여가관련 서비스업","창작, 예술 및 여가관련 서비스업",창작 및 예술관련 서비스업,자영 예술가,,"예술, 스포츠 및 여가관련 서비스업",9/90/901/9013," / 창작, 예술 및 여가관련 서비스업 / 창작 및 예술관련 서비스업 / 자영 예술가",ARTS_SPORTS,문화·예술·스포츠,False,False,sub_unit,False,,,,,,,,,,,,,,,
9019,기타 창작 및 예술관련 서비스업,기타 창작 및 예술관련 서비스업,기타 창작 및 예술관련 서비스업,detail,4,False,901,9,90.0,901.0,9019.0,,"예술, 스포츠 및 여가관련 서비스업","창작, 예술 및 여가관련 서비스업",창작 및 예술관련 서비스업,기타 창작 및 예술관련 서비스업,,"예술, 스포츠 및 여가관련 서비스업",9/90/901/9019," / 창작, 예술 및 여가관련 서비스업 / 창작 및 예술관련 서비스업 / 기타 창작 및 예술관련 서비스업",ARTS_SPORTS,문화·예술·스포츠,False,False,sub_unit,False,,,,,,,,,,,,,,,
9021,"도서관, 기록 보존소 및 독서실 운영업","도서관, 기록 보존소 및 독서실 운영업","도서관, 기록 보존소 및 독서실 운영업",detail,4,False,902,9,90.0,902.0,9021.0,,"예술, 스포츠 및 여가관련 서비스업","창작, 예술 및 여가관련 서비스업","도서관, 사적지 및 유사 여가관련 서비스업","도서관, 기록 보존소 및 독서실 운영업",,"예술, 스포츠 및 여가관련 서비스업",9/90/902/9021," / 창작, 예술 및 여가관련 서비스업 / 도서관, 사적지 및 유사 여가관련 서비스업 / 도서관, 기록 보존소 및 독서실 운영업",ARTS_SPORTS,문화·예술·스포츠,False,False,sub_unit,False,,,,,,,,,,,,,,,
9022,박물관 및 사적지 관리 운영업,박물관 및 사적지 관리 운영업,박물관 및 사적지 관리 운영업,detail,4,False,902,9,90.0,902.0,9022.0,,"예술, 스포츠 및 여가관련 서비스업","창작, 예술 및 여가관련 서비스업","도서관, 사적지 및 유사 여가관련 서비스업",박물관 및 사적지 관리 운영업,,"예술, 스포츠 및 여가관련 서비스업",9/90/902/9022," / 창작, 예술 및 여가관련 서비스업 / 도서관, 사적지 및 유사 여가관련 서비스업 / 박물관 및 사적지 관리 운영업",ARTS_SPORTS,문화·예술·스포츠,False,False,sub_unit,False,,,,,,,,,,,,,,,
9023,"식물원, 동물원 및 자연공원 운영업","식물원, 동물원 및 자연공원 운영업","식물원, 동물원 및 자연공원 운영업",detail,4,False,902,9,90.0,902.0,9023.0,,"예술, 스포츠 및 여가관련 서비스업","창작, 예술 및 여가관련 서비스업","도서관, 사적지 및 유사 여가관련 서비스업","식물원, 동물원 및 자연공원 운영업",,"예술, 스포츠 및 여가관련 서비스업",9/90/902/9023," / 창작, 예술 및 여가관련 서비스업 / 도서관, 사적지 및 유사 여가관련 서비스업 / 식물원, 동물원 및 자연공원 운영업",ARTS_SPORTS,문화·예술·스포츠,False,False,sub_unit,False,,,,,,,,,,,,,,,
9029,기타 유사 여가관련 서비스업,기타 유사 여가관련 서비스업,기타 유사 여가관련 서비스업,detail,4,False,902,9,90.0,902.0,9029.0,,"예술, 스포츠 및 여가관련 서비스업","창작, 예술 및 여가관련 서비스업","도서관, 사적지 및 유사 여가관련 서비스업",기타 유사 여가관련 서비스업,,"예술, 스포츠 및 여가관련 서비스업",9/90/902/9029," / 창작, 예술 및 여가관련 서비스업 / 도서관, 사적지 및 유사 여가관련 서비스업 / 기타 유사 여가관련 서비스업",ARTS_SPORTS,문화·예술·스포츠,False,False,sub_unit,False,,,,,,,,,,,,,,,
9111,경기장 운영업,경기장 운영업,경기장 운영업,detail,4,False,911,9,91.0,911.0,9111.0,,"예술, 스포츠 및 여가관련 서비스업",스포츠 및 오락관련 서비스업,스포츠 서비스업,경기장 운영업,,"예술, 스포츠 및 여가관련 서비스업",9/91/911/9111, / 스포츠 및 오락관련 서비스업 / 스포츠 서비스업 / 경기장 운영업,ARTS_SPORTS,문화·예술·스포츠,False,False,sub_unit,False,,,,,,,,,,,,,,,
9112,골프장 및 스키장 운영업,골프장 및 스키장 운영업,골프장 및 스키장 운영업,detail,4,False,911,9,91.0,911.0,9112.0,,"예술, 스포츠 및 여가관련 서비스업",스포츠 및 오락관련 서비스업,스포츠 서비스업,골프장 및 스키장 운영업,,"예술, 스포츠 및 여가관련 서비스업",9/91/911/9112, / 스포츠 및 오락관련 서비스업 / 스포츠 서비스업 / 골프장 및 스키장 운영업,ARTS_SPORTS,문화·예술·스포츠,False,False,sub_unit,False,,,,,,,,,,,,,,,
9113,기타 스포츠시설 운영업,기타 스포츠시설 운영업,기타 스포츠시설 운영업,detail,4,False,911,9,91.0,911.0,9113.0,,"예술, 스포츠 및 여가관련 서비스업",스포츠 및 오락관련 서비스업,스포츠 서비스업,기타 스포츠시설 운영업,,"예술, 스포츠 및 여가관련 서비스업",9/91/911/9113, / 스포츠 및 오락관련 서비스업 / 스포츠 서비스업 / 기타 스포츠시설 운영업,ARTS_SPORTS,문화·예술·스포츠,False,False,sub_unit,False,,,,,,,,,,,,,,,
9119,기타 스포츠 서비스업,기타 스포츠 서비스업,기타 스포츠 서비스업,detail,4,False,911,9,91.0,911.0,9119.0,,"예술, 스포츠 및 여가관련 서비스업",스포츠 및 오락관련 서비스업,스포츠 서비스업,기타 스포츠 서비스업,,"예술, 스포츠 및 여가관련 서비스업",9/91/911/9119, / 스포츠 및 오락관련 서비스업 / 스포츠 서비스업 / 기타 스포츠 서비스업,ARTS_SPORTS,문화·예술·스포츠,False,False,sub_unit,False,,,,,,,,,,,,,,,
9121,유원지 및 테마파크 운영업,유원지 및 테마파크 운영업,유원지 및 테마파크 운영업,detail,4,False,912,9,91.0,912.0,9121.0,,"예술, 스포츠 및 여가관련 서비스업",스포츠 및 오락관련 서비스업,유원지 및 기타 오락관련 서비스업,유원지 및 테마파크 운영업,,"예술, 스포츠 및 여가관련 서비스업",9/91/912/9121, / 스포츠 및 오락관련 서비스업 / 유원지 및 기타 오락관련 서비스업 / 유원지 및 테마파크 운영업,ARTS_SPORTS,문화·예술·스포츠,False,False,sub_unit,False,,,,,,,,,,,,,,,
9122,오락장 운영업,오락장 운영업,오락장 운영업,detail,4,False,912,9,91.0,912.0,9122.0,,"예술, 스포츠 및 여가관련 서비스업",스포츠 및 오락관련 서비스업,유원지 및 기타 오락관련 서비스업,오락장 운영업,,"예술, 스포츠 및 여가관련 서비스업",9/91/912/9122, / 스포츠 및 오락관련 서비스업 / 유원지 및 기타 오락관련 서비스업 / 오락장 운영업,ARTS_SPORTS,문화·예술·스포츠,False,False,sub_unit,False,,,,,,,,,,,,,,,
9123,수상오락 서비스업,수상오락 서비스업,수상오락 서비스업,detail,4,False,912,9,91.0,912.0,9123.0,,"예술, 스포츠 및 여가관련 서비스업",스포츠 및 오락관련 서비스업,유원지 및 기타 오락관련 서비스업,수상오락 서비스업,,"예술, 스포츠 및 여가관련 서비스업",9/91/912/9123, / 스포츠 및 오락관련 서비스업 / 유원지 및 기타 오락관련 서비스업 / 수상오락 서비스업,ARTS_SPORTS,문화·예술·스포츠,False,False,sub_unit,False,,,,,,,,,,,,,,,
9124,사행시설 관리 및 운영업,사행시설 관리 및 운영업,사행시설 관리 및 운영업,detail,4,False,912,9,91.0,912.0,9124.0,,"예술, 스포츠 및 여가관련 서비스업",스포츠 및 오락관련 서비스업,유원지 및 기타 오락관련 서비스업,사행시설 관리 및 운영업,,"예술, 스포츠 및 여가관련 서비스업",9/91/912/9124, / 스포츠 및 오락관련 서비스업 / 유원지 및 기타 오락관련 서비스업 / 사행시설 관리 및 운영업,ARTS_SPORTS,문화·예술·스포츠,False,False,sub_unit,False,,,,,,,,,,,,,,,
9129,그 외 기타 오락관련 서비스업,그 외 기타 오락관련 서비스업,그 외 기타 오락관련 서비스업,detail,4,False,912,9,91.0,912.0,9129.0,,"예술, 스포츠 및 여가관련 서비스업",스포츠 및 오락관련 서비스업,유원지 및 기타 오락관련 서비스업,그 외 기타 오락관련 서비스업,,"예술, 스포츠 및 여가관련 서비스업",9/91/912/9129, / 스포츠 및 오락관련 서비스업 / 유원지 및 기타 오락관련 서비스업 / 그 외 기타 오락관련 서비스업,ARTS_SPORTS,문화·예술·스포츠,False,False,sub_unit,False,,,,,,,,,,,,,,,
9411,산업 단체,산업 단체,산업 단체,detail,4,False,941,9,94.0,941.0,9411.0,,"협회 및 단체, 수리 및 기타 개인 서비스업",협회 및 단체,산업 및 전문가 단체,산업 단체,,"협회 및 단체, 수리 및 기타 개인 서비스업",9/94/941/9411, / 협회 및 단체 / 산업 및 전문가 단체 / 산업 단체,ASSOC_ORG,협회·단체·종교·정치,False,False,sub_unit,False,,,,,,,,,,,,,,,
9412,전문가 단체,전문가 단체,전문가 단체,detail,4,False,941,9,94.0,941.0,9412.0,,"협회 및 단체, 수리 및 기타 개인 서비스업",협회 및 단체,산업 및 전문가 단체,전문가 단체,,"협회 및 단체, 수리 및 기타 개인 서비스업",9/94/941/9412, / 협회 및 단체 / 산업 및 전문가 단체 / 전문가 단체,ASSOC_ORG,협회·단체·종교·정치,False,False,sub_unit,False,,,,,,,,,,,,,,,
9420,노동조합,노동조합,노동조합,detail,4,False,942,9,94.0,942.0,9420.0,,"협회 및 단체, 수리 및 기타 개인 서비스업",협회 및 단체,노동조합,노동조합,,"협회 및 단체, 수리 및 기타 개인 서비스업",9/94/942/9420, / 협회 및 단체 / 노동조합 / 노동조합,ASSOC_ORG,협회·단체·종교·정치,False,False,sub_unit,False,,,,,,,,,,,,,,,
9491,종교 단체,종교 단체,종교 단체,detail,4,False,949,9,94.0,949.0,9491.0,,"협회 및 단체, 수리 및 기타 개인 서비스업",협회 및 단체,기타 협회 및 단체,종교 단체,,"협회 및 단체, 수리 및 기타 개인 서비스업",9/94/949/9491, / 협회 및 단체 / 기타 협회 및 단체 / 종교 단체,ASSOC_ORG,협회·단체·종교·정치,False,False,sub_unit,False,,,,,,,,,,,,,,,
9492,정치 단체,정치 단체,정치 단체,detail,4,False,949,9,94.0,949.0,9492.0,,"협회 및 단체, 수리 및 기타 개인 서비스업",협회 및 단체,기타 협회 및 단체,정치 단체,,"협회 및 단체, 수리 및 기타 개인 서비스업",9/94/949/9492, / 협회 및 단체 / 기타 협회 및 단체 / 정치 단체,ASSOC_ORG,협회·단체·종교·정치,False,False,sub_unit,False,,,,,,,,,,,,,,,
9493,시민운동 단체,시민운동 단체,시민운동 단체,detail,4,False,949,9,94.0,949.0,9493.0,,"협회 및 단체, 수리 및 기타 개인 서비스업",협회 및 단체,기타 협회 및 단체,시민운동 단체,,"협회 및 단체, 수리 및 기타 개인 서비스업",9/94/949/9493, / 협회 및 단체 / 기타 협회 및 단체 / 시민운동 단체,ASSOC_ORG,협회·단체·종교·정치,False,False,sub_unit,False,,,,,,,,,,,,,,,
9499,그 외 기타 협회 및 단체,그 외 기타 협회 및 단체,그 외 기타 협회 및 단체,detail,4,False,949,9,94.0,949.0,9499.0,,"협회 및 단체, 수리 및 기타 개인 서비스업",협회 및 단체,기타 협회 및 단체,그 외 기타 협회 및 단체,,"협회 및 단체, 수리 및 기타 개인 서비스업",9/94/949/9499, / 협회 및 단체 / 기타 협회 및 단체 / 그 외 기타 협회 및 단체,ASSOC_ORG,협회·단체·종교·정치,False,False,sub_unit,False,,,,,,,,,,,,,,,
9511,컴퓨터 및 주변 기기 수리업,컴퓨터 및 주변 기기 수리업,컴퓨터 및 주변 기기 수리업,detail,4,False,951,9,95.0,951.0,9511.0,,"협회 및 단체, 수리 및 기타 개인 서비스업",개인 및 소비용품 수리업,컴퓨터 및 통신장비 수리업,컴퓨터 및 주변 기기 수리업,,"협회 및 단체, 수리 및 기타 개인 서비스업",9/95/951/9511, / 개인 및 소비용품 수리업 / 컴퓨터 및 통신장비 수리업 / 컴퓨터 및 주변 기기 수리업,OTHER_SVC,기타 서비스업,False,False,sub_unit,False,,,,,,,,,,,,,,,
9512,통신장비 수리업,통신장비 수리업,통신장비 수리업,detail,4,False,951,9,95.0,951.0,9512.0,,"협회 및 단체, 수리 및 기타 개인 서비스업",개인 및 소비용품 수리업,컴퓨터 및 통신장비 수리업,통신장비 수리업,,"협회 및 단체, 수리 및 기타 개인 서비스업",9/95/951/9512, / 개인 및 소비용품 수리업 / 컴퓨터 및 통신장비 수리업 / 통신장비 수리업,OTHER_SVC,기타 서비스업,False,False,sub_unit,False,,,,,,,,,,,,,,,
9521,자동차 수리 및 세차업,자동차 수리 및 세차업,자동차 수리 및 세차업,detail,4,False,952,9,95.0,952.0,9521.0,,"협회 및 단체, 수리 및 기타 개인 서비스업",개인 및 소비용품 수리업,자동차 및 모터사이클 수리업,자동차 수리 및 세차업,,"협회 및 단체, 수리 및 기타 개인 서비스업",9/95/952/9521, / 개인 및 소비용품 수리업 / 자동차 및 모터사이클 수리업 / 자동차 수리 및 세차업,OTHER_SVC,기타 서비스업,False,False,sub_unit,False,,,,,,,,,,,,,,,
9522,모터사이클 수리업,모터사이클 수리업,모터사이클 수리업,detail,4,False,952,9,95.0,952.0,9522.0,,"협회 및 단체, 수리 및 기타 개인 서비스업",개인 및 소비용품 수리업,자동차 및 모터사이클 수리업,모터사이클 수리업,,"협회 및 단체, 수리 및 기타 개인 서비스업",9/95/952/9522, / 개인 및 소비용품 수리업 / 자동차 및 모터사이클 수리업 / 모터사이클 수리업,OTHER_SVC,기타 서비스업,False,False,sub_unit,False,,,,,,,,,,,,,,,
9531,가전제품 수리업,가전제품 수리업,가전제품 수리업,detail,4,False,953,9,95.0,953.0,9531.0,,"협회 및 단체, 수리 및 기타 개인 서비스업",개인 및 소비용품 수리업,개인 및 가정용품 수리업,가전제품 수리업,,"협회 및 단체, 수리 및 기타 개인 서비스업",9/95/953/9531, / 개인 및 소비용품 수리업 / 개인 및 가정용품 수리업 / 가전제품 수리업,OTHER_SVC,기타 서비스업,False,False,sub_unit,False,,,,,,,,,,,,,,,
9539,기타 개인 및 가정용품 수리업,기타 개인 및 가정용품 수리업,기타 개인 및 가정용품 수리업,detail,4,False,953,9,95.0,953.0,9539.0,,"협회 및 단체, 수리 및 기타 개인 서비스업",개인 및 소비용품 수리업,개인 및 가정용품 수리업,기타 개인 및 가정용품 수리업,,"협회 및 단체, 수리 및 기타 개인 서비스업",9/95/953/9539, / 개인 및 소비용품 수리업 / 개인 및 가정용품 수리업 / 기타 개인 및 가정용품 수리업,OTHER_SVC,기타 서비스업,False,False,sub_unit,False,,,,,,,,,,,,,,,
9611,이용 및 미용업,이용 및 미용업,이용 및 미용업,detail,4,False,961,9,96.0,961.0,9611.0,,"협회 및 단체, 수리 및 기타 개인 서비스업",기타 개인 서비스업,"미용, 욕탕 및 유사 서비스업",이용 및 미용업,,"협회 및 단체, 수리 및 기타 개인 서비스업",9/96/961/9611," / 기타 개인 서비스업 / 미용, 욕탕 및 유사 서비스업 / 이용 및 미용업",OTHER_SVC,기타 서비스업,False,False,sub_unit,True,,,,,,,,,,,,,,,
9612,"욕탕, 마사지 및 기타 신체 관리 서비스업","욕탕, 마사지 및 기타 신체 관리 서비스업","욕탕, 마사지 및 기타 신체 관리 서비스업",detail,4,False,961,9,96.0,961.0,9612.0,,"협회 및 단체, 수리 및 기타 개인 서비스업",기타 개인 서비스업,"미용, 욕탕 및 유사 서비스업","욕탕, 마사지 및 기타 신체 관리 서비스업",,"협회 및 단체, 수리 및 기타 개인 서비스업",9/96/961/9612," / 기타 개인 서비스업 / 미용, 욕탕 및 유사 서비스업 / 욕탕, 마사지 및 기타 신체 관리 서비스업",OTHER_SVC,기타 서비스업,False,False,sub_unit,True,,,,,,,,,,,,,,,
9691,세탁업,세탁업,세탁업,detail,4,False,969,9,96.0,969.0,9691.0,,"협회 및 단체, 수리 및 기타 개인 서비스업",기타 개인 서비스업,그 외 기타 개인 서비스업,세탁업,,"협회 및 단체, 수리 및 기타 개인 서비스업",9/96/969/9691, / 기타 개인 서비스업 / 그 외 기타 개인 서비스업 / 세탁업,OTHER_SVC,기타 서비스업,False,False,sub_unit,True,,,,,,,,,,,,,,,
9692,장례식장 및 관련 서비스업,장례식장 및 관련 서비스업,장례식장 및 관련 서비스업,detail,4,False,969,9,96.0,969.0,9692.0,,"협회 및 단체, 수리 및 기타 개인 서비스업",기타 개인 서비스업,그 외 기타 개인 서비스업,장례식장 및 관련 서비스업,,"협회 및 단체, 수리 및 기타 개인 서비스업",9/96/969/9692, / 기타 개인 서비스업 / 그 외 기타 개인 서비스업 / 장례식장 및 관련 서비스업,OTHER_SVC,기타 서비스업,False,False,sub_unit,True,,,,,,,,,,,,,,,
9699,그 외 기타 분류 안된 개인 서비스업,그 외 기타 분류 안된 개인 서비스업,그 외 기타 분류 안된 개인 서비스업,detail,4,False,969,9,96.0,969.0,9699.0,,"협회 및 단체, 수리 및 기타 개인 서비스업",기타 개인 서비스업,그 외 기타 개인 서비스업,그 외 기타 분류 안된 개인 서비스업,,"협회 및 단체, 수리 및 기타 개인 서비스업",9/96/969/9699, / 기타 개인 서비스업 / 그 외 기타 개인 서비스업 / 그 외 기타 분류 안된 개인 서비스업,OTHER_SVC,기타 서비스업,False,False,sub_unit,True,,,,,,,,,,,,,,,
9700,가구 내 고용활동,가구 내 고용활동,가구 내 고용활동,detail,4,False,970,9,97.0,970.0,9700.0,,가구 내 고용활동 및 달리 분류되지 않은 자가 소비 생산활동,가구 내 고용활동,가구 내 고용활동,가구 내 고용활동,,가구 내 고용활동 및 달리 분류되지 않은 자가 소비 생산활동,9/97/970/9700, / 가구 내 고용활동 / 가구 내 고용활동 / 가구 내 고용활동,HOUSEHOLD,가구 내 고용 활동,False,False,sub_unit,True,,,,,,,,,,,,,,,
9810,자가 소비를 위한 가사 생산 활동,자가 소비를 위한 가사 생산 활동,자가 소비를 위한 가사 생산 활동,detail,4,False,981,9,98.0,981.0,9810.0,,가구 내 고용활동 및 달리 분류되지 않은 자가 소비 생산활동,달리 분류되지 않은 자가 소비를 위한 가구의 재화 및 서비스 생산활동,자가 소비를 위한 가사 생산 활동,자가 소비를 위한 가사 생산 활동,,가구 내 고용활동 및 달리 분류되지 않은 자가 소비 생산활동,9/98/981/9810, / 달리 분류되지 않은 자가 소비를 위한 가구의 재화 및 서비스 생산활동 / 자가 소비를 위한 가사 생산 활동 / 자가 소비를 위한 가사 생산 활동,HOUSEHOLD,가구 내 고용 활동,False,False,sub_unit,True,,,,,,,,,,,,,,,
9820,자가 소비를 위한 가사 서비스 활동,자가 소비를 위한 가사 서비스 활동,자가 소비를 위한 가사 서비스 활동,detail,4,False,982,9,98.0,982.0,9820.0,,가구 내 고용활동 및 달리 분류되지 않은 자가 소비 생산활동,달리 분류되지 않은 자가 소비를 위한 가구의 재화 및 서비스 생산활동,자가 소비를 위한 가사 서비스 활동,자가 소비를 위한 가사 서비스 활동,,가구 내 고용활동 및 달리 분류되지 않은 자가 소비 생산활동,9/98/982/9820, / 달리 분류되지 않은 자가 소비를 위한 가구의 재화 및 서비스 생산활동 / 자가 소비를 위한 가사 서비스 활동 / 자가 소비를 위한 가사 서비스 활동,HOUSEHOLD,가구 내 고용 활동,False,False,sub_unit,True,,,,,,,,,,,,,,,
9900,국제 및 외국기관,국제 및 외국기관,국제 및 외국기관,detail,4,False,990,9,99.0,990.0,9900.0,,국제 및 외국기관,국제 및 외국기관,국제 및 외국기관,국제 및 외국기관,,국제 및 외국기관,9/99/990/9900, / 국제 및 외국기관 / 국제 및 외국기관 / 국제 및 외국기관,INTERNATIONAL,국제·외국기관,False,False,sub_unit,True,,,,,,,,,,,,,,,
01110,곡물 및 기타 식량작물 재배업,곡물 및 기타 식량작물 재배업,곡물 및 기타 식량작물 재배업,subdetail,5,True,0111,0,1.0,11.0,111.0,1110.0,"농업, 임업 및 어업",농업,작물 재배업,곡물 및 기타 식량작물 재배업,곡물 및 기타 식량작물 재배업,"농업, 임업 및 어업",0/01/011/0111/01110, / 농업 / 작물 재배업 / 곡물 및 기타 식량작물 재배업 / 곡물 및 기타 식량작물 재배업,AGRICULTURE,농업·임업·어업,True,False,leaf_unit,False,,,,,,,,,,,,,,,
01121,채소작물 재배업,채소작물 재배업,채소작물 재배업,subdetail,5,True,0112,0,1.0,11.0,112.0,1121.0,"농업, 임업 및 어업",농업,작물 재배업,"채소, 화훼작물 및 종묘 재배업",채소작물 재배업,"농업, 임업 및 어업",0/01/011/0112/01121," / 농업 / 작물 재배업 / 채소, 화훼작물 및 종묘 재배업 / 채소작물 재배업",AGRICULTURE,농업·임업·어업,True,False,leaf_unit,False,,,,,,,,,,,,,,,
01122,화훼작물 재배업,화훼작물 재배업,화훼작물 재배업,subdetail,5,True,0112,0,1.0,11.0,112.0,1122.0,"농업, 임업 및 어업",농업,작물 재배업,"채소, 화훼작물 및 종묘 재배업",화훼작물 재배업,"농업, 임업 및 어업",0/01/011/0112/01122," / 농업 / 작물 재배업 / 채소, 화훼작물 및 종묘 재배업 / 화훼작물 재배업",AGRICULTURE,농업·임업·어업,True,False,leaf_unit,False,,,,,,,,,,,,,,,
01123,종자 및 묘목 생산업,종자 및 묘목 생산업,종자 및 묘목 생산업,subdetail,5,True,0112,0,1.0,11.0,112.0,1123.0,"농업, 임업 및 어업",농업,작물 재배업,"채소, 화훼작물 및 종묘 재배업",종자 및 묘목 생산업,"농업, 임업 및 어업",0/01/011/0112/01123," / 농업 / 작물 재배업 / 채소, 화훼작물 및 종묘 재배업 / 종자 및 묘목 생산업",AGRICULTURE,농업·임업·어업,True,False,leaf_unit,False,,,,,,,,,,,,,,,
01131,과실작물 재배업,과실작물 재배업,과실작물 재배업,subdetail,5,True,0113,0,1.0,11.0,113.0,1131.0,"농업, 임업 및 어업",농업,작물 재배업,"과실, 음료용 및 향신용 작물 재배업",과실작물 재배업,"농업, 임업 및 어업",0/01/011/0113/01131," / 농업 / 작물 재배업 / 과실, 음료용 및 향신용 작물 재배업 / 과실작물 재배업",AGRICULTURE,농업·임업·어업,True,False,leaf_unit,False,,,,,,,,,,,,,,,
01132,음료용 및 향신용 작물 재배업,음료용 및 향신용 작물 재배업,음료용 및 향신용 작물 재배업,subdetail,5,True,0113,0,1.0,11.0,113.0,1132.0,"농업, 임업 및 어업",농업,작물 재배업,"과실, 음료용 및 향신용 작물 재배업",음료용 및 향신용 작물 재배업,"농업, 임업 및 어업",0/01/011/0113/01132," / 농업 / 작물 재배업 / 과실, 음료용 및 향신용 작물 재배업 / 음료용 및 향신용 작물 재배업",AGRICULTURE,농업·임업·어업,True,False,leaf_unit,False,,,,,,,,,,,,,,,
01140,기타 작물 재배업,기타 작물 재배업,기타 작물 재배업,subdetail,5,True,0114,0,1.0,11.0,114.0,1140.0,"농업, 임업 및 어업",농업,작물 재배업,기타 작물 재배업,기타 작물 재배업,"농업, 임업 및 어업",0/01/011/0114/01140, / 농업 / 작물 재배업 / 기타 작물 재배업 / 기타 작물 재배업,AGRICULTURE,농업·임업·어업,True,False,leaf_unit,False,,,,,,,,,,,,,,,
01151,"채소, 화훼 및 과실작물 시설 재배업","채소, 화훼 및 과실작물 시설 재배업","채소, 화훼 및 과실작물 시설 재배업",subdetail,5,True,0115,0,1.0,11.0,115.0,1151.0,"농업, 임업 및 어업",농업,작물 재배업,시설작물 재배업,"채소, 화훼 및 과실작물 시설 재배업","농업, 임업 및 어업",0/01/011/0115/01151," / 농업 / 작물 재배업 / 시설작물 재배업 / 채소, 화훼 및 과실작물 시설 재배업",AGRICULTURE,농업·임업·어업,True,False,leaf_unit,False,,,,,,,,,,,,,,,
01159,기타 시설작물 재배업,기타 시설작물 재배업,기타 시설작물 재배업,subdetail,5,True,0115,0,1.0,11.0,115.0,1159.0,"농업, 임업 및 어업",농업,작물 재배업,시설작물 재배업,기타 시설작물 재배업,"농업, 임업 및 어업",0/01/011/0115/01159, / 농업 / 작물 재배업 / 시설작물 재배업 / 기타 시설작물 재배업,AGRICULTURE,농업·임업·어업,True,False,leaf_unit,False,,,,,,,,,,,,,,,
01211,젖소 사육업,젖소 사육업,젖소 사육업,subdetail,5,True,0121,0,1.0,12.0,121.0,1211.0,"농업, 임업 및 어업",농업,축산업,소 사육업,젖소 사육업,"농업, 임업 및 어업",0/01/012/0121/01211, / 농업 / 축산업 / 소 사육업 / 젖소 사육업,AGRICULTURE,농업·임업·어업,True,False,leaf_unit,False,,,,,,,,,,,,,,,
01212,육우 사육업,육우 사육업,육우 사육업,subdetail,5,True,0121,0,1.0,12.0,121.0,1212.0,"농업, 임업 및 어업",농업,축산업,소 사육업,육우 사육업,"농업, 임업 및 어업",0/01/012/0121/01212, / 농업 / 축산업 / 소 사육업 / 육우 사육업,AGRICULTURE,농업·임업·어업,True,False,leaf_unit,False,,,,,,,,,,,,,,,
01220,양돈업,양돈업,양돈업,subdetail,5,True,0122,0,1.0,12.0,122.0,1220.0,"농업, 임업 및 어업",농업,축산업,양돈업,양돈업,"농업, 임업 및 어업",0/01/012/0122/01220, / 농업 / 축산업 / 양돈업 / 양돈업,AGRICULTURE,농업·임업·어업,True,False,leaf_unit,False,,,,,,,,,,,,,,,
01231,양계업,양계업,양계업,subdetail,5,True,0123,0,1.0,12.0,123.0,1231.0,"농업, 임업 및 어업",농업,축산업,가금류 및 조류 사육업,양계업,"농업, 임업 및 어업",0/01/012/0123/01231, / 농업 / 축산업 / 가금류 및 조류 사육업 / 양계업,AGRICULTURE,농업·임업·어업,True,False,leaf_unit,False,,,,,,,,,,,,,,,
01239,기타 가금류 및 조류 사육업,기타 가금류 및 조류 사육업,기타 가금류 및 조류 사육업,subdetail,5,True,0123,0,1.0,12.0,123.0,1239.0,"농업, 임업 및 어업",농업,축산업,가금류 및 조류 사육업,기타 가금류 및 조류 사육업,"농업, 임업 및 어업",0/01/012/0123/01239, / 농업 / 축산업 / 가금류 및 조류 사육업 / 기타 가금류 및 조류 사육업,AGRICULTURE,농업·임업·어업,True,False,leaf_unit,False,,,,,,,,,,,,,,,
01291,말 및 양 사육업,말 및 양 사육업,말 및 양 사육업,subdetail,5,True,0129,0,1.0,12.0,129.0,1291.0,"농업, 임업 및 어업",농업,축산업,기타 축산업,말 및 양 사육업,"농업, 임업 및 어업",0/01/012/0129/01291, / 농업 / 축산업 / 기타 축산업 / 말 및 양 사육업,AGRICULTURE,농업·임업·어업,True,False,leaf_unit,False,,,,,,,,,,,,,,,
01299,그 외 기타 축산업,그 외 기타 축산업,그 외 기타 축산업,subdetail,5,True,0129,0,1.0,12.0,129.0,1299.0,"농업, 임업 및 어업",농업,축산업,기타 축산업,그 외 기타 축산업,"농업, 임업 및 어업",0/01/012/0129/01299, / 농업 / 축산업 / 기타 축산업 / 그 외 기타 축산업,AGRICULTURE,농업·임업·어업,True,False,leaf_unit,False,,,,,,,,,,,,,,,
01300,작물재배 및 축산 복합농업,작물재배 및 축산 복합농업,작물재배 및 축산 복합농업,subdetail,5,True,0130,0,1.0,13.0,130.0,1300.0,"농업, 임업 및 어업",농업,작물재배 및 축산 복합농업,작물재배 및 축산 복합농업,작물재배 및 축산 복합농업,"농업, 임업 및 어업",0/01/013/0130/01300, / 농업 / 작물재배 및 축산 복합농업 / 작물재배 및 축산 복합농업 / 작물재배 및 축산 복합농업,AGRICULTURE,농업·임업·어업,True,False,leaf_unit,False,,,,,,,,,,,,,,,
01411,작물재배 지원 서비스업,작물재배 지원 서비스업,작물재배 지원 서비스업,subdetail,5,True,0141,0,1.0,14.0,141.0,1411.0,"농업, 임업 및 어업",농업,작물재배 및 축산 관련 서비스업,작물재배 관련 서비스업,작물재배 지원 서비스업,"농업, 임업 및 어업",0/01/014/0141/01411, / 농업 / 작물재배 및 축산 관련 서비스업 / 작물재배 관련 서비스업 / 작물재배 지원 서비스업,AGRICULTURE,농업·임업·어업,True,False,leaf_unit,False,,,,,,,,,,,,,,,
01412,"농산물 건조, 선별 및 기타 수확 후 서비스업","농산물 건조, 선별 및 기타 수확 후 서비스업","농산물 건조, 선별 및 기타 수확 후 서비스업",subdetail,5,True,0141,0,1.0,14.0,141.0,1412.0,"농업, 임업 및 어업",농업,작물재배 및 축산 관련 서비스업,작물재배 관련 서비스업,"농산물 건조, 선별 및 기타 수확 후 서비스업","농업, 임업 및 어업",0/01/014/0141/01412," / 농업 / 작물재배 및 축산 관련 서비스업 / 작물재배 관련 서비스업 / 농산물 건조, 선별 및 기타 수확 후 서비스업",AGRICULTURE,농업·임업·어업,True,False,leaf_unit,False,,,,,,,,,,,,,,,
01420,축산 관련 서비스업,축산 관련 서비스업,축산 관련 서비스업,subdetail,5,True,0142,0,1.0,14.0,142.0,1420.0,"농업, 임업 및 어업",농업,작물재배 및 축산 관련 서비스업,축산 관련 서비스업,축산 관련 서비스업,"농업, 임업 및 어업",0/01/014/0142/01420, / 농업 / 작물재배 및 축산 관련 서비스업 / 축산 관련 서비스업 / 축산 관련 서비스업,AGRICULTURE,농업·임업·어업,True,False,leaf_unit,False,,,,,,,,,,,,,,,
01500,수렵 및 관련 서비스업,수렵 및 관련 서비스업,수렵 및 관련 서비스업,subdetail,5,True,0150,0,1.0,15.0,150.0,1500.0,"농업, 임업 및 어업",농업,수렵 및 관련 서비스업,수렵 및 관련 서비스업,수렵 및 관련 서비스업,"농업, 임업 및 어업",0/01/015/0150/01500, / 농업 / 수렵 및 관련 서비스업 / 수렵 및 관련 서비스업 / 수렵 및 관련 서비스업,AGRICULTURE,농업·임업·어업,True,False,leaf_unit,False,,,,,,,,,,,,,,,
02011,임업용 종묘 생산업,임업용 종묘 생산업,임업용 종묘 생산업,subdetail,5,True,0201,0,2.0,20.0,201.0,2011.0,"농업, 임업 및 어업",임업,임업,영림업,임업용 종묘 생산업,"농업, 임업 및 어업",0/02/020/0201/02011, / 임업 / 임업 / 영림업 / 임업용 종묘 생산업,AGRICULTURE,농업·임업·어업,True,False,leaf_unit,False,,,,,,,,,,,,,,,
02012,육림업,육림업,육림업,subdetail,5,True,0201,0,2.0,20.0,201.0,2012.0,"농업, 임업 및 어업",임업,임업,영림업,육림업,"농업, 임업 및 어업",0/02/020/0201/02012, / 임업 / 임업 / 영림업 / 육림업,AGRICULTURE,농업·임업·어업,True,False,leaf_unit,False,,,,,,,,,,,,,,,
02020,벌목업,벌목업,벌목업,subdetail,5,True,0202,0,2.0,20.0,202.0,2020.0,"농업, 임업 및 어업",임업,임업,벌목업,벌목업,"농업, 임업 및 어업",0/02/020/0202/02020, / 임업 / 임업 / 벌목업 / 벌목업,AGRICULTURE,농업·임업·어업,True,False,leaf_unit,False,,,,,,,,,,,,,,,
02030,임산물 채취업,임산물 채취업,임산물 채취업,subdetail,5,True,0203,0,2.0,20.0,203.0,2030.0,"농업, 임업 및 어업",임업,임업,임산물 채취업,임산물 채취업,"농업, 임업 및 어업",0/02/020/0203/02030, / 임업 / 임업 / 임산물 채취업 / 임산물 채취업,AGRICULTURE,농업·임업·어업,True,False,leaf_unit,False,,,,,,,,,,,,,,,
02040,임업 관련 서비스업,임업 관련 서비스업,임업 관련 서비스업,subdetail,5,True,0204,0,2.0,20.0,204.0,2040.0,"농업, 임업 및 어업",임업,임업,임업 관련 서비스업,임업 관련 서비스업,"농업, 임업 및 어업",0/02/020/0204/02040, / 임업 / 임업 / 임업 관련 서비스업 / 임업 관련 서비스업,AGRICULTURE,농업·임업·어업,True,False,leaf_unit,False,,,,,,,,,,,,,,,
03111,원양 어업,원양 어업,원양 어업,subdetail,5,True,0311,0,3.0,31.0,311.0,3111.0,"농업, 임업 및 어업",어업,어로 어업,해수면 어업,원양 어업,"농업, 임업 및 어업",0/03/031/0311/03111, / 어업 / 어로 어업 / 해수면 어업 / 원양 어업,AGRICULTURE,농업·임업·어업,True,False,leaf_unit,False,,,,,,,,,,,,,,,
03112,연근해 어업,연근해 어업,연근해 어업,subdetail,5,True,0311,0,3.0,31.0,311.0,3112.0,"농업, 임업 및 어업",어업,어로 어업,해수면 어업,연근해 어업,"농업, 임업 및 어업",0/03/031/0311/03112, / 어업 / 어로 어업 / 해수면 어업 / 연근해 어업,AGRICULTURE,농업·임업·어업,True,False,leaf_unit,False,,,,,,,,,,,,,,,
03120,내수면 어업,내수면 어업,내수면 어업,subdetail,5,True,0312,0,3.0,31.0,312.0,3120.0,"농업, 임업 및 어업",어업,어로 어업,내수면 어업,내수면 어업,"농업, 임업 및 어업",0/03/031/0312/03120, / 어업 / 어로 어업 / 내수면 어업 / 내수면 어업,AGRICULTURE,농업·임업·어업,True,False,leaf_unit,False,,,,,,,,,,,,,,,
03211,해수면 양식 어업,해수면 양식 어업,해수면 양식 어업,subdetail,5,True,0321,0,3.0,32.0,321.0,3211.0,"농업, 임업 및 어업",어업,양식어업 및 어업관련 서비스업,양식 어업,해수면 양식 어업,"농업, 임업 및 어업",0/03/032/0321/03211, / 어업 / 양식어업 및 어업관련 서비스업 / 양식 어업 / 해수면 양식 어업,AGRICULTURE,농업·임업·어업,True,False,leaf_unit,False,,,,,,,,,,,,,,,
03212,내수면 양식 어업,내수면 양식 어업,내수면 양식 어업,subdetail,5,True,0321,0,3.0,32.0,321.0,3212.0,"농업, 임업 및 어업",어업,양식어업 및 어업관련 서비스업,양식 어업,내수면 양식 어업,"농업, 임업 및 어업",0/03/032/0321/03212, / 어업 / 양식어업 및 어업관련 서비스업 / 양식 어업 / 내수면 양식 어업,AGRICULTURE,농업·임업·어업,True,False,leaf_unit,False,,,,,,,,,,,,,,,
03213,수산물 부화 및 수산종자 생산업,수산물 부화 및 수산종자 생산업,수산물 부화 및 수산종자 생산업,subdetail,5,True,0321,0,3.0,32.0,321.0,3213.0,"농업, 임업 및 어업",어업,양식어업 및 어업관련 서비스업,양식 어업,수산물 부화 및 수산종자 생산업,"농업, 임업 및 어업",0/03/032/0321/03213, / 어업 / 양식어업 및 어업관련 서비스업 / 양식 어업 / 수산물 부화 및 수산종자 생산업,AGRICULTURE,농업·임업·어업,True,False,leaf_unit,False,,,,,,,,,,,,,,,
03220,어업 관련 서비스업,어업 관련 서비스업,어업 관련 서비스업,subdetail,5,True,0322,0,3.0,32.0,322.0,3220.0,"농업, 임업 및 어업",어업,양식어업 및 어업관련 서비스업,어업 관련 서비스업,어업 관련 서비스업,"농업, 임업 및 어업",0/03/032/0322/03220, / 어업 / 양식어업 및 어업관련 서비스업 / 어업 관련 서비스업 / 어업 관련 서비스업,AGRICULTURE,농업·임업·어업,True,False,leaf_unit,False,,,,,,,,,,,,,,,
05100,석탄 광업,석탄 광업,석탄 광업,subdetail,5,True,0510,0,5.0,51.0,510.0,5100.0,광업,"석탄, 원유 및 천연가스 광업",석탄 광업,석탄 광업,석탄 광업,광업,0/05/051/0510/05100," / 석탄, 원유 및 천연가스 광업 / 석탄 광업 / 석탄 광업 / 석탄 광업",MINING,광업,True,False,leaf_unit,False,,,,,,,,,,,,,,,
05200,원유 및 천연가스 채굴업,원유 및 천연가스 채굴업,원유 및 천연가스 채굴업,subdetail,5,True,0520,0,5.0,52.0,520.0,5200.0,광업,"석탄, 원유 및 천연가스 광업",원유 및 천연가스 채굴업,원유 및 천연가스 채굴업,원유 및 천연가스 채굴업,광업,0/05/052/0520/05200," / 석탄, 원유 및 천연가스 광업 / 원유 및 천연가스 채굴업 / 원유 및 천연가스 채굴업 / 원유 및 천연가스 채굴업",MINING,광업,True,False,leaf_unit,False,,,,,,,,,,,,,,,
06100,철 광업,철 광업,철 광업,subdetail,5,True,0610,0,6.0,61.0,610.0,6100.0,광업,금속 광업,철 광업,철 광업,철 광업,광업,0/06/061/0610/06100, / 금속 광업 / 철 광업 / 철 광업 / 철 광업,MINING,광업,True,False,leaf_unit,False,,,,,,,,,,,,,,,
06200,비철금속 광업,비철금속 광업,비철금속 광업,subdetail,5,True,0620,0,6.0,62.0,620.0,6200.0,광업,금속 광업,비철금속 광업,비철금속 광업,비철금속 광업,광업,0/06/062/0620/06200, / 금속 광업 / 비철금속 광업 / 비철금속 광업 / 비철금속 광업,MINING,광업,True,False,leaf_unit,False,,,,,,,,,,,,,,,
07110,석회석 및 점토 광업,석회석 및 점토 광업,석회석 및 점토 광업,subdetail,5,True,0711,0,7.0,71.0,711.0,7110.0,광업,"비금속광물 광업, 연료용 제외",토사석 광업,석회석 및 점토 광업,석회석 및 점토 광업,광업,0/07/071/0711/07110," / 비금속광물 광업, 연료용 제외 / 토사석 광업 / 석회석 및 점토 광업 / 석회석 및 점토 광업",MINING,광업,True,False,leaf_unit,False,,,,,,,,,,,,,,,
07121,건설용 석재 채굴 및 쇄석 생산업,건설용 석재 채굴 및 쇄석 생산업,건설용 석재 채굴 및 쇄석 생산업,subdetail,5,True,0712,0,7.0,71.0,712.0,7121.0,광업,"비금속광물 광업, 연료용 제외",토사석 광업,"석재, 쇄석 및 모래, 자갈 채취업",건설용 석재 채굴 및 쇄석 생산업,광업,0/07/071/0712/07121," / 비금속광물 광업, 연료용 제외 / 토사석 광업 / 석재, 쇄석 및 모래, 자갈 채취업 / 건설용 석재 채굴 및 쇄석 생산업",MINING,광업,True,False,leaf_unit,False,,,,,,,,,,,,,,,
07122,모래 및 자갈 채취업,모래 및 자갈 채취업,모래 및 자갈 채취업,subdetail,5,True,0712,0,7.0,71.0,712.0,7122.0,광업,"비금속광물 광업, 연료용 제외",토사석 광업,"석재, 쇄석 및 모래, 자갈 채취업",모래 및 자갈 채취업,광업,0/07/071/0712/07122," / 비금속광물 광업, 연료용 제외 / 토사석 광업 / 석재, 쇄석 및 모래, 자갈 채취업 / 모래 및 자갈 채취업",MINING,광업,True,False,leaf_unit,False,,,,,,,,,,,,,,,
07210,화학용 및 비료원료용 광물 광업,화학용 및 비료원료용 광물 광업,화학용 및 비료원료용 광물 광업,subdetail,5,True,0721,0,7.0,72.0,721.0,7210.0,광업,"비금속광물 광업, 연료용 제외",기타 비금속광물 광업,화학용 및 비료 원료용 광물 광업,화학용 및 비료원료용 광물 광업,광업,0/07/072/0721/07210," / 비금속광물 광업, 연료용 제외 / 기타 비금속광물 광업 / 화학용 및 비료 원료용 광물 광업 / 화학용 및 비료원료용 광물 광업",MINING,광업,True,False,leaf_unit,False,,,,,,,,,,,,,,,
07220,천일염 생산 및 암염 채취업,천일염 생산 및 암염 채취업,천일염 생산 및 암염 채취업,subdetail,5,True,0722,0,7.0,72.0,722.0,7220.0,광업,"비금속광물 광업, 연료용 제외",기타 비금속광물 광업,천일염 생산 및 암염 채취업,천일염 생산 및 암염 채취업,광업,0/07/072/0722/07220," / 비금속광물 광업, 연료용 제외 / 기타 비금속광물 광업 / 천일염 생산 및 암염 채취업 / 천일염 생산 및 암염 채취업",MINING,광업,True,False,leaf_unit,False,,,,,,,,,,,,,,,
07290,그 외 기타 비금속광물 광업,그 외 기타 비금속광물 광업,그 외 기타 비금속광물 광업,subdetail,5,True,0729,0,7.0,72.0,729.0,7290.0,광업,"비금속광물 광업, 연료용 제외",기타 비금속광물 광업,그 외 기타 비금속광물 광업,그 외 기타 비금속광물 광업,광업,0/07/072/0729/07290," / 비금속광물 광업, 연료용 제외 / 기타 비금속광물 광업 / 그 외 기타 비금속광물 광업 / 그 외 기타 비금속광물 광업",MINING,광업,True,False,leaf_unit,False,,,,,,,,,,,,,,,
08000,광업 지원 서비스업,광업 지원 서비스업,광업 지원 서비스업,subdetail,5,True,0800,0,8.0,80.0,800.0,8000.0,광업,광업 지원 서비스업,광업 지원 서비스업,광업 지원 서비스업,광업 지원 서비스업,광업,0/08/080/0800/08000, / 광업 지원 서비스업 / 광업 지원 서비스업 / 광업 지원 서비스업 / 광업 지원 서비스업,MINING,광업,True,False,leaf_unit,False,,,,,,,,,,,,,,,
10111,육류 도축업(가금류 제외),육류 도축업(가금류 제외),육류 도축업(가금류 제외),subdetail,5,True,1011,1,10.0,101.0,1011.0,10111.0,제조업,식료품 제조업,"도축, 육류 가공 및 저장 처리업",도축업,육류 도축업(가금류 제외),제조업,1/10/101/1011/10111," / 식료품 제조업 / 도축, 육류 가공 및 저장 처리업 / 도축업 / 육류 도축업(가금류 제외)",MANUFACTURING,제조업,True,True,leaf_unit,False,,,,,,,,,,,,,,,
10112,가금류 도축업,가금류 도축업,가금류 도축업,subdetail,5,True,1011,1,10.0,101.0,1011.0,10112.0,제조업,식료품 제조업,"도축, 육류 가공 및 저장 처리업",도축업,가금류 도축업,제조업,1/10/101/1011/10112," / 식료품 제조업 / 도축, 육류 가공 및 저장 처리업 / 도축업 / 가금류 도축업",MANUFACTURING,제조업,True,True,leaf_unit,False,,,,,,,,,,,,,,,
10121,가금류 가공 및 저장 처리업,가금류 가공 및 저장 처리업,가금류 가공 및 저장 처리업,subdetail,5,True,1012,1,10.0,101.0,1012.0,10121.0,제조업,식료품 제조업,"도축, 육류 가공 및 저장 처리업",육류 가공 및 저장 처리업,가금류 가공 및 저장 처리업,제조업,1/10/101/1012/10121," / 식료품 제조업 / 도축, 육류 가공 및 저장 처리업 / 육류 가공 및 저장 처리업 / 가금류 가공 및 저장 처리업",MANUFACTURING,제조업,True,True,leaf_unit,False,,,,,,,,,,,,,,,
10122,육류 포장육 및 냉동육 가공업 (가금류 제외),육류 포장육 및 냉동육 가공업 (가금류 제외),육류 포장육 및 냉동육 가공업 (가금류 제외),subdetail,5,True,1012,1,10.0,101.0,1012.0,10122.0,제조업,식료품 제조업,"도축, 육류 가공 및 저장 처리업",육류 가공 및 저장 처리업,육류 포장육 및 냉동육 가공업 (가금류 제외),제조업,1/10/101/1012/10122," / 식료품 제조업 / 도축, 육류 가공 및 저장 처리업 / 육류 가공 및 저장 처리업 / 육류 포장육 및 냉동육 가공업 (가금류 제외)",MANUFACTURING,제조업,True,True,leaf_unit,False,,,,,,,,,,,,,,,
10129,육류 기타 가공 및 저장처리업 (가금류 제외),육류 기타 가공 및 저장처리업 (가금류 제외),육류 기타 가공 및 저장처리업 (가금류 제외),subdetail,5,True,1012,1,10.0,101.0,1012.0,10129.0,제조업,식료품 제조업,"도축, 육류 가공 및 저장 처리업",육류 가공 및 저장 처리업,육류 기타 가공 및 저장처리업 (가금류 제외),제조업,1/10/101/1012/10129," / 식료품 제조업 / 도축, 육류 가공 및 저장 처리업 / 육류 가공 및 저장 처리업 / 육류 기타 가공 및 저장처리업 (가금류 제외)",MANUFACTURING,제조업,True,True,leaf_unit,False,,,,,,,,,,,,,,,
10211,"수산동물 훈제, 조리 및 유사 조제식품 제조업","수산동물 훈제, 조리 및 유사 조제식품 제조업","수산동물 훈제, 조리 및 유사 조제식품 제조업",subdetail,5,True,1021,1,10.0,102.0,1021.0,10211.0,제조업,식료품 제조업,수산물 가공 및 저장 처리업,수산동물 가공 및 저장 처리업,"수산동물 훈제, 조리 및 유사 조제식품 제조업",제조업,1/10/102/1021/10211," / 식료품 제조업 / 수산물 가공 및 저장 처리업 / 수산동물 가공 및 저장 처리업 / 수산동물 훈제, 조리 및 유사 조제식품 제조업",MANUFACTURING,제조업,True,True,leaf_unit,False,,,,,,,,,,,,,,,
10212,수산동물 건조 및 염장품 제조업,수산동물 건조 및 염장품 제조업,수산동물 건조 및 염장품 제조업,subdetail,5,True,1021,1,10.0,102.0,1021.0,10212.0,제조업,식료품 제조업,수산물 가공 및 저장 처리업,수산동물 가공 및 저장 처리업,수산동물 건조 및 염장품 제조업,제조업,1/10/102/1021/10212, / 식료품 제조업 / 수산물 가공 및 저장 처리업 / 수산동물 가공 및 저장 처리업 / 수산동물 건조 및 염장품 제조업,MANUFACTURING,제조업,True,True,leaf_unit,False,,,,,,,,,,,,,,,
10213,수산동물 냉동품 제조업,수산동물 냉동품 제조업,수산동물 냉동품 제조업,subdetail,5,True,1021,1,10.0,102.0,1021.0,10213.0,제조업,식료품 제조업,수산물 가공 및 저장 처리업,수산동물 가공 및 저장 처리업,수산동물 냉동품 제조업,제조업,1/10/102/1021/10213, / 식료품 제조업 / 수산물 가공 및 저장 처리업 / 수산동물 가공 및 저장 처리업 / 수산동물 냉동품 제조업,MANUFACTURING,제조업,True,True,leaf_unit,False,,,,,,,,,,,,,,,
10219,기타 수산동물 가공 및 저장 처리업,기타 수산동물 가공 및 저장 처리업,기타 수산동물 가공 및 저장 처리업,subdetail,5,True,1021,1,10.0,102.0,1021.0,10219.0,제조업,식료품 제조업,수산물 가공 및 저장 처리업,수산동물 가공 및 저장 처리업,기타 수산동물 가공 및 저장 처리업,제조업,1/10/102/1021/10219, / 식료품 제조업 / 수산물 가공 및 저장 처리업 / 수산동물 가공 및 저장 처리업 / 기타 수산동물 가공 및 저장 처리업,MANUFACTURING,제조업,True,True,leaf_unit,False,,,,,,,,,,,,,,,
10220,수산식물 가공 및 저장 처리업,수산식물 가공 및 저장 처리업,수산식물 가공 및 저장 처리업,subdetail,5,True,1022,1,10.0,102.0,1022.0,10220.0,제조업,식료품 제조업,수산물 가공 및 저장 처리업,수산식물 가공 및 저장 처리업,수산식물 가공 및 저장 처리업,제조업,1/10/102/1022/10220, / 식료품 제조업 / 수산물 가공 및 저장 처리업 / 수산식물 가공 및 저장 처리업 / 수산식물 가공 및 저장 처리업,MANUFACTURING,제조업,True,True,leaf_unit,False,,,,,,,,,,,,,,,
10301,김치류 제조업,김치류 제조업,김치류 제조업,subdetail,5,True,1030,1,10.0,103.0,1030.0,10301.0,제조업,식료품 제조업,"과실, 채소 가공 및 저장 처리업","과실, 채소 가공 및 저장 처리업",김치류 제조업,제조업,1/10/103/1030/10301," / 식료품 제조업 / 과실, 채소 가공 및 저장 처리업 / 과실, 채소 가공 및 저장 처리업 / 김치류 제조업",MANUFACTURING,제조업,True,True,leaf_unit,False,,,,,,,,,,,,,,,
10302,과실 및 그 외 채소 절임식품 제조업,과실 및 그 외 채소 절임식품 제조업,과실 및 그 외 채소 절임식품 제조업,subdetail,5,True,1030,1,10.0,103.0,1030.0,10302.0,제조업,식료품 제조업,"과실, 채소 가공 및 저장 처리업","과실, 채소 가공 및 저장 처리업",과실 및 그 외 채소 절임식품 제조업,제조업,1/10/103/1030/10302," / 식료품 제조업 / 과실, 채소 가공 및 저장 처리업 / 과실, 채소 가공 및 저장 처리업 / 과실 및 그 외 채소 절임식품 제조업",MANUFACTURING,제조업,True,True,leaf_unit,False,,,,,,,,,,,,,,,
10309,기타 과실ㆍ채소 가공 및 저장 처리업,기타 과실ㆍ채소 가공 및 저장 처리업,기타 과실ㆍ채소 가공 및 저장 처리업,subdetail,5,True,1030,1,10.0,103.0,1030.0,10309.0,제조업,식료품 제조업,"과실, 채소 가공 및 저장 처리업","과실, 채소 가공 및 저장 처리업",기타 과실ㆍ채소 가공 및 저장 처리업,제조업,1/10/103/1030/10309," / 식료품 제조업 / 과실, 채소 가공 및 저장 처리업 / 과실, 채소 가공 및 저장 처리업 / 기타 과실ㆍ채소 가공 및 저장 처리업",MANUFACTURING,제조업,True,True,leaf_unit,False,,,,,,,,,,,,,,,
10411,동물성 유지 제조업,동물성 유지 제조업,동물성 유지 제조업,subdetail,5,True,1041,1,10.0,104.0,1041.0,10411.0,제조업,식료품 제조업,동ㆍ식물성 유지 및 낙농제품 제조업,동물성 및 식물성 유지 제조업,동물성 유지 제조업,제조업,1/10/104/1041/10411, / 식료품 제조업 / 동ㆍ식물성 유지 및 낙농제품 제조업 / 동물성 및 식물성 유지 제조업 / 동물성 유지 제조업,MANUFACTURING,제조업,True,True,leaf_unit,False,,,,,,,,,,,,,,,
10412,식물성 유지 제조업,식물성 유지 제조업,식물성 유지 제조업,subdetail,5,True,1041,1,10.0,104.0,1041.0,10412.0,제조업,식료품 제조업,동ㆍ식물성 유지 및 낙농제품 제조업,동물성 및 식물성 유지 제조업,식물성 유지 제조업,제조업,1/10/104/1041/10412, / 식료품 제조업 / 동ㆍ식물성 유지 및 낙농제품 제조업 / 동물성 및 식물성 유지 제조업 / 식물성 유지 제조업,MANUFACTURING,제조업,True,True,leaf_unit,False,,,,,,,,,,,,,,,
10413,식용 정제유 및 가공유 제조업,식용 정제유 및 가공유 제조업,식용 정제유 및 가공유 제조업,subdetail,5,True,1041,1,10.0,104.0,1041.0,10413.0,제조업,식료품 제조업,동ㆍ식물성 유지 및 낙농제품 제조업,동물성 및 식물성 유지 제조업,식용 정제유 및 가공유 제조업,제조업,1/10/104/1041/10413, / 식료품 제조업 / 동ㆍ식물성 유지 및 낙농제품 제조업 / 동물성 및 식물성 유지 제조업 / 식용 정제유 및 가공유 제조업,MANUFACTURING,제조업,True,True,leaf_unit,False,,,,,,,,,,,,,,,
10421,액상시유 및 기타 낙농제품 제조업,액상시유 및 기타 낙농제품 제조업,액상시유 및 기타 낙농제품 제조업,subdetail,5,True,1042,1,10.0,104.0,1042.0,10421.0,제조업,식료품 제조업,동ㆍ식물성 유지 및 낙농제품 제조업,낙농제품 및 식용 빙과류 제조업,액상시유 및 기타 낙농제품 제조업,제조업,1/10/104/1042/10421, / 식료품 제조업 / 동ㆍ식물성 유지 및 낙농제품 제조업 / 낙농제품 및 식용 빙과류 제조업 / 액상시유 및 기타 낙농제품 제조업,MANUFACTURING,제조업,True,True,leaf_unit,False,,,,,,,,,,,,,,,
10422,아이스크림 및 기타 식용빙과류 제조업,아이스크림 및 기타 식용빙과류 제조업,아이스크림 및 기타 식용빙과류 제조업,subdetail,5,True,1042,1,10.0,104.0,1042.0,10422.0,제조업,식료품 제조업,동ㆍ식물성 유지 및 낙농제품 제조업,낙농제품 및 식용 빙과류 제조업,아이스크림 및 기타 식용빙과류 제조업,제조업,1/10/104/1042/10422, / 식료품 제조업 / 동ㆍ식물성 유지 및 낙농제품 제조업 / 낙농제품 및 식용 빙과류 제조업 / 아이스크림 및 기타 식용빙과류 제조업,MANUFACTURING,제조업,True,True,leaf_unit,False,,,,,,,,,,,,,,,
10511,곡물 도정업,곡물 도정업,곡물 도정업,subdetail,5,True,1051,1,10.0,105.0,1051.0,10511.0,제조업,식료품 제조업,"곡물 가공품, 전분 및 전분제품 제조업",곡물 가공품 제조업,곡물 도정업,제조업,1/10/105/1051/10511," / 식료품 제조업 / 곡물 가공품, 전분 및 전분제품 제조업 / 곡물 가공품 제조업 / 곡물 도정업",MANUFACTURING,제조업,True,True,leaf_unit,False,,,,,,,,,,,,,,,
10512,곡물 제분업,곡물 제분업,곡물 제분업,subdetail,5,True,1051,1,10.0,105.0,1051.0,10512.0,제조업,식료품 제조업,"곡물 가공품, 전분 및 전분제품 제조업",곡물 가공품 제조업,곡물 제분업,제조업,1/10/105/1051/10512," / 식료품 제조업 / 곡물 가공품, 전분 및 전분제품 제조업 / 곡물 가공품 제조업 / 곡물 제분업",MANUFACTURING,제조업,True,True,leaf_unit,False,,,,,,,,,,,,,,,
10513,곡물 혼합분말 및 반죽 제조업,곡물 혼합분말 및 반죽 제조업,곡물 혼합분말 및 반죽 제조업,subdetail,5,True,1051,1,10.0,105.0,1051.0,10513.0,제조업,식료품 제조업,"곡물 가공품, 전분 및 전분제품 제조업",곡물 가공품 제조업,곡물 혼합분말 및 반죽 제조업,제조업,1/10/105/1051/10513," / 식료품 제조업 / 곡물 가공품, 전분 및 전분제품 제조업 / 곡물 가공품 제조업 / 곡물 혼합분말 및 반죽 제조업",MANUFACTURING,제조업,True,True,leaf_unit,False,,,,,,,,,,,,,,,
10519,기타 곡물 가공품 제조업,기타 곡물 가공품 제조업,기타 곡물 가공품 제조업,subdetail,5,True,1051,1,10.0,105.0,1051.0,10519.0,제조업,식료품 제조업,"곡물 가공품, 전분 및 전분제품 제조업",곡물 가공품 제조업,기타 곡물 가공품 제조업,제조업,1/10/105/1051/10519," / 식료품 제조업 / 곡물 가공품, 전분 및 전분제품 제조업 / 곡물 가공품 제조업 / 기타 곡물 가공품 제조업",MANUFACTURING,제조업,True,True,leaf_unit,False,,,,,,,,,,,,,,,
10520,전분제품 및 당류 제조업,전분제품 및 당류 제조업,전분제품 및 당류 제조업,subdetail,5,True,1052,1,10.0,105.0,1052.0,10520.0,제조업,식료품 제조업,"곡물 가공품, 전분 및 전분제품 제조업",전분제품 및 당류 제조업,전분제품 및 당류 제조업,제조업,1/10/105/1052/10520," / 식료품 제조업 / 곡물 가공품, 전분 및 전분제품 제조업 / 전분제품 및 당류 제조업 / 전분제품 및 당류 제조업",MANUFACTURING,제조업,True,True,leaf_unit,False,,,,,,,,,,,,,,,
10601,떡류 제조업,떡류 제조업,떡류 제조업,subdetail,5,True,1060,1,10.0,106.0,1060.0,10601.0,제조업,식료품 제조업,"떡, 빵 및 과자류 제조업","떡, 빵 및 과자류 제조업",떡류 제조업,제조업,1/10/106/1060/10601," / 식료품 제조업 / 떡, 빵 및 과자류 제조업 / 떡, 빵 및 과자류 제조업 / 떡류 제조업",MANUFACTURING,제조업,True,True,leaf_unit,False,,,,,,,,,,,,,,,
10602,빵류 제조업,빵류 제조업,빵류 제조업,subdetail,5,True,1060,1,10.0,106.0,1060.0,10602.0,제조업,식료품 제조업,"떡, 빵 및 과자류 제조업","떡, 빵 및 과자류 제조업",빵류 제조업,제조업,1/10/106/1060/10602," / 식료품 제조업 / 떡, 빵 및 과자류 제조업 / 떡, 빵 및 과자류 제조업 / 빵류 제조업",MANUFACTURING,제조업,True,True,leaf_unit,False,,,,,,,,,,,,,,,
10603,과자류 및 코코아 제품 제조업,과자류 및 코코아 제품 제조업,과자류 및 코코아 제품 제조업,subdetail,5,True,1060,1,10.0,106.0,1060.0,10603.0,제조업,식료품 제조업,"떡, 빵 및 과자류 제조업","떡, 빵 및 과자류 제조업",과자류 및 코코아 제품 제조업,제조업,1/10/106/1060/10603," / 식료품 제조업 / 떡, 빵 및 과자류 제조업 / 떡, 빵 및 과자류 제조업 / 과자류 및 코코아 제품 제조업",MANUFACTURING,제조업,True,True,leaf_unit,False,,,,,,,,,,,,,,,
10701,도시락류 제조업,도시락류 제조업,도시락류 제조업,subdetail,5,True,1070,1,10.0,107.0,1070.0,10701.0,제조업,식료품 제조업,도시락 및 식사용 조리식품 제조업,도시락 및 식사용 조리식품 제조업,도시락류 제조업,제조업,1/10/107/1070/10701, / 식료품 제조업 / 도시락 및 식사용 조리식품 제조업 / 도시락 및 식사용 조리식품 제조업 / 도시락류 제조업,MANUFACTURING,제조업,True,True,leaf_unit,False,,,,,,,,,,,,,,,
10709,기타 식사용 가공처리 조리식품 제조업,기타 식사용 가공처리 조리식품 제조업,기타 식사용 가공처리 조리식품 제조업,subdetail,5,True,1070,1,10.0,107.0,1070.0,10709.0,제조업,식료품 제조업,도시락 및 식사용 조리식품 제조업,도시락 및 식사용 조리식품 제조업,기타 식사용 가공처리 조리식품 제조업,제조업,1/10/107/1070/10709, / 식료품 제조업 / 도시락 및 식사용 조리식품 제조업 / 도시락 및 식사용 조리식품 제조업 / 기타 식사용 가공처리 조리식품 제조업,MANUFACTURING,제조업,True,True,leaf_unit,False,,,,,,,,,,,,,,,
10810,설탕 제조업,설탕 제조업,설탕 제조업,subdetail,5,True,1081,1,10.0,108.0,1081.0,10810.0,제조업,식료품 제조업,기타 식품 제조업,설탕 제조업,설탕 제조업,제조업,1/10/108/1081/10810, / 식료품 제조업 / 기타 식품 제조업 / 설탕 제조업 / 설탕 제조업,MANUFACTURING,제조업,True,True,leaf_unit,False,,,,,,,,,,,,,,,
10820,"면류, 마카로니 및 유사식품 제조업","면류, 마카로니 및 유사식품 제조업","면류, 마카로니 및 유사식품 제조업",subdetail,5,True,1082,1,10.0,108.0,1082.0,10820.0,제조업,식료품 제조업,기타 식품 제조업,"면류, 마카로니 및 유사 식품 제조업","면류, 마카로니 및 유사식품 제조업",제조업,1/10/108/1082/10820," / 식료품 제조업 / 기타 식품 제조업 / 면류, 마카로니 및 유사 식품 제조업 / 면류, 마카로니 및 유사식품 제조업",MANUFACTURING,제조업,True,True,leaf_unit,False,,,,,,,,,,,,,,,
10831,"식초, 발효 및 화학 조미료 제조업","식초, 발효 및 화학 조미료 제조업","식초, 발효 및 화학 조미료 제조업",subdetail,5,True,1083,1,10.0,108.0,1083.0,10831.0,제조업,식료품 제조업,기타 식품 제조업,조미료 및 식품 첨가물 제조업,"식초, 발효 및 화학 조미료 제조업",제조업,1/10/108/1083/10831," / 식료품 제조업 / 기타 식품 제조업 / 조미료 및 식품 첨가물 제조업 / 식초, 발효 및 화학 조미료 제조업",MANUFACTURING,제조업,True,True,leaf_unit,False,,,,,,,,,,,,,,,
10832,천연 및 혼합조제 조미료 제조업,천연 및 혼합조제 조미료 제조업,천연 및 혼합조제 조미료 제조업,subdetail,5,True,1083,1,10.0,108.0,1083.0,10832.0,제조업,식료품 제조업,기타 식품 제조업,조미료 및 식품 첨가물 제조업,천연 및 혼합조제 조미료 제조업,제조업,1/10/108/1083/10832, / 식료품 제조업 / 기타 식품 제조업 / 조미료 및 식품 첨가물 제조업 / 천연 및 혼합조제 조미료 제조업,MANUFACTURING,제조업,True,True,leaf_unit,False,,,,,,,,,,,,,,,
10833,장류 제조업,장류 제조업,장류 제조업,subdetail,5,True,1083,1,10.0,108.0,1083.0,10833.0,제조업,식료품 제조업,기타 식품 제조업,조미료 및 식품 첨가물 제조업,장류 제조업,제조업,1/10/108/1083/10833, / 식료품 제조업 / 기타 식품 제조업 / 조미료 및 식품 첨가물 제조업 / 장류 제조업,MANUFACTURING,제조업,True,True,leaf_unit,False,,,,,,,,,,,,,,,
10839,기타 식품 첨가물 제조업,기타 식품 첨가물 제조업,기타 식품 첨가물 제조업,subdetail,5,True,1083,1,10.0,108.0,1083.0,10839.0,제조업,식료품 제조업,기타 식품 제조업,조미료 및 식품 첨가물 제조업,기타 식품 첨가물 제조업,제조업,1/10/108/1083/10839, / 식료품 제조업 / 기타 식품 제조업 / 조미료 및 식품 첨가물 제조업 / 기타 식품 첨가물 제조업,MANUFACTURING,제조업,True,True,leaf_unit,False,,,,,,,,,,,,,,,
10891,커피 가공업,커피 가공업,커피 가공업,subdetail,5,True,1089,1,10.0,108.0,1089.0,10891.0,제조업,식료품 제조업,기타 식품 제조업,기타 식료품 제조업,커피 가공업,제조업,1/10/108/1089/10891, / 식료품 제조업 / 기타 식품 제조업 / 기타 식료품 제조업 / 커피 가공업,MANUFACTURING,제조업,True,True,leaf_unit,False,,,,,,,,,,,,,,,
10892,차류 가공업,차류 가공업,차류 가공업,subdetail,5,True,1089,1,10.0,108.0,1089.0,10892.0,제조업,식료품 제조업,기타 식품 제조업,기타 식료품 제조업,차류 가공업,제조업,1/10/108/1089/10892, / 식료품 제조업 / 기타 식품 제조업 / 기타 식료품 제조업 / 차류 가공업,MANUFACTURING,제조업,True,True,leaf_unit,False,,,,,,,,,,,,,,,
10893,수프 및 균질화식품 제조업,수프 및 균질화식품 제조업,수프 및 균질화식품 제조업,subdetail,5,True,1089,1,10.0,108.0,1089.0,10893.0,제조업,식료품 제조업,기타 식품 제조업,기타 식료품 제조업,수프 및 균질화식품 제조업,제조업,1/10/108/1089/10893, / 식료품 제조업 / 기타 식품 제조업 / 기타 식료품 제조업 / 수프 및 균질화식품 제조업,MANUFACTURING,제조업,True,True,leaf_unit,False,,,,,,,,,,,,,,,
10894,두부 및 유사식품 제조업,두부 및 유사식품 제조업,두부 및 유사식품 제조업,subdetail,5,True,1089,1,10.0,108.0,1089.0,10894.0,제조업,식료품 제조업,기타 식품 제조업,기타 식료품 제조업,두부 및 유사식품 제조업,제조업,1/10/108/1089/10894, / 식료품 제조업 / 기타 식품 제조업 / 기타 식료품 제조업 / 두부 및 유사식품 제조업,MANUFACTURING,제조업,True,True,leaf_unit,False,,,,,,,,,,,,,,,
10895,인삼식품 제조업,인삼식품 제조업,인삼식품 제조업,subdetail,5,True,1089,1,10.0,108.0,1089.0,10895.0,제조업,식료품 제조업,기타 식품 제조업,기타 식료품 제조업,인삼식품 제조업,제조업,1/10/108/1089/10895, / 식료품 제조업 / 기타 식품 제조업 / 기타 식료품 제조업 / 인삼식품 제조업,MANUFACTURING,제조업,True,True,leaf_unit,False,,,,,,,,,,,,,,,
10896,건강보조용 액화식품 제조업,건강보조용 액화식품 제조업,건강보조용 액화식품 제조업,subdetail,5,True,1089,1,10.0,108.0,1089.0,10896.0,제조업,식료품 제조업,기타 식품 제조업,기타 식료품 제조업,건강보조용 액화식품 제조업,제조업,1/10/108/1089/10896, / 식료품 제조업 / 기타 식품 제조업 / 기타 식료품 제조업 / 건강보조용 액화식품 제조업,MANUFACTURING,제조업,True,True,leaf_unit,False,,,,,,,,,,,,,,,
10897,건강기능식품 제조업,건강기능식품 제조업,건강기능식품 제조업,subdetail,5,True,1089,1,10.0,108.0,1089.0,10897.0,제조업,식료품 제조업,기타 식품 제조업,기타 식료품 제조업,건강기능식품 제조업,제조업,1/10/108/1089/10897, / 식료품 제조업 / 기타 식품 제조업 / 기타 식료품 제조업 / 건강기능식품 제조업,MANUFACTURING,제조업,True,True,leaf_unit,False,,,,,,,,,,,,,,,
10899,그 외 기타 식료품 제조업,그 외 기타 식료품 제조업,그 외 기타 식료품 제조업,subdetail,5,True,1089,1,10.0,108.0,1089.0,10899.0,제조업,식료품 제조업,기타 식품 제조업,기타 식료품 제조업,그 외 기타 식료품 제조업,제조업,1/10/108/1089/10899, / 식료품 제조업 / 기타 식품 제조업 / 기타 식료품 제조업 / 그 외 기타 식료품 제조업,MANUFACTURING,제조업,True,True,leaf_unit,False,,,,,,,,,,,,,,,
10901,반려동물용 사료 제조업,반려동물용 사료 제조업,반려동물용 사료 제조업,subdetail,5,True,1090,1,10.0,109.0,1090.0,10901.0,제조업,식료품 제조업,동물용 사료 및 조제식품 제조업,동물용 사료 및 조제식품 제조업,반려동물용 사료 제조업,제조업,1/10/109/1090/10901, / 식료품 제조업 / 동물용 사료 및 조제식품 제조업 / 동물용 사료 및 조제식품 제조업 / 반려동물용 사료 제조업,MANUFACTURING,제조업,True,True,leaf_unit,False,,,,,,,,,,,,,,,
10902,배합 사료 제조업,배합 사료 제조업,배합 사료 제조업,subdetail,5,True,1090,1,10.0,109.0,1090.0,10902.0,제조업,식료품 제조업,동물용 사료 및 조제식품 제조업,동물용 사료 및 조제식품 제조업,배합 사료 제조업,제조업,1/10/109/1090/10902, / 식료품 제조업 / 동물용 사료 및 조제식품 제조업 / 동물용 사료 및 조제식품 제조업 / 배합 사료 제조업,MANUFACTURING,제조업,True,True,leaf_unit,False,,,,,,,,,,,,,,,
10903,단미사료 및 기타 사료 제조업,단미사료 및 기타 사료 제조업,단미사료 및 기타 사료 제조업,subdetail,5,True,1090,1,10.0,109.0,1090.0,10903.0,제조업,식료품 제조업,동물용 사료 및 조제식품 제조업,동물용 사료 및 조제식품 제조업,단미사료 및 기타 사료 제조업,제조업,1/10/109/1090/10903, / 식료품 제조업 / 동물용 사료 및 조제식품 제조업 / 동물용 사료 및 조제식품 제조업 / 단미사료 및 기타 사료 제조업,MANUFACTURING,제조업,True,True,leaf_unit,False,,,,,,,,,,,,,,,
11111,탁주 및 약주 제조업,탁주 및 약주 제조업,탁주 및 약주 제조업,subdetail,5,True,1111,1,11.0,111.0,1111.0,11111.0,제조업,음료 제조업,알코올 음료 제조업,발효주 제조업,탁주 및 약주 제조업,제조업,1/11/111/1111/11111, / 음료 제조업 / 알코올 음료 제조업 / 발효주 제조업 / 탁주 및 약주 제조업,MANUFACTURING,제조업,True,True,leaf_unit,False,,,,,,,,,,,,,,,
11112,맥아 및 맥주 제조업,맥아 및 맥주 제조업,맥아 및 맥주 제조업,subdetail,5,True,1111,1,11.0,111.0,1111.0,11112.0,제조업,음료 제조업,알코올 음료 제조업,발효주 제조업,맥아 및 맥주 제조업,제조업,1/11/111/1111/11112, / 음료 제조업 / 알코올 음료 제조업 / 발효주 제조업 / 맥아 및 맥주 제조업,MANUFACTURING,제조업,True,True,leaf_unit,False,,,,,,,,,,,,,,,
11119,기타 발효주 제조업,기타 발효주 제조업,기타 발효주 제조업,subdetail,5,True,1111,1,11.0,111.0,1111.0,11119.0,제조업,음료 제조업,알코올 음료 제조업,발효주 제조업,기타 발효주 제조업,제조업,1/11/111/1111/11119, / 음료 제조업 / 알코올 음료 제조업 / 발효주 제조업 / 기타 발효주 제조업,MANUFACTURING,제조업,True,True,leaf_unit,False,,,,,,,,,,,,,,,
11121,주정 제조업,주정 제조업,주정 제조업,subdetail,5,True,1112,1,11.0,111.0,1112.0,11121.0,제조업,음료 제조업,알코올 음료 제조업,증류주 및 합성주 제조업,주정 제조업,제조업,1/11/111/1112/11121, / 음료 제조업 / 알코올 음료 제조업 / 증류주 및 합성주 제조업 / 주정 제조업,MANUFACTURING,제조업,True,True,leaf_unit,False,,,,,,,,,,,,,,,
11122,소주 제조업,소주 제조업,소주 제조업,subdetail,5,True,1112,1,11.0,111.0,1112.0,11122.0,제조업,음료 제조업,알코올 음료 제조업,증류주 및 합성주 제조업,소주 제조업,제조업,1/11/111/1112/11122, / 음료 제조업 / 알코올 음료 제조업 / 증류주 및 합성주 제조업 / 소주 제조업,MANUFACTURING,제조업,True,True,leaf_unit,False,,,,,,,,,,,,,,,
11129,기타 증류주 및 합성주 제조업,기타 증류주 및 합성주 제조업,기타 증류주 및 합성주 제조업,subdetail,5,True,1112,1,11.0,111.0,1112.0,11129.0,제조업,음료 제조업,알코올 음료 제조업,증류주 및 합성주 제조업,기타 증류주 및 합성주 제조업,제조업,1/11/111/1112/11129, / 음료 제조업 / 알코올 음료 제조업 / 증류주 및 합성주 제조업 / 기타 증류주 및 합성주 제조업,MANUFACTURING,제조업,True,True,leaf_unit,False,,,,,,,,,,,,,,,
11201,얼음 제조업,얼음 제조업,얼음 제조업,subdetail,5,True,1120,1,11.0,112.0,1120.0,11201.0,제조업,음료 제조업,비알코올 음료 및 얼음 제조업,비알코올 음료 및 얼음 제조업,얼음 제조업,제조업,1/11/112/1120/11201, / 음료 제조업 / 비알코올 음료 및 얼음 제조업 / 비알코올 음료 및 얼음 제조업 / 얼음 제조업,MANUFACTURING,제조업,True,True,leaf_unit,False,,,,,,,,,,,,,,,
11202,생수 생산업,생수 생산업,생수 생산업,subdetail,5,True,1120,1,11.0,112.0,1120.0,11202.0,제조업,음료 제조업,비알코올 음료 및 얼음 제조업,비알코올 음료 및 얼음 제조업,생수 생산업,제조업,1/11/112/1120/11202, / 음료 제조업 / 비알코올 음료 및 얼음 제조업 / 비알코올 음료 및 얼음 제조업 / 생수 생산업,MANUFACTURING,제조업,True,True,leaf_unit,False,,,,,,,,,,,,,,,
11209,기타 비알코올 음료 제조업,기타 비알코올 음료 제조업,기타 비알코올 음료 제조업,subdetail,5,True,1120,1,11.0,112.0,1120.0,11209.0,제조업,음료 제조업,비알코올 음료 및 얼음 제조업,비알코올 음료 및 얼음 제조업,기타 비알코올 음료 제조업,제조업,1/11/112/1120/11209, / 음료 제조업 / 비알코올 음료 및 얼음 제조업 / 비알코올 음료 및 얼음 제조업 / 기타 비알코올 음료 제조업,MANUFACTURING,제조업,True,True,leaf_unit,False,,,,,,,,,,,,,,,
12000,담배제품 제조업,담배제품 제조업,담배제품 제조업,subdetail,5,True,1200,1,12.0,120.0,1200.0,12000.0,제조업,담배 제조업,담배 제조업,담배 제조업,담배제품 제조업,제조업,1/12/120/1200/12000, / 담배 제조업 / 담배 제조업 / 담배 제조업 / 담배제품 제조업,MANUFACTURING,제조업,True,True,leaf_unit,False,,,,,,,,,,,,,,,
13101,면 방적업,면 방적업,면 방적업,subdetail,5,True,1310,1,13.0,131.0,1310.0,13101.0,제조업,"섬유제품 제조업, 의복 제외",방적 및 가공사 제조업,방적 및 가공사 제조업,면 방적업,제조업,1/13/131/1310/13101," / 섬유제품 제조업, 의복 제외 / 방적 및 가공사 제조업 / 방적 및 가공사 제조업 / 면 방적업",MANUFACTURING,제조업,True,True,leaf_unit,False,,,,,,,,,,,,,,,
13102,모 방적업,모 방적업,모 방적업,subdetail,5,True,1310,1,13.0,131.0,1310.0,13102.0,제조업,"섬유제품 제조업, 의복 제외",방적 및 가공사 제조업,방적 및 가공사 제조업,모 방적업,제조업,1/13/131/1310/13102," / 섬유제품 제조업, 의복 제외 / 방적 및 가공사 제조업 / 방적 및 가공사 제조업 / 모 방적업",MANUFACTURING,제조업,True,True,leaf_unit,False,,,,,,,,,,,,,,,
13103,화학섬유 방적업,화학섬유 방적업,화학섬유 방적업,subdetail,5,True,1310,1,13.0,131.0,1310.0,13103.0,제조업,"섬유제품 제조업, 의복 제외",방적 및 가공사 제조업,방적 및 가공사 제조업,화학섬유 방적업,제조업,1/13/131/1310/13103," / 섬유제품 제조업, 의복 제외 / 방적 및 가공사 제조업 / 방적 및 가공사 제조업 / 화학섬유 방적업",MANUFACTURING,제조업,True,True,leaf_unit,False,,,,,,,,,,,,,,,
13104,연사 및 가공사 제조업,연사 및 가공사 제조업,연사 및 가공사 제조업,subdetail,5,True,1310,1,13.0,131.0,1310.0,13104.0,제조업,"섬유제품 제조업, 의복 제외",방적 및 가공사 제조업,방적 및 가공사 제조업,연사 및 가공사 제조업,제조업,1/13/131/1310/13104," / 섬유제품 제조업, 의복 제외 / 방적 및 가공사 제조업 / 방적 및 가공사 제조업 / 연사 및 가공사 제조업",MANUFACTURING,제조업,True,True,leaf_unit,False,,,,,,,,,,,,,,,
13109,기타 방적업,기타 방적업,기타 방적업,subdetail,5,True,1310,1,13.0,131.0,1310.0,13109.0,제조업,"섬유제품 제조업, 의복 제외",방적 및 가공사 제조업,방적 및 가공사 제조업,기타 방적업,제조업,1/13/131/1310/13109," / 섬유제품 제조업, 의복 제외 / 방적 및 가공사 제조업 / 방적 및 가공사 제조업 / 기타 방적업",MANUFACTURING,제조업,True,True,leaf_unit,False,,,,,,,,,,,,,,,
13211,면직물 직조업,면직물 직조업,면직물 직조업,subdetail,5,True,1321,1,13.0,132.0,1321.0,13211.0,제조업,"섬유제품 제조업, 의복 제외",직물 직조 및 직물제품 제조업,직물 직조업,면직물 직조업,제조업,1/13/132/1321/13211," / 섬유제품 제조업, 의복 제외 / 직물 직조 및 직물제품 제조업 / 직물 직조업 / 면직물 직조업",MANUFACTURING,제조업,True,True,leaf_unit,False,,,,,,,,,,,,,,,
13212,모직물 직조업,모직물 직조업,모직물 직조업,subdetail,5,True,1321,1,13.0,132.0,1321.0,13212.0,제조업,"섬유제품 제조업, 의복 제외",직물 직조 및 직물제품 제조업,직물 직조업,모직물 직조업,제조업,1/13/132/1321/13212," / 섬유제품 제조업, 의복 제외 / 직물 직조 및 직물제품 제조업 / 직물 직조업 / 모직물 직조업",MANUFACTURING,제조업,True,True,leaf_unit,False,,,,,,,,,,,,,,,
13213,화학섬유직물 직조업,화학섬유직물 직조업,화학섬유직물 직조업,subdetail,5,True,1321,1,13.0,132.0,1321.0,13213.0,제조업,"섬유제품 제조업, 의복 제외",직물 직조 및 직물제품 제조업,직물 직조업,화학섬유직물 직조업,제조업,1/13/132/1321/13213," / 섬유제품 제조업, 의복 제외 / 직물 직조 및 직물제품 제조업 / 직물 직조업 / 화학섬유직물 직조업",MANUFACTURING,제조업,True,True,leaf_unit,False,,,,,,,,,,,,,,,
13219,특수 직물 및 기타 직물 직조업,특수 직물 및 기타 직물 직조업,특수 직물 및 기타 직물 직조업,subdetail,5,True,1321,1,13.0,132.0,1321.0,13219.0,제조업,"섬유제품 제조업, 의복 제외",직물 직조 및 직물제품 제조업,직물 직조업,특수 직물 및 기타 직물 직조업,제조업,1/13/132/1321/13219," / 섬유제품 제조업, 의복 제외 / 직물 직조 및 직물제품 제조업 / 직물 직조업 / 특수 직물 및 기타 직물 직조업",MANUFACTURING,제조업,True,True,leaf_unit,False,,,,,,,,,,,,,,,
13221,침구 및 관련제품 제조업,침구 및 관련제품 제조업,침구 및 관련제품 제조업,subdetail,5,True,1322,1,13.0,132.0,1322.0,13221.0,제조업,"섬유제품 제조업, 의복 제외",직물 직조 및 직물제품 제조업,직물제품 제조업,침구 및 관련제품 제조업,제조업,1/13/132/1322/13221," / 섬유제품 제조업, 의복 제외 / 직물 직조 및 직물제품 제조업 / 직물제품 제조업 / 침구 및 관련제품 제조업",MANUFACTURING,제조업,True,True,leaf_unit,False,,,,,,,,,,,,,,,
13222,자수제품 및 자수용재료 제조업,자수제품 및 자수용재료 제조업,자수제품 및 자수용재료 제조업,subdetail,5,True,1322,1,13.0,132.0,1322.0,13222.0,제조업,"섬유제품 제조업, 의복 제외",직물 직조 및 직물제품 제조업,직물제품 제조업,자수제품 및 자수용재료 제조업,제조업,1/13/132/1322/13222," / 섬유제품 제조업, 의복 제외 / 직물 직조 및 직물제품 제조업 / 직물제품 제조업 / 자수제품 및 자수용재료 제조업",MANUFACTURING,제조업,True,True,leaf_unit,False,,,,,,,,,,,,,,,
13223,커튼 및 유사제품 제조업,커튼 및 유사제품 제조업,커튼 및 유사제품 제조업,subdetail,5,True,1322,1,13.0,132.0,1322.0,13223.0,제조업,"섬유제품 제조업, 의복 제외",직물 직조 및 직물제품 제조업,직물제품 제조업,커튼 및 유사제품 제조업,제조업,1/13/132/1322/13223," / 섬유제품 제조업, 의복 제외 / 직물 직조 및 직물제품 제조업 / 직물제품 제조업 / 커튼 및 유사제품 제조업",MANUFACTURING,제조업,True,True,leaf_unit,False,,,,,,,,,,,,,,,
13224,"천막, 텐트 및 유사 제품 제조업","천막, 텐트 및 유사 제품 제조업","천막, 텐트 및 유사 제품 제조업",subdetail,5,True,1322,1,13.0,132.0,1322.0,13224.0,제조업,"섬유제품 제조업, 의복 제외",직물 직조 및 직물제품 제조업,직물제품 제조업,"천막, 텐트 및 유사 제품 제조업",제조업,1/13/132/1322/13224," / 섬유제품 제조업, 의복 제외 / 직물 직조 및 직물제품 제조업 / 직물제품 제조업 / 천막, 텐트 및 유사 제품 제조업",MANUFACTURING,제조업,True,True,leaf_unit,False,,,,,,,,,,,,,,,
13225,직물포대 제조업,직물포대 제조업,직물포대 제조업,subdetail,5,True,1322,1,13.0,132.0,1322.0,13225.0,제조업,"섬유제품 제조업, 의복 제외",직물 직조 및 직물제품 제조업,직물제품 제조업,직물포대 제조업,제조업,1/13/132/1322/13225," / 섬유제품 제조업, 의복 제외 / 직물 직조 및 직물제품 제조업 / 직물제품 제조업 / 직물포대 제조업",MANUFACTURING,제조업,True,True,leaf_unit,False,,,,,,,,,,,,,,,
13229,기타 직물제품 제조업,기타 직물제품 제조업,기타 직물제품 제조업,subdetail,5,True,1322,1,13.0,132.0,1322.0,13229.0,제조업,"섬유제품 제조업, 의복 제외",직물 직조 및 직물제품 제조업,직물제품 제조업,기타 직물제품 제조업,제조업,1/13/132/1322/13229," / 섬유제품 제조업, 의복 제외 / 직물 직조 및 직물제품 제조업 / 직물제품 제조업 / 기타 직물제품 제조업",MANUFACTURING,제조업,True,True,leaf_unit,False,,,,,,,,,,,,,,,
13300,편조원단 제조업,편조원단 제조업,편조원단 제조업,subdetail,5,True,1330,1,13.0,133.0,1330.0,13300.0,제조업,"섬유제품 제조업, 의복 제외",편조 원단 제조업,편조 원단 제조업,편조원단 제조업,제조업,1/13/133/1330/13300," / 섬유제품 제조업, 의복 제외 / 편조 원단 제조업 / 편조 원단 제조업 / 편조원단 제조업",MANUFACTURING,제조업,True,True,leaf_unit,False,,,,,,,,,,,,,,,
13401,솜 및 실 염색가공업,솜 및 실 염색가공업,솜 및 실 염색가공업,subdetail,5,True,1340,1,13.0,134.0,1340.0,13401.0,제조업,"섬유제품 제조업, 의복 제외","섬유제품 염색, 정리 및 마무리 가공업","섬유제품 염색, 정리 및 마무리 가공업",솜 및 실 염색가공업,제조업,1/13/134/1340/13401," / 섬유제품 제조업, 의복 제외 / 섬유제품 염색, 정리 및 마무리 가공업 / 섬유제품 염색, 정리 및 마무리 가공업 / 솜 및 실 염색가공업",MANUFACTURING,제조업,True,True,leaf_unit,False,,,,,,,,,,,,,,,
13402,"직물, 편조원단 및 의복류 염색 가공업","직물, 편조원단 및 의복류 염색 가공업","직물, 편조원단 및 의복류 염색 가공업",subdetail,5,True,1340,1,13.0,134.0,1340.0,13402.0,제조업,"섬유제품 제조업, 의복 제외","섬유제품 염색, 정리 및 마무리 가공업","섬유제품 염색, 정리 및 마무리 가공업","직물, 편조원단 및 의복류 염색 가공업",제조업,1/13/134/1340/13402," / 섬유제품 제조업, 의복 제외 / 섬유제품 염색, 정리 및 마무리 가공업 / 섬유제품 염색, 정리 및 마무리 가공업 / 직물, 편조원단 및 의복류 염색 가공업",MANUFACTURING,제조업,True,True,leaf_unit,False,,,,,,,,,,,,,,,
13403,날염 가공업,날염 가공업,날염 가공업,subdetail,5,True,1340,1,13.0,134.0,1340.0,13403.0,제조업,"섬유제품 제조업, 의복 제외","섬유제품 염색, 정리 및 마무리 가공업","섬유제품 염색, 정리 및 마무리 가공업",날염 가공업,제조업,1/13/134/1340/13403," / 섬유제품 제조업, 의복 제외 / 섬유제품 염색, 정리 및 마무리 가공업 / 섬유제품 염색, 정리 및 마무리 가공업 / 날염 가공업",MANUFACTURING,제조업,True,True,leaf_unit,False,,,,,,,,,,,,,,,
13409,섬유제품 기타 정리 및 마무리 가공업,섬유제품 기타 정리 및 마무리 가공업,섬유제품 기타 정리 및 마무리 가공업,subdetail,5,True,1340,1,13.0,134.0,1340.0,13409.0,제조업,"섬유제품 제조업, 의복 제외","섬유제품 염색, 정리 및 마무리 가공업","섬유제품 염색, 정리 및 마무리 가공업",섬유제품 기타 정리 및 마무리 가공업,제조업,1/13/134/1340/13409," / 섬유제품 제조업, 의복 제외 / 섬유제품 염색, 정리 및 마무리 가공업 / 섬유제품 염색, 정리 및 마무리 가공업 / 섬유제품 기타 정리 및 마무리 가공업",MANUFACTURING,제조업,True,True,leaf_unit,False,,,,,,,,,,,,,,,
13910,"카펫, 마루덮개 및 유사제품 제조업","카펫, 마루덮개 및 유사제품 제조업","카펫, 마루덮개 및 유사제품 제조업",subdetail,5,True,1391,1,13.0,139.0,1391.0,13910.0,제조업,"섬유제품 제조업, 의복 제외",기타 섬유제품 제조업,"카펫, 마루덮개 및 유사 제품 제조업","카펫, 마루덮개 및 유사제품 제조업",제조업,1/13/139/1391/13910," / 섬유제품 제조업, 의복 제외 / 기타 섬유제품 제조업 / 카펫, 마루덮개 및 유사 제품 제조업 / 카펫, 마루덮개 및 유사제품 제조업",MANUFACTURING,제조업,True,True,leaf_unit,False,,,,,,,,,,,,,,,
13921,끈 및 로프 제조업,끈 및 로프 제조업,끈 및 로프 제조업,subdetail,5,True,1392,1,13.0,139.0,1392.0,13921.0,제조업,"섬유제품 제조업, 의복 제외",기타 섬유제품 제조업,"끈, 로프, 망 및 끈 가공품 제조업",끈 및 로프 제조업,제조업,1/13/139/1392/13921," / 섬유제품 제조업, 의복 제외 / 기타 섬유제품 제조업 / 끈, 로프, 망 및 끈 가공품 제조업 / 끈 및 로프 제조업",MANUFACTURING,제조업,True,True,leaf_unit,False,,,,,,,,,,,,,,,
13922,어망 및 기타 끈 가공품 제조업,어망 및 기타 끈 가공품 제조업,어망 및 기타 끈 가공품 제조업,subdetail,5,True,1392,1,13.0,139.0,1392.0,13922.0,제조업,"섬유제품 제조업, 의복 제외",기타 섬유제품 제조업,"끈, 로프, 망 및 끈 가공품 제조업",어망 및 기타 끈 가공품 제조업,제조업,1/13/139/1392/13922," / 섬유제품 제조업, 의복 제외 / 기타 섬유제품 제조업 / 끈, 로프, 망 및 끈 가공품 제조업 / 어망 및 기타 끈 가공품 제조업",MANUFACTURING,제조업,True,True,leaf_unit,False,,,,,,,,,,,,,,,
13991,세폭직물 제조업,세폭직물 제조업,세폭직물 제조업,subdetail,5,True,1399,1,13.0,139.0,1399.0,13991.0,제조업,"섬유제품 제조업, 의복 제외",기타 섬유제품 제조업,그 외 기타 섬유제품 제조업,세폭직물 제조업,제조업,1/13/139/1399/13991," / 섬유제품 제조업, 의복 제외 / 기타 섬유제품 제조업 / 그 외 기타 섬유제품 제조업 / 세폭직물 제조업",MANUFACTURING,제조업,True,True,leaf_unit,False,,,,,,,,,,,,,,,
13992,부직포 및 펠트 제조업,부직포 및 펠트 제조업,부직포 및 펠트 제조업,subdetail,5,True,1399,1,13.0,139.0,1399.0,13992.0,제조업,"섬유제품 제조업, 의복 제외",기타 섬유제품 제조업,그 외 기타 섬유제품 제조업,부직포 및 펠트 제조업,제조업,1/13/139/1399/13992," / 섬유제품 제조업, 의복 제외 / 기타 섬유제품 제조업 / 그 외 기타 섬유제품 제조업 / 부직포 및 펠트 제조업",MANUFACTURING,제조업,True,True,leaf_unit,False,,,,,,,,,,,,,,,
13993,특수사 및 코드직물 제조업,특수사 및 코드직물 제조업,특수사 및 코드직물 제조업,subdetail,5,True,1399,1,13.0,139.0,1399.0,13993.0,제조업,"섬유제품 제조업, 의복 제외",기타 섬유제품 제조업,그 외 기타 섬유제품 제조업,특수사 및 코드직물 제조업,제조업,1/13/139/1399/13993," / 섬유제품 제조업, 의복 제외 / 기타 섬유제품 제조업 / 그 외 기타 섬유제품 제조업 / 특수사 및 코드직물 제조업",MANUFACTURING,제조업,True,True,leaf_unit,False,,,,,,,,,,,,,,,
13994,표면처리 및 적층 직물 제조업,표면처리 및 적층 직물 제조업,표면처리 및 적층 직물 제조업,subdetail,5,True,1399,1,13.0,139.0,1399.0,13994.0,제조업,"섬유제품 제조업, 의복 제외",기타 섬유제품 제조업,그 외 기타 섬유제품 제조업,표면처리 및 적층 직물 제조업,제조업,1/13/139/1399/13994," / 섬유제품 제조업, 의복 제외 / 기타 섬유제품 제조업 / 그 외 기타 섬유제품 제조업 / 표면처리 및 적층 직물 제조업",MANUFACTURING,제조업,True,True,leaf_unit,False,,,,,,,,,,,,,,,
13999,그 외 기타 분류 안된 섬유제품 제조업,그 외 기타 분류 안된 섬유제품 제조업,그 외 기타 분류 안된 섬유제품 제조업,subdetail,5,True,1399,1,13.0,139.0,1399.0,13999.0,제조업,"섬유제품 제조업, 의복 제외",기타 섬유제품 제조업,그 외 기타 섬유제품 제조업,그 외 기타 분류 안된 섬유제품 제조업,제조업,1/13/139/1399/13999," / 섬유제품 제조업, 의복 제외 / 기타 섬유제품 제조업 / 그 외 기타 섬유제품 제조업 / 그 외 기타 분류 안된 섬유제품 제조업",MANUFACTURING,제조업,True,True,leaf_unit,False,,,,,,,,,,,,,,,
14111,남자용 겉옷 제조업,남자용 겉옷 제조업,남자용 겉옷 제조업,subdetail,5,True,1411,1,14.0,141.0,1411.0,14111.0,제조업,"의복, 의복 액세서리 및 모피제품 제조업",봉제의복 제조업,겉옷 제조업,남자용 겉옷 제조업,제조업,1/14/141/1411/14111," / 의복, 의복 액세서리 및 모피제품 제조업 / 봉제의복 제조업 / 겉옷 제조업 / 남자용 겉옷 제조업",MANUFACTURING,제조업,True,True,leaf_unit,False,,,,,,,,,,,,,,,
14112,여자용 겉옷 제조업,여자용 겉옷 제조업,여자용 겉옷 제조업,subdetail,5,True,1411,1,14.0,141.0,1411.0,14112.0,제조업,"의복, 의복 액세서리 및 모피제품 제조업",봉제의복 제조업,겉옷 제조업,여자용 겉옷 제조업,제조업,1/14/141/1411/14112," / 의복, 의복 액세서리 및 모피제품 제조업 / 봉제의복 제조업 / 겉옷 제조업 / 여자용 겉옷 제조업",MANUFACTURING,제조업,True,True,leaf_unit,False,,,,,,,,,,,,,,,
14120,속옷 및 잠옷 제조업,속옷 및 잠옷 제조업,속옷 및 잠옷 제조업,subdetail,5,True,1412,1,14.0,141.0,1412.0,14120.0,제조업,"의복, 의복 액세서리 및 모피제품 제조업",봉제의복 제조업,속옷 및 잠옷 제조업,속옷 및 잠옷 제조업,제조업,1/14/141/1412/14120," / 의복, 의복 액세서리 및 모피제품 제조업 / 봉제의복 제조업 / 속옷 및 잠옷 제조업 / 속옷 및 잠옷 제조업",MANUFACTURING,제조업,True,True,leaf_unit,False,,,,,,,,,,,,,,,
14130,한복 제조업,한복 제조업,한복 제조업,subdetail,5,True,1413,1,14.0,141.0,1413.0,14130.0,제조업,"의복, 의복 액세서리 및 모피제품 제조업",봉제의복 제조업,한복 제조업,한복 제조업,제조업,1/14/141/1413/14130," / 의복, 의복 액세서리 및 모피제품 제조업 / 봉제의복 제조업 / 한복 제조업 / 한복 제조업",MANUFACTURING,제조업,True,True,leaf_unit,False,,,,,,,,,,,,,,,
14191,셔츠 및 블라우스 제조업,셔츠 및 블라우스 제조업,셔츠 및 블라우스 제조업,subdetail,5,True,1419,1,14.0,141.0,1419.0,14191.0,제조업,"의복, 의복 액세서리 및 모피제품 제조업",봉제의복 제조업,기타 봉제의복 제조업,셔츠 및 블라우스 제조업,제조업,1/14/141/1419/14191," / 의복, 의복 액세서리 및 모피제품 제조업 / 봉제의복 제조업 / 기타 봉제의복 제조업 / 셔츠 및 블라우스 제조업",MANUFACTURING,제조업,True,True,leaf_unit,False,,,,,,,,,,,,,,,
14192,"근무복, 작업복 및 유사의복 제조업","근무복, 작업복 및 유사의복 제조업","근무복, 작업복 및 유사의복 제조업",subdetail,5,True,1419,1,14.0,141.0,1419.0,14192.0,제조업,"의복, 의복 액세서리 및 모피제품 제조업",봉제의복 제조업,기타 봉제의복 제조업,"근무복, 작업복 및 유사의복 제조업",제조업,1/14/141/1419/14192," / 의복, 의복 액세서리 및 모피제품 제조업 / 봉제의복 제조업 / 기타 봉제의복 제조업 / 근무복, 작업복 및 유사의복 제조업",MANUFACTURING,제조업,True,True,leaf_unit,False,,,,,,,,,,,,,,,
14193,가죽의복 제조업,가죽의복 제조업,가죽의복 제조업,subdetail,5,True,1419,1,14.0,141.0,1419.0,14193.0,제조업,"의복, 의복 액세서리 및 모피제품 제조업",봉제의복 제조업,기타 봉제의복 제조업,가죽의복 제조업,제조업,1/14/141/1419/14193," / 의복, 의복 액세서리 및 모피제품 제조업 / 봉제의복 제조업 / 기타 봉제의복 제조업 / 가죽의복 제조업",MANUFACTURING,제조업,True,True,leaf_unit,False,,,,,,,,,,,,,,,
14194,유아용 의복 제조업,유아용 의복 제조업,유아용 의복 제조업,subdetail,5,True,1419,1,14.0,141.0,1419.0,14194.0,제조업,"의복, 의복 액세서리 및 모피제품 제조업",봉제의복 제조업,기타 봉제의복 제조업,유아용 의복 제조업,제조업,1/14/141/1419/14194," / 의복, 의복 액세서리 및 모피제품 제조업 / 봉제의복 제조업 / 기타 봉제의복 제조업 / 유아용 의복 제조업",MANUFACTURING,제조업,True,True,leaf_unit,False,,,,,,,,,,,,,,,
14199,그 외 기타 봉제의복 제조업,그 외 기타 봉제의복 제조업,그 외 기타 봉제의복 제조업,subdetail,5,True,1419,1,14.0,141.0,1419.0,14199.0,제조업,"의복, 의복 액세서리 및 모피제품 제조업",봉제의복 제조업,기타 봉제의복 제조업,그 외 기타 봉제의복 제조업,제조업,1/14/141/1419/14199," / 의복, 의복 액세서리 및 모피제품 제조업 / 봉제의복 제조업 / 기타 봉제의복 제조업 / 그 외 기타 봉제의복 제조업",MANUFACTURING,제조업,True,True,leaf_unit,False,,,,,,,,,,,,,,,
14200,모피제품 제조업,모피제품 제조업,모피제품 제조업,subdetail,5,True,1420,1,14.0,142.0,1420.0,14200.0,제조업,"의복, 의복 액세서리 및 모피제품 제조업",모피제품 제조업,모피제품 제조업,모피제품 제조업,제조업,1/14/142/1420/14200," / 의복, 의복 액세서리 및 모피제품 제조업 / 모피제품 제조업 / 모피제품 제조업 / 모피제품 제조업",MANUFACTURING,제조업,True,True,leaf_unit,False,,,,,,,,,,,,,,,
14300,편조의복 제조업,편조의복 제조업,편조의복 제조업,subdetail,5,True,1430,1,14.0,143.0,1430.0,14300.0,제조업,"의복, 의복 액세서리 및 모피제품 제조업",편조의복 제조업,편조의복 제조업,편조의복 제조업,제조업,1/14/143/1430/14300," / 의복, 의복 액세서리 및 모피제품 제조업 / 편조의복 제조업 / 편조의복 제조업 / 편조의복 제조업",MANUFACTURING,제조업,True,True,leaf_unit,False,,,,,,,,,,,,,,,
14411,스타킹 및 기타 양말 제조업,스타킹 및 기타 양말 제조업,스타킹 및 기타 양말 제조업,subdetail,5,True,1441,1,14.0,144.0,1441.0,14411.0,제조업,"의복, 의복 액세서리 및 모피제품 제조업",의복 액세서리 제조업,편조 의복 액세서리 제조업,스타킹 및 기타 양말 제조업,제조업,1/14/144/1441/14411," / 의복, 의복 액세서리 및 모피제품 제조업 / 의복 액세서리 제조업 / 편조 의복 액세서리 제조업 / 스타킹 및 기타 양말 제조업",MANUFACTURING,제조업,True,True,leaf_unit,False,,,,,,,,,,,,,,,
14419,기타 편조의복 액세서리 제조업,기타 편조의복 액세서리 제조업,기타 편조의복 액세서리 제조업,subdetail,5,True,1441,1,14.0,144.0,1441.0,14419.0,제조업,"의복, 의복 액세서리 및 모피제품 제조업",의복 액세서리 제조업,편조 의복 액세서리 제조업,기타 편조의복 액세서리 제조업,제조업,1/14/144/1441/14419," / 의복, 의복 액세서리 및 모피제품 제조업 / 의복 액세서리 제조업 / 편조 의복 액세서리 제조업 / 기타 편조의복 액세서리 제조업",MANUFACTURING,제조업,True,True,leaf_unit,False,,,,,,,,,,,,,,,
14491,모자 제조업,모자 제조업,모자 제조업,subdetail,5,True,1449,1,14.0,144.0,1449.0,14491.0,제조업,"의복, 의복 액세서리 및 모피제품 제조업",의복 액세서리 제조업,기타 의복 액세서리 제조업,모자 제조업,제조업,1/14/144/1449/14491," / 의복, 의복 액세서리 및 모피제품 제조업 / 의복 액세서리 제조업 / 기타 의복 액세서리 제조업 / 모자 제조업",MANUFACTURING,제조업,True,True,leaf_unit,False,,,,,,,,,,,,,,,
14499,그 외 기타 의복액세서리 제조업,그 외 기타 의복액세서리 제조업,그 외 기타 의복액세서리 제조업,subdetail,5,True,1449,1,14.0,144.0,1449.0,14499.0,제조업,"의복, 의복 액세서리 및 모피제품 제조업",의복 액세서리 제조업,기타 의복 액세서리 제조업,그 외 기타 의복액세서리 제조업,제조업,1/14/144/1449/14499," / 의복, 의복 액세서리 및 모피제품 제조업 / 의복 액세서리 제조업 / 기타 의복 액세서리 제조업 / 그 외 기타 의복액세서리 제조업",MANUFACTURING,제조업,True,True,leaf_unit,False,,,,,,,,,,,,,,,
15110,모피 및 가죽 제조업,모피 및 가죽 제조업,모피 및 가죽 제조업,subdetail,5,True,1511,1,15.0,151.0,1511.0,15110.0,제조업,"가죽, 가방 및 신발 제조업","가죽, 가방 및 유사 제품 제조업",모피 및 가죽 제조업,모피 및 가죽 제조업,제조업,1/15/151/1511/15110," / 가죽, 가방 및 신발 제조업 / 가죽, 가방 및 유사 제품 제조업 / 모피 및 가죽 제조업 / 모피 및 가죽 제조업",MANUFACTURING,제조업,True,True,leaf_unit,False,,,,,,,,,,,,,,,
15121,핸드백 및 지갑 제조업,핸드백 및 지갑 제조업,핸드백 및 지갑 제조업,subdetail,5,True,1512,1,15.0,151.0,1512.0,15121.0,제조업,"가죽, 가방 및 신발 제조업","가죽, 가방 및 유사 제품 제조업","핸드백, 가방 및 기타 보호용 케이스 제조업",핸드백 및 지갑 제조업,제조업,1/15/151/1512/15121," / 가죽, 가방 및 신발 제조업 / 가죽, 가방 및 유사 제품 제조업 / 핸드백, 가방 및 기타 보호용 케이스 제조업 / 핸드백 및 지갑 제조업",MANUFACTURING,제조업,True,True,leaf_unit,False,,,,,,,,,,,,,,,
15129,가방 및 기타 보호용 케이스 제조업,가방 및 기타 보호용 케이스 제조업,가방 및 기타 보호용 케이스 제조업,subdetail,5,True,1512,1,15.0,151.0,1512.0,15129.0,제조업,"가죽, 가방 및 신발 제조업","가죽, 가방 및 유사 제품 제조업","핸드백, 가방 및 기타 보호용 케이스 제조업",가방 및 기타 보호용 케이스 제조업,제조업,1/15/151/1512/15129," / 가죽, 가방 및 신발 제조업 / 가죽, 가방 및 유사 제품 제조업 / 핸드백, 가방 및 기타 보호용 케이스 제조업 / 가방 및 기타 보호용 케이스 제조업",MANUFACTURING,제조업,True,True,leaf_unit,False,,,,,,,,,,,,,,,
15190,기타 가죽제품 제조업,기타 가죽제품 제조업,기타 가죽제품 제조업,subdetail,5,True,1519,1,15.0,151.0,1519.0,15190.0,제조업,"가죽, 가방 및 신발 제조업","가죽, 가방 및 유사 제품 제조업",기타 가죽제품 제조업,기타 가죽제품 제조업,제조업,1/15/151/1519/15190," / 가죽, 가방 및 신발 제조업 / 가죽, 가방 및 유사 제품 제조업 / 기타 가죽제품 제조업 / 기타 가죽제품 제조업",MANUFACTURING,제조업,True,True,leaf_unit,False,,,,,,,,,,,,,,,
15211,구두류 제조업,구두류 제조업,구두류 제조업,subdetail,5,True,1521,1,15.0,152.0,1521.0,15211.0,제조업,"가죽, 가방 및 신발 제조업",신발 및 신발 부분품 제조업,신발 제조업,구두류 제조업,제조업,1/15/152/1521/15211," / 가죽, 가방 및 신발 제조업 / 신발 및 신발 부분품 제조업 / 신발 제조업 / 구두류 제조업",MANUFACTURING,제조업,True,True,leaf_unit,False,,,,,,,,,,,,,,,
15219,기타 신발 제조업,기타 신발 제조업,기타 신발 제조업,subdetail,5,True,1521,1,15.0,152.0,1521.0,15219.0,제조업,"가죽, 가방 및 신발 제조업",신발 및 신발 부분품 제조업,신발 제조업,기타 신발 제조업,제조업,1/15/152/1521/15219," / 가죽, 가방 및 신발 제조업 / 신발 및 신발 부분품 제조업 / 신발 제조업 / 기타 신발 제조업",MANUFACTURING,제조업,True,True,leaf_unit,False,,,,,,,,,,,,,,,
15220,신발 부분품 제조업,신발 부분품 제조업,신발 부분품 제조업,subdetail,5,True,1522,1,15.0,152.0,1522.0,15220.0,제조업,"가죽, 가방 및 신발 제조업",신발 및 신발 부분품 제조업,신발 부분품 제조업,신발 부분품 제조업,제조업,1/15/152/1522/15220," / 가죽, 가방 및 신발 제조업 / 신발 및 신발 부분품 제조업 / 신발 부분품 제조업 / 신발 부분품 제조업",MANUFACTURING,제조업,True,True,leaf_unit,False,,,,,,,,,,,,,,,
16101,일반 제재업,일반 제재업,일반 제재업,subdetail,5,True,1610,1,16.0,161.0,1610.0,16101.0,제조업,"목재 및 나무제품 제조업, 가구 제외",제재 및 목재 가공업,제재 및 목재 가공업,일반 제재업,제조업,1/16/161/1610/16101," / 목재 및 나무제품 제조업, 가구 제외 / 제재 및 목재 가공업 / 제재 및 목재 가공업 / 일반 제재업",MANUFACTURING,제조업,True,True,leaf_unit,False,,,,,,,,,,,,,,,
16102,표면 가공 목재 및 특정 목적용 제재목 제조업,표면 가공 목재 및 특정 목적용 제재목 제조업,표면 가공 목재 및 특정 목적용 제재목 제조업,subdetail,5,True,1610,1,16.0,161.0,1610.0,16102.0,제조업,"목재 및 나무제품 제조업, 가구 제외",제재 및 목재 가공업,제재 및 목재 가공업,표면 가공 목재 및 특정 목적용 제재목 제조업,제조업,1/16/161/1610/16102," / 목재 및 나무제품 제조업, 가구 제외 / 제재 및 목재 가공업 / 제재 및 목재 가공업 / 표면 가공 목재 및 특정 목적용 제재목 제조업",MANUFACTURING,제조업,True,True,leaf_unit,False,,,,,,,,,,,,,,,
16103,"목재 보존, 방부처리, 도장 및 유사 처리업","목재 보존, 방부처리, 도장 및 유사 처리업","목재 보존, 방부처리, 도장 및 유사 처리업",subdetail,5,True,1610,1,16.0,161.0,1610.0,16103.0,제조업,"목재 및 나무제품 제조업, 가구 제외",제재 및 목재 가공업,제재 및 목재 가공업,"목재 보존, 방부처리, 도장 및 유사 처리업",제조업,1/16/161/1610/16103," / 목재 및 나무제품 제조업, 가구 제외 / 제재 및 목재 가공업 / 제재 및 목재 가공업 / 목재 보존, 방부처리, 도장 및 유사 처리업",MANUFACTURING,제조업,True,True,leaf_unit,False,,,,,,,,,,,,,,,
16211,"박판, 합판 및 유사 적층판 제조업","박판, 합판 및 유사 적층판 제조업","박판, 합판 및 유사 적층판 제조업",subdetail,5,True,1621,1,16.0,162.0,1621.0,16211.0,제조업,"목재 및 나무제품 제조업, 가구 제외",나무제품 제조업,"박판, 합판 및 강화 목제품 제조업","박판, 합판 및 유사 적층판 제조업",제조업,1/16/162/1621/16211," / 목재 및 나무제품 제조업, 가구 제외 / 나무제품 제조업 / 박판, 합판 및 강화 목제품 제조업 / 박판, 합판 및 유사 적층판 제조업",MANUFACTURING,제조업,True,True,leaf_unit,False,,,,,,,,,,,,,,,
16212,강화 및 재생 목재 제조업,강화 및 재생 목재 제조업,강화 및 재생 목재 제조업,subdetail,5,True,1621,1,16.0,162.0,1621.0,16212.0,제조업,"목재 및 나무제품 제조업, 가구 제외",나무제품 제조업,"박판, 합판 및 강화 목제품 제조업",강화 및 재생 목재 제조업,제조업,1/16/162/1621/16212," / 목재 및 나무제품 제조업, 가구 제외 / 나무제품 제조업 / 박판, 합판 및 강화 목제품 제조업 / 강화 및 재생 목재 제조업",MANUFACTURING,제조업,True,True,leaf_unit,False,,,,,,,,,,,,,,,
16221,목재문 및 관련제품 제조업,목재문 및 관련제품 제조업,목재문 및 관련제품 제조업,subdetail,5,True,1622,1,16.0,162.0,1622.0,16221.0,제조업,"목재 및 나무제품 제조업, 가구 제외",나무제품 제조업,건축용 나무제품 제조업,목재문 및 관련제품 제조업,제조업,1/16/162/1622/16221," / 목재 및 나무제품 제조업, 가구 제외 / 나무제품 제조업 / 건축용 나무제품 제조업 / 목재문 및 관련제품 제조업",MANUFACTURING,제조업,True,True,leaf_unit,False,,,,,,,,,,,,,,,
16229,기타 건축용 나무제품 제조업,기타 건축용 나무제품 제조업,기타 건축용 나무제품 제조업,subdetail,5,True,1622,1,16.0,162.0,1622.0,16229.0,제조업,"목재 및 나무제품 제조업, 가구 제외",나무제품 제조업,건축용 나무제품 제조업,기타 건축용 나무제품 제조업,제조업,1/16/162/1622/16229," / 목재 및 나무제품 제조업, 가구 제외 / 나무제품 제조업 / 건축용 나무제품 제조업 / 기타 건축용 나무제품 제조업",MANUFACTURING,제조업,True,True,leaf_unit,False,,,,,,,,,,,,,,,
16231,목재 깔판류 및 기타 적재판 제조업,목재 깔판류 및 기타 적재판 제조업,목재 깔판류 및 기타 적재판 제조업,subdetail,5,True,1623,1,16.0,162.0,1623.0,16231.0,제조업,"목재 및 나무제품 제조업, 가구 제외",나무제품 제조업,"목재 상자, 드럼 및 적재판 제조업",목재 깔판류 및 기타 적재판 제조업,제조업,1/16/162/1623/16231," / 목재 및 나무제품 제조업, 가구 제외 / 나무제품 제조업 / 목재 상자, 드럼 및 적재판 제조업 / 목재 깔판류 및 기타 적재판 제조업",MANUFACTURING,제조업,True,True,leaf_unit,False,,,,,,,,,,,,,,,
16232,"목재 포장용 상자, 드럼 및 유사용기 제조업","목재 포장용 상자, 드럼 및 유사용기 제조업","목재 포장용 상자, 드럼 및 유사용기 제조업",subdetail,5,True,1623,1,16.0,162.0,1623.0,16232.0,제조업,"목재 및 나무제품 제조업, 가구 제외",나무제품 제조업,"목재 상자, 드럼 및 적재판 제조업","목재 포장용 상자, 드럼 및 유사용기 제조업",제조업,1/16/162/1623/16232," / 목재 및 나무제품 제조업, 가구 제외 / 나무제품 제조업 / 목재 상자, 드럼 및 적재판 제조업 / 목재 포장용 상자, 드럼 및 유사용기 제조업",MANUFACTURING,제조업,True,True,leaf_unit,False,,,,,,,,,,,,,,,
16291,목재 도구 및 주방용 나무제품 제조업,목재 도구 및 주방용 나무제품 제조업,목재 도구 및 주방용 나무제품 제조업,subdetail,5,True,1629,1,16.0,162.0,1629.0,16291.0,제조업,"목재 및 나무제품 제조업, 가구 제외",나무제품 제조업,기타 나무제품 제조업,목재 도구 및 주방용 나무제품 제조업,제조업,1/16/162/1629/16291," / 목재 및 나무제품 제조업, 가구 제외 / 나무제품 제조업 / 기타 나무제품 제조업 / 목재 도구 및 주방용 나무제품 제조업",MANUFACTURING,제조업,True,True,leaf_unit,False,,,,,,,,,,,,,,,
16292,장식용 목제품 제조업,장식용 목제품 제조업,장식용 목제품 제조업,subdetail,5,True,1629,1,16.0,162.0,1629.0,16292.0,제조업,"목재 및 나무제품 제조업, 가구 제외",나무제품 제조업,기타 나무제품 제조업,장식용 목제품 제조업,제조업,1/16/162/1629/16292," / 목재 및 나무제품 제조업, 가구 제외 / 나무제품 제조업 / 기타 나무제품 제조업 / 장식용 목제품 제조업",MANUFACTURING,제조업,True,True,leaf_unit,False,,,,,,,,,,,,,,,
16299,그 외 기타 나무제품 제조업,그 외 기타 나무제품 제조업,그 외 기타 나무제품 제조업,subdetail,5,True,1629,1,16.0,162.0,1629.0,16299.0,제조업,"목재 및 나무제품 제조업, 가구 제외",나무제품 제조업,기타 나무제품 제조업,그 외 기타 나무제품 제조업,제조업,1/16/162/1629/16299," / 목재 및 나무제품 제조업, 가구 제외 / 나무제품 제조업 / 기타 나무제품 제조업 / 그 외 기타 나무제품 제조업",MANUFACTURING,제조업,True,True,leaf_unit,False,,,,,,,,,,,,,,,
16300,코르크 및 조물제품 제조업,코르크 및 조물제품 제조업,코르크 및 조물제품 제조업,subdetail,5,True,1630,1,16.0,163.0,1630.0,16300.0,제조업,"목재 및 나무제품 제조업, 가구 제외",코르크 및 조물 제품 제조업,코르크 및 조물 제품 제조업,코르크 및 조물제품 제조업,제조업,1/16/163/1630/16300," / 목재 및 나무제품 제조업, 가구 제외 / 코르크 및 조물 제품 제조업 / 코르크 및 조물 제품 제조업 / 코르크 및 조물제품 제조업",MANUFACTURING,제조업,True,True,leaf_unit,False,,,,,,,,,,,,,,,
17101,펄프 제조업,펄프 제조업,펄프 제조업,subdetail,5,True,1710,1,17.0,171.0,1710.0,17101.0,제조업,"펄프, 종이 및 종이제품 제조업","펄프, 종이 및 판지 제조업","펄프, 종이 및 판지 제조업",펄프 제조업,제조업,1/17/171/1710/17101," / 펄프, 종이 및 종이제품 제조업 / 펄프, 종이 및 판지 제조업 / 펄프, 종이 및 판지 제조업 / 펄프 제조업",MANUFACTURING,제조업,True,True,leaf_unit,False,,,,,,,,,,,,,,,
17102,신문용지 제조업,신문용지 제조업,신문용지 제조업,subdetail,5,True,1710,1,17.0,171.0,1710.0,17102.0,제조업,"펄프, 종이 및 종이제품 제조업","펄프, 종이 및 판지 제조업","펄프, 종이 및 판지 제조업",신문용지 제조업,제조업,1/17/171/1710/17102," / 펄프, 종이 및 종이제품 제조업 / 펄프, 종이 및 판지 제조업 / 펄프, 종이 및 판지 제조업 / 신문용지 제조업",MANUFACTURING,제조업,True,True,leaf_unit,False,,,,,,,,,,,,,,,
17103,인쇄용 및 필기용 원지 제조업,인쇄용 및 필기용 원지 제조업,인쇄용 및 필기용 원지 제조업,subdetail,5,True,1710,1,17.0,171.0,1710.0,17103.0,제조업,"펄프, 종이 및 종이제품 제조업","펄프, 종이 및 판지 제조업","펄프, 종이 및 판지 제조업",인쇄용 및 필기용 원지 제조업,제조업,1/17/171/1710/17103," / 펄프, 종이 및 종이제품 제조업 / 펄프, 종이 및 판지 제조업 / 펄프, 종이 및 판지 제조업 / 인쇄용 및 필기용 원지 제조업",MANUFACTURING,제조업,True,True,leaf_unit,False,,,,,,,,,,,,,,,
17104,골판지 원지 제조업,골판지 원지 제조업,골판지 원지 제조업,subdetail,5,True,1710,1,17.0,171.0,1710.0,17104.0,제조업,"펄프, 종이 및 종이제품 제조업","펄프, 종이 및 판지 제조업","펄프, 종이 및 판지 제조업",골판지 원지 제조업,제조업,1/17/171/1710/17104," / 펄프, 종이 및 종이제품 제조업 / 펄프, 종이 및 판지 제조업 / 펄프, 종이 및 판지 제조업 / 골판지 원지 제조업",MANUFACTURING,제조업,True,True,leaf_unit,False,,,,,,,,,,,,,,,
17105,크라프트지 및 기타 상자용 판지 제조업,크라프트지 및 기타 상자용 판지 제조업,크라프트지 및 기타 상자용 판지 제조업,subdetail,5,True,1710,1,17.0,171.0,1710.0,17105.0,제조업,"펄프, 종이 및 종이제품 제조업","펄프, 종이 및 판지 제조업","펄프, 종이 및 판지 제조업",크라프트지 및 기타 상자용 판지 제조업,제조업,1/17/171/1710/17105," / 펄프, 종이 및 종이제품 제조업 / 펄프, 종이 및 판지 제조업 / 펄프, 종이 및 판지 제조업 / 크라프트지 및 기타 상자용 판지 제조업",MANUFACTURING,제조업,True,True,leaf_unit,False,,,,,,,,,,,,,,,
17106,위생용 원지 제조업,위생용 원지 제조업,위생용 원지 제조업,subdetail,5,True,1710,1,17.0,171.0,1710.0,17106.0,제조업,"펄프, 종이 및 종이제품 제조업","펄프, 종이 및 판지 제조업","펄프, 종이 및 판지 제조업",위생용 원지 제조업,제조업,1/17/171/1710/17106," / 펄프, 종이 및 종이제품 제조업 / 펄프, 종이 및 판지 제조업 / 펄프, 종이 및 판지 제조업 / 위생용 원지 제조업",MANUFACTURING,제조업,True,True,leaf_unit,False,,,,,,,,,,,,,,,
17109,기타 종이 및 판지 제조업,기타 종이 및 판지 제조업,기타 종이 및 판지 제조업,subdetail,5,True,1710,1,17.0,171.0,1710.0,17109.0,제조업,"펄프, 종이 및 종이제품 제조업","펄프, 종이 및 판지 제조업","펄프, 종이 및 판지 제조업",기타 종이 및 판지 제조업,제조업,1/17/171/1710/17109," / 펄프, 종이 및 종이제품 제조업 / 펄프, 종이 및 판지 제조업 / 펄프, 종이 및 판지 제조업 / 기타 종이 및 판지 제조업",MANUFACTURING,제조업,True,True,leaf_unit,False,,,,,,,,,,,,,,,
17211,골판지 제조업,골판지 제조업,골판지 제조업,subdetail,5,True,1721,1,17.0,172.0,1721.0,17211.0,제조업,"펄프, 종이 및 종이제품 제조업","골판지, 종이 상자 및 종이 용기 제조업",골판지 및 골판지 가공제품 제조업,골판지 제조업,제조업,1/17/172/1721/17211," / 펄프, 종이 및 종이제품 제조업 / 골판지, 종이 상자 및 종이 용기 제조업 / 골판지 및 골판지 가공제품 제조업 / 골판지 제조업",MANUFACTURING,제조업,True,True,leaf_unit,False,,,,,,,,,,,,,,,
17212,골판지 상자 및 가공제품 제조업,골판지 상자 및 가공제품 제조업,골판지 상자 및 가공제품 제조업,subdetail,5,True,1721,1,17.0,172.0,1721.0,17212.0,제조업,"펄프, 종이 및 종이제품 제조업","골판지, 종이 상자 및 종이 용기 제조업",골판지 및 골판지 가공제품 제조업,골판지 상자 및 가공제품 제조업,제조업,1/17/172/1721/17212," / 펄프, 종이 및 종이제품 제조업 / 골판지, 종이 상자 및 종이 용기 제조업 / 골판지 및 골판지 가공제품 제조업 / 골판지 상자 및 가공제품 제조업",MANUFACTURING,제조업,True,True,leaf_unit,False,,,,,,,,,,,,,,,
17221,종이 포대 및 가방 제조업,종이 포대 및 가방 제조업,종이 포대 및 가방 제조업,subdetail,5,True,1722,1,17.0,172.0,1722.0,17221.0,제조업,"펄프, 종이 및 종이제품 제조업","골판지, 종이 상자 및 종이 용기 제조업","종이 포대, 판지 상자 및 종이 용기 제조업",종이 포대 및 가방 제조업,제조업,1/17/172/1722/17221," / 펄프, 종이 및 종이제품 제조업 / 골판지, 종이 상자 및 종이 용기 제조업 / 종이 포대, 판지 상자 및 종이 용기 제조업 / 종이 포대 및 가방 제조업",MANUFACTURING,제조업,True,True,leaf_unit,False,,,,,,,,,,,,,,,
17222,판지 상자 및 용기 제조업,판지 상자 및 용기 제조업,판지 상자 및 용기 제조업,subdetail,5,True,1722,1,17.0,172.0,1722.0,17222.0,제조업,"펄프, 종이 및 종이제품 제조업","골판지, 종이 상자 및 종이 용기 제조업","종이 포대, 판지 상자 및 종이 용기 제조업",판지 상자 및 용기 제조업,제조업,1/17/172/1722/17222," / 펄프, 종이 및 종이제품 제조업 / 골판지, 종이 상자 및 종이 용기 제조업 / 종이 포대, 판지 상자 및 종이 용기 제조업 / 판지 상자 및 용기 제조업",MANUFACTURING,제조업,True,True,leaf_unit,False,,,,,,,,,,,,,,,
17223,식품 위생용 종이 상자 및 용기 제조업,식품 위생용 종이 상자 및 용기 제조업,식품 위생용 종이 상자 및 용기 제조업,subdetail,5,True,1722,1,17.0,172.0,1722.0,17223.0,제조업,"펄프, 종이 및 종이제품 제조업","골판지, 종이 상자 및 종이 용기 제조업","종이 포대, 판지 상자 및 종이 용기 제조업",식품 위생용 종이 상자 및 용기 제조업,제조업,1/17/172/1722/17223," / 펄프, 종이 및 종이제품 제조업 / 골판지, 종이 상자 및 종이 용기 제조업 / 종이 포대, 판지 상자 및 종이 용기 제조업 / 식품 위생용 종이 상자 및 용기 제조업",MANUFACTURING,제조업,True,True,leaf_unit,False,,,,,,,,,,,,,,,
17229,기타 종이 상자 및 용기 제조업,기타 종이 상자 및 용기 제조업,기타 종이 상자 및 용기 제조업,subdetail,5,True,1722,1,17.0,172.0,1722.0,17229.0,제조업,"펄프, 종이 및 종이제품 제조업","골판지, 종이 상자 및 종이 용기 제조업","종이 포대, 판지 상자 및 종이 용기 제조업",기타 종이 상자 및 용기 제조업,제조업,1/17/172/1722/17229," / 펄프, 종이 및 종이제품 제조업 / 골판지, 종이 상자 및 종이 용기 제조업 / 종이 포대, 판지 상자 및 종이 용기 제조업 / 기타 종이 상자 및 용기 제조업",MANUFACTURING,제조업,True,True,leaf_unit,False,,,,,,,,,,,,,,,
17901,문구용 종이제품 제조업,문구용 종이제품 제조업,문구용 종이제품 제조업,subdetail,5,True,1790,1,17.0,179.0,1790.0,17901.0,제조업,"펄프, 종이 및 종이제품 제조업",기타 종이 및 판지 제품 제조업,기타 종이 및 판지 제품 제조업,문구용 종이제품 제조업,제조업,1/17/179/1790/17901," / 펄프, 종이 및 종이제품 제조업 / 기타 종이 및 판지 제품 제조업 / 기타 종이 및 판지 제품 제조업 / 문구용 종이제품 제조업",MANUFACTURING,제조업,True,True,leaf_unit,False,,,,,,,,,,,,,,,
17902,위생용 종이제품 제조업,위생용 종이제품 제조업,위생용 종이제품 제조업,subdetail,5,True,1790,1,17.0,179.0,1790.0,17902.0,제조업,"펄프, 종이 및 종이제품 제조업",기타 종이 및 판지 제품 제조업,기타 종이 및 판지 제품 제조업,위생용 종이제품 제조업,제조업,1/17/179/1790/17902," / 펄프, 종이 및 종이제품 제조업 / 기타 종이 및 판지 제품 제조업 / 기타 종이 및 판지 제품 제조업 / 위생용 종이제품 제조업",MANUFACTURING,제조업,True,True,leaf_unit,False,,,,,,,,,,,,,,,
17903,벽지 및 장판지 제조업,벽지 및 장판지 제조업,벽지 및 장판지 제조업,subdetail,5,True,1790,1,17.0,179.0,1790.0,17903.0,제조업,"펄프, 종이 및 종이제품 제조업",기타 종이 및 판지 제품 제조업,기타 종이 및 판지 제품 제조업,벽지 및 장판지 제조업,제조업,1/17/179/1790/17903," / 펄프, 종이 및 종이제품 제조업 / 기타 종이 및 판지 제품 제조업 / 기타 종이 및 판지 제품 제조업 / 벽지 및 장판지 제조업",MANUFACTURING,제조업,True,True,leaf_unit,False,,,,,,,,,,,,,,,
17904,"적층, 합성 및 특수 표면처리 종이 제조업","적층, 합성 및 특수 표면처리 종이 제조업","적층, 합성 및 특수 표면처리 종이 제조업",subdetail,5,True,1790,1,17.0,179.0,1790.0,17904.0,제조업,"펄프, 종이 및 종이제품 제조업",기타 종이 및 판지 제품 제조업,기타 종이 및 판지 제품 제조업,"적층, 합성 및 특수 표면처리 종이 제조업",제조업,1/17/179/1790/17904," / 펄프, 종이 및 종이제품 제조업 / 기타 종이 및 판지 제품 제조업 / 기타 종이 및 판지 제품 제조업 / 적층, 합성 및 특수 표면처리 종이 제조업",MANUFACTURING,제조업,True,True,leaf_unit,False,,,,,,,,,,,,,,,
17909,그 외 기타 종이 및 판지 제품 제조업,그 외 기타 종이 및 판지 제품 제조업,그 외 기타 종이 및 판지 제품 제조업,subdetail,5,True,1790,1,17.0,179.0,1790.0,17909.0,제조업,"펄프, 종이 및 종이제품 제조업",기타 종이 및 판지 제품 제조업,기타 종이 및 판지 제품 제조업,그 외 기타 종이 및 판지 제품 제조업,제조업,1/17/179/1790/17909," / 펄프, 종이 및 종이제품 제조업 / 기타 종이 및 판지 제품 제조업 / 기타 종이 및 판지 제품 제조업 / 그 외 기타 종이 및 판지 제품 제조업",MANUFACTURING,제조업,True,True,leaf_unit,False,,,,,,,,,,,,,,,
18111,경 인쇄업,경 인쇄업,경 인쇄업,subdetail,5,True,1811,1,18.0,181.0,1811.0,18111.0,제조업,인쇄 및 기록매체 복제업,인쇄 및 인쇄관련 산업,인쇄업,경 인쇄업,제조업,1/18/181/1811/18111, / 인쇄 및 기록매체 복제업 / 인쇄 및 인쇄관련 산업 / 인쇄업 / 경 인쇄업,MANUFACTURING,제조업,True,True,leaf_unit,False,,,,,,,,,,,,,,,
18112,스크린 인쇄업,스크린 인쇄업,스크린 인쇄업,subdetail,5,True,1811,1,18.0,181.0,1811.0,18112.0,제조업,인쇄 및 기록매체 복제업,인쇄 및 인쇄관련 산업,인쇄업,스크린 인쇄업,제조업,1/18/181/1811/18112, / 인쇄 및 기록매체 복제업 / 인쇄 및 인쇄관련 산업 / 인쇄업 / 스크린 인쇄업,MANUFACTURING,제조업,True,True,leaf_unit,False,,,,,,,,,,,,,,,
18113,오프셋 인쇄업,오프셋 인쇄업,오프셋 인쇄업,subdetail,5,True,1811,1,18.0,181.0,1811.0,18113.0,제조업,인쇄 및 기록매체 복제업,인쇄 및 인쇄관련 산업,인쇄업,오프셋 인쇄업,제조업,1/18/181/1811/18113, / 인쇄 및 기록매체 복제업 / 인쇄 및 인쇄관련 산업 / 인쇄업 / 오프셋 인쇄업,MANUFACTURING,제조업,True,True,leaf_unit,False,,,,,,,,,,,,,,,
18119,기타 인쇄업,기타 인쇄업,기타 인쇄업,subdetail,5,True,1811,1,18.0,181.0,1811.0,18119.0,제조업,인쇄 및 기록매체 복제업,인쇄 및 인쇄관련 산업,인쇄업,기타 인쇄업,제조업,1/18/181/1811/18119, / 인쇄 및 기록매체 복제업 / 인쇄 및 인쇄관련 산업 / 인쇄업 / 기타 인쇄업,MANUFACTURING,제조업,True,True,leaf_unit,False,,,,,,,,,,,,,,,
18121,제판 및 조판업,제판 및 조판업,제판 및 조판업,subdetail,5,True,1812,1,18.0,181.0,1812.0,18121.0,제조업,인쇄 및 기록매체 복제업,인쇄 및 인쇄관련 산업,인쇄관련 산업,제판 및 조판업,제조업,1/18/181/1812/18121, / 인쇄 및 기록매체 복제업 / 인쇄 및 인쇄관련 산업 / 인쇄관련 산업 / 제판 및 조판업,MANUFACTURING,제조업,True,True,leaf_unit,False,,,,,,,,,,,,,,,
18122,제책업,제책업,제책업,subdetail,5,True,1812,1,18.0,181.0,1812.0,18122.0,제조업,인쇄 및 기록매체 복제업,인쇄 및 인쇄관련 산업,인쇄관련 산업,제책업,제조업,1/18/181/1812/18122, / 인쇄 및 기록매체 복제업 / 인쇄 및 인쇄관련 산업 / 인쇄관련 산업 / 제책업,MANUFACTURING,제조업,True,True,leaf_unit,False,,,,,,,,,,,,,,,
18129,기타 인쇄관련 산업,기타 인쇄관련 산업,기타 인쇄관련 산업,subdetail,5,True,1812,1,18.0,181.0,1812.0,18129.0,제조업,인쇄 및 기록매체 복제업,인쇄 및 인쇄관련 산업,인쇄관련 산업,기타 인쇄관련 산업,제조업,1/18/181/1812/18129, / 인쇄 및 기록매체 복제업 / 인쇄 및 인쇄관련 산업 / 인쇄관련 산업 / 기타 인쇄관련 산업,MANUFACTURING,제조업,True,True,leaf_unit,False,,,,,,,,,,,,,,,
18200,기록매체 복제업,기록매체 복제업,기록매체 복제업,subdetail,5,True,1820,1,18.0,182.0,1820.0,18200.0,제조업,인쇄 및 기록매체 복제업,기록매체 복제업,기록매체 복제업,기록매체 복제업,제조업,1/18/182/1820/18200, / 인쇄 및 기록매체 복제업 / 기록매체 복제업 / 기록매체 복제업 / 기록매체 복제업,MANUFACTURING,제조업,True,True,leaf_unit,False,,,,,,,,,,,,,,,
19100,코크스 및 연탄 제조업,코크스 및 연탄 제조업,코크스 및 연탄 제조업,subdetail,5,True,1910,1,19.0,191.0,1910.0,19100.0,제조업,"코크스, 연탄 및 석유정제품 제조업",코크스 및 연탄 제조업,코크스 및 연탄 제조업,코크스 및 연탄 제조업,제조업,1/19/191/1910/19100," / 코크스, 연탄 및 석유정제품 제조업 / 코크스 및 연탄 제조업 / 코크스 및 연탄 제조업 / 코크스 및 연탄 제조업",MANUFACTURING,제조업,True,True,leaf_unit,False,,,,,,,,,,,,,,,
19210,원유 정제처리업,원유 정제처리업,원유 정제처리업,subdetail,5,True,1921,1,19.0,192.0,1921.0,19210.0,제조업,"코크스, 연탄 및 석유정제품 제조업",석유 정제품 제조업,원유 정제처리업,원유 정제처리업,제조업,1/19/192/1921/19210," / 코크스, 연탄 및 석유정제품 제조업 / 석유 정제품 제조업 / 원유 정제처리업 / 원유 정제처리업",MANUFACTURING,제조업,True,True,leaf_unit,False,,,,,,,,,,,,,,,
19221,윤활유 및 그리스 제조업,윤활유 및 그리스 제조업,윤활유 및 그리스 제조업,subdetail,5,True,1922,1,19.0,192.0,1922.0,19221.0,제조업,"코크스, 연탄 및 석유정제품 제조업",석유 정제품 제조업,석유 정제물 재처리업,윤활유 및 그리스 제조업,제조업,1/19/192/1922/19221," / 코크스, 연탄 및 석유정제품 제조업 / 석유 정제품 제조업 / 석유 정제물 재처리업 / 윤활유 및 그리스 제조업",MANUFACTURING,제조업,True,True,leaf_unit,False,,,,,,,,,,,,,,,
19229,기타 석유정제물 재처리업,기타 석유정제물 재처리업,기타 석유정제물 재처리업,subdetail,5,True,1922,1,19.0,192.0,1922.0,19229.0,제조업,"코크스, 연탄 및 석유정제품 제조업",석유 정제품 제조업,석유 정제물 재처리업,기타 석유정제물 재처리업,제조업,1/19/192/1922/19229," / 코크스, 연탄 및 석유정제품 제조업 / 석유 정제품 제조업 / 석유 정제물 재처리업 / 기타 석유정제물 재처리업",MANUFACTURING,제조업,True,True,leaf_unit,False,,,,,,,,,,,,,,,
20111,석유화학계 기초 화학물질 제조업,석유화학계 기초 화학물질 제조업,석유화학계 기초 화학물질 제조업,subdetail,5,True,2011,2,20.0,201.0,2011.0,20111.0,제조업,"화학 물질 및 화학제품 제조업, 의약품 제외",기초 화학물질 제조업,기초 유기화학 물질 제조업,석유화학계 기초 화학물질 제조업,제조업,2/20/201/2011/20111," / 화학 물질 및 화학제품 제조업, 의약품 제외 / 기초 화학물질 제조업 / 기초 유기화학 물질 제조업 / 석유화학계 기초 화학물질 제조업",MANUFACTURING,제조업,True,True,leaf_unit,False,,,,,,,,,,,,,,,
20112,바이오매스계 기초 화학물질 제조업,바이오매스계 기초 화학물질 제조업,바이오매스계 기초 화학물질 제조업,subdetail,5,True,2011,2,20.0,201.0,2011.0,20112.0,제조업,"화학 물질 및 화학제품 제조업, 의약품 제외",기초 화학물질 제조업,기초 유기화학 물질 제조업,바이오매스계 기초 화학물질 제조업,제조업,2/20/201/2011/20112," / 화학 물질 및 화학제품 제조업, 의약품 제외 / 기초 화학물질 제조업 / 기초 유기화학 물질 제조업 / 바이오매스계 기초 화학물질 제조업",MANUFACTURING,제조업,True,True,leaf_unit,False,,,,,,,,,,,,,,,
20119,기타 기초 유기화학 물질 제조업,기타 기초 유기화학 물질 제조업,기타 기초 유기화학 물질 제조업,subdetail,5,True,2011,2,20.0,201.0,2011.0,20119.0,제조업,"화학 물질 및 화학제품 제조업, 의약품 제외",기초 화학물질 제조업,기초 유기화학 물질 제조업,기타 기초 유기화학 물질 제조업,제조업,2/20/201/2011/20119," / 화학 물질 및 화학제품 제조업, 의약품 제외 / 기초 화학물질 제조업 / 기초 유기화학 물질 제조업 / 기타 기초 유기화학 물질 제조업",MANUFACTURING,제조업,True,True,leaf_unit,False,,,,,,,,,,,,,,,
20121,수소 제조업,수소 제조업,수소 제조업,subdetail,5,True,2012,2,20.0,201.0,2012.0,20121.0,제조업,"화학 물질 및 화학제품 제조업, 의약품 제외",기초 화학물질 제조업,기초 무기화학 물질 제조업,수소 제조업,제조업,2/20/201/2012/20121," / 화학 물질 및 화학제품 제조업, 의약품 제외 / 기초 화학물질 제조업 / 기초 무기화학 물질 제조업 / 수소 제조업",MANUFACTURING,제조업,True,True,leaf_unit,False,,,,,,,,,,,,,,,
20122,"산소, 질소 및 기타 산업용 가스 제조업","산소, 질소 및 기타 산업용 가스 제조업","산소, 질소 및 기타 산업용 가스 제조업",subdetail,5,True,2012,2,20.0,201.0,2012.0,20122.0,제조업,"화학 물질 및 화학제품 제조업, 의약품 제외",기초 화학물질 제조업,기초 무기화학 물질 제조업,"산소, 질소 및 기타 산업용 가스 제조업",제조업,2/20/201/2012/20122," / 화학 물질 및 화학제품 제조업, 의약품 제외 / 기초 화학물질 제조업 / 기초 무기화학 물질 제조업 / 산소, 질소 및 기타 산업용 가스 제조업",MANUFACTURING,제조업,True,True,leaf_unit,False,,,,,,,,,,,,,,,
20129,기타 기초 무기 화학물질 제조업,기타 기초 무기 화학물질 제조업,기타 기초 무기 화학물질 제조업,subdetail,5,True,2012,2,20.0,201.0,2012.0,20129.0,제조업,"화학 물질 및 화학제품 제조업, 의약품 제외",기초 화학물질 제조업,기초 무기화학 물질 제조업,기타 기초 무기 화학물질 제조업,제조업,2/20/201/2012/20129," / 화학 물질 및 화학제품 제조업, 의약품 제외 / 기초 화학물질 제조업 / 기초 무기화학 물질 제조업 / 기타 기초 무기 화학물질 제조업",MANUFACTURING,제조업,True,True,leaf_unit,False,,,,,,,,,,,,,,,
20131,무기안료용 금속 산화물 및 관련 제품 제조업,무기안료용 금속 산화물 및 관련 제품 제조업,무기안료용 금속 산화물 및 관련 제품 제조업,subdetail,5,True,2013,2,20.0,201.0,2013.0,20131.0,제조업,"화학 물질 및 화학제품 제조업, 의약품 제외",기초 화학물질 제조업,"무기 안료, 염료, 유연제 및 기타 착색제 제조업",무기안료용 금속 산화물 및 관련 제품 제조업,제조업,2/20/201/2013/20131," / 화학 물질 및 화학제품 제조업, 의약품 제외 / 기초 화학물질 제조업 / 무기 안료, 염료, 유연제 및 기타 착색제 제조업 / 무기안료용 금속 산화물 및 관련 제품 제조업",MANUFACTURING,제조업,True,True,leaf_unit,False,,,,,,,,,,,,,,,
20132,"염료, 조제 무기안료, 유연제 및 기타 착색제 제조업","염료, 조제 무기안료, 유연제 및 기타 착색제 제조업","염료, 조제 무기안료, 유연제 및 기타 착색제 제조업",subdetail,5,True,2013,2,20.0,201.0,2013.0,20132.0,제조업,"화학 물질 및 화학제품 제조업, 의약품 제외",기초 화학물질 제조업,"무기 안료, 염료, 유연제 및 기타 착색제 제조업","염료, 조제 무기안료, 유연제 및 기타 착색제 제조업",제조업,2/20/201/2013/20132," / 화학 물질 및 화학제품 제조업, 의약품 제외 / 기초 화학물질 제조업 / 무기 안료, 염료, 유연제 및 기타 착색제 제조업 / 염료, 조제 무기안료, 유연제 및 기타 착색제 제조업",MANUFACTURING,제조업,True,True,leaf_unit,False,,,,,,,,,,,,,,,
20201,합성고무 제조업,합성고무 제조업,합성고무 제조업,subdetail,5,True,2020,2,20.0,202.0,2020.0,20201.0,제조업,"화학 물질 및 화학제품 제조업, 의약품 제외",합성고무 및 플라스틱 물질 제조업,합성고무 및 플라스틱 물질 제조업,합성고무 제조업,제조업,2/20/202/2020/20201," / 화학 물질 및 화학제품 제조업, 의약품 제외 / 합성고무 및 플라스틱 물질 제조업 / 합성고무 및 플라스틱 물질 제조업 / 합성고무 제조업",MANUFACTURING,제조업,True,True,leaf_unit,False,,,,,,,,,,,,,,,
20202,합성수지 및 기타 플라스틱 물질 제조업,합성수지 및 기타 플라스틱 물질 제조업,합성수지 및 기타 플라스틱 물질 제조업,subdetail,5,True,2020,2,20.0,202.0,2020.0,20202.0,제조업,"화학 물질 및 화학제품 제조업, 의약품 제외",합성고무 및 플라스틱 물질 제조업,합성고무 및 플라스틱 물질 제조업,합성수지 및 기타 플라스틱 물질 제조업,제조업,2/20/202/2020/20202," / 화학 물질 및 화학제품 제조업, 의약품 제외 / 합성고무 및 플라스틱 물질 제조업 / 합성고무 및 플라스틱 물질 제조업 / 합성수지 및 기타 플라스틱 물질 제조업",MANUFACTURING,제조업,True,True,leaf_unit,False,,,,,,,,,,,,,,,
20203,혼성 및 재생 플라스틱 소재 물질 제조업,혼성 및 재생 플라스틱 소재 물질 제조업,혼성 및 재생 플라스틱 소재 물질 제조업,subdetail,5,True,2020,2,20.0,202.0,2020.0,20203.0,제조업,"화학 물질 및 화학제품 제조업, 의약품 제외",합성고무 및 플라스틱 물질 제조업,합성고무 및 플라스틱 물질 제조업,혼성 및 재생 플라스틱 소재 물질 제조업,제조업,2/20/202/2020/20203," / 화학 물질 및 화학제품 제조업, 의약품 제외 / 합성고무 및 플라스틱 물질 제조업 / 합성고무 및 플라스틱 물질 제조업 / 혼성 및 재생 플라스틱 소재 물질 제조업",MANUFACTURING,제조업,True,True,leaf_unit,False,,,,,,,,,,,,,,,
20311,"질소화합물, 질소, 인산 및 칼리질 화학비료 제조업","질소화합물, 질소, 인산 및 칼리질 화학비료 제조업","질소화합물, 질소, 인산 및 칼리질 화학비료 제조업",subdetail,5,True,2031,2,20.0,203.0,2031.0,20311.0,제조업,"화학 물질 및 화학제품 제조업, 의약품 제외","비료, 농약 및 살균ㆍ살충제 제조업",비료 및 질소 화합물 제조업,"질소화합물, 질소, 인산 및 칼리질 화학비료 제조업",제조업,2/20/203/2031/20311," / 화학 물질 및 화학제품 제조업, 의약품 제외 / 비료, 농약 및 살균ㆍ살충제 제조업 / 비료 및 질소 화합물 제조업 / 질소화합물, 질소, 인산 및 칼리질 화학비료 제조업",MANUFACTURING,제조업,True,True,leaf_unit,False,,,,,,,,,,,,,,,
20312,복합비료 및 기타 화학비료 제조업,복합비료 및 기타 화학비료 제조업,복합비료 및 기타 화학비료 제조업,subdetail,5,True,2031,2,20.0,203.0,2031.0,20312.0,제조업,"화학 물질 및 화학제품 제조업, 의약품 제외","비료, 농약 및 살균ㆍ살충제 제조업",비료 및 질소 화합물 제조업,복합비료 및 기타 화학비료 제조업,제조업,2/20/203/2031/20312," / 화학 물질 및 화학제품 제조업, 의약품 제외 / 비료, 농약 및 살균ㆍ살충제 제조업 / 비료 및 질소 화합물 제조업 / 복합비료 및 기타 화학비료 제조업",MANUFACTURING,제조업,True,True,leaf_unit,False,,,,,,,,,,,,,,,
20313,유기질 비료 및 상토 제조업,유기질 비료 및 상토 제조업,유기질 비료 및 상토 제조업,subdetail,5,True,2031,2,20.0,203.0,2031.0,20313.0,제조업,"화학 물질 및 화학제품 제조업, 의약품 제외","비료, 농약 및 살균ㆍ살충제 제조업",비료 및 질소 화합물 제조업,유기질 비료 및 상토 제조업,제조업,2/20/203/2031/20313," / 화학 물질 및 화학제품 제조업, 의약품 제외 / 비료, 농약 및 살균ㆍ살충제 제조업 / 비료 및 질소 화합물 제조업 / 유기질 비료 및 상토 제조업",MANUFACTURING,제조업,True,True,leaf_unit,False,,,,,,,,,,,,,,,
20321,화학 살균ㆍ살충제 및 농업용 약제 제조업,화학 살균ㆍ살충제 및 농업용 약제 제조업,화학 살균ㆍ살충제 및 농업용 약제 제조업,subdetail,5,True,2032,2,20.0,203.0,2032.0,20321.0,제조업,"화학 물질 및 화학제품 제조업, 의약품 제외","비료, 농약 및 살균ㆍ살충제 제조업",살균ㆍ살충제 및 농약 제조업,화학 살균ㆍ살충제 및 농업용 약제 제조업,제조업,2/20/203/2032/20321," / 화학 물질 및 화학제품 제조업, 의약품 제외 / 비료, 농약 및 살균ㆍ살충제 제조업 / 살균ㆍ살충제 및 농약 제조업 / 화학 살균ㆍ살충제 및 농업용 약제 제조업",MANUFACTURING,제조업,True,True,leaf_unit,False,,,,,,,,,,,,,,,
20322,생물 살균ㆍ살충제 및 식물보호제 제조업,생물 살균ㆍ살충제 및 식물보호제 제조업,생물 살균ㆍ살충제 및 식물보호제 제조업,subdetail,5,True,2032,2,20.0,203.0,2032.0,20322.0,제조업,"화학 물질 및 화학제품 제조업, 의약품 제외","비료, 농약 및 살균ㆍ살충제 제조업",살균ㆍ살충제 및 농약 제조업,생물 살균ㆍ살충제 및 식물보호제 제조업,제조업,2/20/203/2032/20322," / 화학 물질 및 화학제품 제조업, 의약품 제외 / 비료, 농약 및 살균ㆍ살충제 제조업 / 살균ㆍ살충제 및 농약 제조업 / 생물 살균ㆍ살충제 및 식물보호제 제조업",MANUFACTURING,제조업,True,True,leaf_unit,False,,,,,,,,,,,,,,,
20411,일반용 도료 및 관련제품 제조업,일반용 도료 및 관련제품 제조업,일반용 도료 및 관련제품 제조업,subdetail,5,True,2041,2,20.0,204.0,2041.0,20411.0,제조업,"화학 물질 및 화학제품 제조업, 의약품 제외",기타 화학제품 제조업,"잉크, 페인트, 코팅제 및 유사제품 제조업",일반용 도료 및 관련제품 제조업,제조업,2/20/204/2041/20411," / 화학 물질 및 화학제품 제조업, 의약품 제외 / 기타 화학제품 제조업 / 잉크, 페인트, 코팅제 및 유사제품 제조업 / 일반용 도료 및 관련제품 제조업",MANUFACTURING,제조업,True,True,leaf_unit,False,,,,,,,,,,,,,,,
20412,요업용 도포제 및 관련제품 제조업,요업용 도포제 및 관련제품 제조업,요업용 도포제 및 관련제품 제조업,subdetail,5,True,2041,2,20.0,204.0,2041.0,20412.0,제조업,"화학 물질 및 화학제품 제조업, 의약품 제외",기타 화학제품 제조업,"잉크, 페인트, 코팅제 및 유사제품 제조업",요업용 도포제 및 관련제품 제조업,제조업,2/20/204/2041/20412," / 화학 물질 및 화학제품 제조업, 의약품 제외 / 기타 화학제품 제조업 / 잉크, 페인트, 코팅제 및 유사제품 제조업 / 요업용 도포제 및 관련제품 제조업",MANUFACTURING,제조업,True,True,leaf_unit,False,,,,,,,,,,,,,,,
20413,인쇄잉크 및 회화용 물감 제조업,인쇄잉크 및 회화용 물감 제조업,인쇄잉크 및 회화용 물감 제조업,subdetail,5,True,2041,2,20.0,204.0,2041.0,20413.0,제조업,"화학 물질 및 화학제품 제조업, 의약품 제외",기타 화학제품 제조업,"잉크, 페인트, 코팅제 및 유사제품 제조업",인쇄잉크 및 회화용 물감 제조업,제조업,2/20/204/2041/20413," / 화학 물질 및 화학제품 제조업, 의약품 제외 / 기타 화학제품 제조업 / 잉크, 페인트, 코팅제 및 유사제품 제조업 / 인쇄잉크 및 회화용 물감 제조업",MANUFACTURING,제조업,True,True,leaf_unit,False,,,,,,,,,,,,,,,
20421,계면활성제 제조업,계면활성제 제조업,계면활성제 제조업,subdetail,5,True,2042,2,20.0,204.0,2042.0,20421.0,제조업,"화학 물질 및 화학제품 제조업, 의약품 제외",기타 화학제품 제조업,"세제, 화장품 및 광택제 제조업",계면활성제 제조업,제조업,2/20/204/2042/20421," / 화학 물질 및 화학제품 제조업, 의약품 제외 / 기타 화학제품 제조업 / 세제, 화장품 및 광택제 제조업 / 계면활성제 제조업",MANUFACTURING,제조업,True,True,leaf_unit,False,,,,,,,,,,,,,,,
20422,"치약, 비누 및 기타 세제 제조업","치약, 비누 및 기타 세제 제조업","치약, 비누 및 기타 세제 제조업",subdetail,5,True,2042,2,20.0,204.0,2042.0,20422.0,제조업,"화학 물질 및 화학제품 제조업, 의약품 제외",기타 화학제품 제조업,"세제, 화장품 및 광택제 제조업","치약, 비누 및 기타 세제 제조업",제조업,2/20/204/2042/20422," / 화학 물질 및 화학제품 제조업, 의약품 제외 / 기타 화학제품 제조업 / 세제, 화장품 및 광택제 제조업 / 치약, 비누 및 기타 세제 제조업",MANUFACTURING,제조업,True,True,leaf_unit,False,,,,,,,,,,,,,,,
20423,화장품 제조업,화장품 제조업,화장품 제조업,subdetail,5,True,2042,2,20.0,204.0,2042.0,20423.0,제조업,"화학 물질 및 화학제품 제조업, 의약품 제외",기타 화학제품 제조업,"세제, 화장품 및 광택제 제조업",화장품 제조업,제조업,2/20/204/2042/20423," / 화학 물질 및 화학제품 제조업, 의약품 제외 / 기타 화학제품 제조업 / 세제, 화장품 및 광택제 제조업 / 화장품 제조업",MANUFACTURING,제조업,True,True,leaf_unit,False,,,,,,,,,,,,,,,
20424,표면광택제 및 실내가향제 제조업,표면광택제 및 실내가향제 제조업,표면광택제 및 실내가향제 제조업,subdetail,5,True,2042,2,20.0,204.0,2042.0,20424.0,제조업,"화학 물질 및 화학제품 제조업, 의약품 제외",기타 화학제품 제조업,"세제, 화장품 및 광택제 제조업",표면광택제 및 실내가향제 제조업,제조업,2/20/204/2042/20424," / 화학 물질 및 화학제품 제조업, 의약품 제외 / 기타 화학제품 제조업 / 세제, 화장품 및 광택제 제조업 / 표면광택제 및 실내가향제 제조업",MANUFACTURING,제조업,True,True,leaf_unit,False,,,,,,,,,,,,,,,
20491,감광재료 및 관련 화학제품 제조업,감광재료 및 관련 화학제품 제조업,감광재료 및 관련 화학제품 제조업,subdetail,5,True,2049,2,20.0,204.0,2049.0,20491.0,제조업,"화학 물질 및 화학제품 제조업, 의약품 제외",기타 화학제품 제조업,그 외 기타 화학제품 제조업,감광재료 및 관련 화학제품 제조업,제조업,2/20/204/2049/20491," / 화학 물질 및 화학제품 제조업, 의약품 제외 / 기타 화학제품 제조업 / 그 외 기타 화학제품 제조업 / 감광재료 및 관련 화학제품 제조업",MANUFACTURING,제조업,True,True,leaf_unit,False,,,,,,,,,,,,,,,
20492,가공 및 정제염 제조업,가공 및 정제염 제조업,가공 및 정제염 제조업,subdetail,5,True,2049,2,20.0,204.0,2049.0,20492.0,제조업,"화학 물질 및 화학제품 제조업, 의약품 제외",기타 화학제품 제조업,그 외 기타 화학제품 제조업,가공 및 정제염 제조업,제조업,2/20/204/2049/20492," / 화학 물질 및 화학제품 제조업, 의약품 제외 / 기타 화학제품 제조업 / 그 외 기타 화학제품 제조업 / 가공 및 정제염 제조업",MANUFACTURING,제조업,True,True,leaf_unit,False,,,,,,,,,,,,,,,
20493,접착제 및 젤라틴 제조업,접착제 및 젤라틴 제조업,접착제 및 젤라틴 제조업,subdetail,5,True,2049,2,20.0,204.0,2049.0,20493.0,제조업,"화학 물질 및 화학제품 제조업, 의약품 제외",기타 화학제품 제조업,그 외 기타 화학제품 제조업,접착제 및 젤라틴 제조업,제조업,2/20/204/2049/20493," / 화학 물질 및 화학제품 제조업, 의약품 제외 / 기타 화학제품 제조업 / 그 외 기타 화학제품 제조업 / 접착제 및 젤라틴 제조업",MANUFACTURING,제조업,True,True,leaf_unit,False,,,,,,,,,,,,,,,
20494,화약 및 불꽃제품 제조업,화약 및 불꽃제품 제조업,화약 및 불꽃제품 제조업,subdetail,5,True,2049,2,20.0,204.0,2049.0,20494.0,제조업,"화학 물질 및 화학제품 제조업, 의약품 제외",기타 화학제품 제조업,그 외 기타 화학제품 제조업,화약 및 불꽃제품 제조업,제조업,2/20/204/2049/20494," / 화학 물질 및 화학제품 제조업, 의약품 제외 / 기타 화학제품 제조업 / 그 외 기타 화학제품 제조업 / 화약 및 불꽃제품 제조업",MANUFACTURING,제조업,True,True,leaf_unit,False,,,,,,,,,,,,,,,
20495,바이오 연료 및 혼합물 제조업,바이오 연료 및 혼합물 제조업,바이오 연료 및 혼합물 제조업,subdetail,5,True,2049,2,20.0,204.0,2049.0,20495.0,제조업,"화학 물질 및 화학제품 제조업, 의약품 제외",기타 화학제품 제조업,그 외 기타 화학제품 제조업,바이오 연료 및 혼합물 제조업,제조업,2/20/204/2049/20495," / 화학 물질 및 화학제품 제조업, 의약품 제외 / 기타 화학제품 제조업 / 그 외 기타 화학제품 제조업 / 바이오 연료 및 혼합물 제조업",MANUFACTURING,제조업,True,True,leaf_unit,False,,,,,,,,,,,,,,,
20499,그 외 기타 분류 안된 화학제품 제조업,그 외 기타 분류 안된 화학제품 제조업,그 외 기타 분류 안된 화학제품 제조업,subdetail,5,True,2049,2,20.0,204.0,2049.0,20499.0,제조업,"화학 물질 및 화학제품 제조업, 의약품 제외",기타 화학제품 제조업,그 외 기타 화학제품 제조업,그 외 기타 분류 안된 화학제품 제조업,제조업,2/20/204/2049/20499," / 화학 물질 및 화학제품 제조업, 의약품 제외 / 기타 화학제품 제조업 / 그 외 기타 화학제품 제조업 / 그 외 기타 분류 안된 화학제품 제조업",MANUFACTURING,제조업,True,True,leaf_unit,False,,,,,,,,,,,,,,,
20501,합성섬유 제조업,합성섬유 제조업,합성섬유 제조업,subdetail,5,True,2050,2,20.0,205.0,2050.0,20501.0,제조업,"화학 물질 및 화학제품 제조업, 의약품 제외",화학섬유 제조업,화학섬유 제조업,합성섬유 제조업,제조업,2/20/205/2050/20501," / 화학 물질 및 화학제품 제조업, 의약품 제외 / 화학섬유 제조업 / 화학섬유 제조업 / 합성섬유 제조업",MANUFACTURING,제조업,True,True,leaf_unit,False,,,,,,,,,,,,,,,
20502,재생섬유 제조업,재생섬유 제조업,재생섬유 제조업,subdetail,5,True,2050,2,20.0,205.0,2050.0,20502.0,제조업,"화학 물질 및 화학제품 제조업, 의약품 제외",화학섬유 제조업,화학섬유 제조업,재생섬유 제조업,제조업,2/20/205/2050/20502," / 화학 물질 및 화학제품 제조업, 의약품 제외 / 화학섬유 제조업 / 화학섬유 제조업 / 재생섬유 제조업",MANUFACTURING,제조업,True,True,leaf_unit,False,,,,,,,,,,,,,,,
21100,기초 의약 물질 제조업,기초 의약 물질 제조업,기초 의약 물질 제조업,subdetail,5,True,2110,2,21.0,211.0,2110.0,21100.0,제조업,의료용 물질 및 의약품 제조업,기초 의약 물질 제조업,기초 의약 물질 제조업,기초 의약 물질 제조업,제조업,2/21/211/2110/21100, / 의료용 물질 및 의약품 제조업 / 기초 의약 물질 제조업 / 기초 의약 물질 제조업 / 기초 의약 물질 제조업,MANUFACTURING,제조업,True,True,leaf_unit,False,,,,,,,,,,,,,,,
21211,생물 의약품 제조업,생물 의약품 제조업,생물 의약품 제조업,subdetail,5,True,2121,2,21.0,212.0,2121.0,21211.0,제조업,의료용 물질 및 의약품 제조업,의약품 제조업,완제 의약품 제조업,생물 의약품 제조업,제조업,2/21/212/2121/21211, / 의료용 물질 및 의약품 제조업 / 의약품 제조업 / 완제 의약품 제조업 / 생물 의약품 제조업,MANUFACTURING,제조업,True,True,leaf_unit,False,,,,,,,,,,,,,,,
21212,합성의약품 및 기타 완제 의약품 제조업,합성의약품 및 기타 완제 의약품 제조업,합성의약품 및 기타 완제 의약품 제조업,subdetail,5,True,2121,2,21.0,212.0,2121.0,21212.0,제조업,의료용 물질 및 의약품 제조업,의약품 제조업,완제 의약품 제조업,합성의약품 및 기타 완제 의약품 제조업,제조업,2/21/212/2121/21212, / 의료용 물질 및 의약품 제조업 / 의약품 제조업 / 완제 의약품 제조업 / 합성의약품 및 기타 완제 의약품 제조업,MANUFACTURING,제조업,True,True,leaf_unit,False,,,,,,,,,,,,,,,
21220,한의약품 제조업,한의약품 제조업,한의약품 제조업,subdetail,5,True,2122,2,21.0,212.0,2122.0,21220.0,제조업,의료용 물질 및 의약품 제조업,의약품 제조업,한의약품 제조업,한의약품 제조업,제조업,2/21/212/2122/21220, / 의료용 물질 및 의약품 제조업 / 의약품 제조업 / 한의약품 제조업 / 한의약품 제조업,MANUFACTURING,제조업,True,True,leaf_unit,False,,,,,,,,,,,,,,,
21230,동물용 의약품 제조업,동물용 의약품 제조업,동물용 의약품 제조업,subdetail,5,True,2123,2,21.0,212.0,2123.0,21230.0,제조업,의료용 물질 및 의약품 제조업,의약품 제조업,동물용 의약품 제조업,동물용 의약품 제조업,제조업,2/21/212/2123/21230, / 의료용 물질 및 의약품 제조업 / 의약품 제조업 / 동물용 의약품 제조업 / 동물용 의약품 제조업,MANUFACTURING,제조업,True,True,leaf_unit,False,,,,,,,,,,,,,,,
21301,체외 진단 시약 제조업,체외 진단 시약 제조업,체외 진단 시약 제조업,subdetail,5,True,2130,2,21.0,213.0,2130.0,21301.0,제조업,의료용 물질 및 의약품 제조업,의료용품 및 기타 의약 관련제품 제조업,의료용품 및 기타 의약 관련제품 제조업,체외 진단 시약 제조업,제조업,2/21/213/2130/21301, / 의료용 물질 및 의약품 제조업 / 의료용품 및 기타 의약 관련제품 제조업 / 의료용품 및 기타 의약 관련제품 제조업 / 체외 진단 시약 제조업,MANUFACTURING,제조업,True,True,leaf_unit,False,,,,,,,,,,,,,,,
21309,그 외 기타 의료용품 및 의약 관련제품 제조업,그 외 기타 의료용품 및 의약 관련제품 제조업,그 외 기타 의료용품 및 의약 관련제품 제조업,subdetail,5,True,2130,2,21.0,213.0,2130.0,21309.0,제조업,의료용 물질 및 의약품 제조업,의료용품 및 기타 의약 관련제품 제조업,의료용품 및 기타 의약 관련제품 제조업,그 외 기타 의료용품 및 의약 관련제품 제조업,제조업,2/21/213/2130/21309, / 의료용 물질 및 의약품 제조업 / 의료용품 및 기타 의약 관련제품 제조업 / 의료용품 및 기타 의약 관련제품 제조업 / 그 외 기타 의료용품 및 의약 관련제품 제조업,MANUFACTURING,제조업,True,True,leaf_unit,False,,,,,,,,,,,,,,,
22110,고무 타이어 및 튜브 제조업,고무 타이어 및 튜브 제조업,고무 타이어 및 튜브 제조업,subdetail,5,True,2211,2,22.0,221.0,2211.0,22110.0,제조업,고무 및 플라스틱제품 제조업,고무제품 제조업,고무 타이어 및 튜브 제조업,고무 타이어 및 튜브 제조업,제조업,2/22/221/2211/22110, / 고무 및 플라스틱제품 제조업 / 고무제품 제조업 / 고무 타이어 및 튜브 제조업 / 고무 타이어 및 튜브 제조업,MANUFACTURING,제조업,True,True,leaf_unit,False,,,,,,,,,,,,,,,
22191,고무패킹류 제조업,고무패킹류 제조업,고무패킹류 제조업,subdetail,5,True,2219,2,22.0,221.0,2219.0,22191.0,제조업,고무 및 플라스틱제품 제조업,고무제품 제조업,기타 고무제품 제조업,고무패킹류 제조업,제조업,2/22/221/2219/22191, / 고무 및 플라스틱제품 제조업 / 고무제품 제조업 / 기타 고무제품 제조업 / 고무패킹류 제조업,MANUFACTURING,제조업,True,True,leaf_unit,False,,,,,,,,,,,,,,,
22192,산업용 그 외 비경화 고무제품 제조업,산업용 그 외 비경화 고무제품 제조업,산업용 그 외 비경화 고무제품 제조업,subdetail,5,True,2219,2,22.0,221.0,2219.0,22192.0,제조업,고무 및 플라스틱제품 제조업,고무제품 제조업,기타 고무제품 제조업,산업용 그 외 비경화 고무제품 제조업,제조업,2/22/221/2219/22192, / 고무 및 플라스틱제품 제조업 / 고무제품 제조업 / 기타 고무제품 제조업 / 산업용 그 외 비경화 고무제품 제조업,MANUFACTURING,제조업,True,True,leaf_unit,False,,,,,,,,,,,,,,,
22193,고무 의류 및 기타 위생용 비경화 고무제품 제조업,고무 의류 및 기타 위생용 비경화 고무제품 제조업,고무 의류 및 기타 위생용 비경화 고무제품 제조업,subdetail,5,True,2219,2,22.0,221.0,2219.0,22193.0,제조업,고무 및 플라스틱제품 제조업,고무제품 제조업,기타 고무제품 제조업,고무 의류 및 기타 위생용 비경화 고무제품 제조업,제조업,2/22/221/2219/22193, / 고무 및 플라스틱제품 제조업 / 고무제품 제조업 / 기타 고무제품 제조업 / 고무 의류 및 기타 위생용 비경화 고무제품 제조업,MANUFACTURING,제조업,True,True,leaf_unit,False,,,,,,,,,,,,,,,
22199,그 외 기타 고무제품 제조업,그 외 기타 고무제품 제조업,그 외 기타 고무제품 제조업,subdetail,5,True,2219,2,22.0,221.0,2219.0,22199.0,제조업,고무 및 플라스틱제품 제조업,고무제품 제조업,기타 고무제품 제조업,그 외 기타 고무제품 제조업,제조업,2/22/221/2219/22199, / 고무 및 플라스틱제품 제조업 / 고무제품 제조업 / 기타 고무제품 제조업 / 그 외 기타 고무제품 제조업,MANUFACTURING,제조업,True,True,leaf_unit,False,,,,,,,,,,,,,,,
22211,"플라스틱 선, 봉, 관 및 호스 제조업","플라스틱 선, 봉, 관 및 호스 제조업","플라스틱 선, 봉, 관 및 호스 제조업",subdetail,5,True,2221,2,22.0,222.0,2221.0,22211.0,제조업,고무 및 플라스틱제품 제조업,플라스틱 제품 제조업,1차 플라스틱제품 제조업,"플라스틱 선, 봉, 관 및 호스 제조업",제조업,2/22/222/2221/22211," / 고무 및 플라스틱제품 제조업 / 플라스틱 제품 제조업 / 1차 플라스틱제품 제조업 / 플라스틱 선, 봉, 관 및 호스 제조업",MANUFACTURING,제조업,True,True,leaf_unit,False,,,,,,,,,,,,,,,
22212,플라스틱 필름 제조업,플라스틱 필름 제조업,플라스틱 필름 제조업,subdetail,5,True,2221,2,22.0,222.0,2221.0,22212.0,제조업,고무 및 플라스틱제품 제조업,플라스틱 제품 제조업,1차 플라스틱제품 제조업,플라스틱 필름 제조업,제조업,2/22/222/2221/22212, / 고무 및 플라스틱제품 제조업 / 플라스틱 제품 제조업 / 1차 플라스틱제품 제조업 / 플라스틱 필름 제조업,MANUFACTURING,제조업,True,True,leaf_unit,False,,,,,,,,,,,,,,,
22213,플라스틱 시트 및 판 제조업,플라스틱 시트 및 판 제조업,플라스틱 시트 및 판 제조업,subdetail,5,True,2221,2,22.0,222.0,2221.0,22213.0,제조업,고무 및 플라스틱제품 제조업,플라스틱 제품 제조업,1차 플라스틱제품 제조업,플라스틱 시트 및 판 제조업,제조업,2/22/222/2221/22213, / 고무 및 플라스틱제품 제조업 / 플라스틱 제품 제조업 / 1차 플라스틱제품 제조업 / 플라스틱 시트 및 판 제조업,MANUFACTURING,제조업,True,True,leaf_unit,False,,,,,,,,,,,,,,,
22214,플라스틱 합성피혁 제조업,플라스틱 합성피혁 제조업,플라스틱 합성피혁 제조업,subdetail,5,True,2221,2,22.0,222.0,2221.0,22214.0,제조업,고무 및 플라스틱제품 제조업,플라스틱 제품 제조업,1차 플라스틱제품 제조업,플라스틱 합성피혁 제조업,제조업,2/22/222/2221/22214, / 고무 및 플라스틱제품 제조업 / 플라스틱 제품 제조업 / 1차 플라스틱제품 제조업 / 플라스틱 합성피혁 제조업,MANUFACTURING,제조업,True,True,leaf_unit,False,,,,,,,,,,,,,,,
22221,벽 및 바닥 피복용 플라스틱제품 제조업,벽 및 바닥 피복용 플라스틱제품 제조업,벽 및 바닥 피복용 플라스틱제품 제조업,subdetail,5,True,2222,2,22.0,222.0,2222.0,22221.0,제조업,고무 및 플라스틱제품 제조업,플라스틱 제품 제조업,건축용 플라스틱제품 제조업,벽 및 바닥 피복용 플라스틱제품 제조업,제조업,2/22/222/2222/22221, / 고무 및 플라스틱제품 제조업 / 플라스틱 제품 제조업 / 건축용 플라스틱제품 제조업 / 벽 및 바닥 피복용 플라스틱제품 제조업,MANUFACTURING,제조업,True,True,leaf_unit,False,,,,,,,,,,,,,,,
22222,설치용 및 위생용 플라스틱제품 제조업,설치용 및 위생용 플라스틱제품 제조업,설치용 및 위생용 플라스틱제품 제조업,subdetail,5,True,2222,2,22.0,222.0,2222.0,22222.0,제조업,고무 및 플라스틱제품 제조업,플라스틱 제품 제조업,건축용 플라스틱제품 제조업,설치용 및 위생용 플라스틱제품 제조업,제조업,2/22/222/2222/22222, / 고무 및 플라스틱제품 제조업 / 플라스틱 제품 제조업 / 건축용 플라스틱제품 제조업 / 설치용 및 위생용 플라스틱제품 제조업,MANUFACTURING,제조업,True,True,leaf_unit,False,,,,,,,,,,,,,,,
22223,플라스틱 창호 제조업,플라스틱 창호 제조업,플라스틱 창호 제조업,subdetail,5,True,2222,2,22.0,222.0,2222.0,22223.0,제조업,고무 및 플라스틱제품 제조업,플라스틱 제품 제조업,건축용 플라스틱제품 제조업,플라스틱 창호 제조업,제조업,2/22/222/2222/22223, / 고무 및 플라스틱제품 제조업 / 플라스틱 제품 제조업 / 건축용 플라스틱제품 제조업 / 플라스틱 창호 제조업,MANUFACTURING,제조업,True,True,leaf_unit,False,,,,,,,,,,,,,,,
22229,기타 건축용 플라스틱 조립제품 제조업,기타 건축용 플라스틱 조립제품 제조업,기타 건축용 플라스틱 조립제품 제조업,subdetail,5,True,2222,2,22.0,222.0,2222.0,22229.0,제조업,고무 및 플라스틱제품 제조업,플라스틱 제품 제조업,건축용 플라스틱제품 제조업,기타 건축용 플라스틱 조립제품 제조업,제조업,2/22/222/2222/22229, / 고무 및 플라스틱제품 제조업 / 플라스틱 제품 제조업 / 건축용 플라스틱제품 제조업 / 기타 건축용 플라스틱 조립제품 제조업,MANUFACTURING,제조업,True,True,leaf_unit,False,,,,,,,,,,,,,,,
22231,"플라스틱 포대, 봉투 및 유사제품 제조업","플라스틱 포대, 봉투 및 유사제품 제조업","플라스틱 포대, 봉투 및 유사제품 제조업",subdetail,5,True,2223,2,22.0,222.0,2223.0,22231.0,제조업,고무 및 플라스틱제품 제조업,플라스틱 제품 제조업,포장용 플라스틱제품 제조업,"플라스틱 포대, 봉투 및 유사제품 제조업",제조업,2/22/222/2223/22231," / 고무 및 플라스틱제품 제조업 / 플라스틱 제품 제조업 / 포장용 플라스틱제품 제조업 / 플라스틱 포대, 봉투 및 유사제품 제조업",MANUFACTURING,제조업,True,True,leaf_unit,False,,,,,,,,,,,,,,,
22232,포장용 플라스틱 성형용기 제조업,포장용 플라스틱 성형용기 제조업,포장용 플라스틱 성형용기 제조업,subdetail,5,True,2223,2,22.0,222.0,2223.0,22232.0,제조업,고무 및 플라스틱제품 제조업,플라스틱 제품 제조업,포장용 플라스틱제품 제조업,포장용 플라스틱 성형용기 제조업,제조업,2/22/222/2223/22232, / 고무 및 플라스틱제품 제조업 / 플라스틱 제품 제조업 / 포장용 플라스틱제품 제조업 / 포장용 플라스틱 성형용기 제조업,MANUFACTURING,제조업,True,True,leaf_unit,False,,,,,,,,,,,,,,,
22241,운송장비 조립용 플라스틱제품 제조업,운송장비 조립용 플라스틱제품 제조업,운송장비 조립용 플라스틱제품 제조업,subdetail,5,True,2224,2,22.0,222.0,2224.0,22241.0,제조업,고무 및 플라스틱제품 제조업,플라스틱 제품 제조업,기계장비 조립용 플라스틱제품 제조업,운송장비 조립용 플라스틱제품 제조업,제조업,2/22/222/2224/22241, / 고무 및 플라스틱제품 제조업 / 플라스틱 제품 제조업 / 기계장비 조립용 플라스틱제품 제조업 / 운송장비 조립용 플라스틱제품 제조업,MANUFACTURING,제조업,True,True,leaf_unit,False,,,,,,,,,,,,,,,
22249,기타 기계ㆍ장비 조립용 플라스틱 제품 제조업,기타 기계ㆍ장비 조립용 플라스틱 제품 제조업,기타 기계ㆍ장비 조립용 플라스틱 제품 제조업,subdetail,5,True,2224,2,22.0,222.0,2224.0,22249.0,제조업,고무 및 플라스틱제품 제조업,플라스틱 제품 제조업,기계장비 조립용 플라스틱제품 제조업,기타 기계ㆍ장비 조립용 플라스틱 제품 제조업,제조업,2/22/222/2224/22249, / 고무 및 플라스틱제품 제조업 / 플라스틱 제품 제조업 / 기계장비 조립용 플라스틱제품 제조업 / 기타 기계ㆍ장비 조립용 플라스틱 제품 제조업,MANUFACTURING,제조업,True,True,leaf_unit,False,,,,,,,,,,,,,,,
22251,폴리스티렌 발포 성형제품 제조업,폴리스티렌 발포 성형제품 제조업,폴리스티렌 발포 성형제품 제조업,subdetail,5,True,2225,2,22.0,222.0,2225.0,22251.0,제조업,고무 및 플라스틱제품 제조업,플라스틱 제품 제조업,플라스틱 발포 성형제품 제조업,폴리스티렌 발포 성형제품 제조업,제조업,2/22/222/2225/22251, / 고무 및 플라스틱제품 제조업 / 플라스틱 제품 제조업 / 플라스틱 발포 성형제품 제조업 / 폴리스티렌 발포 성형제품 제조업,MANUFACTURING,제조업,True,True,leaf_unit,False,,,,,,,,,,,,,,,
22259,기타 플라스틱 발포 성형제품 제조업,기타 플라스틱 발포 성형제품 제조업,기타 플라스틱 발포 성형제품 제조업,subdetail,5,True,2225,2,22.0,222.0,2225.0,22259.0,제조업,고무 및 플라스틱제품 제조업,플라스틱 제품 제조업,플라스틱 발포 성형제품 제조업,기타 플라스틱 발포 성형제품 제조업,제조업,2/22/222/2225/22259, / 고무 및 플라스틱제품 제조업 / 플라스틱 제품 제조업 / 플라스틱 발포 성형제품 제조업 / 기타 플라스틱 발포 성형제품 제조업,MANUFACTURING,제조업,True,True,leaf_unit,False,,,,,,,,,,,,,,,
22291,플라스틱 접착처리 제품 제조업,플라스틱 접착처리 제품 제조업,플라스틱 접착처리 제품 제조업,subdetail,5,True,2229,2,22.0,222.0,2229.0,22291.0,제조업,고무 및 플라스틱제품 제조업,플라스틱 제품 제조업,기타 플라스틱 제품 제조업,플라스틱 접착처리 제품 제조업,제조업,2/22/222/2229/22291, / 고무 및 플라스틱제품 제조업 / 플라스틱 제품 제조업 / 기타 플라스틱 제품 제조업 / 플라스틱 접착처리 제품 제조업,MANUFACTURING,제조업,True,True,leaf_unit,False,,,,,,,,,,,,,,,
22292,"플라스틱 적층, 도포 및 기타 표면처리 제품 제조업","플라스틱 적층, 도포 및 기타 표면처리 제품 제조업","플라스틱 적층, 도포 및 기타 표면처리 제품 제조업",subdetail,5,True,2229,2,22.0,222.0,2229.0,22292.0,제조업,고무 및 플라스틱제품 제조업,플라스틱 제품 제조업,기타 플라스틱 제품 제조업,"플라스틱 적층, 도포 및 기타 표면처리 제품 제조업",제조업,2/22/222/2229/22292," / 고무 및 플라스틱제품 제조업 / 플라스틱 제품 제조업 / 기타 플라스틱 제품 제조업 / 플라스틱 적층, 도포 및 기타 표면처리 제품 제조업",MANUFACTURING,제조업,True,True,leaf_unit,False,,,,,,,,,,,,,,,
22299,그 외 기타 플라스틱 제품 제조업,그 외 기타 플라스틱 제품 제조업,그 외 기타 플라스틱 제품 제조업,subdetail,5,True,2229,2,22.0,222.0,2229.0,22299.0,제조업,고무 및 플라스틱제품 제조업,플라스틱 제품 제조업,기타 플라스틱 제품 제조업,그 외 기타 플라스틱 제품 제조업,제조업,2/22/222/2229/22299, / 고무 및 플라스틱제품 제조업 / 플라스틱 제품 제조업 / 기타 플라스틱 제품 제조업 / 그 외 기타 플라스틱 제품 제조업,MANUFACTURING,제조업,True,True,leaf_unit,False,,,,,,,,,,,,,,,
23111,판유리 제조업,판유리 제조업,판유리 제조업,subdetail,5,True,2311,2,23.0,231.0,2311.0,23111.0,제조업,비금속 광물제품 제조업,유리 및 유리제품 제조업,판유리 및 판유리 가공품 제조업,판유리 제조업,제조업,2/23/231/2311/23111, / 비금속 광물제품 제조업 / 유리 및 유리제품 제조업 / 판유리 및 판유리 가공품 제조업 / 판유리 제조업,MANUFACTURING,제조업,True,True,leaf_unit,False,,,,,,,,,,,,,,,
23112,안전유리 제조업,안전유리 제조업,안전유리 제조업,subdetail,5,True,2311,2,23.0,231.0,2311.0,23112.0,제조업,비금속 광물제품 제조업,유리 및 유리제품 제조업,판유리 및 판유리 가공품 제조업,안전유리 제조업,제조업,2/23/231/2311/23112, / 비금속 광물제품 제조업 / 유리 및 유리제품 제조업 / 판유리 및 판유리 가공품 제조업 / 안전유리 제조업,MANUFACTURING,제조업,True,True,leaf_unit,False,,,,,,,,,,,,,,,
23119,기타 판유리 가공품 제조업,기타 판유리 가공품 제조업,기타 판유리 가공품 제조업,subdetail,5,True,2311,2,23.0,231.0,2311.0,23119.0,제조업,비금속 광물제품 제조업,유리 및 유리제품 제조업,판유리 및 판유리 가공품 제조업,기타 판유리 가공품 제조업,제조업,2/23/231/2311/23119, / 비금속 광물제품 제조업 / 유리 및 유리제품 제조업 / 판유리 및 판유리 가공품 제조업 / 기타 판유리 가공품 제조업,MANUFACTURING,제조업,True,True,leaf_unit,False,,,,,,,,,,,,,,,
23121,"1차 유리제품, 유리섬유 및 광학용 유리 제조업","1차 유리제품, 유리섬유 및 광학용 유리 제조업","1차 유리제품, 유리섬유 및 광학용 유리 제조업",subdetail,5,True,2312,2,23.0,231.0,2312.0,23121.0,제조업,비금속 광물제품 제조업,유리 및 유리제품 제조업,산업용 유리 제조업,"1차 유리제품, 유리섬유 및 광학용 유리 제조업",제조업,2/23/231/2312/23121," / 비금속 광물제품 제조업 / 유리 및 유리제품 제조업 / 산업용 유리 제조업 / 1차 유리제품, 유리섬유 및 광학용 유리 제조업",MANUFACTURING,제조업,True,True,leaf_unit,False,,,,,,,,,,,,,,,
23122,디스플레이 장치용 유리 제조업,디스플레이 장치용 유리 제조업,디스플레이 장치용 유리 제조업,subdetail,5,True,2312,2,23.0,231.0,2312.0,23122.0,제조업,비금속 광물제품 제조업,유리 및 유리제품 제조업,산업용 유리 제조업,디스플레이 장치용 유리 제조업,제조업,2/23/231/2312/23122, / 비금속 광물제품 제조업 / 유리 및 유리제품 제조업 / 산업용 유리 제조업 / 디스플레이 장치용 유리 제조업,MANUFACTURING,제조업,True,True,leaf_unit,False,,,,,,,,,,,,,,,
23129,기타 산업용 유리제품 제조업,기타 산업용 유리제품 제조업,기타 산업용 유리제품 제조업,subdetail,5,True,2312,2,23.0,231.0,2312.0,23129.0,제조업,비금속 광물제품 제조업,유리 및 유리제품 제조업,산업용 유리 제조업,기타 산업용 유리제품 제조업,제조업,2/23/231/2312/23129, / 비금속 광물제품 제조업 / 유리 및 유리제품 제조업 / 산업용 유리 제조업 / 기타 산업용 유리제품 제조업,MANUFACTURING,제조업,True,True,leaf_unit,False,,,,,,,,,,,,,,,
23191,가정용 유리제품 제조업,가정용 유리제품 제조업,가정용 유리제품 제조업,subdetail,5,True,2319,2,23.0,231.0,2319.0,23191.0,제조업,비금속 광물제품 제조업,유리 및 유리제품 제조업,기타 유리제품 제조업,가정용 유리제품 제조업,제조업,2/23/231/2319/23191, / 비금속 광물제품 제조업 / 유리 및 유리제품 제조업 / 기타 유리제품 제조업 / 가정용 유리제품 제조업,MANUFACTURING,제조업,True,True,leaf_unit,False,,,,,,,,,,,,,,,
23192,포장용 유리용기 제조업,포장용 유리용기 제조업,포장용 유리용기 제조업,subdetail,5,True,2319,2,23.0,231.0,2319.0,23192.0,제조업,비금속 광물제품 제조업,유리 및 유리제품 제조업,기타 유리제품 제조업,포장용 유리용기 제조업,제조업,2/23/231/2319/23192, / 비금속 광물제품 제조업 / 유리 및 유리제품 제조업 / 기타 유리제품 제조업 / 포장용 유리용기 제조업,MANUFACTURING,제조업,True,True,leaf_unit,False,,,,,,,,,,,,,,,
23199,그 외 기타 유리제품 제조업,그 외 기타 유리제품 제조업,그 외 기타 유리제품 제조업,subdetail,5,True,2319,2,23.0,231.0,2319.0,23199.0,제조업,비금속 광물제품 제조업,유리 및 유리제품 제조업,기타 유리제품 제조업,그 외 기타 유리제품 제조업,제조업,2/23/231/2319/23199, / 비금속 광물제품 제조업 / 유리 및 유리제품 제조업 / 기타 유리제품 제조업 / 그 외 기타 유리제품 제조업,MANUFACTURING,제조업,True,True,leaf_unit,False,,,,,,,,,,,,,,,
23211,정형 내화 요업제품 제조업,정형 내화 요업제품 제조업,정형 내화 요업제품 제조업,subdetail,5,True,2321,2,23.0,232.0,2321.0,23211.0,제조업,비금속 광물제품 제조업,"내화, 비내화 요업제품 제조업",내화 요업제품 제조업,정형 내화 요업제품 제조업,제조업,2/23/232/2321/23211," / 비금속 광물제품 제조업 / 내화, 비내화 요업제품 제조업 / 내화 요업제품 제조업 / 정형 내화 요업제품 제조업",MANUFACTURING,제조업,True,True,leaf_unit,False,,,,,,,,,,,,,,,
23212,부정형 내화 요업제품 제조업,부정형 내화 요업제품 제조업,부정형 내화 요업제품 제조업,subdetail,5,True,2321,2,23.0,232.0,2321.0,23212.0,제조업,비금속 광물제품 제조업,"내화, 비내화 요업제품 제조업",내화 요업제품 제조업,부정형 내화 요업제품 제조업,제조업,2/23/232/2321/23212," / 비금속 광물제품 제조업 / 내화, 비내화 요업제품 제조업 / 내화 요업제품 제조업 / 부정형 내화 요업제품 제조업",MANUFACTURING,제조업,True,True,leaf_unit,False,,,,,,,,,,,,,,,
23221,가정용 및 장식용 도자기 제조업,가정용 및 장식용 도자기 제조업,가정용 및 장식용 도자기 제조업,subdetail,5,True,2322,2,23.0,232.0,2322.0,23221.0,제조업,비금속 광물제품 제조업,"내화, 비내화 요업제품 제조업",비내화 일반 도자기 제조업,가정용 및 장식용 도자기 제조업,제조업,2/23/232/2322/23221," / 비금속 광물제품 제조업 / 내화, 비내화 요업제품 제조업 / 비내화 일반 도자기 제조업 / 가정용 및 장식용 도자기 제조업",MANUFACTURING,제조업,True,True,leaf_unit,False,,,,,,,,,,,,,,,
23222,위생용 및 산업용 도자기 제조업,위생용 및 산업용 도자기 제조업,위생용 및 산업용 도자기 제조업,subdetail,5,True,2322,2,23.0,232.0,2322.0,23222.0,제조업,비금속 광물제품 제조업,"내화, 비내화 요업제품 제조업",비내화 일반 도자기 제조업,위생용 및 산업용 도자기 제조업,제조업,2/23/232/2322/23222," / 비금속 광물제품 제조업 / 내화, 비내화 요업제품 제조업 / 비내화 일반 도자기 제조업 / 위생용 및 산업용 도자기 제조업",MANUFACTURING,제조업,True,True,leaf_unit,False,,,,,,,,,,,,,,,
23229,기타 일반 도자기 제조업,기타 일반 도자기 제조업,기타 일반 도자기 제조업,subdetail,5,True,2322,2,23.0,232.0,2322.0,23229.0,제조업,비금속 광물제품 제조업,"내화, 비내화 요업제품 제조업",비내화 일반 도자기 제조업,기타 일반 도자기 제조업,제조업,2/23/232/2322/23229," / 비금속 광물제품 제조업 / 내화, 비내화 요업제품 제조업 / 비내화 일반 도자기 제조업 / 기타 일반 도자기 제조업",MANUFACTURING,제조업,True,True,leaf_unit,False,,,,,,,,,,,,,,,
23231,"점토 벽돌, 블록 및 유사 비내화 요업제품 제조업","점토 벽돌, 블록 및 유사 비내화 요업제품 제조업","점토 벽돌, 블록 및 유사 비내화 요업제품 제조업",subdetail,5,True,2323,2,23.0,232.0,2323.0,23231.0,제조업,비금속 광물제품 제조업,"내화, 비내화 요업제품 제조업",건축용 비내화 요업제품 제조업,"점토 벽돌, 블록 및 유사 비내화 요업제품 제조업",제조업,2/23/232/2323/23231," / 비금속 광물제품 제조업 / 내화, 비내화 요업제품 제조업 / 건축용 비내화 요업제품 제조업 / 점토 벽돌, 블록 및 유사 비내화 요업제품 제조업",MANUFACTURING,제조업,True,True,leaf_unit,False,,,,,,,,,,,,,,,
23232,타일 및 유사 비내화 요업제품 제조업,타일 및 유사 비내화 요업제품 제조업,타일 및 유사 비내화 요업제품 제조업,subdetail,5,True,2323,2,23.0,232.0,2323.0,23232.0,제조업,비금속 광물제품 제조업,"내화, 비내화 요업제품 제조업",건축용 비내화 요업제품 제조업,타일 및 유사 비내화 요업제품 제조업,제조업,2/23/232/2323/23232," / 비금속 광물제품 제조업 / 내화, 비내화 요업제품 제조업 / 건축용 비내화 요업제품 제조업 / 타일 및 유사 비내화 요업제품 제조업",MANUFACTURING,제조업,True,True,leaf_unit,False,,,,,,,,,,,,,,,
23239,기타 건축용 비내화 요업제품 제조업,기타 건축용 비내화 요업제품 제조업,기타 건축용 비내화 요업제품 제조업,subdetail,5,True,2323,2,23.0,232.0,2323.0,23239.0,제조업,비금속 광물제품 제조업,"내화, 비내화 요업제품 제조업",건축용 비내화 요업제품 제조업,기타 건축용 비내화 요업제품 제조업,제조업,2/23/232/2323/23239," / 비금속 광물제품 제조업 / 내화, 비내화 요업제품 제조업 / 건축용 비내화 요업제품 제조업 / 기타 건축용 비내화 요업제품 제조업",MANUFACTURING,제조업,True,True,leaf_unit,False,,,,,,,,,,,,,,,
23311,시멘트 제조업,시멘트 제조업,시멘트 제조업,subdetail,5,True,2331,2,23.0,233.0,2331.0,23311.0,제조업,비금속 광물제품 제조업,"시멘트, 석회, 플라스터 및 그 제품 제조업","시멘트, 석회 및 플라스터 제조업",시멘트 제조업,제조업,2/23/233/2331/23311," / 비금속 광물제품 제조업 / 시멘트, 석회, 플라스터 및 그 제품 제조업 / 시멘트, 석회 및 플라스터 제조업 / 시멘트 제조업",MANUFACTURING,제조업,True,True,leaf_unit,False,,,,,,,,,,,,,,,
23312,석회 및 플라스터 제조업,석회 및 플라스터 제조업,석회 및 플라스터 제조업,subdetail,5,True,2331,2,23.0,233.0,2331.0,23312.0,제조업,비금속 광물제품 제조업,"시멘트, 석회, 플라스터 및 그 제품 제조업","시멘트, 석회 및 플라스터 제조업",석회 및 플라스터 제조업,제조업,2/23/233/2331/23312," / 비금속 광물제품 제조업 / 시멘트, 석회, 플라스터 및 그 제품 제조업 / 시멘트, 석회 및 플라스터 제조업 / 석회 및 플라스터 제조업",MANUFACTURING,제조업,True,True,leaf_unit,False,,,,,,,,,,,,,,,
23321,비내화 모르타르 제조업,비내화 모르타르 제조업,비내화 모르타르 제조업,subdetail,5,True,2332,2,23.0,233.0,2332.0,23321.0,제조업,비금속 광물제품 제조업,"시멘트, 석회, 플라스터 및 그 제품 제조업","콘크리트, 레미콘 및 기타 시멘트, 플라스터 제품 제조업",비내화 모르타르 제조업,제조업,2/23/233/2332/23321," / 비금속 광물제품 제조업 / 시멘트, 석회, 플라스터 및 그 제품 제조업 / 콘크리트, 레미콘 및 기타 시멘트, 플라스터 제품 제조업 / 비내화 모르타르 제조업",MANUFACTURING,제조업,True,True,leaf_unit,False,,,,,,,,,,,,,,,
23322,레미콘 제조업,레미콘 제조업,레미콘 제조업,subdetail,5,True,2332,2,23.0,233.0,2332.0,23322.0,제조업,비금속 광물제품 제조업,"시멘트, 석회, 플라스터 및 그 제품 제조업","콘크리트, 레미콘 및 기타 시멘트, 플라스터 제품 제조업",레미콘 제조업,제조업,2/23/233/2332/23322," / 비금속 광물제품 제조업 / 시멘트, 석회, 플라스터 및 그 제품 제조업 / 콘크리트, 레미콘 및 기타 시멘트, 플라스터 제품 제조업 / 레미콘 제조업",MANUFACTURING,제조업,True,True,leaf_unit,False,,,,,,,,,,,,,,,
23323,플라스터 혼합제품 제조업,플라스터 혼합제품 제조업,플라스터 혼합제품 제조업,subdetail,5,True,2332,2,23.0,233.0,2332.0,23323.0,제조업,비금속 광물제품 제조업,"시멘트, 석회, 플라스터 및 그 제품 제조업","콘크리트, 레미콘 및 기타 시멘트, 플라스터 제품 제조업",플라스터 혼합제품 제조업,제조업,2/23/233/2332/23323," / 비금속 광물제품 제조업 / 시멘트, 석회, 플라스터 및 그 제품 제조업 / 콘크리트, 레미콘 및 기타 시멘트, 플라스터 제품 제조업 / 플라스터 혼합제품 제조업",MANUFACTURING,제조업,True,True,leaf_unit,False,,,,,,,,,,,,,,,
23324,"콘크리트 타일, 기와, 벽돌 및 블록 제조업","콘크리트 타일, 기와, 벽돌 및 블록 제조업","콘크리트 타일, 기와, 벽돌 및 블록 제조업",subdetail,5,True,2332,2,23.0,233.0,2332.0,23324.0,제조업,비금속 광물제품 제조업,"시멘트, 석회, 플라스터 및 그 제품 제조업","콘크리트, 레미콘 및 기타 시멘트, 플라스터 제품 제조업","콘크리트 타일, 기와, 벽돌 및 블록 제조업",제조업,2/23/233/2332/23324," / 비금속 광물제품 제조업 / 시멘트, 석회, 플라스터 및 그 제품 제조업 / 콘크리트, 레미콘 및 기타 시멘트, 플라스터 제품 제조업 / 콘크리트 타일, 기와, 벽돌 및 블록 제조업",MANUFACTURING,제조업,True,True,leaf_unit,False,,,,,,,,,,,,,,,
23325,콘크리트 관 및 기타 구조용 콘크리트제품 제조업,콘크리트 관 및 기타 구조용 콘크리트제품 제조업,콘크리트 관 및 기타 구조용 콘크리트제품 제조업,subdetail,5,True,2332,2,23.0,233.0,2332.0,23325.0,제조업,비금속 광물제품 제조업,"시멘트, 석회, 플라스터 및 그 제품 제조업","콘크리트, 레미콘 및 기타 시멘트, 플라스터 제품 제조업",콘크리트 관 및 기타 구조용 콘크리트제품 제조업,제조업,2/23/233/2332/23325," / 비금속 광물제품 제조업 / 시멘트, 석회, 플라스터 및 그 제품 제조업 / 콘크리트, 레미콘 및 기타 시멘트, 플라스터 제품 제조업 / 콘크리트 관 및 기타 구조용 콘크리트제품 제조업",MANUFACTURING,제조업,True,True,leaf_unit,False,,,,,,,,,,,,,,,
23326,인조대리석 제품 제조업,인조대리석 제품 제조업,인조대리석 제품 제조업,subdetail,5,True,2332,2,23.0,233.0,2332.0,23326.0,제조업,비금속 광물제품 제조업,"시멘트, 석회, 플라스터 및 그 제품 제조업","콘크리트, 레미콘 및 기타 시멘트, 플라스터 제품 제조업",인조대리석 제품 제조업,제조업,2/23/233/2332/23326," / 비금속 광물제품 제조업 / 시멘트, 석회, 플라스터 및 그 제품 제조업 / 콘크리트, 레미콘 및 기타 시멘트, 플라스터 제품 제조업 / 인조대리석 제품 제조업",MANUFACTURING,제조업,True,True,leaf_unit,False,,,,,,,,,,,,,,,
23329,그 외 기타 콘크리트 제품 및 유사제품 제조업,그 외 기타 콘크리트 제품 및 유사제품 제조업,그 외 기타 콘크리트 제품 및 유사제품 제조업,subdetail,5,True,2332,2,23.0,233.0,2332.0,23329.0,제조업,비금속 광물제품 제조업,"시멘트, 석회, 플라스터 및 그 제품 제조업","콘크리트, 레미콘 및 기타 시멘트, 플라스터 제품 제조업",그 외 기타 콘크리트 제품 및 유사제품 제조업,제조업,2/23/233/2332/23329," / 비금속 광물제품 제조업 / 시멘트, 석회, 플라스터 및 그 제품 제조업 / 콘크리트, 레미콘 및 기타 시멘트, 플라스터 제품 제조업 / 그 외 기타 콘크리트 제품 및 유사제품 제조업",MANUFACTURING,제조업,True,True,leaf_unit,False,,,,,,,,,,,,,,,
23911,건설용 석제품 제조업,건설용 석제품 제조업,건설용 석제품 제조업,subdetail,5,True,2391,2,23.0,239.0,2391.0,23911.0,제조업,비금속 광물제품 제조업,기타 비금속 광물제품 제조업,석제품 제조업,건설용 석제품 제조업,제조업,2/23/239/2391/23911, / 비금속 광물제품 제조업 / 기타 비금속 광물제품 제조업 / 석제품 제조업 / 건설용 석제품 제조업,MANUFACTURING,제조업,True,True,leaf_unit,False,,,,,,,,,,,,,,,
23919,기타 석제품 제조업,기타 석제품 제조업,기타 석제품 제조업,subdetail,5,True,2391,2,23.0,239.0,2391.0,23919.0,제조업,비금속 광물제품 제조업,기타 비금속 광물제품 제조업,석제품 제조업,기타 석제품 제조업,제조업,2/23/239/2391/23919, / 비금속 광물제품 제조업 / 기타 비금속 광물제품 제조업 / 석제품 제조업 / 기타 석제품 제조업,MANUFACTURING,제조업,True,True,leaf_unit,False,,,,,,,,,,,,,,,
23991,아스팔트 콘크리트 및 혼합제품 제조업,아스팔트 콘크리트 및 혼합제품 제조업,아스팔트 콘크리트 및 혼합제품 제조업,subdetail,5,True,2399,2,23.0,239.0,2399.0,23991.0,제조업,비금속 광물제품 제조업,기타 비금속 광물제품 제조업,그 외 기타 비금속 광물제품 제조업,아스팔트 콘크리트 및 혼합제품 제조업,제조업,2/23/239/2399/23991, / 비금속 광물제품 제조업 / 기타 비금속 광물제품 제조업 / 그 외 기타 비금속 광물제품 제조업 / 아스팔트 콘크리트 및 혼합제품 제조업,MANUFACTURING,제조업,True,True,leaf_unit,False,,,,,,,,,,,,,,,
23992,연마재 제조업,연마재 제조업,연마재 제조업,subdetail,5,True,2399,2,23.0,239.0,2399.0,23992.0,제조업,비금속 광물제품 제조업,기타 비금속 광물제품 제조업,그 외 기타 비금속 광물제품 제조업,연마재 제조업,제조업,2/23/239/2399/23992, / 비금속 광물제품 제조업 / 기타 비금속 광물제품 제조업 / 그 외 기타 비금속 광물제품 제조업 / 연마재 제조업,MANUFACTURING,제조업,True,True,leaf_unit,False,,,,,,,,,,,,,,,
23993,비금속광물 분쇄물 생산업,비금속광물 분쇄물 생산업,비금속광물 분쇄물 생산업,subdetail,5,True,2399,2,23.0,239.0,2399.0,23993.0,제조업,비금속 광물제품 제조업,기타 비금속 광물제품 제조업,그 외 기타 비금속 광물제품 제조업,비금속광물 분쇄물 생산업,제조업,2/23/239/2399/23993, / 비금속 광물제품 제조업 / 기타 비금속 광물제품 제조업 / 그 외 기타 비금속 광물제품 제조업 / 비금속광물 분쇄물 생산업,MANUFACTURING,제조업,True,True,leaf_unit,False,,,,,,,,,,,,,,,
23994,암면 및 유사제품 제조업,암면 및 유사제품 제조업,암면 및 유사제품 제조업,subdetail,5,True,2399,2,23.0,239.0,2399.0,23994.0,제조업,비금속 광물제품 제조업,기타 비금속 광물제품 제조업,그 외 기타 비금속 광물제품 제조업,암면 및 유사제품 제조업,제조업,2/23/239/2399/23994, / 비금속 광물제품 제조업 / 기타 비금속 광물제품 제조업 / 그 외 기타 비금속 광물제품 제조업 / 암면 및 유사제품 제조업,MANUFACTURING,제조업,True,True,leaf_unit,False,,,,,,,,,,,,,,,
23995,탄소섬유 제조업,탄소섬유 제조업,탄소섬유 제조업,subdetail,5,True,2399,2,23.0,239.0,2399.0,23995.0,제조업,비금속 광물제품 제조업,기타 비금속 광물제품 제조업,그 외 기타 비금속 광물제품 제조업,탄소섬유 제조업,제조업,2/23/239/2399/23995, / 비금속 광물제품 제조업 / 기타 비금속 광물제품 제조업 / 그 외 기타 비금속 광물제품 제조업 / 탄소섬유 제조업,MANUFACTURING,제조업,True,True,leaf_unit,False,,,,,,,,,,,,,,,
23999,그 외 기타 분류 안된 비금속 광물제품 제조업,그 외 기타 분류 안된 비금속 광물제품 제조업,그 외 기타 분류 안된 비금속 광물제품 제조업,subdetail,5,True,2399,2,23.0,239.0,2399.0,23999.0,제조업,비금속 광물제품 제조업,기타 비금속 광물제품 제조업,그 외 기타 비금속 광물제품 제조업,그 외 기타 분류 안된 비금속 광물제품 제조업,제조업,2/23/239/2399/23999, / 비금속 광물제품 제조업 / 기타 비금속 광물제품 제조업 / 그 외 기타 비금속 광물제품 제조업 / 그 외 기타 분류 안된 비금속 광물제품 제조업,MANUFACTURING,제조업,True,True,leaf_unit,False,,,,,,,,,,,,,,,
24111,제철업,제철업,제철업,subdetail,5,True,2411,2,24.0,241.0,2411.0,24111.0,제조업,1차 금속 제조업,1차 철강 제조업,"제철, 제강 및 합금철 제조업",제철업,제조업,2/24/241/2411/24111," / 1차 금속 제조업 / 1차 철강 제조업 / 제철, 제강 및 합금철 제조업 / 제철업",MANUFACTURING,제조업,True,True,leaf_unit,False,,,,,,,,,,,,,,,
24112,제강업,제강업,제강업,subdetail,5,True,2411,2,24.0,241.0,2411.0,24112.0,제조업,1차 금속 제조업,1차 철강 제조업,"제철, 제강 및 합금철 제조업",제강업,제조업,2/24/241/2411/24112," / 1차 금속 제조업 / 1차 철강 제조업 / 제철, 제강 및 합금철 제조업 / 제강업",MANUFACTURING,제조업,True,True,leaf_unit,False,,,,,,,,,,,,,,,
24113,합금철 제조업,합금철 제조업,합금철 제조업,subdetail,5,True,2411,2,24.0,241.0,2411.0,24113.0,제조업,1차 금속 제조업,1차 철강 제조업,"제철, 제강 및 합금철 제조업",합금철 제조업,제조업,2/24/241/2411/24113," / 1차 금속 제조업 / 1차 철강 제조업 / 제철, 제강 및 합금철 제조업 / 합금철 제조업",MANUFACTURING,제조업,True,True,leaf_unit,False,,,,,,,,,,,,,,,
24119,기타 제철 및 제강업,기타 제철 및 제강업,기타 제철 및 제강업,subdetail,5,True,2411,2,24.0,241.0,2411.0,24119.0,제조업,1차 금속 제조업,1차 철강 제조업,"제철, 제강 및 합금철 제조업",기타 제철 및 제강업,제조업,2/24/241/2411/24119," / 1차 금속 제조업 / 1차 철강 제조업 / 제철, 제강 및 합금철 제조업 / 기타 제철 및 제강업",MANUFACTURING,제조업,True,True,leaf_unit,False,,,,,,,,,,,,,,,
24121,열간 압연 및 압출 제품 제조업,열간 압연 및 압출 제품 제조업,열간 압연 및 압출 제품 제조업,subdetail,5,True,2412,2,24.0,241.0,2412.0,24121.0,제조업,1차 금속 제조업,1차 철강 제조업,"철강 압연, 압출 및 연신제품 제조업",열간 압연 및 압출 제품 제조업,제조업,2/24/241/2412/24121," / 1차 금속 제조업 / 1차 철강 제조업 / 철강 압연, 압출 및 연신제품 제조업 / 열간 압연 및 압출 제품 제조업",MANUFACTURING,제조업,True,True,leaf_unit,False,,,,,,,,,,,,,,,
24122,냉간 압연 및 압출 제품 제조업,냉간 압연 및 압출 제품 제조업,냉간 압연 및 압출 제품 제조업,subdetail,5,True,2412,2,24.0,241.0,2412.0,24122.0,제조업,1차 금속 제조업,1차 철강 제조업,"철강 압연, 압출 및 연신제품 제조업",냉간 압연 및 압출 제품 제조업,제조업,2/24/241/2412/24122," / 1차 금속 제조업 / 1차 철강 제조업 / 철강 압연, 압출 및 연신제품 제조업 / 냉간 압연 및 압출 제품 제조업",MANUFACTURING,제조업,True,True,leaf_unit,False,,,,,,,,,,,,,,,
24123,철강선 제조업,철강선 제조업,철강선 제조업,subdetail,5,True,2412,2,24.0,241.0,2412.0,24123.0,제조업,1차 금속 제조업,1차 철강 제조업,"철강 압연, 압출 및 연신제품 제조업",철강선 제조업,제조업,2/24/241/2412/24123," / 1차 금속 제조업 / 1차 철강 제조업 / 철강 압연, 압출 및 연신제품 제조업 / 철강선 제조업",MANUFACTURING,제조업,True,True,leaf_unit,False,,,,,,,,,,,,,,,
24131,주철관 제조업,주철관 제조업,주철관 제조업,subdetail,5,True,2413,2,24.0,241.0,2413.0,24131.0,제조업,1차 금속 제조업,1차 철강 제조업,철강관 제조업,주철관 제조업,제조업,2/24/241/2413/24131, / 1차 금속 제조업 / 1차 철강 제조업 / 철강관 제조업 / 주철관 제조업,MANUFACTURING,제조업,True,True,leaf_unit,False,,,,,,,,,,,,,,,
24132,강관 제조업,강관 제조업,강관 제조업,subdetail,5,True,2413,2,24.0,241.0,2413.0,24132.0,제조업,1차 금속 제조업,1차 철강 제조업,철강관 제조업,강관 제조업,제조업,2/24/241/2413/24132, / 1차 금속 제조업 / 1차 철강 제조업 / 철강관 제조업 / 강관 제조업,MANUFACTURING,제조업,True,True,leaf_unit,False,,,,,,,,,,,,,,,
24133,강관 가공품 및 관 연결구류 제조업,강관 가공품 및 관 연결구류 제조업,강관 가공품 및 관 연결구류 제조업,subdetail,5,True,2413,2,24.0,241.0,2413.0,24133.0,제조업,1차 금속 제조업,1차 철강 제조업,철강관 제조업,강관 가공품 및 관 연결구류 제조업,제조업,2/24/241/2413/24133, / 1차 금속 제조업 / 1차 철강 제조업 / 철강관 제조업 / 강관 가공품 및 관 연결구류 제조업,MANUFACTURING,제조업,True,True,leaf_unit,False,,,,,,,,,,,,,,,
24191,"도금, 착색 및 기타 표면처리강재 제조업","도금, 착색 및 기타 표면처리강재 제조업","도금, 착색 및 기타 표면처리강재 제조업",subdetail,5,True,2419,2,24.0,241.0,2419.0,24191.0,제조업,1차 금속 제조업,1차 철강 제조업,기타 1차 철강 제조업,"도금, 착색 및 기타 표면처리강재 제조업",제조업,2/24/241/2419/24191," / 1차 금속 제조업 / 1차 철강 제조업 / 기타 1차 철강 제조업 / 도금, 착색 및 기타 표면처리강재 제조업",MANUFACTURING,제조업,True,True,leaf_unit,False,,,,,,,,,,,,,,,
24199,그 외 기타 1차 철강 제조업,그 외 기타 1차 철강 제조업,그 외 기타 1차 철강 제조업,subdetail,5,True,2419,2,24.0,241.0,2419.0,24199.0,제조업,1차 금속 제조업,1차 철강 제조업,기타 1차 철강 제조업,그 외 기타 1차 철강 제조업,제조업,2/24/241/2419/24199, / 1차 금속 제조업 / 1차 철강 제조업 / 기타 1차 철강 제조업 / 그 외 기타 1차 철강 제조업,MANUFACTURING,제조업,True,True,leaf_unit,False,,,,,,,,,,,,,,,
24211,"동 제련, 정련 및 합금 제조업","동 제련, 정련 및 합금 제조업","동 제련, 정련 및 합금 제조업",subdetail,5,True,2421,2,24.0,242.0,2421.0,24211.0,제조업,1차 금속 제조업,1차 비철금속 제조업,"비철금속 제련, 정련 및 합금 제조업","동 제련, 정련 및 합금 제조업",제조업,2/24/242/2421/24211," / 1차 금속 제조업 / 1차 비철금속 제조업 / 비철금속 제련, 정련 및 합금 제조업 / 동 제련, 정련 및 합금 제조업",MANUFACTURING,제조업,True,True,leaf_unit,False,,,,,,,,,,,,,,,
24212,"알루미늄 제련, 정련 및 합금 제조업","알루미늄 제련, 정련 및 합금 제조업","알루미늄 제련, 정련 및 합금 제조업",subdetail,5,True,2421,2,24.0,242.0,2421.0,24212.0,제조업,1차 금속 제조업,1차 비철금속 제조업,"비철금속 제련, 정련 및 합금 제조업","알루미늄 제련, 정련 및 합금 제조업",제조업,2/24/242/2421/24212," / 1차 금속 제조업 / 1차 비철금속 제조업 / 비철금속 제련, 정련 및 합금 제조업 / 알루미늄 제련, 정련 및 합금 제조업",MANUFACTURING,제조업,True,True,leaf_unit,False,,,,,,,,,,,,,,,
24213,"연 및 아연 제련, 정련 및 합금 제조업","연 및 아연 제련, 정련 및 합금 제조업","연 및 아연 제련, 정련 및 합금 제조업",subdetail,5,True,2421,2,24.0,242.0,2421.0,24213.0,제조업,1차 금속 제조업,1차 비철금속 제조업,"비철금속 제련, 정련 및 합금 제조업","연 및 아연 제련, 정련 및 합금 제조업",제조업,2/24/242/2421/24213," / 1차 금속 제조업 / 1차 비철금속 제조업 / 비철금속 제련, 정련 및 합금 제조업 / 연 및 아연 제련, 정련 및 합금 제조업",MANUFACTURING,제조업,True,True,leaf_unit,False,,,,,,,,,,,,,,,
24219,"기타 비철금속 제련, 정련 및 합금 제조업","기타 비철금속 제련, 정련 및 합금 제조업","기타 비철금속 제련, 정련 및 합금 제조업",subdetail,5,True,2421,2,24.0,242.0,2421.0,24219.0,제조업,1차 금속 제조업,1차 비철금속 제조업,"비철금속 제련, 정련 및 합금 제조업","기타 비철금속 제련, 정련 및 합금 제조업",제조업,2/24/242/2421/24219," / 1차 금속 제조업 / 1차 비철금속 제조업 / 비철금속 제련, 정련 및 합금 제조업 / 기타 비철금속 제련, 정련 및 합금 제조업",MANUFACTURING,제조업,True,True,leaf_unit,False,,,,,,,,,,,,,,,
24221,"동 압연, 압출 및 연신제품 제조업","동 압연, 압출 및 연신제품 제조업","동 압연, 압출 및 연신제품 제조업",subdetail,5,True,2422,2,24.0,242.0,2422.0,24221.0,제조업,1차 금속 제조업,1차 비철금속 제조업,"비철금속 압연, 압출 및 연신제품 제조업","동 압연, 압출 및 연신제품 제조업",제조업,2/24/242/2422/24221," / 1차 금속 제조업 / 1차 비철금속 제조업 / 비철금속 압연, 압출 및 연신제품 제조업 / 동 압연, 압출 및 연신제품 제조업",MANUFACTURING,제조업,True,True,leaf_unit,False,,,,,,,,,,,,,,,
24222,"알루미늄 압연, 압출 및 연신제품 제조업","알루미늄 압연, 압출 및 연신제품 제조업","알루미늄 압연, 압출 및 연신제품 제조업",subdetail,5,True,2422,2,24.0,242.0,2422.0,24222.0,제조업,1차 금속 제조업,1차 비철금속 제조업,"비철금속 압연, 압출 및 연신제품 제조업","알루미늄 압연, 압출 및 연신제품 제조업",제조업,2/24/242/2422/24222," / 1차 금속 제조업 / 1차 비철금속 제조업 / 비철금속 압연, 압출 및 연신제품 제조업 / 알루미늄 압연, 압출 및 연신제품 제조업",MANUFACTURING,제조업,True,True,leaf_unit,False,,,,,,,,,,,,,,,
24229,"기타 비철금속 압연, 압출 및 연신 제품 제조업","기타 비철금속 압연, 압출 및 연신 제품 제조업","기타 비철금속 압연, 압출 및 연신 제품 제조업",subdetail,5,True,2422,2,24.0,242.0,2422.0,24229.0,제조업,1차 금속 제조업,1차 비철금속 제조업,"비철금속 압연, 압출 및 연신제품 제조업","기타 비철금속 압연, 압출 및 연신 제품 제조업",제조업,2/24/242/2422/24229," / 1차 금속 제조업 / 1차 비철금속 제조업 / 비철금속 압연, 압출 및 연신제품 제조업 / 기타 비철금속 압연, 압출 및 연신 제품 제조업",MANUFACTURING,제조업,True,True,leaf_unit,False,,,,,,,,,,,,,,,
24290,기타 1차 비철금속 제조업,기타 1차 비철금속 제조업,기타 1차 비철금속 제조업,subdetail,5,True,2429,2,24.0,242.0,2429.0,24290.0,제조업,1차 금속 제조업,1차 비철금속 제조업,기타 1차 비철금속 제조업,기타 1차 비철금속 제조업,제조업,2/24/242/2429/24290, / 1차 금속 제조업 / 1차 비철금속 제조업 / 기타 1차 비철금속 제조업 / 기타 1차 비철금속 제조업,MANUFACTURING,제조업,True,True,leaf_unit,False,,,,,,,,,,,,,,,
24311,선철주물 주조업,선철주물 주조업,선철주물 주조업,subdetail,5,True,2431,2,24.0,243.0,2431.0,24311.0,제조업,1차 금속 제조업,금속 주조업,철강 주조업,선철주물 주조업,제조업,2/24/243/2431/24311, / 1차 금속 제조업 / 금속 주조업 / 철강 주조업 / 선철주물 주조업,MANUFACTURING,제조업,True,True,leaf_unit,False,,,,,,,,,,,,,,,
24312,강주물 주조업,강주물 주조업,강주물 주조업,subdetail,5,True,2431,2,24.0,243.0,2431.0,24312.0,제조업,1차 금속 제조업,금속 주조업,철강 주조업,강주물 주조업,제조업,2/24/243/2431/24312, / 1차 금속 제조업 / 금속 주조업 / 철강 주조업 / 강주물 주조업,MANUFACTURING,제조업,True,True,leaf_unit,False,,,,,,,,,,,,,,,
24321,알루미늄주물 주조업,알루미늄주물 주조업,알루미늄주물 주조업,subdetail,5,True,2432,2,24.0,243.0,2432.0,24321.0,제조업,1차 금속 제조업,금속 주조업,비철금속 주조업,알루미늄주물 주조업,제조업,2/24/243/2432/24321, / 1차 금속 제조업 / 금속 주조업 / 비철금속 주조업 / 알루미늄주물 주조업,MANUFACTURING,제조업,True,True,leaf_unit,False,,,,,,,,,,,,,,,
24329,기타 비철금속 주조업,기타 비철금속 주조업,기타 비철금속 주조업,subdetail,5,True,2432,2,24.0,243.0,2432.0,24329.0,제조업,1차 금속 제조업,금속 주조업,비철금속 주조업,기타 비철금속 주조업,제조업,2/24/243/2432/24329, / 1차 금속 제조업 / 금속 주조업 / 비철금속 주조업 / 기타 비철금속 주조업,MANUFACTURING,제조업,True,True,leaf_unit,False,,,,,,,,,,,,,,,
25111,"금속 문, 창, 셔터 및 관련제품 제조업","금속 문, 창, 셔터 및 관련제품 제조업","금속 문, 창, 셔터 및 관련제품 제조업",subdetail,5,True,2511,2,25.0,251.0,2511.0,25111.0,제조업,"금속 가공제품 제조업, 기계 및 가구 제외","구조용 금속제품, 탱크 및 증기발생기 제조업",구조용 금속제품 제조업,"금속 문, 창, 셔터 및 관련제품 제조업",제조업,2/25/251/2511/25111," / 금속 가공제품 제조업, 기계 및 가구 제외 / 구조용 금속제품, 탱크 및 증기발생기 제조업 / 구조용 금속제품 제조업 / 금속 문, 창, 셔터 및 관련제품 제조업",MANUFACTURING,제조업,True,True,leaf_unit,False,,,,,,,,,,,,,,,
25112,구조용 금속 판제품 및 공작물 제조업,구조용 금속 판제품 및 공작물 제조업,구조용 금속 판제품 및 공작물 제조업,subdetail,5,True,2511,2,25.0,251.0,2511.0,25112.0,제조업,"금속 가공제품 제조업, 기계 및 가구 제외","구조용 금속제품, 탱크 및 증기발생기 제조업",구조용 금속제품 제조업,구조용 금속 판제품 및 공작물 제조업,제조업,2/25/251/2511/25112," / 금속 가공제품 제조업, 기계 및 가구 제외 / 구조용 금속제품, 탱크 및 증기발생기 제조업 / 구조용 금속제품 제조업 / 구조용 금속 판제품 및 공작물 제조업",MANUFACTURING,제조업,True,True,leaf_unit,False,,,,,,,,,,,,,,,
25113,육상 금속 골조 구조재 제조업,육상 금속 골조 구조재 제조업,육상 금속 골조 구조재 제조업,subdetail,5,True,2511,2,25.0,251.0,2511.0,25113.0,제조업,"금속 가공제품 제조업, 기계 및 가구 제외","구조용 금속제품, 탱크 및 증기발생기 제조업",구조용 금속제품 제조업,육상 금속 골조 구조재 제조업,제조업,2/25/251/2511/25113," / 금속 가공제품 제조업, 기계 및 가구 제외 / 구조용 금속제품, 탱크 및 증기발생기 제조업 / 구조용 금속제품 제조업 / 육상 금속 골조 구조재 제조업",MANUFACTURING,제조업,True,True,leaf_unit,False,,,,,,,,,,,,,,,
25114,수상 금속 골조 구조재 제조업,수상 금속 골조 구조재 제조업,수상 금속 골조 구조재 제조업,subdetail,5,True,2511,2,25.0,251.0,2511.0,25114.0,제조업,"금속 가공제품 제조업, 기계 및 가구 제외","구조용 금속제품, 탱크 및 증기발생기 제조업",구조용 금속제품 제조업,수상 금속 골조 구조재 제조업,제조업,2/25/251/2511/25114," / 금속 가공제품 제조업, 기계 및 가구 제외 / 구조용 금속제품, 탱크 및 증기발생기 제조업 / 구조용 금속제품 제조업 / 수상 금속 골조 구조재 제조업",MANUFACTURING,제조업,True,True,leaf_unit,False,,,,,,,,,,,,,,,
25119,기타 구조용 금속제품 제조업,기타 구조용 금속제품 제조업,기타 구조용 금속제품 제조업,subdetail,5,True,2511,2,25.0,251.0,2511.0,25119.0,제조업,"금속 가공제품 제조업, 기계 및 가구 제외","구조용 금속제품, 탱크 및 증기발생기 제조업",구조용 금속제품 제조업,기타 구조용 금속제품 제조업,제조업,2/25/251/2511/25119," / 금속 가공제품 제조업, 기계 및 가구 제외 / 구조용 금속제품, 탱크 및 증기발생기 제조업 / 구조용 금속제품 제조업 / 기타 구조용 금속제품 제조업",MANUFACTURING,제조업,True,True,leaf_unit,False,,,,,,,,,,,,,,,
25121,산업용 난방보일러 및 방열기 제조업,산업용 난방보일러 및 방열기 제조업,산업용 난방보일러 및 방열기 제조업,subdetail,5,True,2512,2,25.0,251.0,2512.0,25121.0,제조업,"금속 가공제품 제조업, 기계 및 가구 제외","구조용 금속제품, 탱크 및 증기발생기 제조업","산업용 난방 보일러, 금속탱크 및 유사 용기 제조업",산업용 난방보일러 및 방열기 제조업,제조업,2/25/251/2512/25121," / 금속 가공제품 제조업, 기계 및 가구 제외 / 구조용 금속제품, 탱크 및 증기발생기 제조업 / 산업용 난방 보일러, 금속탱크 및 유사 용기 제조업 / 산업용 난방보일러 및 방열기 제조업",MANUFACTURING,제조업,True,True,leaf_unit,False,,,,,,,,,,,,,,,
25122,금속탱크 및 저장용기 제조업,금속탱크 및 저장용기 제조업,금속탱크 및 저장용기 제조업,subdetail,5,True,2512,2,25.0,251.0,2512.0,25122.0,제조업,"금속 가공제품 제조업, 기계 및 가구 제외","구조용 금속제품, 탱크 및 증기발생기 제조업","산업용 난방 보일러, 금속탱크 및 유사 용기 제조업",금속탱크 및 저장용기 제조업,제조업,2/25/251/2512/25122," / 금속 가공제품 제조업, 기계 및 가구 제외 / 구조용 금속제품, 탱크 및 증기발생기 제조업 / 산업용 난방 보일러, 금속탱크 및 유사 용기 제조업 / 금속탱크 및 저장용기 제조업",MANUFACTURING,제조업,True,True,leaf_unit,False,,,,,,,,,,,,,,,
25123,압축 및 액화 가스용기 제조업,압축 및 액화 가스용기 제조업,압축 및 액화 가스용기 제조업,subdetail,5,True,2512,2,25.0,251.0,2512.0,25123.0,제조업,"금속 가공제품 제조업, 기계 및 가구 제외","구조용 금속제품, 탱크 및 증기발생기 제조업","산업용 난방 보일러, 금속탱크 및 유사 용기 제조업",압축 및 액화 가스용기 제조업,제조업,2/25/251/2512/25123," / 금속 가공제품 제조업, 기계 및 가구 제외 / 구조용 금속제품, 탱크 및 증기발생기 제조업 / 산업용 난방 보일러, 금속탱크 및 유사 용기 제조업 / 압축 및 액화 가스용기 제조업",MANUFACTURING,제조업,True,True,leaf_unit,False,,,,,,,,,,,,,,,
25130,핵반응기 및 증기보일러 제조업,핵반응기 및 증기보일러 제조업,핵반응기 및 증기보일러 제조업,subdetail,5,True,2513,2,25.0,251.0,2513.0,25130.0,제조업,"금속 가공제품 제조업, 기계 및 가구 제외","구조용 금속제품, 탱크 및 증기발생기 제조업",핵반응기 및 증기보일러 제조업,핵반응기 및 증기보일러 제조업,제조업,2/25/251/2513/25130," / 금속 가공제품 제조업, 기계 및 가구 제외 / 구조용 금속제품, 탱크 및 증기발생기 제조업 / 핵반응기 및 증기보일러 제조업 / 핵반응기 및 증기보일러 제조업",MANUFACTURING,제조업,True,True,leaf_unit,False,,,,,,,,,,,,,,,
25200,무기 및 총포탄 제조업,무기 및 총포탄 제조업,무기 및 총포탄 제조업,subdetail,5,True,2520,2,25.0,252.0,2520.0,25200.0,제조업,"금속 가공제품 제조업, 기계 및 가구 제외",무기 및 총포탄 제조업,무기 및 총포탄 제조업,무기 및 총포탄 제조업,제조업,2/25/252/2520/25200," / 금속 가공제품 제조업, 기계 및 가구 제외 / 무기 및 총포탄 제조업 / 무기 및 총포탄 제조업 / 무기 및 총포탄 제조업",MANUFACTURING,제조업,True,True,leaf_unit,False,,,,,,,,,,,,,,,
25911,분말 야금제품 제조업,분말 야금제품 제조업,분말 야금제품 제조업,subdetail,5,True,2591,2,25.0,259.0,2591.0,25911.0,제조업,"금속 가공제품 제조업, 기계 및 가구 제외",기타 금속 가공제품 제조업,"금속 단조, 압형 및 분말 야금제품 제조업",분말 야금제품 제조업,제조업,2/25/259/2591/25911," / 금속 가공제품 제조업, 기계 및 가구 제외 / 기타 금속 가공제품 제조업 / 금속 단조, 압형 및 분말 야금제품 제조업 / 분말 야금제품 제조업",MANUFACTURING,제조업,True,True,leaf_unit,False,,,,,,,,,,,,,,,
25912,금속 단조제품 제조업,금속 단조제품 제조업,금속 단조제품 제조업,subdetail,5,True,2591,2,25.0,259.0,2591.0,25912.0,제조업,"금속 가공제품 제조업, 기계 및 가구 제외",기타 금속 가공제품 제조업,"금속 단조, 압형 및 분말 야금제품 제조업",금속 단조제품 제조업,제조업,2/25/259/2591/25912," / 금속 가공제품 제조업, 기계 및 가구 제외 / 기타 금속 가공제품 제조업 / 금속 단조, 압형 및 분말 야금제품 제조업 / 금속 단조제품 제조업",MANUFACTURING,제조업,True,True,leaf_unit,False,,,,,,,,,,,,,,,
25913,자동차용 금속 압형제품 제조업,자동차용 금속 압형제품 제조업,자동차용 금속 압형제품 제조업,subdetail,5,True,2591,2,25.0,259.0,2591.0,25913.0,제조업,"금속 가공제품 제조업, 기계 및 가구 제외",기타 금속 가공제품 제조업,"금속 단조, 압형 및 분말 야금제품 제조업",자동차용 금속 압형제품 제조업,제조업,2/25/259/2591/25913," / 금속 가공제품 제조업, 기계 및 가구 제외 / 기타 금속 가공제품 제조업 / 금속 단조, 압형 및 분말 야금제품 제조업 / 자동차용 금속 압형제품 제조업",MANUFACTURING,제조업,True,True,leaf_unit,False,,,,,,,,,,,,,,,
25914,그 외 금속 압형제품 제조업,그 외 금속 압형제품 제조업,그 외 금속 압형제품 제조업,subdetail,5,True,2591,2,25.0,259.0,2591.0,25914.0,제조업,"금속 가공제품 제조업, 기계 및 가구 제외",기타 금속 가공제품 제조업,"금속 단조, 압형 및 분말 야금제품 제조업",그 외 금속 압형제품 제조업,제조업,2/25/259/2591/25914," / 금속 가공제품 제조업, 기계 및 가구 제외 / 기타 금속 가공제품 제조업 / 금속 단조, 압형 및 분말 야금제품 제조업 / 그 외 금속 압형제품 제조업",MANUFACTURING,제조업,True,True,leaf_unit,False,,,,,,,,,,,,,,,
25921,금속 열처리업,금속 열처리업,금속 열처리업,subdetail,5,True,2592,2,25.0,259.0,2592.0,25921.0,제조업,"금속 가공제품 제조업, 기계 및 가구 제외",기타 금속 가공제품 제조업,"금속 열처리, 도금 및 기타 금속 가공업",금속 열처리업,제조업,2/25/259/2592/25921," / 금속 가공제품 제조업, 기계 및 가구 제외 / 기타 금속 가공제품 제조업 / 금속 열처리, 도금 및 기타 금속 가공업 / 금속 열처리업",MANUFACTURING,제조업,True,True,leaf_unit,False,,,,,,,,,,,,,,,
25922,도금업,도금업,도금업,subdetail,5,True,2592,2,25.0,259.0,2592.0,25922.0,제조업,"금속 가공제품 제조업, 기계 및 가구 제외",기타 금속 가공제품 제조업,"금속 열처리, 도금 및 기타 금속 가공업",도금업,제조업,2/25/259/2592/25922," / 금속 가공제품 제조업, 기계 및 가구 제외 / 기타 금속 가공제품 제조업 / 금속 열처리, 도금 및 기타 금속 가공업 / 도금업",MANUFACTURING,제조업,True,True,leaf_unit,False,,,,,,,,,,,,,,,
25923,도장 및 기타 피막처리업,도장 및 기타 피막처리업,도장 및 기타 피막처리업,subdetail,5,True,2592,2,25.0,259.0,2592.0,25923.0,제조업,"금속 가공제품 제조업, 기계 및 가구 제외",기타 금속 가공제품 제조업,"금속 열처리, 도금 및 기타 금속 가공업",도장 및 기타 피막처리업,제조업,2/25/259/2592/25923," / 금속 가공제품 제조업, 기계 및 가구 제외 / 기타 금속 가공제품 제조업 / 금속 열처리, 도금 및 기타 금속 가공업 / 도장 및 기타 피막처리업",MANUFACTURING,제조업,True,True,leaf_unit,False,,,,,,,,,,,,,,,
25924,절삭가공 및 유사처리업,절삭가공 및 유사처리업,절삭가공 및 유사처리업,subdetail,5,True,2592,2,25.0,259.0,2592.0,25924.0,제조업,"금속 가공제품 제조업, 기계 및 가구 제외",기타 금속 가공제품 제조업,"금속 열처리, 도금 및 기타 금속 가공업",절삭가공 및 유사처리업,제조업,2/25/259/2592/25924," / 금속 가공제품 제조업, 기계 및 가구 제외 / 기타 금속 가공제품 제조업 / 금속 열처리, 도금 및 기타 금속 가공업 / 절삭가공 및 유사처리업",MANUFACTURING,제조업,True,True,leaf_unit,False,,,,,,,,,,,,,,,
25929,그 외 기타 금속가공업,그 외 기타 금속가공업,그 외 기타 금속가공업,subdetail,5,True,2592,2,25.0,259.0,2592.0,25929.0,제조업,"금속 가공제품 제조업, 기계 및 가구 제외",기타 금속 가공제품 제조업,"금속 열처리, 도금 및 기타 금속 가공업",그 외 기타 금속가공업,제조업,2/25/259/2592/25929," / 금속 가공제품 제조업, 기계 및 가구 제외 / 기타 금속 가공제품 제조업 / 금속 열처리, 도금 및 기타 금속 가공업 / 그 외 기타 금속가공업",MANUFACTURING,제조업,True,True,leaf_unit,False,,,,,,,,,,,,,,,
25931,날붙이 제조업,날붙이 제조업,날붙이 제조업,subdetail,5,True,2593,2,25.0,259.0,2593.0,25931.0,제조업,"금속 가공제품 제조업, 기계 및 가구 제외",기타 금속 가공제품 제조업,"날붙이, 수공구 및 일반 철물 제조업",날붙이 제조업,제조업,2/25/259/2593/25931," / 금속 가공제품 제조업, 기계 및 가구 제외 / 기타 금속 가공제품 제조업 / 날붙이, 수공구 및 일반 철물 제조업 / 날붙이 제조업",MANUFACTURING,제조업,True,True,leaf_unit,False,,,,,,,,,,,,,,,
25932,일반철물 제조업,일반철물 제조업,일반철물 제조업,subdetail,5,True,2593,2,25.0,259.0,2593.0,25932.0,제조업,"금속 가공제품 제조업, 기계 및 가구 제외",기타 금속 가공제품 제조업,"날붙이, 수공구 및 일반 철물 제조업",일반철물 제조업,제조업,2/25/259/2593/25932," / 금속 가공제품 제조업, 기계 및 가구 제외 / 기타 금속 가공제품 제조업 / 날붙이, 수공구 및 일반 철물 제조업 / 일반철물 제조업",MANUFACTURING,제조업,True,True,leaf_unit,False,,,,,,,,,,,,,,,
25933,비동력식 수공구 제조업,비동력식 수공구 제조업,비동력식 수공구 제조업,subdetail,5,True,2593,2,25.0,259.0,2593.0,25933.0,제조업,"금속 가공제품 제조업, 기계 및 가구 제외",기타 금속 가공제품 제조업,"날붙이, 수공구 및 일반 철물 제조업",비동력식 수공구 제조업,제조업,2/25/259/2593/25933," / 금속 가공제품 제조업, 기계 및 가구 제외 / 기타 금속 가공제품 제조업 / 날붙이, 수공구 및 일반 철물 제조업 / 비동력식 수공구 제조업",MANUFACTURING,제조업,True,True,leaf_unit,False,,,,,,,,,,,,,,,
25934,톱 및 호환성 공구 제조업,톱 및 호환성 공구 제조업,톱 및 호환성 공구 제조업,subdetail,5,True,2593,2,25.0,259.0,2593.0,25934.0,제조업,"금속 가공제품 제조업, 기계 및 가구 제외",기타 금속 가공제품 제조업,"날붙이, 수공구 및 일반 철물 제조업",톱 및 호환성 공구 제조업,제조업,2/25/259/2593/25934," / 금속 가공제품 제조업, 기계 및 가구 제외 / 기타 금속 가공제품 제조업 / 날붙이, 수공구 및 일반 철물 제조업 / 톱 및 호환성 공구 제조업",MANUFACTURING,제조업,True,True,leaf_unit,False,,,,,,,,,,,,,,,
25941,볼트 및 너트류 제조업,볼트 및 너트류 제조업,볼트 및 너트류 제조업,subdetail,5,True,2594,2,25.0,259.0,2594.0,25941.0,제조업,"금속 가공제품 제조업, 기계 및 가구 제외",기타 금속 가공제품 제조업,"금속 파스너, 스프링 및 금속선 가공제품 제조업",볼트 및 너트류 제조업,제조업,2/25/259/2594/25941," / 금속 가공제품 제조업, 기계 및 가구 제외 / 기타 금속 가공제품 제조업 / 금속 파스너, 스프링 및 금속선 가공제품 제조업 / 볼트 및 너트류 제조업",MANUFACTURING,제조업,True,True,leaf_unit,False,,,,,,,,,,,,,,,
25942,그 외 금속파스너 및 나사제품 제조업,그 외 금속파스너 및 나사제품 제조업,그 외 금속파스너 및 나사제품 제조업,subdetail,5,True,2594,2,25.0,259.0,2594.0,25942.0,제조업,"금속 가공제품 제조업, 기계 및 가구 제외",기타 금속 가공제품 제조업,"금속 파스너, 스프링 및 금속선 가공제품 제조업",그 외 금속파스너 및 나사제품 제조업,제조업,2/25/259/2594/25942," / 금속 가공제품 제조업, 기계 및 가구 제외 / 기타 금속 가공제품 제조업 / 금속 파스너, 스프링 및 금속선 가공제품 제조업 / 그 외 금속파스너 및 나사제품 제조업",MANUFACTURING,제조업,True,True,leaf_unit,False,,,,,,,,,,,,,,,
25943,금속 스프링 제조업,금속 스프링 제조업,금속 스프링 제조업,subdetail,5,True,2594,2,25.0,259.0,2594.0,25943.0,제조업,"금속 가공제품 제조업, 기계 및 가구 제외",기타 금속 가공제품 제조업,"금속 파스너, 스프링 및 금속선 가공제품 제조업",금속 스프링 제조업,제조업,2/25/259/2594/25943," / 금속 가공제품 제조업, 기계 및 가구 제외 / 기타 금속 가공제품 제조업 / 금속 파스너, 스프링 및 금속선 가공제품 제조업 / 금속 스프링 제조업",MANUFACTURING,제조업,True,True,leaf_unit,False,,,,,,,,,,,,,,,
25944,금속선 가공제품 제조업,금속선 가공제품 제조업,금속선 가공제품 제조업,subdetail,5,True,2594,2,25.0,259.0,2594.0,25944.0,제조업,"금속 가공제품 제조업, 기계 및 가구 제외",기타 금속 가공제품 제조업,"금속 파스너, 스프링 및 금속선 가공제품 제조업",금속선 가공제품 제조업,제조업,2/25/259/2594/25944," / 금속 가공제품 제조업, 기계 및 가구 제외 / 기타 금속 가공제품 제조업 / 금속 파스너, 스프링 및 금속선 가공제품 제조업 / 금속선 가공제품 제조업",MANUFACTURING,제조업,True,True,leaf_unit,False,,,,,,,,,,,,,,,
25991,금속 캔 및 기타 포장용기 제조업,금속 캔 및 기타 포장용기 제조업,금속 캔 및 기타 포장용기 제조업,subdetail,5,True,2599,2,25.0,259.0,2599.0,25991.0,제조업,"금속 가공제품 제조업, 기계 및 가구 제외",기타 금속 가공제품 제조업,그 외 기타 금속 가공제품 제조업,금속 캔 및 기타 포장용기 제조업,제조업,2/25/259/2599/25991," / 금속 가공제품 제조업, 기계 및 가구 제외 / 기타 금속 가공제품 제조업 / 그 외 기타 금속 가공제품 제조업 / 금속 캔 및 기타 포장용기 제조업",MANUFACTURING,제조업,True,True,leaf_unit,False,,,,,,,,,,,,,,,
25992,수동식 식품 가공기기 및 금속 주방용기 제조업,수동식 식품 가공기기 및 금속 주방용기 제조업,수동식 식품 가공기기 및 금속 주방용기 제조업,subdetail,5,True,2599,2,25.0,259.0,2599.0,25992.0,제조업,"금속 가공제품 제조업, 기계 및 가구 제외",기타 금속 가공제품 제조업,그 외 기타 금속 가공제품 제조업,수동식 식품 가공기기 및 금속 주방용기 제조업,제조업,2/25/259/2599/25992," / 금속 가공제품 제조업, 기계 및 가구 제외 / 기타 금속 가공제품 제조업 / 그 외 기타 금속 가공제품 제조업 / 수동식 식품 가공기기 및 금속 주방용기 제조업",MANUFACTURING,제조업,True,True,leaf_unit,False,,,,,,,,,,,,,,,
25993,금속 위생용품 제조업,금속 위생용품 제조업,금속 위생용품 제조업,subdetail,5,True,2599,2,25.0,259.0,2599.0,25993.0,제조업,"금속 가공제품 제조업, 기계 및 가구 제외",기타 금속 가공제품 제조업,그 외 기타 금속 가공제품 제조업,금속 위생용품 제조업,제조업,2/25/259/2599/25993," / 금속 가공제품 제조업, 기계 및 가구 제외 / 기타 금속 가공제품 제조업 / 그 외 기타 금속 가공제품 제조업 / 금속 위생용품 제조업",MANUFACTURING,제조업,True,True,leaf_unit,False,,,,,,,,,,,,,,,
25994,금속 표시판 제조업,금속 표시판 제조업,금속 표시판 제조업,subdetail,5,True,2599,2,25.0,259.0,2599.0,25994.0,제조업,"금속 가공제품 제조업, 기계 및 가구 제외",기타 금속 가공제품 제조업,그 외 기타 금속 가공제품 제조업,금속 표시판 제조업,제조업,2/25/259/2599/25994," / 금속 가공제품 제조업, 기계 및 가구 제외 / 기타 금속 가공제품 제조업 / 그 외 기타 금속 가공제품 제조업 / 금속 표시판 제조업",MANUFACTURING,제조업,True,True,leaf_unit,False,,,,,,,,,,,,,,,
25995,피복 및 충전 용접봉 제조업,피복 및 충전 용접봉 제조업,피복 및 충전 용접봉 제조업,subdetail,5,True,2599,2,25.0,259.0,2599.0,25995.0,제조업,"금속 가공제품 제조업, 기계 및 가구 제외",기타 금속 가공제품 제조업,그 외 기타 금속 가공제품 제조업,피복 및 충전 용접봉 제조업,제조업,2/25/259/2599/25995," / 금속 가공제품 제조업, 기계 및 가구 제외 / 기타 금속 가공제품 제조업 / 그 외 기타 금속 가공제품 제조업 / 피복 및 충전 용접봉 제조업",MANUFACTURING,제조업,True,True,leaf_unit,False,,,,,,,,,,,,,,,
25999,그 외 기타 분류 안된 금속 가공 제품 제조업,그 외 기타 분류 안된 금속 가공 제품 제조업,그 외 기타 분류 안된 금속 가공 제품 제조업,subdetail,5,True,2599,2,25.0,259.0,2599.0,25999.0,제조업,"금속 가공제품 제조업, 기계 및 가구 제외",기타 금속 가공제품 제조업,그 외 기타 금속 가공제품 제조업,그 외 기타 분류 안된 금속 가공 제품 제조업,제조업,2/25/259/2599/25999," / 금속 가공제품 제조업, 기계 및 가구 제외 / 기타 금속 가공제품 제조업 / 그 외 기타 금속 가공제품 제조업 / 그 외 기타 분류 안된 금속 가공 제품 제조업",MANUFACTURING,제조업,True,True,leaf_unit,False,,,,,,,,,,,,,,,
26111,메모리용 전자집적회로 제조업,메모리용 전자집적회로 제조업,메모리용 전자집적회로 제조업,subdetail,5,True,2611,2,26.0,261.0,2611.0,26111.0,제조업,"전자 부품, 컴퓨터, 영상, 음향 및 통신장비 제조업",반도체 제조업,전자집적회로 제조업,메모리용 전자집적회로 제조업,제조업,2/26/261/2611/26111," / 전자 부품, 컴퓨터, 영상, 음향 및 통신장비 제조업 / 반도체 제조업 / 전자집적회로 제조업 / 메모리용 전자집적회로 제조업",MANUFACTURING,제조업,True,True,leaf_unit,False,,,,,,,,,,,,,,,
26112,비메모리용 및 기타 전자집적회로 제조업,비메모리용 및 기타 전자집적회로 제조업,비메모리용 및 기타 전자집적회로 제조업,subdetail,5,True,2611,2,26.0,261.0,2611.0,26112.0,제조업,"전자 부품, 컴퓨터, 영상, 음향 및 통신장비 제조업",반도체 제조업,전자집적회로 제조업,비메모리용 및 기타 전자집적회로 제조업,제조업,2/26/261/2611/26112," / 전자 부품, 컴퓨터, 영상, 음향 및 통신장비 제조업 / 반도체 제조업 / 전자집적회로 제조업 / 비메모리용 및 기타 전자집적회로 제조업",MANUFACTURING,제조업,True,True,leaf_unit,False,,,,,,,,,,,,,,,
26121,발광 다이오드 제조업,발광 다이오드 제조업,발광 다이오드 제조업,subdetail,5,True,2612,2,26.0,261.0,2612.0,26121.0,제조업,"전자 부품, 컴퓨터, 영상, 음향 및 통신장비 제조업",반도체 제조업,"다이오드, 트랜지스터 및 유사 반도체 소자 제조업",발광 다이오드 제조업,제조업,2/26/261/2612/26121," / 전자 부품, 컴퓨터, 영상, 음향 및 통신장비 제조업 / 반도체 제조업 / 다이오드, 트랜지스터 및 유사 반도체 소자 제조업 / 발광 다이오드 제조업",MANUFACTURING,제조업,True,True,leaf_unit,False,,,,,,,,,,,,,,,
26129,기타 반도체소자 제조업,기타 반도체소자 제조업,기타 반도체소자 제조업,subdetail,5,True,2612,2,26.0,261.0,2612.0,26129.0,제조업,"전자 부품, 컴퓨터, 영상, 음향 및 통신장비 제조업",반도체 제조업,"다이오드, 트랜지스터 및 유사 반도체 소자 제조업",기타 반도체소자 제조업,제조업,2/26/261/2612/26129," / 전자 부품, 컴퓨터, 영상, 음향 및 통신장비 제조업 / 반도체 제조업 / 다이오드, 트랜지스터 및 유사 반도체 소자 제조업 / 기타 반도체소자 제조업",MANUFACTURING,제조업,True,True,leaf_unit,False,,,,,,,,,,,,,,,
26211,액정 표시장치 제조업,액정 표시장치 제조업,액정 표시장치 제조업,subdetail,5,True,2621,2,26.0,262.0,2621.0,26211.0,제조업,"전자 부품, 컴퓨터, 영상, 음향 및 통신장비 제조업",전자 부품 제조업,표시장치 제조업,액정 표시장치 제조업,제조업,2/26/262/2621/26211," / 전자 부품, 컴퓨터, 영상, 음향 및 통신장비 제조업 / 전자 부품 제조업 / 표시장치 제조업 / 액정 표시장치 제조업",MANUFACTURING,제조업,True,True,leaf_unit,False,,,,,,,,,,,,,,,
26212,유기발광 표시장치 제조업,유기발광 표시장치 제조업,유기발광 표시장치 제조업,subdetail,5,True,2621,2,26.0,262.0,2621.0,26212.0,제조업,"전자 부품, 컴퓨터, 영상, 음향 및 통신장비 제조업",전자 부품 제조업,표시장치 제조업,유기발광 표시장치 제조업,제조업,2/26/262/2621/26212," / 전자 부품, 컴퓨터, 영상, 음향 및 통신장비 제조업 / 전자 부품 제조업 / 표시장치 제조업 / 유기발광 표시장치 제조업",MANUFACTURING,제조업,True,True,leaf_unit,False,,,,,,,,,,,,,,,
26219,기타 표시장치 제조업,기타 표시장치 제조업,기타 표시장치 제조업,subdetail,5,True,2621,2,26.0,262.0,2621.0,26219.0,제조업,"전자 부품, 컴퓨터, 영상, 음향 및 통신장비 제조업",전자 부품 제조업,표시장치 제조업,기타 표시장치 제조업,제조업,2/26/262/2621/26219," / 전자 부품, 컴퓨터, 영상, 음향 및 통신장비 제조업 / 전자 부품 제조업 / 표시장치 제조업 / 기타 표시장치 제조업",MANUFACTURING,제조업,True,True,leaf_unit,False,,,,,,,,,,,,,,,
26221,인쇄회로기판용 적층판 제조업,인쇄회로기판용 적층판 제조업,인쇄회로기판용 적층판 제조업,subdetail,5,True,2622,2,26.0,262.0,2622.0,26221.0,제조업,"전자 부품, 컴퓨터, 영상, 음향 및 통신장비 제조업",전자 부품 제조업,인쇄회로기판 및 전자부품 실장기판 제조업,인쇄회로기판용 적층판 제조업,제조업,2/26/262/2622/26221," / 전자 부품, 컴퓨터, 영상, 음향 및 통신장비 제조업 / 전자 부품 제조업 / 인쇄회로기판 및 전자부품 실장기판 제조업 / 인쇄회로기판용 적층판 제조업",MANUFACTURING,제조업,True,True,leaf_unit,False,,,,,,,,,,,,,,,
26222,경성 인쇄회로기판 제조업,경성 인쇄회로기판 제조업,경성 인쇄회로기판 제조업,subdetail,5,True,2622,2,26.0,262.0,2622.0,26222.0,제조업,"전자 부품, 컴퓨터, 영상, 음향 및 통신장비 제조업",전자 부품 제조업,인쇄회로기판 및 전자부품 실장기판 제조업,경성 인쇄회로기판 제조업,제조업,2/26/262/2622/26222," / 전자 부품, 컴퓨터, 영상, 음향 및 통신장비 제조업 / 전자 부품 제조업 / 인쇄회로기판 및 전자부품 실장기판 제조업 / 경성 인쇄회로기판 제조업",MANUFACTURING,제조업,True,True,leaf_unit,False,,,,,,,,,,,,,,,
26223,연성 및 기타 인쇄회로기판 제조업,연성 및 기타 인쇄회로기판 제조업,연성 및 기타 인쇄회로기판 제조업,subdetail,5,True,2622,2,26.0,262.0,2622.0,26223.0,제조업,"전자 부품, 컴퓨터, 영상, 음향 및 통신장비 제조업",전자 부품 제조업,인쇄회로기판 및 전자부품 실장기판 제조업,연성 및 기타 인쇄회로기판 제조업,제조업,2/26/262/2622/26223," / 전자 부품, 컴퓨터, 영상, 음향 및 통신장비 제조업 / 전자 부품 제조업 / 인쇄회로기판 및 전자부품 실장기판 제조업 / 연성 및 기타 인쇄회로기판 제조업",MANUFACTURING,제조업,True,True,leaf_unit,False,,,,,,,,,,,,,,,
26224,전자부품 실장기판 제조업,전자부품 실장기판 제조업,전자부품 실장기판 제조업,subdetail,5,True,2622,2,26.0,262.0,2622.0,26224.0,제조업,"전자 부품, 컴퓨터, 영상, 음향 및 통신장비 제조업",전자 부품 제조업,인쇄회로기판 및 전자부품 실장기판 제조업,전자부품 실장기판 제조업,제조업,2/26/262/2622/26224," / 전자 부품, 컴퓨터, 영상, 음향 및 통신장비 제조업 / 전자 부품 제조업 / 인쇄회로기판 및 전자부품 실장기판 제조업 / 전자부품 실장기판 제조업",MANUFACTURING,제조업,True,True,leaf_unit,False,,,,,,,,,,,,,,,
26291,전자축전기 제조업,전자축전기 제조업,전자축전기 제조업,subdetail,5,True,2629,2,26.0,262.0,2629.0,26291.0,제조업,"전자 부품, 컴퓨터, 영상, 음향 및 통신장비 제조업",전자 부품 제조업,기타 전자 부품 제조업,전자축전기 제조업,제조업,2/26/262/2629/26291," / 전자 부품, 컴퓨터, 영상, 음향 및 통신장비 제조업 / 전자 부품 제조업 / 기타 전자 부품 제조업 / 전자축전기 제조업",MANUFACTURING,제조업,True,True,leaf_unit,False,,,,,,,,,,,,,,,
26292,전자저항기 및 전자카드 제조업,전자저항기 및 전자카드 제조업,전자저항기 및 전자카드 제조업,subdetail,5,True,2629,2,26.0,262.0,2629.0,26292.0,제조업,"전자 부품, 컴퓨터, 영상, 음향 및 통신장비 제조업",전자 부품 제조업,기타 전자 부품 제조업,전자저항기 및 전자카드 제조업,제조업,2/26/262/2629/26292," / 전자 부품, 컴퓨터, 영상, 음향 및 통신장비 제조업 / 전자 부품 제조업 / 기타 전자 부품 제조업 / 전자저항기 및 전자카드 제조업",MANUFACTURING,제조업,True,True,leaf_unit,False,,,,,,,,,,,,,,,
26293,"전자코일, 변성기 및 기타 전자 유도자 제조업","전자코일, 변성기 및 기타 전자 유도자 제조업","전자코일, 변성기 및 기타 전자 유도자 제조업",subdetail,5,True,2629,2,26.0,262.0,2629.0,26293.0,제조업,"전자 부품, 컴퓨터, 영상, 음향 및 통신장비 제조업",전자 부품 제조업,기타 전자 부품 제조업,"전자코일, 변성기 및 기타 전자 유도자 제조업",제조업,2/26/262/2629/26293," / 전자 부품, 컴퓨터, 영상, 음향 및 통신장비 제조업 / 전자 부품 제조업 / 기타 전자 부품 제조업 / 전자코일, 변성기 및 기타 전자 유도자 제조업",MANUFACTURING,제조업,True,True,leaf_unit,False,,,,,,,,,,,,,,,
26294,전자감지장치 제조업,전자감지장치 제조업,전자감지장치 제조업,subdetail,5,True,2629,2,26.0,262.0,2629.0,26294.0,제조업,"전자 부품, 컴퓨터, 영상, 음향 및 통신장비 제조업",전자 부품 제조업,기타 전자 부품 제조업,전자감지장치 제조업,제조업,2/26/262/2629/26294," / 전자 부품, 컴퓨터, 영상, 음향 및 통신장비 제조업 / 전자 부품 제조업 / 기타 전자 부품 제조업 / 전자감지장치 제조업",MANUFACTURING,제조업,True,True,leaf_unit,False,,,,,,,,,,,,,,,
26299,그 외 기타 전자부품 제조업,그 외 기타 전자부품 제조업,그 외 기타 전자부품 제조업,subdetail,5,True,2629,2,26.0,262.0,2629.0,26299.0,제조업,"전자 부품, 컴퓨터, 영상, 음향 및 통신장비 제조업",전자 부품 제조업,기타 전자 부품 제조업,그 외 기타 전자부품 제조업,제조업,2/26/262/2629/26299," / 전자 부품, 컴퓨터, 영상, 음향 및 통신장비 제조업 / 전자 부품 제조업 / 기타 전자 부품 제조업 / 그 외 기타 전자부품 제조업",MANUFACTURING,제조업,True,True,leaf_unit,False,,,,,,,,,,,,,,,
26310,컴퓨터 제조업,컴퓨터 제조업,컴퓨터 제조업,subdetail,5,True,2631,2,26.0,263.0,2631.0,26310.0,제조업,"전자 부품, 컴퓨터, 영상, 음향 및 통신장비 제조업",컴퓨터 및 주변 장치 제조업,컴퓨터 제조업,컴퓨터 제조업,제조업,2/26/263/2631/26310," / 전자 부품, 컴퓨터, 영상, 음향 및 통신장비 제조업 / 컴퓨터 및 주변 장치 제조업 / 컴퓨터 제조업 / 컴퓨터 제조업",MANUFACTURING,제조업,True,True,leaf_unit,False,,,,,,,,,,,,,,,
26321,기억장치 제조업,기억장치 제조업,기억장치 제조업,subdetail,5,True,2632,2,26.0,263.0,2632.0,26321.0,제조업,"전자 부품, 컴퓨터, 영상, 음향 및 통신장비 제조업",컴퓨터 및 주변 장치 제조업,기억 장치 및 주변 기기 제조업,기억장치 제조업,제조업,2/26/263/2632/26321," / 전자 부품, 컴퓨터, 영상, 음향 및 통신장비 제조업 / 컴퓨터 및 주변 장치 제조업 / 기억 장치 및 주변 기기 제조업 / 기억장치 제조업",MANUFACTURING,제조업,True,True,leaf_unit,False,,,,,,,,,,,,,,,
26322,컴퓨터 모니터 제조업,컴퓨터 모니터 제조업,컴퓨터 모니터 제조업,subdetail,5,True,2632,2,26.0,263.0,2632.0,26322.0,제조업,"전자 부품, 컴퓨터, 영상, 음향 및 통신장비 제조업",컴퓨터 및 주변 장치 제조업,기억 장치 및 주변 기기 제조업,컴퓨터 모니터 제조업,제조업,2/26/263/2632/26322," / 전자 부품, 컴퓨터, 영상, 음향 및 통신장비 제조업 / 컴퓨터 및 주변 장치 제조업 / 기억 장치 및 주변 기기 제조업 / 컴퓨터 모니터 제조업",MANUFACTURING,제조업,True,True,leaf_unit,False,,,,,,,,,,,,,,,
26323,컴퓨터 프린터 제조업,컴퓨터 프린터 제조업,컴퓨터 프린터 제조업,subdetail,5,True,2632,2,26.0,263.0,2632.0,26323.0,제조업,"전자 부품, 컴퓨터, 영상, 음향 및 통신장비 제조업",컴퓨터 및 주변 장치 제조업,기억 장치 및 주변 기기 제조업,컴퓨터 프린터 제조업,제조업,2/26/263/2632/26323," / 전자 부품, 컴퓨터, 영상, 음향 및 통신장비 제조업 / 컴퓨터 및 주변 장치 제조업 / 기억 장치 및 주변 기기 제조업 / 컴퓨터 프린터 제조업",MANUFACTURING,제조업,True,True,leaf_unit,False,,,,,,,,,,,,,,,
26329,기타 주변기기 제조업,기타 주변기기 제조업,기타 주변기기 제조업,subdetail,5,True,2632,2,26.0,263.0,2632.0,26329.0,제조업,"전자 부품, 컴퓨터, 영상, 음향 및 통신장비 제조업",컴퓨터 및 주변 장치 제조업,기억 장치 및 주변 기기 제조업,기타 주변기기 제조업,제조업,2/26/263/2632/26329," / 전자 부품, 컴퓨터, 영상, 음향 및 통신장비 제조업 / 컴퓨터 및 주변 장치 제조업 / 기억 장치 및 주변 기기 제조업 / 기타 주변기기 제조업",MANUFACTURING,제조업,True,True,leaf_unit,False,,,,,,,,,,,,,,,
26410,유선 통신장비 제조업,유선 통신장비 제조업,유선 통신장비 제조업,subdetail,5,True,2641,2,26.0,264.0,2641.0,26410.0,제조업,"전자 부품, 컴퓨터, 영상, 음향 및 통신장비 제조업",통신 및 방송장비 제조업,유선 통신장비 제조업,유선 통신장비 제조업,제조업,2/26/264/2641/26410," / 전자 부품, 컴퓨터, 영상, 음향 및 통신장비 제조업 / 통신 및 방송장비 제조업 / 유선 통신장비 제조업 / 유선 통신장비 제조업",MANUFACTURING,제조업,True,True,leaf_unit,False,,,,,,,,,,,,,,,
26421,방송장비 제조업,방송장비 제조업,방송장비 제조업,subdetail,5,True,2642,2,26.0,264.0,2642.0,26421.0,제조업,"전자 부품, 컴퓨터, 영상, 음향 및 통신장비 제조업",통신 및 방송장비 제조업,방송 및 무선 통신장비 제조업,방송장비 제조업,제조업,2/26/264/2642/26421," / 전자 부품, 컴퓨터, 영상, 음향 및 통신장비 제조업 / 통신 및 방송장비 제조업 / 방송 및 무선 통신장비 제조업 / 방송장비 제조업",MANUFACTURING,제조업,True,True,leaf_unit,False,,,,,,,,,,,,,,,
26422,이동전화기 제조업,이동전화기 제조업,이동전화기 제조업,subdetail,5,True,2642,2,26.0,264.0,2642.0,26422.0,제조업,"전자 부품, 컴퓨터, 영상, 음향 및 통신장비 제조업",통신 및 방송장비 제조업,방송 및 무선 통신장비 제조업,이동전화기 제조업,제조업,2/26/264/2642/26422," / 전자 부품, 컴퓨터, 영상, 음향 및 통신장비 제조업 / 통신 및 방송장비 제조업 / 방송 및 무선 통신장비 제조업 / 이동전화기 제조업",MANUFACTURING,제조업,True,True,leaf_unit,False,,,,,,,,,,,,,,,
26429,기타 무선 통신장비 제조업,기타 무선 통신장비 제조업,기타 무선 통신장비 제조업,subdetail,5,True,2642,2,26.0,264.0,2642.0,26429.0,제조업,"전자 부품, 컴퓨터, 영상, 음향 및 통신장비 제조업",통신 및 방송장비 제조업,방송 및 무선 통신장비 제조업,기타 무선 통신장비 제조업,제조업,2/26/264/2642/26429," / 전자 부품, 컴퓨터, 영상, 음향 및 통신장비 제조업 / 통신 및 방송장비 제조업 / 방송 및 무선 통신장비 제조업 / 기타 무선 통신장비 제조업",MANUFACTURING,제조업,True,True,leaf_unit,False,,,,,,,,,,,,,,,
26511,텔레비전 제조업,텔레비전 제조업,텔레비전 제조업,subdetail,5,True,2651,2,26.0,265.0,2651.0,26511.0,제조업,"전자 부품, 컴퓨터, 영상, 음향 및 통신장비 제조업",영상 및 음향 기기 제조업,"텔레비전, 비디오 및 기타 영상 기기 제조업",텔레비전 제조업,제조업,2/26/265/2651/26511," / 전자 부품, 컴퓨터, 영상, 음향 및 통신장비 제조업 / 영상 및 음향 기기 제조업 / 텔레비전, 비디오 및 기타 영상 기기 제조업 / 텔레비전 제조업",MANUFACTURING,제조업,True,True,leaf_unit,False,,,,,,,,,,,,,,,
26519,비디오 및 기타 영상기기 제조업,비디오 및 기타 영상기기 제조업,비디오 및 기타 영상기기 제조업,subdetail,5,True,2651,2,26.0,265.0,2651.0,26519.0,제조업,"전자 부품, 컴퓨터, 영상, 음향 및 통신장비 제조업",영상 및 음향 기기 제조업,"텔레비전, 비디오 및 기타 영상 기기 제조업",비디오 및 기타 영상기기 제조업,제조업,2/26/265/2651/26519," / 전자 부품, 컴퓨터, 영상, 음향 및 통신장비 제조업 / 영상 및 음향 기기 제조업 / 텔레비전, 비디오 및 기타 영상 기기 제조업 / 비디오 및 기타 영상기기 제조업",MANUFACTURING,제조업,True,True,leaf_unit,False,,,,,,,,,,,,,,,
26521,"라디오, 녹음 및 재생 기기 제조업","라디오, 녹음 및 재생 기기 제조업","라디오, 녹음 및 재생 기기 제조업",subdetail,5,True,2652,2,26.0,265.0,2652.0,26521.0,제조업,"전자 부품, 컴퓨터, 영상, 음향 및 통신장비 제조업",영상 및 음향 기기 제조업,"오디오, 스피커 및 기타 음향 기기 제조업","라디오, 녹음 및 재생 기기 제조업",제조업,2/26/265/2652/26521," / 전자 부품, 컴퓨터, 영상, 음향 및 통신장비 제조업 / 영상 및 음향 기기 제조업 / 오디오, 스피커 및 기타 음향 기기 제조업 / 라디오, 녹음 및 재생 기기 제조업",MANUFACTURING,제조업,True,True,leaf_unit,False,,,,,,,,,,,,,,,
26529,기타 음향기기 제조업,기타 음향기기 제조업,기타 음향기기 제조업,subdetail,5,True,2652,2,26.0,265.0,2652.0,26529.0,제조업,"전자 부품, 컴퓨터, 영상, 음향 및 통신장비 제조업",영상 및 음향 기기 제조업,"오디오, 스피커 및 기타 음향 기기 제조업",기타 음향기기 제조업,제조업,2/26/265/2652/26529," / 전자 부품, 컴퓨터, 영상, 음향 및 통신장비 제조업 / 영상 및 음향 기기 제조업 / 오디오, 스피커 및 기타 음향 기기 제조업 / 기타 음향기기 제조업",MANUFACTURING,제조업,True,True,leaf_unit,False,,,,,,,,,,,,,,,
26600,마그네틱 및 광학 매체 제조업,마그네틱 및 광학 매체 제조업,마그네틱 및 광학 매체 제조업,subdetail,5,True,2660,2,26.0,266.0,2660.0,26600.0,제조업,"전자 부품, 컴퓨터, 영상, 음향 및 통신장비 제조업",마그네틱 및 광학 매체 제조업,마그네틱 및 광학 매체 제조업,마그네틱 및 광학 매체 제조업,제조업,2/26/266/2660/26600," / 전자 부품, 컴퓨터, 영상, 음향 및 통신장비 제조업 / 마그네틱 및 광학 매체 제조업 / 마그네틱 및 광학 매체 제조업 / 마그네틱 및 광학 매체 제조업",MANUFACTURING,제조업,True,True,leaf_unit,False,,,,,,,,,,,,,,,
27111,방사선 장치 제조업,방사선 장치 제조업,방사선 장치 제조업,subdetail,5,True,2711,2,27.0,271.0,2711.0,27111.0,제조업,"의료, 정밀, 광학 기기 및 시계 제조업",의료용 기기 제조업,방사선 장치 및 전기식 진단 기기 제조업,방사선 장치 제조업,제조업,2/27/271/2711/27111," / 의료, 정밀, 광학 기기 및 시계 제조업 / 의료용 기기 제조업 / 방사선 장치 및 전기식 진단 기기 제조업 / 방사선 장치 제조업",MANUFACTURING,제조업,True,True,leaf_unit,False,,,,,,,,,,,,,,,
27112,전기식 진단 및 요법 기기 제조업,전기식 진단 및 요법 기기 제조업,전기식 진단 및 요법 기기 제조업,subdetail,5,True,2711,2,27.0,271.0,2711.0,27112.0,제조업,"의료, 정밀, 광학 기기 및 시계 제조업",의료용 기기 제조업,방사선 장치 및 전기식 진단 기기 제조업,전기식 진단 및 요법 기기 제조업,제조업,2/27/271/2711/27112," / 의료, 정밀, 광학 기기 및 시계 제조업 / 의료용 기기 제조업 / 방사선 장치 및 전기식 진단 기기 제조업 / 전기식 진단 및 요법 기기 제조업",MANUFACTURING,제조업,True,True,leaf_unit,False,,,,,,,,,,,,,,,
27191,치과용 기기 제조업,치과용 기기 제조업,치과용 기기 제조업,subdetail,5,True,2719,2,27.0,271.0,2719.0,27191.0,제조업,"의료, 정밀, 광학 기기 및 시계 제조업",의료용 기기 제조업,기타 의료용 기기 제조업,치과용 기기 제조업,제조업,2/27/271/2719/27191," / 의료, 정밀, 광학 기기 및 시계 제조업 / 의료용 기기 제조업 / 기타 의료용 기기 제조업 / 치과용 기기 제조업",MANUFACTURING,제조업,True,True,leaf_unit,False,,,,,,,,,,,,,,,
27192,치과기공물 제조업,치과기공물 제조업,치과기공물 제조업,subdetail,5,True,2719,2,27.0,271.0,2719.0,27192.0,제조업,"의료, 정밀, 광학 기기 및 시계 제조업",의료용 기기 제조업,기타 의료용 기기 제조업,치과기공물 제조업,제조업,2/27/271/2719/27192," / 의료, 정밀, 광학 기기 및 시계 제조업 / 의료용 기기 제조업 / 기타 의료용 기기 제조업 / 치과기공물 제조업",MANUFACTURING,제조업,True,True,leaf_unit,False,,,,,,,,,,,,,,,
27193,치과용 임플란트 제조업,치과용 임플란트 제조업,치과용 임플란트 제조업,subdetail,5,True,2719,2,27.0,271.0,2719.0,27193.0,제조업,"의료, 정밀, 광학 기기 및 시계 제조업",의료용 기기 제조업,기타 의료용 기기 제조업,치과용 임플란트 제조업,제조업,2/27/271/2719/27193," / 의료, 정밀, 광학 기기 및 시계 제조업 / 의료용 기기 제조업 / 기타 의료용 기기 제조업 / 치과용 임플란트 제조업",MANUFACTURING,제조업,True,True,leaf_unit,False,,,,,,,,,,,,,,,
27194,정형 외과용 및 신체 보정용 기기 제조업,정형 외과용 및 신체 보정용 기기 제조업,정형 외과용 및 신체 보정용 기기 제조업,subdetail,5,True,2719,2,27.0,271.0,2719.0,27194.0,제조업,"의료, 정밀, 광학 기기 및 시계 제조업",의료용 기기 제조업,기타 의료용 기기 제조업,정형 외과용 및 신체 보정용 기기 제조업,제조업,2/27/271/2719/27194," / 의료, 정밀, 광학 기기 및 시계 제조업 / 의료용 기기 제조업 / 기타 의료용 기기 제조업 / 정형 외과용 및 신체 보정용 기기 제조업",MANUFACTURING,제조업,True,True,leaf_unit,False,,,,,,,,,,,,,,,
27195,안경 및 안경렌즈 제조업,안경 및 안경렌즈 제조업,안경 및 안경렌즈 제조업,subdetail,5,True,2719,2,27.0,271.0,2719.0,27195.0,제조업,"의료, 정밀, 광학 기기 및 시계 제조업",의료용 기기 제조업,기타 의료용 기기 제조업,안경 및 안경렌즈 제조업,제조업,2/27/271/2719/27195," / 의료, 정밀, 광학 기기 및 시계 제조업 / 의료용 기기 제조업 / 기타 의료용 기기 제조업 / 안경 및 안경렌즈 제조업",MANUFACTURING,제조업,True,True,leaf_unit,False,,,,,,,,,,,,,,,
27196,의료용 가구 제조업,의료용 가구 제조업,의료용 가구 제조업,subdetail,5,True,2719,2,27.0,271.0,2719.0,27196.0,제조업,"의료, 정밀, 광학 기기 및 시계 제조업",의료용 기기 제조업,기타 의료용 기기 제조업,의료용 가구 제조업,제조업,2/27/271/2719/27196," / 의료, 정밀, 광학 기기 및 시계 제조업 / 의료용 기기 제조업 / 기타 의료용 기기 제조업 / 의료용 가구 제조업",MANUFACTURING,제조업,True,True,leaf_unit,False,,,,,,,,,,,,,,,
27199,그 외 기타 의료용 기기 제조업,그 외 기타 의료용 기기 제조업,그 외 기타 의료용 기기 제조업,subdetail,5,True,2719,2,27.0,271.0,2719.0,27199.0,제조업,"의료, 정밀, 광학 기기 및 시계 제조업",의료용 기기 제조업,기타 의료용 기기 제조업,그 외 기타 의료용 기기 제조업,제조업,2/27/271/2719/27199," / 의료, 정밀, 광학 기기 및 시계 제조업 / 의료용 기기 제조업 / 기타 의료용 기기 제조업 / 그 외 기타 의료용 기기 제조업",MANUFACTURING,제조업,True,True,leaf_unit,False,,,,,,,,,,,,,,,
27211,"레이더, 항행용 무선기기 및 측량기구 제조업","레이더, 항행용 무선기기 및 측량기구 제조업","레이더, 항행용 무선기기 및 측량기구 제조업",subdetail,5,True,2721,2,27.0,272.0,2721.0,27211.0,제조업,"의료, 정밀, 광학 기기 및 시계 제조업","측정, 시험, 항해, 제어 및 기타 정밀 기기 제조업, 광학 기기 제외","측정, 시험, 항해, 제어 및 기타 정밀 기기 제조업","레이더, 항행용 무선기기 및 측량기구 제조업",제조업,2/27/272/2721/27211," / 의료, 정밀, 광학 기기 및 시계 제조업 / 측정, 시험, 항해, 제어 및 기타 정밀 기기 제조업, 광학 기기 제외 / 측정, 시험, 항해, 제어 및 기타 정밀 기기 제조업 / 레이더, 항행용 무선기기 및 측량기구 제조업",MANUFACTURING,제조업,True,True,leaf_unit,False,,,,,,,,,,,,,,,
27212,"전자기 측정, 시험 및 분석기구 제조업","전자기 측정, 시험 및 분석기구 제조업","전자기 측정, 시험 및 분석기구 제조업",subdetail,5,True,2721,2,27.0,272.0,2721.0,27212.0,제조업,"의료, 정밀, 광학 기기 및 시계 제조업","측정, 시험, 항해, 제어 및 기타 정밀 기기 제조업, 광학 기기 제외","측정, 시험, 항해, 제어 및 기타 정밀 기기 제조업","전자기 측정, 시험 및 분석기구 제조업",제조업,2/27/272/2721/27212," / 의료, 정밀, 광학 기기 및 시계 제조업 / 측정, 시험, 항해, 제어 및 기타 정밀 기기 제조업, 광학 기기 제외 / 측정, 시험, 항해, 제어 및 기타 정밀 기기 제조업 / 전자기 측정, 시험 및 분석기구 제조업",MANUFACTURING,제조업,True,True,leaf_unit,False,,,,,,,,,,,,,,,
27213,"물질 검사, 측정 및 분석기구 제조업","물질 검사, 측정 및 분석기구 제조업","물질 검사, 측정 및 분석기구 제조업",subdetail,5,True,2721,2,27.0,272.0,2721.0,27213.0,제조업,"의료, 정밀, 광학 기기 및 시계 제조업","측정, 시험, 항해, 제어 및 기타 정밀 기기 제조업, 광학 기기 제외","측정, 시험, 항해, 제어 및 기타 정밀 기기 제조업","물질 검사, 측정 및 분석기구 제조업",제조업,2/27/272/2721/27213," / 의료, 정밀, 광학 기기 및 시계 제조업 / 측정, 시험, 항해, 제어 및 기타 정밀 기기 제조업, 광학 기기 제외 / 측정, 시험, 항해, 제어 및 기타 정밀 기기 제조업 / 물질 검사, 측정 및 분석기구 제조업",MANUFACTURING,제조업,True,True,leaf_unit,False,,,,,,,,,,,,,,,
27214,속도계 및 적산계기 제조업,속도계 및 적산계기 제조업,속도계 및 적산계기 제조업,subdetail,5,True,2721,2,27.0,272.0,2721.0,27214.0,제조업,"의료, 정밀, 광학 기기 및 시계 제조업","측정, 시험, 항해, 제어 및 기타 정밀 기기 제조업, 광학 기기 제외","측정, 시험, 항해, 제어 및 기타 정밀 기기 제조업",속도계 및 적산계기 제조업,제조업,2/27/272/2721/27214," / 의료, 정밀, 광학 기기 및 시계 제조업 / 측정, 시험, 항해, 제어 및 기타 정밀 기기 제조업, 광학 기기 제외 / 측정, 시험, 항해, 제어 및 기타 정밀 기기 제조업 / 속도계 및 적산계기 제조업",MANUFACTURING,제조업,True,True,leaf_unit,False,,,,,,,,,,,,,,,
27215,기기용 자동측정 및 제어장치 제조업,기기용 자동측정 및 제어장치 제조업,기기용 자동측정 및 제어장치 제조업,subdetail,5,True,2721,2,27.0,272.0,2721.0,27215.0,제조업,"의료, 정밀, 광학 기기 및 시계 제조업","측정, 시험, 항해, 제어 및 기타 정밀 기기 제조업, 광학 기기 제외","측정, 시험, 항해, 제어 및 기타 정밀 기기 제조업",기기용 자동측정 및 제어장치 제조업,제조업,2/27/272/2721/27215," / 의료, 정밀, 광학 기기 및 시계 제조업 / 측정, 시험, 항해, 제어 및 기타 정밀 기기 제조업, 광학 기기 제외 / 측정, 시험, 항해, 제어 및 기타 정밀 기기 제조업 / 기기용 자동측정 및 제어장치 제조업",MANUFACTURING,제조업,True,True,leaf_unit,False,,,,,,,,,,,,,,,
27216,산업처리공정 제어장비 제조업,산업처리공정 제어장비 제조업,산업처리공정 제어장비 제조업,subdetail,5,True,2721,2,27.0,272.0,2721.0,27216.0,제조업,"의료, 정밀, 광학 기기 및 시계 제조업","측정, 시험, 항해, 제어 및 기타 정밀 기기 제조업, 광학 기기 제외","측정, 시험, 항해, 제어 및 기타 정밀 기기 제조업",산업처리공정 제어장비 제조업,제조업,2/27/272/2721/27216," / 의료, 정밀, 광학 기기 및 시계 제조업 / 측정, 시험, 항해, 제어 및 기타 정밀 기기 제조업, 광학 기기 제외 / 측정, 시험, 항해, 제어 및 기타 정밀 기기 제조업 / 산업처리공정 제어장비 제조업",MANUFACTURING,제조업,True,True,leaf_unit,False,,,,,,,,,,,,,,,
27219,"기타 측정, 시험, 항해, 제어 및 정밀기기 제조업","기타 측정, 시험, 항해, 제어 및 정밀기기 제조업","기타 측정, 시험, 항해, 제어 및 정밀기기 제조업",subdetail,5,True,2721,2,27.0,272.0,2721.0,27219.0,제조업,"의료, 정밀, 광학 기기 및 시계 제조업","측정, 시험, 항해, 제어 및 기타 정밀 기기 제조업, 광학 기기 제외","측정, 시험, 항해, 제어 및 기타 정밀 기기 제조업","기타 측정, 시험, 항해, 제어 및 정밀기기 제조업",제조업,2/27/272/2721/27219," / 의료, 정밀, 광학 기기 및 시계 제조업 / 측정, 시험, 항해, 제어 및 기타 정밀 기기 제조업, 광학 기기 제외 / 측정, 시험, 항해, 제어 및 기타 정밀 기기 제조업 / 기타 측정, 시험, 항해, 제어 및 정밀기기 제조업",MANUFACTURING,제조업,True,True,leaf_unit,False,,,,,,,,,,,,,,,
27220,시계 및 시계부품 제조업,시계 및 시계부품 제조업,시계 및 시계부품 제조업,subdetail,5,True,2722,2,27.0,272.0,2722.0,27220.0,제조업,"의료, 정밀, 광학 기기 및 시계 제조업","측정, 시험, 항해, 제어 및 기타 정밀 기기 제조업, 광학 기기 제외",시계 및 시계 부품 제조업,시계 및 시계부품 제조업,제조업,2/27/272/2722/27220," / 의료, 정밀, 광학 기기 및 시계 제조업 / 측정, 시험, 항해, 제어 및 기타 정밀 기기 제조업, 광학 기기 제외 / 시계 및 시계 부품 제조업 / 시계 및 시계부품 제조업",MANUFACTURING,제조업,True,True,leaf_unit,False,,,,,,,,,,,,,,,
27301,광학렌즈 및 광학요소 제조업,광학렌즈 및 광학요소 제조업,광학렌즈 및 광학요소 제조업,subdetail,5,True,2730,2,27.0,273.0,2730.0,27301.0,제조업,"의료, 정밀, 광학 기기 및 시계 제조업",사진장비 및 광학 기기 제조업,사진장비 및 광학기기 제조업,광학렌즈 및 광학요소 제조업,제조업,2/27/273/2730/27301," / 의료, 정밀, 광학 기기 및 시계 제조업 / 사진장비 및 광학 기기 제조업 / 사진장비 및 광학기기 제조업 / 광학렌즈 및 광학요소 제조업",MANUFACTURING,제조업,True,True,leaf_unit,False,,,,,,,,,,,,,,,
27309,기타 광학기기 및 사진기 제조업,기타 광학기기 및 사진기 제조업,기타 광학기기 및 사진기 제조업,subdetail,5,True,2730,2,27.0,273.0,2730.0,27309.0,제조업,"의료, 정밀, 광학 기기 및 시계 제조업",사진장비 및 광학 기기 제조업,사진장비 및 광학기기 제조업,기타 광학기기 및 사진기 제조업,제조업,2/27/273/2730/27309," / 의료, 정밀, 광학 기기 및 시계 제조업 / 사진장비 및 광학 기기 제조업 / 사진장비 및 광학기기 제조업 / 기타 광학기기 및 사진기 제조업",MANUFACTURING,제조업,True,True,leaf_unit,False,,,,,,,,,,,,,,,
28111,전동기 및 발전기 제조업,전동기 및 발전기 제조업,전동기 및 발전기 제조업,subdetail,5,True,2811,2,28.0,281.0,2811.0,28111.0,제조업,전기장비 제조업,"전동기, 발전기 및 전기 변환ㆍ공급ㆍ제어 장치 제조업","전동기, 발전기 및 전기 변환장치 제조업",전동기 및 발전기 제조업,제조업,2/28/281/2811/28111," / 전기장비 제조업 / 전동기, 발전기 및 전기 변환ㆍ공급ㆍ제어 장치 제조업 / 전동기, 발전기 및 전기 변환장치 제조업 / 전동기 및 발전기 제조업",MANUFACTURING,제조업,True,True,leaf_unit,False,,,,,,,,,,,,,,,
28112,변압기 제조업,변압기 제조업,변압기 제조업,subdetail,5,True,2811,2,28.0,281.0,2811.0,28112.0,제조업,전기장비 제조업,"전동기, 발전기 및 전기 변환ㆍ공급ㆍ제어 장치 제조업","전동기, 발전기 및 전기 변환장치 제조업",변압기 제조업,제조업,2/28/281/2811/28112," / 전기장비 제조업 / 전동기, 발전기 및 전기 변환ㆍ공급ㆍ제어 장치 제조업 / 전동기, 발전기 및 전기 변환장치 제조업 / 변압기 제조업",MANUFACTURING,제조업,True,True,leaf_unit,False,,,,,,,,,,,,,,,
28113,에너지 저장장치 제조업,에너지 저장장치 제조업,에너지 저장장치 제조업,subdetail,5,True,2811,2,28.0,281.0,2811.0,28113.0,제조업,전기장비 제조업,"전동기, 발전기 및 전기 변환ㆍ공급ㆍ제어 장치 제조업","전동기, 발전기 및 전기 변환장치 제조업",에너지 저장장치 제조업,제조업,2/28/281/2811/28113," / 전기장비 제조업 / 전동기, 발전기 및 전기 변환ㆍ공급ㆍ제어 장치 제조업 / 전동기, 발전기 및 전기 변환장치 제조업 / 에너지 저장장치 제조업",MANUFACTURING,제조업,True,True,leaf_unit,False,,,,,,,,,,,,,,,
28119,기타 전기 변환장치 제조업,기타 전기 변환장치 제조업,기타 전기 변환장치 제조업,subdetail,5,True,2811,2,28.0,281.0,2811.0,28119.0,제조업,전기장비 제조업,"전동기, 발전기 및 전기 변환ㆍ공급ㆍ제어 장치 제조업","전동기, 발전기 및 전기 변환장치 제조업",기타 전기 변환장치 제조업,제조업,2/28/281/2811/28119," / 전기장비 제조업 / 전동기, 발전기 및 전기 변환ㆍ공급ㆍ제어 장치 제조업 / 전동기, 발전기 및 전기 변환장치 제조업 / 기타 전기 변환장치 제조업",MANUFACTURING,제조업,True,True,leaf_unit,False,,,,,,,,,,,,,,,
28121,"전기회로 개폐, 보호장치 제조업","전기회로 개폐, 보호장치 제조업","전기회로 개폐, 보호장치 제조업",subdetail,5,True,2812,2,28.0,281.0,2812.0,28121.0,제조업,전기장비 제조업,"전동기, 발전기 및 전기 변환ㆍ공급ㆍ제어 장치 제조업",전기 공급 및 제어장치 제조업,"전기회로 개폐, 보호장치 제조업",제조업,2/28/281/2812/28121," / 전기장비 제조업 / 전동기, 발전기 및 전기 변환ㆍ공급ㆍ제어 장치 제조업 / 전기 공급 및 제어장치 제조업 / 전기회로 개폐, 보호장치 제조업",MANUFACTURING,제조업,True,True,leaf_unit,False,,,,,,,,,,,,,,,
28122,전기회로 접속장치 제조업,전기회로 접속장치 제조업,전기회로 접속장치 제조업,subdetail,5,True,2812,2,28.0,281.0,2812.0,28122.0,제조업,전기장비 제조업,"전동기, 발전기 및 전기 변환ㆍ공급ㆍ제어 장치 제조업",전기 공급 및 제어장치 제조업,전기회로 접속장치 제조업,제조업,2/28/281/2812/28122," / 전기장비 제조업 / 전동기, 발전기 및 전기 변환ㆍ공급ㆍ제어 장치 제조업 / 전기 공급 및 제어장치 제조업 / 전기회로 접속장치 제조업",MANUFACTURING,제조업,True,True,leaf_unit,False,,,,,,,,,,,,,,,
28123,배전반 및 전기 자동제어반 제조업,배전반 및 전기 자동제어반 제조업,배전반 및 전기 자동제어반 제조업,subdetail,5,True,2812,2,28.0,281.0,2812.0,28123.0,제조업,전기장비 제조업,"전동기, 발전기 및 전기 변환ㆍ공급ㆍ제어 장치 제조업",전기 공급 및 제어장치 제조업,배전반 및 전기 자동제어반 제조업,제조업,2/28/281/2812/28123," / 전기장비 제조업 / 전동기, 발전기 및 전기 변환ㆍ공급ㆍ제어 장치 제조업 / 전기 공급 및 제어장치 제조업 / 배전반 및 전기 자동제어반 제조업",MANUFACTURING,제조업,True,True,leaf_unit,False,,,,,,,,,,,,,,,
28201,일차전지 제조업,일차전지 제조업,일차전지 제조업,subdetail,5,True,2820,2,28.0,282.0,2820.0,28201.0,제조업,전기장비 제조업,일차전지 및 이차전지 제조업,일차전지 및 이차전지 제조업,일차전지 제조업,제조업,2/28/282/2820/28201, / 전기장비 제조업 / 일차전지 및 이차전지 제조업 / 일차전지 및 이차전지 제조업 / 일차전지 제조업,MANUFACTURING,제조업,True,True,leaf_unit,False,,,,,,,,,,,,,,,
28202,운송장비용 이차전지 제조업,운송장비용 이차전지 제조업,운송장비용 이차전지 제조업,subdetail,5,True,2820,2,28.0,282.0,2820.0,28202.0,제조업,전기장비 제조업,일차전지 및 이차전지 제조업,일차전지 및 이차전지 제조업,운송장비용 이차전지 제조업,제조업,2/28/282/2820/28202, / 전기장비 제조업 / 일차전지 및 이차전지 제조업 / 일차전지 및 이차전지 제조업 / 운송장비용 이차전지 제조업,MANUFACTURING,제조업,True,True,leaf_unit,False,,,,,,,,,,,,,,,
28209,기타 이차전지 제조업,기타 이차전지 제조업,기타 이차전지 제조업,subdetail,5,True,2820,2,28.0,282.0,2820.0,28209.0,제조업,전기장비 제조업,일차전지 및 이차전지 제조업,일차전지 및 이차전지 제조업,기타 이차전지 제조업,제조업,2/28/282/2820/28209, / 전기장비 제조업 / 일차전지 및 이차전지 제조업 / 일차전지 및 이차전지 제조업 / 기타 이차전지 제조업,MANUFACTURING,제조업,True,True,leaf_unit,False,,,,,,,,,,,,,,,
28301,광섬유 케이블 제조업,광섬유 케이블 제조업,광섬유 케이블 제조업,subdetail,5,True,2830,2,28.0,283.0,2830.0,28301.0,제조업,전기장비 제조업,절연선 및 케이블 제조업,절연선 및 케이블 제조업,광섬유 케이블 제조업,제조업,2/28/283/2830/28301, / 전기장비 제조업 / 절연선 및 케이블 제조업 / 절연선 및 케이블 제조업 / 광섬유 케이블 제조업,MANUFACTURING,제조업,True,True,leaf_unit,False,,,,,,,,,,,,,,,
28302,기타 절연선 및 케이블 제조업,기타 절연선 및 케이블 제조업,기타 절연선 및 케이블 제조업,subdetail,5,True,2830,2,28.0,283.0,2830.0,28302.0,제조업,전기장비 제조업,절연선 및 케이블 제조업,절연선 및 케이블 제조업,기타 절연선 및 케이블 제조업,제조업,2/28/283/2830/28302, / 전기장비 제조업 / 절연선 및 케이블 제조업 / 절연선 및 케이블 제조업 / 기타 절연선 및 케이블 제조업,MANUFACTURING,제조업,True,True,leaf_unit,False,,,,,,,,,,,,,,,
28303,절연 코드세트 및 기타 도체 제조업,절연 코드세트 및 기타 도체 제조업,절연 코드세트 및 기타 도체 제조업,subdetail,5,True,2830,2,28.0,283.0,2830.0,28303.0,제조업,전기장비 제조업,절연선 및 케이블 제조업,절연선 및 케이블 제조업,절연 코드세트 및 기타 도체 제조업,제조업,2/28/283/2830/28303, / 전기장비 제조업 / 절연선 및 케이블 제조업 / 절연선 및 케이블 제조업 / 절연 코드세트 및 기타 도체 제조업,MANUFACTURING,제조업,True,True,leaf_unit,False,,,,,,,,,,,,,,,
28410,전구 및 램프 제조업,전구 및 램프 제조업,전구 및 램프 제조업,subdetail,5,True,2841,2,28.0,284.0,2841.0,28410.0,제조업,전기장비 제조업,전구 및 조명장치 제조업,전구 및 램프 제조업,전구 및 램프 제조업,제조업,2/28/284/2841/28410, / 전기장비 제조업 / 전구 및 조명장치 제조업 / 전구 및 램프 제조업 / 전구 및 램프 제조업,MANUFACTURING,제조업,True,True,leaf_unit,False,,,,,,,,,,,,,,,
28421,운송장비용 조명장치 제조업,운송장비용 조명장치 제조업,운송장비용 조명장치 제조업,subdetail,5,True,2842,2,28.0,284.0,2842.0,28421.0,제조업,전기장비 제조업,전구 및 조명장치 제조업,조명장치 제조업,운송장비용 조명장치 제조업,제조업,2/28/284/2842/28421, / 전기장비 제조업 / 전구 및 조명장치 제조업 / 조명장치 제조업 / 운송장비용 조명장치 제조업,MANUFACTURING,제조업,True,True,leaf_unit,False,,,,,,,,,,,,,,,
28422,일반용 전기 조명장치 제조업,일반용 전기 조명장치 제조업,일반용 전기 조명장치 제조업,subdetail,5,True,2842,2,28.0,284.0,2842.0,28422.0,제조업,전기장비 제조업,전구 및 조명장치 제조업,조명장치 제조업,일반용 전기 조명장치 제조업,제조업,2/28/284/2842/28422, / 전기장비 제조업 / 전구 및 조명장치 제조업 / 조명장치 제조업 / 일반용 전기 조명장치 제조업,MANUFACTURING,제조업,True,True,leaf_unit,False,,,,,,,,,,,,,,,
28423,전시 및 광고용 조명장치 제조업,전시 및 광고용 조명장치 제조업,전시 및 광고용 조명장치 제조업,subdetail,5,True,2842,2,28.0,284.0,2842.0,28423.0,제조업,전기장비 제조업,전구 및 조명장치 제조업,조명장치 제조업,전시 및 광고용 조명장치 제조업,제조업,2/28/284/2842/28423, / 전기장비 제조업 / 전구 및 조명장치 제조업 / 조명장치 제조업 / 전시 및 광고용 조명장치 제조업,MANUFACTURING,제조업,True,True,leaf_unit,False,,,,,,,,,,,,,,,
28429,기타 조명장치 제조업,기타 조명장치 제조업,기타 조명장치 제조업,subdetail,5,True,2842,2,28.0,284.0,2842.0,28429.0,제조업,전기장비 제조업,전구 및 조명장치 제조업,조명장치 제조업,기타 조명장치 제조업,제조업,2/28/284/2842/28429, / 전기장비 제조업 / 전구 및 조명장치 제조업 / 조명장치 제조업 / 기타 조명장치 제조업,MANUFACTURING,제조업,True,True,leaf_unit,False,,,,,,,,,,,,,,,
28511,주방용 전기기기 제조업,주방용 전기기기 제조업,주방용 전기기기 제조업,subdetail,5,True,2851,2,28.0,285.0,2851.0,28511.0,제조업,전기장비 제조업,가정용 기기 제조업,가정용 전기 기기 제조업,주방용 전기기기 제조업,제조업,2/28/285/2851/28511, / 전기장비 제조업 / 가정용 기기 제조업 / 가정용 전기 기기 제조업 / 주방용 전기기기 제조업,MANUFACTURING,제조업,True,True,leaf_unit,False,,,,,,,,,,,,,,,
28512,가정용 전기 난방기기 제조업,가정용 전기 난방기기 제조업,가정용 전기 난방기기 제조업,subdetail,5,True,2851,2,28.0,285.0,2851.0,28512.0,제조업,전기장비 제조업,가정용 기기 제조업,가정용 전기 기기 제조업,가정용 전기 난방기기 제조업,제조업,2/28/285/2851/28512, / 전기장비 제조업 / 가정용 기기 제조업 / 가정용 전기 기기 제조업 / 가정용 전기 난방기기 제조업,MANUFACTURING,제조업,True,True,leaf_unit,False,,,,,,,,,,,,,,,
28519,기타 가정용 전기기기 제조업,기타 가정용 전기기기 제조업,기타 가정용 전기기기 제조업,subdetail,5,True,2851,2,28.0,285.0,2851.0,28519.0,제조업,전기장비 제조업,가정용 기기 제조업,가정용 전기 기기 제조업,기타 가정용 전기기기 제조업,제조업,2/28/285/2851/28519, / 전기장비 제조업 / 가정용 기기 제조업 / 가정용 전기 기기 제조업 / 기타 가정용 전기기기 제조업,MANUFACTURING,제조업,True,True,leaf_unit,False,,,,,,,,,,,,,,,
28520,가정용 비전기식 조리 및 난방 기구 제조업,가정용 비전기식 조리 및 난방 기구 제조업,가정용 비전기식 조리 및 난방 기구 제조업,subdetail,5,True,2852,2,28.0,285.0,2852.0,28520.0,제조업,전기장비 제조업,가정용 기기 제조업,가정용 비전기식 조리 및 난방 기구 제조업,가정용 비전기식 조리 및 난방 기구 제조업,제조업,2/28/285/2852/28520, / 전기장비 제조업 / 가정용 기기 제조업 / 가정용 비전기식 조리 및 난방 기구 제조업 / 가정용 비전기식 조리 및 난방 기구 제조업,MANUFACTURING,제조업,True,True,leaf_unit,False,,,,,,,,,,,,,,,
28901,전기경보 및 신호장치 제조업,전기경보 및 신호장치 제조업,전기경보 및 신호장치 제조업,subdetail,5,True,2890,2,28.0,289.0,2890.0,28901.0,제조업,전기장비 제조업,기타 전기장비 제조업,기타 전기장비 제조업,전기경보 및 신호장치 제조업,제조업,2/28/289/2890/28901, / 전기장비 제조업 / 기타 전기장비 제조업 / 기타 전기장비 제조업 / 전기경보 및 신호장치 제조업,MANUFACTURING,제조업,True,True,leaf_unit,False,,,,,,,,,,,,,,,
28902,전기용 탄소제품 및 절연제품 제조업,전기용 탄소제품 및 절연제품 제조업,전기용 탄소제품 및 절연제품 제조업,subdetail,5,True,2890,2,28.0,289.0,2890.0,28902.0,제조업,전기장비 제조업,기타 전기장비 제조업,기타 전기장비 제조업,전기용 탄소제품 및 절연제품 제조업,제조업,2/28/289/2890/28902, / 전기장비 제조업 / 기타 전기장비 제조업 / 기타 전기장비 제조업 / 전기용 탄소제품 및 절연제품 제조업,MANUFACTURING,제조업,True,True,leaf_unit,False,,,,,,,,,,,,,,,
28903,교통 신호장치 제조업,교통 신호장치 제조업,교통 신호장치 제조업,subdetail,5,True,2890,2,28.0,289.0,2890.0,28903.0,제조업,전기장비 제조업,기타 전기장비 제조업,기타 전기장비 제조업,교통 신호장치 제조업,제조업,2/28/289/2890/28903, / 전기장비 제조업 / 기타 전기장비 제조업 / 기타 전기장비 제조업 / 교통 신호장치 제조업,MANUFACTURING,제조업,True,True,leaf_unit,False,,,,,,,,,,,,,,,
28909,그 외 기타 전기장비 제조업,그 외 기타 전기장비 제조업,그 외 기타 전기장비 제조업,subdetail,5,True,2890,2,28.0,289.0,2890.0,28909.0,제조업,전기장비 제조업,기타 전기장비 제조업,기타 전기장비 제조업,그 외 기타 전기장비 제조업,제조업,2/28/289/2890/28909, / 전기장비 제조업 / 기타 전기장비 제조업 / 기타 전기장비 제조업 / 그 외 기타 전기장비 제조업,MANUFACTURING,제조업,True,True,leaf_unit,False,,,,,,,,,,,,,,,
29111,내연기관 제조업,내연기관 제조업,내연기관 제조업,subdetail,5,True,2911,2,29.0,291.0,2911.0,29111.0,제조업,기타 기계 및 장비 제조업,일반 목적용 기계 제조업,"내연기관 및 터빈 제조업, 항공기용 및 차량용 제외",내연기관 제조업,제조업,2/29/291/2911/29111," / 기타 기계 및 장비 제조업 / 일반 목적용 기계 제조업 / 내연기관 및 터빈 제조업, 항공기용 및 차량용 제외 / 내연기관 제조업",MANUFACTURING,제조업,True,True,leaf_unit,False,,,,,,,,,,,,,,,
29119,기타 기관 및 터빈 제조업,기타 기관 및 터빈 제조업,기타 기관 및 터빈 제조업,subdetail,5,True,2911,2,29.0,291.0,2911.0,29119.0,제조업,기타 기계 및 장비 제조업,일반 목적용 기계 제조업,"내연기관 및 터빈 제조업, 항공기용 및 차량용 제외",기타 기관 및 터빈 제조업,제조업,2/29/291/2911/29119," / 기타 기계 및 장비 제조업 / 일반 목적용 기계 제조업 / 내연기관 및 터빈 제조업, 항공기용 및 차량용 제외 / 기타 기관 및 터빈 제조업",MANUFACTURING,제조업,True,True,leaf_unit,False,,,,,,,,,,,,,,,
29120,유압기기 제조업,유압기기 제조업,유압기기 제조업,subdetail,5,True,2912,2,29.0,291.0,2912.0,29120.0,제조업,기타 기계 및 장비 제조업,일반 목적용 기계 제조업,유압 기기 제조업,유압기기 제조업,제조업,2/29/291/2912/29120, / 기타 기계 및 장비 제조업 / 일반 목적용 기계 제조업 / 유압 기기 제조업 / 유압기기 제조업,MANUFACTURING,제조업,True,True,leaf_unit,False,,,,,,,,,,,,,,,
29131,액체 펌프 제조업,액체 펌프 제조업,액체 펌프 제조업,subdetail,5,True,2913,2,29.0,291.0,2913.0,29131.0,제조업,기타 기계 및 장비 제조업,일반 목적용 기계 제조업,"펌프 및 압축기 제조업, 탭, 밸브 및 유사 장치 제조 포함",액체 펌프 제조업,제조업,2/29/291/2913/29131," / 기타 기계 및 장비 제조업 / 일반 목적용 기계 제조업 / 펌프 및 압축기 제조업, 탭, 밸브 및 유사 장치 제조 포함 / 액체 펌프 제조업",MANUFACTURING,제조업,True,True,leaf_unit,False,,,,,,,,,,,,,,,
29132,기체 펌프 및 압축기 제조업,기체 펌프 및 압축기 제조업,기체 펌프 및 압축기 제조업,subdetail,5,True,2913,2,29.0,291.0,2913.0,29132.0,제조업,기타 기계 및 장비 제조업,일반 목적용 기계 제조업,"펌프 및 압축기 제조업, 탭, 밸브 및 유사 장치 제조 포함",기체 펌프 및 압축기 제조업,제조업,2/29/291/2913/29132," / 기타 기계 및 장비 제조업 / 일반 목적용 기계 제조업 / 펌프 및 압축기 제조업, 탭, 밸브 및 유사 장치 제조 포함 / 기체 펌프 및 압축기 제조업",MANUFACTURING,제조업,True,True,leaf_unit,False,,,,,,,,,,,,,,,
29133,"탭, 밸브 및 유사장치 제조업","탭, 밸브 및 유사장치 제조업","탭, 밸브 및 유사장치 제조업",subdetail,5,True,2913,2,29.0,291.0,2913.0,29133.0,제조업,기타 기계 및 장비 제조업,일반 목적용 기계 제조업,"펌프 및 압축기 제조업, 탭, 밸브 및 유사 장치 제조 포함","탭, 밸브 및 유사장치 제조업",제조업,2/29/291/2913/29133," / 기타 기계 및 장비 제조업 / 일반 목적용 기계 제조업 / 펌프 및 압축기 제조업, 탭, 밸브 및 유사 장치 제조 포함 / 탭, 밸브 및 유사장치 제조업",MANUFACTURING,제조업,True,True,leaf_unit,False,,,,,,,,,,,,,,,
29141,구름베어링 제조업,구름베어링 제조업,구름베어링 제조업,subdetail,5,True,2914,2,29.0,291.0,2914.0,29141.0,제조업,기타 기계 및 장비 제조업,일반 목적용 기계 제조업,"베어링, 기어 및 동력 전달장치 제조업",구름베어링 제조업,제조업,2/29/291/2914/29141," / 기타 기계 및 장비 제조업 / 일반 목적용 기계 제조업 / 베어링, 기어 및 동력 전달장치 제조업 / 구름베어링 제조업",MANUFACTURING,제조업,True,True,leaf_unit,False,,,,,,,,,,,,,,,
29142,기어 및 동력전달장치 제조업,기어 및 동력전달장치 제조업,기어 및 동력전달장치 제조업,subdetail,5,True,2914,2,29.0,291.0,2914.0,29142.0,제조업,기타 기계 및 장비 제조업,일반 목적용 기계 제조업,"베어링, 기어 및 동력 전달장치 제조업",기어 및 동력전달장치 제조업,제조업,2/29/291/2914/29142," / 기타 기계 및 장비 제조업 / 일반 목적용 기계 제조업 / 베어링, 기어 및 동력 전달장치 제조업 / 기어 및 동력전달장치 제조업",MANUFACTURING,제조업,True,True,leaf_unit,False,,,,,,,,,,,,,,,
29150,"산업용 오븐, 노 및 노용 버너 제조업","산업용 오븐, 노 및 노용 버너 제조업","산업용 오븐, 노 및 노용 버너 제조업",subdetail,5,True,2915,2,29.0,291.0,2915.0,29150.0,제조업,기타 기계 및 장비 제조업,일반 목적용 기계 제조업,"산업용 오븐, 노 및 노용 버너 제조업","산업용 오븐, 노 및 노용 버너 제조업",제조업,2/29/291/2915/29150," / 기타 기계 및 장비 제조업 / 일반 목적용 기계 제조업 / 산업용 오븐, 노 및 노용 버너 제조업 / 산업용 오븐, 노 및 노용 버너 제조업",MANUFACTURING,제조업,True,True,leaf_unit,False,,,,,,,,,,,,,,,
29161,산업용 트럭 및 적재기 제조업,산업용 트럭 및 적재기 제조업,산업용 트럭 및 적재기 제조업,subdetail,5,True,2916,2,29.0,291.0,2916.0,29161.0,제조업,기타 기계 및 장비 제조업,일반 목적용 기계 제조업,"산업용 트럭, 승강기 및 물품 취급장비 제조업",산업용 트럭 및 적재기 제조업,제조업,2/29/291/2916/29161," / 기타 기계 및 장비 제조업 / 일반 목적용 기계 제조업 / 산업용 트럭, 승강기 및 물품 취급장비 제조업 / 산업용 트럭 및 적재기 제조업",MANUFACTURING,제조업,True,True,leaf_unit,False,,,,,,,,,,,,,,,
29162,승강기 제조업,승강기 제조업,승강기 제조업,subdetail,5,True,2916,2,29.0,291.0,2916.0,29162.0,제조업,기타 기계 및 장비 제조업,일반 목적용 기계 제조업,"산업용 트럭, 승강기 및 물품 취급장비 제조업",승강기 제조업,제조업,2/29/291/2916/29162," / 기타 기계 및 장비 제조업 / 일반 목적용 기계 제조업 / 산업용 트럭, 승강기 및 물품 취급장비 제조업 / 승강기 제조업",MANUFACTURING,제조업,True,True,leaf_unit,False,,,,,,,,,,,,,,,
29163,컨베이어장치 제조업,컨베이어장치 제조업,컨베이어장치 제조업,subdetail,5,True,2916,2,29.0,291.0,2916.0,29163.0,제조업,기타 기계 및 장비 제조업,일반 목적용 기계 제조업,"산업용 트럭, 승강기 및 물품 취급장비 제조업",컨베이어장치 제조업,제조업,2/29/291/2916/29163," / 기타 기계 및 장비 제조업 / 일반 목적용 기계 제조업 / 산업용 트럭, 승강기 및 물품 취급장비 제조업 / 컨베이어장치 제조업",MANUFACTURING,제조업,True,True,leaf_unit,False,,,,,,,,,,,,,,,
29169,기타 물품 취급장비 제조업,기타 물품 취급장비 제조업,기타 물품 취급장비 제조업,subdetail,5,True,2916,2,29.0,291.0,2916.0,29169.0,제조업,기타 기계 및 장비 제조업,일반 목적용 기계 제조업,"산업용 트럭, 승강기 및 물품 취급장비 제조업",기타 물품 취급장비 제조업,제조업,2/29/291/2916/29169," / 기타 기계 및 장비 제조업 / 일반 목적용 기계 제조업 / 산업용 트럭, 승강기 및 물품 취급장비 제조업 / 기타 물품 취급장비 제조업",MANUFACTURING,제조업,True,True,leaf_unit,False,,,,,,,,,,,,,,,
29171,산업용 냉장 및 냉동 장비 제조업,산업용 냉장 및 냉동 장비 제조업,산업용 냉장 및 냉동 장비 제조업,subdetail,5,True,2917,2,29.0,291.0,2917.0,29171.0,제조업,기타 기계 및 장비 제조업,일반 목적용 기계 제조업,"냉각, 공기 조화, 여과, 증류 및 가스 발생기 제조업",산업용 냉장 및 냉동 장비 제조업,제조업,2/29/291/2917/29171," / 기타 기계 및 장비 제조업 / 일반 목적용 기계 제조업 / 냉각, 공기 조화, 여과, 증류 및 가스 발생기 제조업 / 산업용 냉장 및 냉동 장비 제조업",MANUFACTURING,제조업,True,True,leaf_unit,False,,,,,,,,,,,,,,,
29172,가정용 및 산업용 공기 조화장치 제조업,가정용 및 산업용 공기 조화장치 제조업,가정용 및 산업용 공기 조화장치 제조업,subdetail,5,True,2917,2,29.0,291.0,2917.0,29172.0,제조업,기타 기계 및 장비 제조업,일반 목적용 기계 제조업,"냉각, 공기 조화, 여과, 증류 및 가스 발생기 제조업",가정용 및 산업용 공기 조화장치 제조업,제조업,2/29/291/2917/29172," / 기타 기계 및 장비 제조업 / 일반 목적용 기계 제조업 / 냉각, 공기 조화, 여과, 증류 및 가스 발생기 제조업 / 가정용 및 산업용 공기 조화장치 제조업",MANUFACTURING,제조업,True,True,leaf_unit,False,,,,,,,,,,,,,,,
29173,운송장비용 공기 조화장치 제조업,운송장비용 공기 조화장치 제조업,운송장비용 공기 조화장치 제조업,subdetail,5,True,2917,2,29.0,291.0,2917.0,29173.0,제조업,기타 기계 및 장비 제조업,일반 목적용 기계 제조업,"냉각, 공기 조화, 여과, 증류 및 가스 발생기 제조업",운송장비용 공기 조화장치 제조업,제조업,2/29/291/2917/29173," / 기타 기계 및 장비 제조업 / 일반 목적용 기계 제조업 / 냉각, 공기 조화, 여과, 증류 및 가스 발생기 제조업 / 운송장비용 공기 조화장치 제조업",MANUFACTURING,제조업,True,True,leaf_unit,False,,,,,,,,,,,,,,,
29174,산업용 송풍기 및 배기장치 제조업,산업용 송풍기 및 배기장치 제조업,산업용 송풍기 및 배기장치 제조업,subdetail,5,True,2917,2,29.0,291.0,2917.0,29174.0,제조업,기타 기계 및 장비 제조업,일반 목적용 기계 제조업,"냉각, 공기 조화, 여과, 증류 및 가스 발생기 제조업",산업용 송풍기 및 배기장치 제조업,제조업,2/29/291/2917/29174," / 기타 기계 및 장비 제조업 / 일반 목적용 기계 제조업 / 냉각, 공기 조화, 여과, 증류 및 가스 발생기 제조업 / 산업용 송풍기 및 배기장치 제조업",MANUFACTURING,제조업,True,True,leaf_unit,False,,,,,,,,,,,,,,,
29175,기체 여과기 제조업,기체 여과기 제조업,기체 여과기 제조업,subdetail,5,True,2917,2,29.0,291.0,2917.0,29175.0,제조업,기타 기계 및 장비 제조업,일반 목적용 기계 제조업,"냉각, 공기 조화, 여과, 증류 및 가스 발생기 제조업",기체 여과기 제조업,제조업,2/29/291/2917/29175," / 기타 기계 및 장비 제조업 / 일반 목적용 기계 제조업 / 냉각, 공기 조화, 여과, 증류 및 가스 발생기 제조업 / 기체 여과기 제조업",MANUFACTURING,제조업,True,True,leaf_unit,False,,,,,,,,,,,,,,,
29176,액체 여과기 제조업,액체 여과기 제조업,액체 여과기 제조업,subdetail,5,True,2917,2,29.0,291.0,2917.0,29176.0,제조업,기타 기계 및 장비 제조업,일반 목적용 기계 제조업,"냉각, 공기 조화, 여과, 증류 및 가스 발생기 제조업",액체 여과기 제조업,제조업,2/29/291/2917/29176," / 기타 기계 및 장비 제조업 / 일반 목적용 기계 제조업 / 냉각, 공기 조화, 여과, 증류 및 가스 발생기 제조업 / 액체 여과기 제조업",MANUFACTURING,제조업,True,True,leaf_unit,False,,,,,,,,,,,,,,,
29177,"증류기, 열교환기 및 가스발생기 제조업","증류기, 열교환기 및 가스발생기 제조업","증류기, 열교환기 및 가스발생기 제조업",subdetail,5,True,2917,2,29.0,291.0,2917.0,29177.0,제조업,기타 기계 및 장비 제조업,일반 목적용 기계 제조업,"냉각, 공기 조화, 여과, 증류 및 가스 발생기 제조업","증류기, 열교환기 및 가스발생기 제조업",제조업,2/29/291/2917/29177," / 기타 기계 및 장비 제조업 / 일반 목적용 기계 제조업 / 냉각, 공기 조화, 여과, 증류 및 가스 발생기 제조업 / 증류기, 열교환기 및 가스발생기 제조업",MANUFACTURING,제조업,True,True,leaf_unit,False,,,,,,,,,,,,,,,
29180,사무용 기계 및 장비 제조업,사무용 기계 및 장비 제조업,사무용 기계 및 장비 제조업,subdetail,5,True,2918,2,29.0,291.0,2918.0,29180.0,제조업,기타 기계 및 장비 제조업,일반 목적용 기계 제조업,사무용 기계 및 장비 제조업,사무용 기계 및 장비 제조업,제조업,2/29/291/2918/29180, / 기타 기계 및 장비 제조업 / 일반 목적용 기계 제조업 / 사무용 기계 및 장비 제조업 / 사무용 기계 및 장비 제조업,MANUFACTURING,제조업,True,True,leaf_unit,False,,,,,,,,,,,,,,,
29191,"용기 세척, 포장 및 충전기 제조업","용기 세척, 포장 및 충전기 제조업","용기 세척, 포장 및 충전기 제조업",subdetail,5,True,2919,2,29.0,291.0,2919.0,29191.0,제조업,기타 기계 및 장비 제조업,일반 목적용 기계 제조업,기타 일반 목적용 기계 제조업,"용기 세척, 포장 및 충전기 제조업",제조업,2/29/291/2919/29191," / 기타 기계 및 장비 제조업 / 일반 목적용 기계 제조업 / 기타 일반 목적용 기계 제조업 / 용기 세척, 포장 및 충전기 제조업",MANUFACTURING,제조업,True,True,leaf_unit,False,,,,,,,,,,,,,,,
29192,분사기 및 소화기 제조업,분사기 및 소화기 제조업,분사기 및 소화기 제조업,subdetail,5,True,2919,2,29.0,291.0,2919.0,29192.0,제조업,기타 기계 및 장비 제조업,일반 목적용 기계 제조업,기타 일반 목적용 기계 제조업,분사기 및 소화기 제조업,제조업,2/29/291/2919/29192, / 기타 기계 및 장비 제조업 / 일반 목적용 기계 제조업 / 기타 일반 목적용 기계 제조업 / 분사기 및 소화기 제조업,MANUFACTURING,제조업,True,True,leaf_unit,False,,,,,,,,,,,,,,,
29193,동력식 수지공구 제조업,동력식 수지공구 제조업,동력식 수지공구 제조업,subdetail,5,True,2919,2,29.0,291.0,2919.0,29193.0,제조업,기타 기계 및 장비 제조업,일반 목적용 기계 제조업,기타 일반 목적용 기계 제조업,동력식 수지공구 제조업,제조업,2/29/291/2919/29193, / 기타 기계 및 장비 제조업 / 일반 목적용 기계 제조업 / 기타 일반 목적용 기계 제조업 / 동력식 수지공구 제조업,MANUFACTURING,제조업,True,True,leaf_unit,False,,,,,,,,,,,,,,,
29199,그 외 기타 일반목적용 기계 제조업,그 외 기타 일반목적용 기계 제조업,그 외 기타 일반목적용 기계 제조업,subdetail,5,True,2919,2,29.0,291.0,2919.0,29199.0,제조업,기타 기계 및 장비 제조업,일반 목적용 기계 제조업,기타 일반 목적용 기계 제조업,그 외 기타 일반목적용 기계 제조업,제조업,2/29/291/2919/29199, / 기타 기계 및 장비 제조업 / 일반 목적용 기계 제조업 / 기타 일반 목적용 기계 제조업 / 그 외 기타 일반목적용 기계 제조업,MANUFACTURING,제조업,True,True,leaf_unit,False,,,,,,,,,,,,,,,
29210,농업 및 임업용 기계 제조업,농업 및 임업용 기계 제조업,농업 및 임업용 기계 제조업,subdetail,5,True,2921,2,29.0,292.0,2921.0,29210.0,제조업,기타 기계 및 장비 제조업,특수 목적용 기계 제조업,농업 및 임업용 기계 제조업,농업 및 임업용 기계 제조업,제조업,2/29/292/2921/29210, / 기타 기계 및 장비 제조업 / 특수 목적용 기계 제조업 / 농업 및 임업용 기계 제조업 / 농업 및 임업용 기계 제조업,MANUFACTURING,제조업,True,True,leaf_unit,False,,,,,,,,,,,,,,,
29221,전자 응용 절삭기계 제조업,전자 응용 절삭기계 제조업,전자 응용 절삭기계 제조업,subdetail,5,True,2922,2,29.0,292.0,2922.0,29221.0,제조업,기타 기계 및 장비 제조업,특수 목적용 기계 제조업,가공 공작기계 제조업,전자 응용 절삭기계 제조업,제조업,2/29/292/2922/29221, / 기타 기계 및 장비 제조업 / 특수 목적용 기계 제조업 / 가공 공작기계 제조업 / 전자 응용 절삭기계 제조업,MANUFACTURING,제조업,True,True,leaf_unit,False,,,,,,,,,,,,,,,
29222,디지털 적층 성형기계 제조업,디지털 적층 성형기계 제조업,디지털 적층 성형기계 제조업,subdetail,5,True,2922,2,29.0,292.0,2922.0,29222.0,제조업,기타 기계 및 장비 제조업,특수 목적용 기계 제조업,가공 공작기계 제조업,디지털 적층 성형기계 제조업,제조업,2/29/292/2922/29222, / 기타 기계 및 장비 제조업 / 특수 목적용 기계 제조업 / 가공 공작기계 제조업 / 디지털 적층 성형기계 제조업,MANUFACTURING,제조업,True,True,leaf_unit,False,,,,,,,,,,,,,,,
29223,금속 절삭기계 제조업,금속 절삭기계 제조업,금속 절삭기계 제조업,subdetail,5,True,2922,2,29.0,292.0,2922.0,29223.0,제조업,기타 기계 및 장비 제조업,특수 목적용 기계 제조업,가공 공작기계 제조업,금속 절삭기계 제조업,제조업,2/29/292/2922/29223, / 기타 기계 및 장비 제조업 / 특수 목적용 기계 제조업 / 가공 공작기계 제조업 / 금속 절삭기계 제조업,MANUFACTURING,제조업,True,True,leaf_unit,False,,,,,,,,,,,,,,,
29224,금속 성형기계 제조업,금속 성형기계 제조업,금속 성형기계 제조업,subdetail,5,True,2922,2,29.0,292.0,2922.0,29224.0,제조업,기타 기계 및 장비 제조업,특수 목적용 기계 제조업,가공 공작기계 제조업,금속 성형기계 제조업,제조업,2/29/292/2922/29224, / 기타 기계 및 장비 제조업 / 특수 목적용 기계 제조업 / 가공 공작기계 제조업 / 금속 성형기계 제조업,MANUFACTURING,제조업,True,True,leaf_unit,False,,,,,,,,,,,,,,,
29229,기타 가공 공작기계 제조업,기타 가공 공작기계 제조업,기타 가공 공작기계 제조업,subdetail,5,True,2922,2,29.0,292.0,2922.0,29229.0,제조업,기타 기계 및 장비 제조업,특수 목적용 기계 제조업,가공 공작기계 제조업,기타 가공 공작기계 제조업,제조업,2/29/292/2922/29229, / 기타 기계 및 장비 제조업 / 특수 목적용 기계 제조업 / 가공 공작기계 제조업 / 기타 가공 공작기계 제조업,MANUFACTURING,제조업,True,True,leaf_unit,False,,,,,,,,,,,,,,,
29230,금속 주조 및 기타 야금용 기계 제조업,금속 주조 및 기타 야금용 기계 제조업,금속 주조 및 기타 야금용 기계 제조업,subdetail,5,True,2923,2,29.0,292.0,2923.0,29230.0,제조업,기타 기계 및 장비 제조업,특수 목적용 기계 제조업,금속 주조 및 기타 야금용 기계 제조업,금속 주조 및 기타 야금용 기계 제조업,제조업,2/29/292/2923/29230, / 기타 기계 및 장비 제조업 / 특수 목적용 기계 제조업 / 금속 주조 및 기타 야금용 기계 제조업 / 금속 주조 및 기타 야금용 기계 제조업,MANUFACTURING,제조업,True,True,leaf_unit,False,,,,,,,,,,,,,,,
29241,건설 및 채광용 기계장비 제조업,건설 및 채광용 기계장비 제조업,건설 및 채광용 기계장비 제조업,subdetail,5,True,2924,2,29.0,292.0,2924.0,29241.0,제조업,기타 기계 및 장비 제조업,특수 목적용 기계 제조업,건설 및 광업용 기계장비 제조업,건설 및 채광용 기계장비 제조업,제조업,2/29/292/2924/29241, / 기타 기계 및 장비 제조업 / 특수 목적용 기계 제조업 / 건설 및 광업용 기계장비 제조업 / 건설 및 채광용 기계장비 제조업,MANUFACTURING,제조업,True,True,leaf_unit,False,,,,,,,,,,,,,,,
29242,광물처리 및 취급장비 제조업,광물처리 및 취급장비 제조업,광물처리 및 취급장비 제조업,subdetail,5,True,2924,2,29.0,292.0,2924.0,29242.0,제조업,기타 기계 및 장비 제조업,특수 목적용 기계 제조업,건설 및 광업용 기계장비 제조업,광물처리 및 취급장비 제조업,제조업,2/29/292/2924/29242, / 기타 기계 및 장비 제조업 / 특수 목적용 기계 제조업 / 건설 및 광업용 기계장비 제조업 / 광물처리 및 취급장비 제조업,MANUFACTURING,제조업,True,True,leaf_unit,False,,,,,,,,,,,,,,,
29250,음ㆍ식료품 및 담배 가공기계 제조업,음ㆍ식료품 및 담배 가공기계 제조업,음ㆍ식료품 및 담배 가공기계 제조업,subdetail,5,True,2925,2,29.0,292.0,2925.0,29250.0,제조업,기타 기계 및 장비 제조업,특수 목적용 기계 제조업,음ㆍ식료품 및 담배 가공기계 제조업,음ㆍ식료품 및 담배 가공기계 제조업,제조업,2/29/292/2925/29250, / 기타 기계 및 장비 제조업 / 특수 목적용 기계 제조업 / 음ㆍ식료품 및 담배 가공기계 제조업 / 음ㆍ식료품 및 담배 가공기계 제조업,MANUFACTURING,제조업,True,True,leaf_unit,False,,,,,,,,,,,,,,,
29261,"산업용 섬유 세척, 염색, 정리 및 가공 기계 제조업","산업용 섬유 세척, 염색, 정리 및 가공 기계 제조업","산업용 섬유 세척, 염색, 정리 및 가공 기계 제조업",subdetail,5,True,2926,2,29.0,292.0,2926.0,29261.0,제조업,기타 기계 및 장비 제조업,특수 목적용 기계 제조업,"섬유, 의복 및 가죽 가공기계 제조업","산업용 섬유 세척, 염색, 정리 및 가공 기계 제조업",제조업,2/29/292/2926/29261," / 기타 기계 및 장비 제조업 / 특수 목적용 기계 제조업 / 섬유, 의복 및 가죽 가공기계 제조업 / 산업용 섬유 세척, 염색, 정리 및 가공 기계 제조업",MANUFACTURING,제조업,True,True,leaf_unit,False,,,,,,,,,,,,,,,
29269,"기타 섬유, 의복 및 가죽 가공 기계 제조업","기타 섬유, 의복 및 가죽 가공 기계 제조업","기타 섬유, 의복 및 가죽 가공 기계 제조업",subdetail,5,True,2926,2,29.0,292.0,2926.0,29269.0,제조업,기타 기계 및 장비 제조업,특수 목적용 기계 제조업,"섬유, 의복 및 가죽 가공기계 제조업","기타 섬유, 의복 및 가죽 가공 기계 제조업",제조업,2/29/292/2926/29269," / 기타 기계 및 장비 제조업 / 특수 목적용 기계 제조업 / 섬유, 의복 및 가죽 가공기계 제조업 / 기타 섬유, 의복 및 가죽 가공 기계 제조업",MANUFACTURING,제조업,True,True,leaf_unit,False,,,,,,,,,,,,,,,
29271,반도체 제조용 기계 제조업,반도체 제조용 기계 제조업,반도체 제조용 기계 제조업,subdetail,5,True,2927,2,29.0,292.0,2927.0,29271.0,제조업,기타 기계 및 장비 제조업,특수 목적용 기계 제조업,반도체 및 디스플레이 제조용 기계 제조업,반도체 제조용 기계 제조업,제조업,2/29/292/2927/29271, / 기타 기계 및 장비 제조업 / 특수 목적용 기계 제조업 / 반도체 및 디스플레이 제조용 기계 제조업 / 반도체 제조용 기계 제조업,MANUFACTURING,제조업,True,True,leaf_unit,False,,,,,,,,,,,,,,,
29272,디스플레이 제조용 기계 제조업,디스플레이 제조용 기계 제조업,디스플레이 제조용 기계 제조업,subdetail,5,True,2927,2,29.0,292.0,2927.0,29272.0,제조업,기타 기계 및 장비 제조업,특수 목적용 기계 제조업,반도체 및 디스플레이 제조용 기계 제조업,디스플레이 제조용 기계 제조업,제조업,2/29/292/2927/29272, / 기타 기계 및 장비 제조업 / 특수 목적용 기계 제조업 / 반도체 및 디스플레이 제조용 기계 제조업 / 디스플레이 제조용 기계 제조업,MANUFACTURING,제조업,True,True,leaf_unit,False,,,,,,,,,,,,,,,
29280,산업용 로봇 제조업,산업용 로봇 제조업,산업용 로봇 제조업,subdetail,5,True,2928,2,29.0,292.0,2928.0,29280.0,제조업,기타 기계 및 장비 제조업,특수 목적용 기계 제조업,산업용 로봇 제조업,산업용 로봇 제조업,제조업,2/29/292/2928/29280, / 기타 기계 및 장비 제조업 / 특수 목적용 기계 제조업 / 산업용 로봇 제조업 / 산업용 로봇 제조업,MANUFACTURING,제조업,True,True,leaf_unit,False,,,,,,,,,,,,,,,
29291,"고무, 화학섬유 및 플라스틱 성형기 제조업","고무, 화학섬유 및 플라스틱 성형기 제조업","고무, 화학섬유 및 플라스틱 성형기 제조업",subdetail,5,True,2929,2,29.0,292.0,2929.0,29291.0,제조업,기타 기계 및 장비 제조업,특수 목적용 기계 제조업,기타 특수 목적용 기계 제조업,"고무, 화학섬유 및 플라스틱 성형기 제조업",제조업,2/29/292/2929/29291," / 기타 기계 및 장비 제조업 / 특수 목적용 기계 제조업 / 기타 특수 목적용 기계 제조업 / 고무, 화학섬유 및 플라스틱 성형기 제조업",MANUFACTURING,제조업,True,True,leaf_unit,False,,,,,,,,,,,,,,,
29292,인쇄 및 제책용 기계 제조업,인쇄 및 제책용 기계 제조업,인쇄 및 제책용 기계 제조업,subdetail,5,True,2929,2,29.0,292.0,2929.0,29292.0,제조업,기타 기계 및 장비 제조업,특수 목적용 기계 제조업,기타 특수 목적용 기계 제조업,인쇄 및 제책용 기계 제조업,제조업,2/29/292/2929/29292, / 기타 기계 및 장비 제조업 / 특수 목적용 기계 제조업 / 기타 특수 목적용 기계 제조업 / 인쇄 및 제책용 기계 제조업,MANUFACTURING,제조업,True,True,leaf_unit,False,,,,,,,,,,,,,,,
29293,주형 및 금형 제조업,주형 및 금형 제조업,주형 및 금형 제조업,subdetail,5,True,2929,2,29.0,292.0,2929.0,29293.0,제조업,기타 기계 및 장비 제조업,특수 목적용 기계 제조업,기타 특수 목적용 기계 제조업,주형 및 금형 제조업,제조업,2/29/292/2929/29293, / 기타 기계 및 장비 제조업 / 특수 목적용 기계 제조업 / 기타 특수 목적용 기계 제조업 / 주형 및 금형 제조업,MANUFACTURING,제조업,True,True,leaf_unit,False,,,,,,,,,,,,,,,
29299,그 외 기타 특수목적용 기계 제조업,그 외 기타 특수목적용 기계 제조업,그 외 기타 특수목적용 기계 제조업,subdetail,5,True,2929,2,29.0,292.0,2929.0,29299.0,제조업,기타 기계 및 장비 제조업,특수 목적용 기계 제조업,기타 특수 목적용 기계 제조업,그 외 기타 특수목적용 기계 제조업,제조업,2/29/292/2929/29299, / 기타 기계 및 장비 제조업 / 특수 목적용 기계 제조업 / 기타 특수 목적용 기계 제조업 / 그 외 기타 특수목적용 기계 제조업,MANUFACTURING,제조업,True,True,leaf_unit,False,,,,,,,,,,,,,,,
30110,자동차용 엔진 제조업,자동차용 엔진 제조업,자동차용 엔진 제조업,subdetail,5,True,3011,3,30.0,301.0,3011.0,30110.0,제조업,자동차 및 트레일러 제조업,자동차용 엔진 및 자동차 제조업,자동차용 엔진 제조업,자동차용 엔진 제조업,제조업,3/30/301/3011/30110, / 자동차 및 트레일러 제조업 / 자동차용 엔진 및 자동차 제조업 / 자동차용 엔진 제조업 / 자동차용 엔진 제조업,MANUFACTURING,제조업,True,True,leaf_unit,False,,,,,,,,,,,,,,,
30121,내연기관 승용차 및 기타 여객용 자동차 제조업,내연기관 승용차 및 기타 여객용 자동차 제조업,내연기관 승용차 및 기타 여객용 자동차 제조업,subdetail,5,True,3012,3,30.0,301.0,3012.0,30121.0,제조업,자동차 및 트레일러 제조업,자동차용 엔진 및 자동차 제조업,자동차 제조업,내연기관 승용차 및 기타 여객용 자동차 제조업,제조업,3/30/301/3012/30121, / 자동차 및 트레일러 제조업 / 자동차용 엔진 및 자동차 제조업 / 자동차 제조업 / 내연기관 승용차 및 기타 여객용 자동차 제조업,MANUFACTURING,제조업,True,True,leaf_unit,False,,,,,,,,,,,,,,,
30122,전기 승용차 및 기타 여객용 전기 자동차 제조업,전기 승용차 및 기타 여객용 전기 자동차 제조업,전기 승용차 및 기타 여객용 전기 자동차 제조업,subdetail,5,True,3012,3,30.0,301.0,3012.0,30122.0,제조업,자동차 및 트레일러 제조업,자동차용 엔진 및 자동차 제조업,자동차 제조업,전기 승용차 및 기타 여객용 전기 자동차 제조업,제조업,3/30/301/3012/30122, / 자동차 및 트레일러 제조업 / 자동차용 엔진 및 자동차 제조업 / 자동차 제조업 / 전기 승용차 및 기타 여객용 전기 자동차 제조업,MANUFACTURING,제조업,True,True,leaf_unit,False,,,,,,,,,,,,,,,
30123,내연기관 화물자동차 및 특수목적용 자동차 제조업,내연기관 화물자동차 및 특수목적용 자동차 제조업,내연기관 화물자동차 및 특수목적용 자동차 제조업,subdetail,5,True,3012,3,30.0,301.0,3012.0,30123.0,제조업,자동차 및 트레일러 제조업,자동차용 엔진 및 자동차 제조업,자동차 제조업,내연기관 화물자동차 및 특수목적용 자동차 제조업,제조업,3/30/301/3012/30123, / 자동차 및 트레일러 제조업 / 자동차용 엔진 및 자동차 제조업 / 자동차 제조업 / 내연기관 화물자동차 및 특수목적용 자동차 제조업,MANUFACTURING,제조업,True,True,leaf_unit,False,,,,,,,,,,,,,,,
30124,전기 화물 자동차 및 특수 목적용 전기 자동차 제조업,전기 화물 자동차 및 특수 목적용 전기 자동차 제조업,전기 화물 자동차 및 특수 목적용 전기 자동차 제조업,subdetail,5,True,3012,3,30.0,301.0,3012.0,30124.0,제조업,자동차 및 트레일러 제조업,자동차용 엔진 및 자동차 제조업,자동차 제조업,전기 화물 자동차 및 특수 목적용 전기 자동차 제조업,제조업,3/30/301/3012/30124, / 자동차 및 트레일러 제조업 / 자동차용 엔진 및 자동차 제조업 / 자동차 제조업 / 전기 화물 자동차 및 특수 목적용 전기 자동차 제조업,MANUFACTURING,제조업,True,True,leaf_unit,False,,,,,,,,,,,,,,,
30201,차체 및 특장차 제조업,차체 및 특장차 제조업,차체 및 특장차 제조업,subdetail,5,True,3020,3,30.0,302.0,3020.0,30201.0,제조업,자동차 및 트레일러 제조업,자동차 차체 및 트레일러 제조업,자동차 차체 및 트레일러 제조업,차체 및 특장차 제조업,제조업,3/30/302/3020/30201, / 자동차 및 트레일러 제조업 / 자동차 차체 및 트레일러 제조업 / 자동차 차체 및 트레일러 제조업 / 차체 및 특장차 제조업,MANUFACTURING,제조업,True,True,leaf_unit,False,,,,,,,,,,,,,,,
30202,자동차 구조 및 장치 변경업,자동차 구조 및 장치 변경업,자동차 구조 및 장치 변경업,subdetail,5,True,3020,3,30.0,302.0,3020.0,30202.0,제조업,자동차 및 트레일러 제조업,자동차 차체 및 트레일러 제조업,자동차 차체 및 트레일러 제조업,자동차 구조 및 장치 변경업,제조업,3/30/302/3020/30202, / 자동차 및 트레일러 제조업 / 자동차 차체 및 트레일러 제조업 / 자동차 차체 및 트레일러 제조업 / 자동차 구조 및 장치 변경업,MANUFACTURING,제조업,True,True,leaf_unit,False,,,,,,,,,,,,,,,
30203,트레일러 및 세미트레일러 제조업,트레일러 및 세미트레일러 제조업,트레일러 및 세미트레일러 제조업,subdetail,5,True,3020,3,30.0,302.0,3020.0,30203.0,제조업,자동차 및 트레일러 제조업,자동차 차체 및 트레일러 제조업,자동차 차체 및 트레일러 제조업,트레일러 및 세미트레일러 제조업,제조업,3/30/302/3020/30203, / 자동차 및 트레일러 제조업 / 자동차 차체 및 트레일러 제조업 / 자동차 차체 및 트레일러 제조업 / 트레일러 및 세미트레일러 제조업,MANUFACTURING,제조업,True,True,leaf_unit,False,,,,,,,,,,,,,,,
30310,자동차 엔진용 신품 부품 제조업,자동차 엔진용 신품 부품 제조업,자동차 엔진용 신품 부품 제조업,subdetail,5,True,3031,3,30.0,303.0,3031.0,30310.0,제조업,자동차 및 트레일러 제조업,자동차 신품 부품 제조업,자동차 엔진용 신품 부품 제조업,자동차 엔진용 신품 부품 제조업,제조업,3/30/303/3031/30310, / 자동차 및 트레일러 제조업 / 자동차 신품 부품 제조업 / 자동차 엔진용 신품 부품 제조업 / 자동차 엔진용 신품 부품 제조업,MANUFACTURING,제조업,True,True,leaf_unit,False,,,,,,,,,,,,,,,
30320,자동차 차체용 신품 부품 제조업,자동차 차체용 신품 부품 제조업,자동차 차체용 신품 부품 제조업,subdetail,5,True,3032,3,30.0,303.0,3032.0,30320.0,제조업,자동차 및 트레일러 제조업,자동차 신품 부품 제조업,자동차 차체용 신품 부품 제조업,자동차 차체용 신품 부품 제조업,제조업,3/30/303/3032/30320, / 자동차 및 트레일러 제조업 / 자동차 신품 부품 제조업 / 자동차 차체용 신품 부품 제조업 / 자동차 차체용 신품 부품 제조업,MANUFACTURING,제조업,True,True,leaf_unit,False,,,,,,,,,,,,,,,
30331,자동차용 신품 동력전달장치 제조업,자동차용 신품 동력전달장치 제조업,자동차용 신품 동력전달장치 제조업,subdetail,5,True,3033,3,30.0,303.0,3033.0,30331.0,제조업,자동차 및 트레일러 제조업,자동차 신품 부품 제조업,자동차용 신품 동력 전달장치 및 전기장치 제조업,자동차용 신품 동력전달장치 제조업,제조업,3/30/303/3033/30331, / 자동차 및 트레일러 제조업 / 자동차 신품 부품 제조업 / 자동차용 신품 동력 전달장치 및 전기장치 제조업 / 자동차용 신품 동력전달장치 제조업,MANUFACTURING,제조업,True,True,leaf_unit,False,,,,,,,,,,,,,,,
30332,자동차용 신품 전기장치 제조업,자동차용 신품 전기장치 제조업,자동차용 신품 전기장치 제조업,subdetail,5,True,3033,3,30.0,303.0,3033.0,30332.0,제조업,자동차 및 트레일러 제조업,자동차 신품 부품 제조업,자동차용 신품 동력 전달장치 및 전기장치 제조업,자동차용 신품 전기장치 제조업,제조업,3/30/303/3033/30332, / 자동차 및 트레일러 제조업 / 자동차 신품 부품 제조업 / 자동차용 신품 동력 전달장치 및 전기장치 제조업 / 자동차용 신품 전기장치 제조업,MANUFACTURING,제조업,True,True,leaf_unit,False,,,,,,,,,,,,,,,
30391,자동차용 신품 조향장치 및 현가 장치 제조업,자동차용 신품 조향장치 및 현가 장치 제조업,자동차용 신품 조향장치 및 현가 장치 제조업,subdetail,5,True,3039,3,30.0,303.0,3039.0,30391.0,제조업,자동차 및 트레일러 제조업,자동차 신품 부품 제조업,자동차용 기타 신품 부품 제조업,자동차용 신품 조향장치 및 현가 장치 제조업,제조업,3/30/303/3039/30391, / 자동차 및 트레일러 제조업 / 자동차 신품 부품 제조업 / 자동차용 기타 신품 부품 제조업 / 자동차용 신품 조향장치 및 현가 장치 제조업,MANUFACTURING,제조업,True,True,leaf_unit,False,,,,,,,,,,,,,,,
30392,자동차용 신품 제동장치 제조업,자동차용 신품 제동장치 제조업,자동차용 신품 제동장치 제조업,subdetail,5,True,3039,3,30.0,303.0,3039.0,30392.0,제조업,자동차 및 트레일러 제조업,자동차 신품 부품 제조업,자동차용 기타 신품 부품 제조업,자동차용 신품 제동장치 제조업,제조업,3/30/303/3039/30392, / 자동차 및 트레일러 제조업 / 자동차 신품 부품 제조업 / 자동차용 기타 신품 부품 제조업 / 자동차용 신품 제동장치 제조업,MANUFACTURING,제조업,True,True,leaf_unit,False,,,,,,,,,,,,,,,
30393,자동차용 신품 의자 제조업,자동차용 신품 의자 제조업,자동차용 신품 의자 제조업,subdetail,5,True,3039,3,30.0,303.0,3039.0,30393.0,제조업,자동차 및 트레일러 제조업,자동차 신품 부품 제조업,자동차용 기타 신품 부품 제조업,자동차용 신품 의자 제조업,제조업,3/30/303/3039/30393, / 자동차 및 트레일러 제조업 / 자동차 신품 부품 제조업 / 자동차용 기타 신품 부품 제조업 / 자동차용 신품 의자 제조업,MANUFACTURING,제조업,True,True,leaf_unit,False,,,,,,,,,,,,,,,
30399,그 외 자동차용 신품 부품 제조업,그 외 자동차용 신품 부품 제조업,그 외 자동차용 신품 부품 제조업,subdetail,5,True,3039,3,30.0,303.0,3039.0,30399.0,제조업,자동차 및 트레일러 제조업,자동차 신품 부품 제조업,자동차용 기타 신품 부품 제조업,그 외 자동차용 신품 부품 제조업,제조업,3/30/303/3039/30399, / 자동차 및 트레일러 제조업 / 자동차 신품 부품 제조업 / 자동차용 기타 신품 부품 제조업 / 그 외 자동차용 신품 부품 제조업,MANUFACTURING,제조업,True,True,leaf_unit,False,,,,,,,,,,,,,,,
30400,자동차 재제조 부품 제조업,자동차 재제조 부품 제조업,자동차 재제조 부품 제조업,subdetail,5,True,3040,3,30.0,304.0,3040.0,30400.0,제조업,자동차 및 트레일러 제조업,자동차 재제조 부품 제조업,자동차 재제조 부품 제조업,자동차 재제조 부품 제조업,제조업,3/30/304/3040/30400, / 자동차 및 트레일러 제조업 / 자동차 재제조 부품 제조업 / 자동차 재제조 부품 제조업 / 자동차 재제조 부품 제조업,MANUFACTURING,제조업,True,True,leaf_unit,False,,,,,,,,,,,,,,,
31111,강선 건조업,강선 건조업,강선 건조업,subdetail,5,True,3111,3,31.0,311.0,3111.0,31111.0,제조업,기타 운송장비 제조업,선박 및 보트 건조업,선박 및 수상 부유 구조물 건조업,강선 건조업,제조업,3/31/311/3111/31111, / 기타 운송장비 제조업 / 선박 및 보트 건조업 / 선박 및 수상 부유 구조물 건조업 / 강선 건조업,MANUFACTURING,제조업,True,True,leaf_unit,False,,,,,,,,,,,,,,,
31112,합성수지선 건조업,합성수지선 건조업,합성수지선 건조업,subdetail,5,True,3111,3,31.0,311.0,3111.0,31112.0,제조업,기타 운송장비 제조업,선박 및 보트 건조업,선박 및 수상 부유 구조물 건조업,합성수지선 건조업,제조업,3/31/311/3111/31112, / 기타 운송장비 제조업 / 선박 및 보트 건조업 / 선박 및 수상 부유 구조물 건조업 / 합성수지선 건조업,MANUFACTURING,제조업,True,True,leaf_unit,False,,,,,,,,,,,,,,,
31113,기타 선박 건조업,기타 선박 건조업,기타 선박 건조업,subdetail,5,True,3111,3,31.0,311.0,3111.0,31113.0,제조업,기타 운송장비 제조업,선박 및 보트 건조업,선박 및 수상 부유 구조물 건조업,기타 선박 건조업,제조업,3/31/311/3111/31113, / 기타 운송장비 제조업 / 선박 및 보트 건조업 / 선박 및 수상 부유 구조물 건조업 / 기타 선박 건조업,MANUFACTURING,제조업,True,True,leaf_unit,False,,,,,,,,,,,,,,,
31114,선박 구성 부분품 제조업,선박 구성 부분품 제조업,선박 구성 부분품 제조업,subdetail,5,True,3111,3,31.0,311.0,3111.0,31114.0,제조업,기타 운송장비 제조업,선박 및 보트 건조업,선박 및 수상 부유 구조물 건조업,선박 구성 부분품 제조업,제조업,3/31/311/3111/31114, / 기타 운송장비 제조업 / 선박 및 보트 건조업 / 선박 및 수상 부유 구조물 건조업 / 선박 구성 부분품 제조업,MANUFACTURING,제조업,True,True,leaf_unit,False,,,,,,,,,,,,,,,
31120,오락 및 스포츠용 보트 건조업,오락 및 스포츠용 보트 건조업,오락 및 스포츠용 보트 건조업,subdetail,5,True,3112,3,31.0,311.0,3112.0,31120.0,제조업,기타 운송장비 제조업,선박 및 보트 건조업,오락 및 스포츠용 보트 건조업,오락 및 스포츠용 보트 건조업,제조업,3/31/311/3112/31120, / 기타 운송장비 제조업 / 선박 및 보트 건조업 / 오락 및 스포츠용 보트 건조업 / 오락 및 스포츠용 보트 건조업,MANUFACTURING,제조업,True,True,leaf_unit,False,,,,,,,,,,,,,,,
31201,기관차 및 기타 철도차량 제조업,기관차 및 기타 철도차량 제조업,기관차 및 기타 철도차량 제조업,subdetail,5,True,3120,3,31.0,312.0,3120.0,31201.0,제조업,기타 운송장비 제조업,철도장비 제조업,철도장비 제조업,기관차 및 기타 철도차량 제조업,제조업,3/31/312/3120/31201, / 기타 운송장비 제조업 / 철도장비 제조업 / 철도장비 제조업 / 기관차 및 기타 철도차량 제조업,MANUFACTURING,제조업,True,True,leaf_unit,False,,,,,,,,,,,,,,,
31202,철도차량 부품 및 관련 장치물 제조업,철도차량 부품 및 관련 장치물 제조업,철도차량 부품 및 관련 장치물 제조업,subdetail,5,True,3120,3,31.0,312.0,3120.0,31202.0,제조업,기타 운송장비 제조업,철도장비 제조업,철도장비 제조업,철도차량 부품 및 관련 장치물 제조업,제조업,3/31/312/3120/31202, / 기타 운송장비 제조업 / 철도장비 제조업 / 철도장비 제조업 / 철도차량 부품 및 관련 장치물 제조업,MANUFACTURING,제조업,True,True,leaf_unit,False,,,,,,,,,,,,,,,
31311,"유인 항공기, 항공우주선 및 보조장치 제조업","유인 항공기, 항공우주선 및 보조장치 제조업","유인 항공기, 항공우주선 및 보조장치 제조업",subdetail,5,True,3131,3,31.0,313.0,3131.0,31311.0,제조업,기타 운송장비 제조업,"항공기, 우주선 및 부품 제조업","항공기, 우주선 및 보조장치 제조업","유인 항공기, 항공우주선 및 보조장치 제조업",제조업,3/31/313/3131/31311," / 기타 운송장비 제조업 / 항공기, 우주선 및 부품 제조업 / 항공기, 우주선 및 보조장치 제조업 / 유인 항공기, 항공우주선 및 보조장치 제조업",MANUFACTURING,제조업,True,True,leaf_unit,False,,,,,,,,,,,,,,,
31312,무인 항공기 및 무인 비행장치 제조업,무인 항공기 및 무인 비행장치 제조업,무인 항공기 및 무인 비행장치 제조업,subdetail,5,True,3131,3,31.0,313.0,3131.0,31312.0,제조업,기타 운송장비 제조업,"항공기, 우주선 및 부품 제조업","항공기, 우주선 및 보조장치 제조업",무인 항공기 및 무인 비행장치 제조업,제조업,3/31/313/3131/31312," / 기타 운송장비 제조업 / 항공기, 우주선 및 부품 제조업 / 항공기, 우주선 및 보조장치 제조업 / 무인 항공기 및 무인 비행장치 제조업",MANUFACTURING,제조업,True,True,leaf_unit,False,,,,,,,,,,,,,,,
31321,항공기용 엔진 제조업,항공기용 엔진 제조업,항공기용 엔진 제조업,subdetail,5,True,3132,3,31.0,313.0,3132.0,31321.0,제조업,기타 운송장비 제조업,"항공기, 우주선 및 부품 제조업",항공기용 엔진 및 부품 제조업,항공기용 엔진 제조업,제조업,3/31/313/3132/31321," / 기타 운송장비 제조업 / 항공기, 우주선 및 부품 제조업 / 항공기용 엔진 및 부품 제조업 / 항공기용 엔진 제조업",MANUFACTURING,제조업,True,True,leaf_unit,False,,,,,,,,,,,,,,,
31322,항공기용 부품 제조업,항공기용 부품 제조업,항공기용 부품 제조업,subdetail,5,True,3132,3,31.0,313.0,3132.0,31322.0,제조업,기타 운송장비 제조업,"항공기, 우주선 및 부품 제조업",항공기용 엔진 및 부품 제조업,항공기용 부품 제조업,제조업,3/31/313/3132/31322," / 기타 운송장비 제조업 / 항공기, 우주선 및 부품 제조업 / 항공기용 엔진 및 부품 제조업 / 항공기용 부품 제조업",MANUFACTURING,제조업,True,True,leaf_unit,False,,,,,,,,,,,,,,,
31910,전투용 차량 제조업,전투용 차량 제조업,전투용 차량 제조업,subdetail,5,True,3191,3,31.0,319.0,3191.0,31910.0,제조업,기타 운송장비 제조업,그 외 기타 운송장비 제조업,전투용 차량 제조업,전투용 차량 제조업,제조업,3/31/319/3191/31910, / 기타 운송장비 제조업 / 그 외 기타 운송장비 제조업 / 전투용 차량 제조업 / 전투용 차량 제조업,MANUFACTURING,제조업,True,True,leaf_unit,False,,,,,,,,,,,,,,,
31921,모터사이클 제조업,모터사이클 제조업,모터사이클 제조업,subdetail,5,True,3192,3,31.0,319.0,3192.0,31921.0,제조업,기타 운송장비 제조업,그 외 기타 운송장비 제조업,모터사이클 및 개인용 전기식 이동수단 제조업,모터사이클 제조업,제조업,3/31/319/3192/31921, / 기타 운송장비 제조업 / 그 외 기타 운송장비 제조업 / 모터사이클 및 개인용 전기식 이동수단 제조업 / 모터사이클 제조업,MANUFACTURING,제조업,True,True,leaf_unit,False,,,,,,,,,,,,,,,
31922,개인용 전기식 이동수단 제조업,개인용 전기식 이동수단 제조업,개인용 전기식 이동수단 제조업,subdetail,5,True,3192,3,31.0,319.0,3192.0,31922.0,제조업,기타 운송장비 제조업,그 외 기타 운송장비 제조업,모터사이클 및 개인용 전기식 이동수단 제조업,개인용 전기식 이동수단 제조업,제조업,3/31/319/3192/31922, / 기타 운송장비 제조업 / 그 외 기타 운송장비 제조업 / 모터사이클 및 개인용 전기식 이동수단 제조업 / 개인용 전기식 이동수단 제조업,MANUFACTURING,제조업,True,True,leaf_unit,False,,,,,,,,,,,,,,,
31991,자전거 및 환자용 차량 제조업,자전거 및 환자용 차량 제조업,자전거 및 환자용 차량 제조업,subdetail,5,True,3199,3,31.0,319.0,3199.0,31991.0,제조업,기타 운송장비 제조업,그 외 기타 운송장비 제조업,그 외 기타 분류 안된 운송장비 제조업,자전거 및 환자용 차량 제조업,제조업,3/31/319/3199/31991, / 기타 운송장비 제조업 / 그 외 기타 운송장비 제조업 / 그 외 기타 분류 안된 운송장비 제조업 / 자전거 및 환자용 차량 제조업,MANUFACTURING,제조업,True,True,leaf_unit,False,,,,,,,,,,,,,,,
31999,그 외 기타 달리 분류되지 않은 운송장비 제조업,그 외 기타 달리 분류되지 않은 운송장비 제조업,그 외 기타 달리 분류되지 않은 운송장비 제조업,subdetail,5,True,3199,3,31.0,319.0,3199.0,31999.0,제조업,기타 운송장비 제조업,그 외 기타 운송장비 제조업,그 외 기타 분류 안된 운송장비 제조업,그 외 기타 달리 분류되지 않은 운송장비 제조업,제조업,3/31/319/3199/31999, / 기타 운송장비 제조업 / 그 외 기타 운송장비 제조업 / 그 외 기타 분류 안된 운송장비 제조업 / 그 외 기타 달리 분류되지 않은 운송장비 제조업,MANUFACTURING,제조업,True,True,leaf_unit,False,,,,,,,,,,,,,,,
32011,매트리스 및 침대 제조업,매트리스 및 침대 제조업,매트리스 및 침대 제조업,subdetail,5,True,3201,3,32.0,320.0,3201.0,32011.0,제조업,가구 제조업,가구 제조업,침대 및 내장 가구 제조업,매트리스 및 침대 제조업,제조업,3/32/320/3201/32011, / 가구 제조업 / 가구 제조업 / 침대 및 내장 가구 제조업 / 매트리스 및 침대 제조업,MANUFACTURING,제조업,True,True,leaf_unit,False,,,,,,,,,,,,,,,
32019,소파 및 기타 내장가구 제조업,소파 및 기타 내장가구 제조업,소파 및 기타 내장가구 제조업,subdetail,5,True,3201,3,32.0,320.0,3201.0,32019.0,제조업,가구 제조업,가구 제조업,침대 및 내장 가구 제조업,소파 및 기타 내장가구 제조업,제조업,3/32/320/3201/32019, / 가구 제조업 / 가구 제조업 / 침대 및 내장 가구 제조업 / 소파 및 기타 내장가구 제조업,MANUFACTURING,제조업,True,True,leaf_unit,False,,,,,,,,,,,,,,,
32021,주방용 및 음식점용 목재가구 제조업,주방용 및 음식점용 목재가구 제조업,주방용 및 음식점용 목재가구 제조업,subdetail,5,True,3202,3,32.0,320.0,3202.0,32021.0,제조업,가구 제조업,가구 제조업,목재 가구 제조업,주방용 및 음식점용 목재가구 제조업,제조업,3/32/320/3202/32021, / 가구 제조업 / 가구 제조업 / 목재 가구 제조업 / 주방용 및 음식점용 목재가구 제조업,MANUFACTURING,제조업,True,True,leaf_unit,False,,,,,,,,,,,,,,,
32029,기타 목재가구 제조업,기타 목재가구 제조업,기타 목재가구 제조업,subdetail,5,True,3202,3,32.0,320.0,3202.0,32029.0,제조업,가구 제조업,가구 제조업,목재 가구 제조업,기타 목재가구 제조업,제조업,3/32/320/3202/32029, / 가구 제조업 / 가구 제조업 / 목재 가구 제조업 / 기타 목재가구 제조업,MANUFACTURING,제조업,True,True,leaf_unit,False,,,,,,,,,,,,,,,
32091,금속 가구 제조업,금속 가구 제조업,금속 가구 제조업,subdetail,5,True,3209,3,32.0,320.0,3209.0,32091.0,제조업,가구 제조업,가구 제조업,기타 가구 제조업,금속 가구 제조업,제조업,3/32/320/3209/32091, / 가구 제조업 / 가구 제조업 / 기타 가구 제조업 / 금속 가구 제조업,MANUFACTURING,제조업,True,True,leaf_unit,False,,,,,,,,,,,,,,,
32099,그 외 기타 가구 제조업,그 외 기타 가구 제조업,그 외 기타 가구 제조업,subdetail,5,True,3209,3,32.0,320.0,3209.0,32099.0,제조업,가구 제조업,가구 제조업,기타 가구 제조업,그 외 기타 가구 제조업,제조업,3/32/320/3209/32099, / 가구 제조업 / 가구 제조업 / 기타 가구 제조업 / 그 외 기타 가구 제조업,MANUFACTURING,제조업,True,True,leaf_unit,False,,,,,,,,,,,,,,,
33110,귀금속 및 관련제품 제조업,귀금속 및 관련제품 제조업,귀금속 및 관련제품 제조업,subdetail,5,True,3311,3,33.0,331.0,3311.0,33110.0,제조업,기타 제품 제조업,귀금속 및 장신용품 제조업,귀금속 및 관련제품 제조업,귀금속 및 관련제품 제조업,제조업,3/33/331/3311/33110, / 기타 제품 제조업 / 귀금속 및 장신용품 제조업 / 귀금속 및 관련제품 제조업 / 귀금속 및 관련제품 제조업,MANUFACTURING,제조업,True,True,leaf_unit,False,,,,,,,,,,,,,,,
33120,모조 귀금속 및 모조 장신용품 제조업,모조 귀금속 및 모조 장신용품 제조업,모조 귀금속 및 모조 장신용품 제조업,subdetail,5,True,3312,3,33.0,331.0,3312.0,33120.0,제조업,기타 제품 제조업,귀금속 및 장신용품 제조업,모조 귀금속 및 모조 장신용품 제조업,모조 귀금속 및 모조 장신용품 제조업,제조업,3/33/331/3312/33120, / 기타 제품 제조업 / 귀금속 및 장신용품 제조업 / 모조 귀금속 및 모조 장신용품 제조업 / 모조 귀금속 및 모조 장신용품 제조업,MANUFACTURING,제조업,True,True,leaf_unit,False,,,,,,,,,,,,,,,
33201,건반 악기 제조업,건반 악기 제조업,건반 악기 제조업,subdetail,5,True,3320,3,33.0,332.0,3320.0,33201.0,제조업,기타 제품 제조업,악기 제조업,악기 제조업,건반 악기 제조업,제조업,3/33/332/3320/33201, / 기타 제품 제조업 / 악기 제조업 / 악기 제조업 / 건반 악기 제조업,MANUFACTURING,제조업,True,True,leaf_unit,False,,,,,,,,,,,,,,,
33209,기타 악기 및 전자 악기 제조업,기타 악기 및 전자 악기 제조업,기타 악기 및 전자 악기 제조업,subdetail,5,True,3320,3,33.0,332.0,3320.0,33209.0,제조업,기타 제품 제조업,악기 제조업,악기 제조업,기타 악기 및 전자 악기 제조업,제조업,3/33/332/3320/33209, / 기타 제품 제조업 / 악기 제조업 / 악기 제조업 / 기타 악기 및 전자 악기 제조업,MANUFACTURING,제조업,True,True,leaf_unit,False,,,,,,,,,,,,,,,
33301,"체조, 육상 및 체력단련용 장비 제조업","체조, 육상 및 체력단련용 장비 제조업","체조, 육상 및 체력단련용 장비 제조업",subdetail,5,True,3330,3,33.0,333.0,3330.0,33301.0,제조업,기타 제품 제조업,운동 및 경기용구 제조업,운동 및 경기용구 제조업,"체조, 육상 및 체력단련용 장비 제조업",제조업,3/33/333/3330/33301," / 기타 제품 제조업 / 운동 및 경기용구 제조업 / 운동 및 경기용구 제조업 / 체조, 육상 및 체력단련용 장비 제조업",MANUFACTURING,제조업,True,True,leaf_unit,False,,,,,,,,,,,,,,,
33302,놀이터용 장비 제조업,놀이터용 장비 제조업,놀이터용 장비 제조업,subdetail,5,True,3330,3,33.0,333.0,3330.0,33302.0,제조업,기타 제품 제조업,운동 및 경기용구 제조업,운동 및 경기용구 제조업,놀이터용 장비 제조업,제조업,3/33/333/3330/33302, / 기타 제품 제조업 / 운동 및 경기용구 제조업 / 운동 및 경기용구 제조업 / 놀이터용 장비 제조업,MANUFACTURING,제조업,True,True,leaf_unit,False,,,,,,,,,,,,,,,
33303,낚시 및 수렵용구 제조업,낚시 및 수렵용구 제조업,낚시 및 수렵용구 제조업,subdetail,5,True,3330,3,33.0,333.0,3330.0,33303.0,제조업,기타 제품 제조업,운동 및 경기용구 제조업,운동 및 경기용구 제조업,낚시 및 수렵용구 제조업,제조업,3/33/333/3330/33303, / 기타 제품 제조업 / 운동 및 경기용구 제조업 / 운동 및 경기용구 제조업 / 낚시 및 수렵용구 제조업,MANUFACTURING,제조업,True,True,leaf_unit,False,,,,,,,,,,,,,,,
33309,기타 운동 및 경기용구 제조업,기타 운동 및 경기용구 제조업,기타 운동 및 경기용구 제조업,subdetail,5,True,3330,3,33.0,333.0,3330.0,33309.0,제조업,기타 제품 제조업,운동 및 경기용구 제조업,운동 및 경기용구 제조업,기타 운동 및 경기용구 제조업,제조업,3/33/333/3330/33309, / 기타 제품 제조업 / 운동 및 경기용구 제조업 / 운동 및 경기용구 제조업 / 기타 운동 및 경기용구 제조업,MANUFACTURING,제조업,True,True,leaf_unit,False,,,,,,,,,,,,,,,
33401,인형 및 장난감 제조업,인형 및 장난감 제조업,인형 및 장난감 제조업,subdetail,5,True,3340,3,33.0,334.0,3340.0,33401.0,제조업,기타 제품 제조업,"인형, 장난감 및 오락용품 제조업","인형, 장난감 및 오락용품 제조업",인형 및 장난감 제조업,제조업,3/33/334/3340/33401," / 기타 제품 제조업 / 인형, 장난감 및 오락용품 제조업 / 인형, 장난감 및 오락용품 제조업 / 인형 및 장난감 제조업",MANUFACTURING,제조업,True,True,leaf_unit,False,,,,,,,,,,,,,,,
33402,영상게임기 제조업,영상게임기 제조업,영상게임기 제조업,subdetail,5,True,3340,3,33.0,334.0,3340.0,33402.0,제조업,기타 제품 제조업,"인형, 장난감 및 오락용품 제조업","인형, 장난감 및 오락용품 제조업",영상게임기 제조업,제조업,3/33/334/3340/33402," / 기타 제품 제조업 / 인형, 장난감 및 오락용품 제조업 / 인형, 장난감 및 오락용품 제조업 / 영상게임기 제조업",MANUFACTURING,제조업,True,True,leaf_unit,False,,,,,,,,,,,,,,,
33409,기타 오락용품 제조업,기타 오락용품 제조업,기타 오락용품 제조업,subdetail,5,True,3340,3,33.0,334.0,3340.0,33409.0,제조업,기타 제품 제조업,"인형, 장난감 및 오락용품 제조업","인형, 장난감 및 오락용품 제조업",기타 오락용품 제조업,제조업,3/33/334/3340/33409," / 기타 제품 제조업 / 인형, 장난감 및 오락용품 제조업 / 인형, 장난감 및 오락용품 제조업 / 기타 오락용품 제조업",MANUFACTURING,제조업,True,True,leaf_unit,False,,,,,,,,,,,,,,,
33910,간판 및 광고물 제조업,간판 및 광고물 제조업,간판 및 광고물 제조업,subdetail,5,True,3391,3,33.0,339.0,3391.0,33910.0,제조업,기타 제품 제조업,그 외 기타 제품 제조업,간판 및 광고물 제조업,간판 및 광고물 제조업,제조업,3/33/339/3391/33910, / 기타 제품 제조업 / 그 외 기타 제품 제조업 / 간판 및 광고물 제조업 / 간판 및 광고물 제조업,MANUFACTURING,제조업,True,True,leaf_unit,False,,,,,,,,,,,,,,,
33920,사무 및 회화용품 제조업,사무 및 회화용품 제조업,사무 및 회화용품 제조업,subdetail,5,True,3392,3,33.0,339.0,3392.0,33920.0,제조업,기타 제품 제조업,그 외 기타 제품 제조업,사무 및 회화용품 제조업,사무 및 회화용품 제조업,제조업,3/33/339/3392/33920, / 기타 제품 제조업 / 그 외 기타 제품 제조업 / 사무 및 회화용품 제조업 / 사무 및 회화용품 제조업,MANUFACTURING,제조업,True,True,leaf_unit,False,,,,,,,,,,,,,,,
33931,가발 및 유사 제품 제조업,가발 및 유사 제품 제조업,가발 및 유사 제품 제조업,subdetail,5,True,3393,3,33.0,339.0,3393.0,33931.0,제조업,기타 제품 제조업,그 외 기타 제품 제조업,"가발, 장식용품 및 전시용 모형 제조업",가발 및 유사 제품 제조업,제조업,3/33/339/3393/33931," / 기타 제품 제조업 / 그 외 기타 제품 제조업 / 가발, 장식용품 및 전시용 모형 제조업 / 가발 및 유사 제품 제조업",MANUFACTURING,제조업,True,True,leaf_unit,False,,,,,,,,,,,,,,,
33932,전시용 모형 제조업,전시용 모형 제조업,전시용 모형 제조업,subdetail,5,True,3393,3,33.0,339.0,3393.0,33932.0,제조업,기타 제품 제조업,그 외 기타 제품 제조업,"가발, 장식용품 및 전시용 모형 제조업",전시용 모형 제조업,제조업,3/33/339/3393/33932," / 기타 제품 제조업 / 그 외 기타 제품 제조업 / 가발, 장식용품 및 전시용 모형 제조업 / 전시용 모형 제조업",MANUFACTURING,제조업,True,True,leaf_unit,False,,,,,,,,,,,,,,,
33933,표구처리업,표구처리업,표구처리업,subdetail,5,True,3393,3,33.0,339.0,3393.0,33933.0,제조업,기타 제품 제조업,그 외 기타 제품 제조업,"가발, 장식용품 및 전시용 모형 제조업",표구처리업,제조업,3/33/339/3393/33933," / 기타 제품 제조업 / 그 외 기타 제품 제조업 / 가발, 장식용품 및 전시용 모형 제조업 / 표구처리업",MANUFACTURING,제조업,True,True,leaf_unit,False,,,,,,,,,,,,,,,
33991,단추 및 유사 파스너 제조업,단추 및 유사 파스너 제조업,단추 및 유사 파스너 제조업,subdetail,5,True,3399,3,33.0,339.0,3399.0,33991.0,제조업,기타 제품 제조업,그 외 기타 제품 제조업,그 외 기타 분류 안된 제품 제조업,단추 및 유사 파스너 제조업,제조업,3/33/339/3399/33991, / 기타 제품 제조업 / 그 외 기타 제품 제조업 / 그 외 기타 분류 안된 제품 제조업 / 단추 및 유사 파스너 제조업,MANUFACTURING,제조업,True,True,leaf_unit,False,,,,,,,,,,,,,,,
33992,"라이터, 연소물 및 흡연용품 제조업","라이터, 연소물 및 흡연용품 제조업","라이터, 연소물 및 흡연용품 제조업",subdetail,5,True,3399,3,33.0,339.0,3399.0,33992.0,제조업,기타 제품 제조업,그 외 기타 제품 제조업,그 외 기타 분류 안된 제품 제조업,"라이터, 연소물 및 흡연용품 제조업",제조업,3/33/339/3399/33992," / 기타 제품 제조업 / 그 외 기타 제품 제조업 / 그 외 기타 분류 안된 제품 제조업 / 라이터, 연소물 및 흡연용품 제조업",MANUFACTURING,제조업,True,True,leaf_unit,False,,,,,,,,,,,,,,,
33993,비 및 솔 제조업,비 및 솔 제조업,비 및 솔 제조업,subdetail,5,True,3399,3,33.0,339.0,3399.0,33993.0,제조업,기타 제품 제조업,그 외 기타 제품 제조업,그 외 기타 분류 안된 제품 제조업,비 및 솔 제조업,제조업,3/33/339/3399/33993, / 기타 제품 제조업 / 그 외 기타 제품 제조업 / 그 외 기타 분류 안된 제품 제조업 / 비 및 솔 제조업,MANUFACTURING,제조업,True,True,leaf_unit,False,,,,,,,,,,,,,,,
33999,그 외 기타 달리 분류되지 않은 제품 제조업,그 외 기타 달리 분류되지 않은 제품 제조업,그 외 기타 달리 분류되지 않은 제품 제조업,subdetail,5,True,3399,3,33.0,339.0,3399.0,33999.0,제조업,기타 제품 제조업,그 외 기타 제품 제조업,그 외 기타 분류 안된 제품 제조업,그 외 기타 달리 분류되지 않은 제품 제조업,제조업,3/33/339/3399/33999, / 기타 제품 제조업 / 그 외 기타 제품 제조업 / 그 외 기타 분류 안된 제품 제조업 / 그 외 기타 달리 분류되지 않은 제품 제조업,MANUFACTURING,제조업,True,True,leaf_unit,False,,,,,,,,,,,,,,,
34011,건설ㆍ광업용 기계 및 장비 수리업,건설ㆍ광업용 기계 및 장비 수리업,건설ㆍ광업용 기계 및 장비 수리업,subdetail,5,True,3401,3,34.0,340.0,3401.0,34011.0,제조업,산업용 기계 및 장비 수리업,산업용 기계 및 장비 수리업,일반 기계류 수리업,건설ㆍ광업용 기계 및 장비 수리업,제조업,3/34/340/3401/34011, / 산업용 기계 및 장비 수리업 / 산업용 기계 및 장비 수리업 / 일반 기계류 수리업 / 건설ㆍ광업용 기계 및 장비 수리업,MANUFACTURING,제조업,True,True,leaf_unit,False,,,,,,,,,,,,,,,
34019,기타 일반 기계 및 장비 수리업,기타 일반 기계 및 장비 수리업,기타 일반 기계 및 장비 수리업,subdetail,5,True,3401,3,34.0,340.0,3401.0,34019.0,제조업,산업용 기계 및 장비 수리업,산업용 기계 및 장비 수리업,일반 기계류 수리업,기타 일반 기계 및 장비 수리업,제조업,3/34/340/3401/34019, / 산업용 기계 및 장비 수리업 / 산업용 기계 및 장비 수리업 / 일반 기계류 수리업 / 기타 일반 기계 및 장비 수리업,MANUFACTURING,제조업,True,True,leaf_unit,False,,,,,,,,,,,,,,,
34020,전기ㆍ전자 및 정밀기기 수리업,전기ㆍ전자 및 정밀기기 수리업,전기ㆍ전자 및 정밀기기 수리업,subdetail,5,True,3402,3,34.0,340.0,3402.0,34020.0,제조업,산업용 기계 및 장비 수리업,산업용 기계 및 장비 수리업,전기ㆍ전자 및 정밀 기기 수리업,전기ㆍ전자 및 정밀기기 수리업,제조업,3/34/340/3402/34020, / 산업용 기계 및 장비 수리업 / 산업용 기계 및 장비 수리업 / 전기ㆍ전자 및 정밀 기기 수리업 / 전기ㆍ전자 및 정밀기기 수리업,MANUFACTURING,제조업,True,True,leaf_unit,False,,,,,,,,,,,,,,,
35111,원자력 발전업,원자력 발전업,원자력 발전업,subdetail,5,True,3511,3,35.0,351.0,3511.0,35111.0,"전기, 가스, 증기 및 공기 조절 공급업","전기, 가스, 증기 및 공기 조절 공급업",전기업,발전업,원자력 발전업,"전기, 가스, 증기 및 공기 조절 공급업",3/35/351/3511/35111," / 전기, 가스, 증기 및 공기 조절 공급업 / 전기업 / 발전업 / 원자력 발전업",ENERGY,전기·가스·에너지,True,False,leaf_unit,False,,,,,,,,,,,,,,,
35112,수력 발전업,수력 발전업,수력 발전업,subdetail,5,True,3511,3,35.0,351.0,3511.0,35112.0,"전기, 가스, 증기 및 공기 조절 공급업","전기, 가스, 증기 및 공기 조절 공급업",전기업,발전업,수력 발전업,"전기, 가스, 증기 및 공기 조절 공급업",3/35/351/3511/35112," / 전기, 가스, 증기 및 공기 조절 공급업 / 전기업 / 발전업 / 수력 발전업",ENERGY,전기·가스·에너지,True,False,leaf_unit,False,,,,,,,,,,,,,,,
35113,화력 발전업,화력 발전업,화력 발전업,subdetail,5,True,3511,3,35.0,351.0,3511.0,35113.0,"전기, 가스, 증기 및 공기 조절 공급업","전기, 가스, 증기 및 공기 조절 공급업",전기업,발전업,화력 발전업,"전기, 가스, 증기 및 공기 조절 공급업",3/35/351/3511/35113," / 전기, 가스, 증기 및 공기 조절 공급업 / 전기업 / 발전업 / 화력 발전업",ENERGY,전기·가스·에너지,True,False,leaf_unit,False,,,,,,,,,,,,,,,
35114,태양력 발전업,태양력 발전업,태양력 발전업,subdetail,5,True,3511,3,35.0,351.0,3511.0,35114.0,"전기, 가스, 증기 및 공기 조절 공급업","전기, 가스, 증기 및 공기 조절 공급업",전기업,발전업,태양력 발전업,"전기, 가스, 증기 및 공기 조절 공급업",3/35/351/3511/35114," / 전기, 가스, 증기 및 공기 조절 공급업 / 전기업 / 발전업 / 태양력 발전업",ENERGY,전기·가스·에너지,True,False,leaf_unit,False,,,,,,,,,,,,,,,
35115,풍력 발전업,풍력 발전업,풍력 발전업,subdetail,5,True,3511,3,35.0,351.0,3511.0,35115.0,"전기, 가스, 증기 및 공기 조절 공급업","전기, 가스, 증기 및 공기 조절 공급업",전기업,발전업,풍력 발전업,"전기, 가스, 증기 및 공기 조절 공급업",3/35/351/3511/35115," / 전기, 가스, 증기 및 공기 조절 공급업 / 전기업 / 발전업 / 풍력 발전업",ENERGY,전기·가스·에너지,True,False,leaf_unit,False,,,,,,,,,,,,,,,
35119,기타 발전업,기타 발전업,기타 발전업,subdetail,5,True,3511,3,35.0,351.0,3511.0,35119.0,"전기, 가스, 증기 및 공기 조절 공급업","전기, 가스, 증기 및 공기 조절 공급업",전기업,발전업,기타 발전업,"전기, 가스, 증기 및 공기 조절 공급업",3/35/351/3511/35119," / 전기, 가스, 증기 및 공기 조절 공급업 / 전기업 / 발전업 / 기타 발전업",ENERGY,전기·가스·에너지,True,False,leaf_unit,False,,,,,,,,,,,,,,,
35120,송전 및 배전업,송전 및 배전업,송전 및 배전업,subdetail,5,True,3512,3,35.0,351.0,3512.0,35120.0,"전기, 가스, 증기 및 공기 조절 공급업","전기, 가스, 증기 및 공기 조절 공급업",전기업,송전 및 배전업,송전 및 배전업,"전기, 가스, 증기 및 공기 조절 공급업",3/35/351/3512/35120," / 전기, 가스, 증기 및 공기 조절 공급업 / 전기업 / 송전 및 배전업 / 송전 및 배전업",ENERGY,전기·가스·에너지,True,False,leaf_unit,False,,,,,,,,,,,,,,,
35130,전기 판매업,전기 판매업,전기 판매업,subdetail,5,True,3513,3,35.0,351.0,3513.0,35130.0,"전기, 가스, 증기 및 공기 조절 공급업","전기, 가스, 증기 및 공기 조절 공급업",전기업,전기 판매업,전기 판매업,"전기, 가스, 증기 및 공기 조절 공급업",3/35/351/3513/35130," / 전기, 가스, 증기 및 공기 조절 공급업 / 전기업 / 전기 판매업 / 전기 판매업",ENERGY,전기·가스·에너지,True,False,leaf_unit,False,,,,,,,,,,,,,,,
35200,연료용 가스 제조 및 배관공급업,연료용 가스 제조 및 배관공급업,연료용 가스 제조 및 배관공급업,subdetail,5,True,3520,3,35.0,352.0,3520.0,35200.0,"전기, 가스, 증기 및 공기 조절 공급업","전기, 가스, 증기 및 공기 조절 공급업",연료용 가스 제조 및 배관공급업,연료용 가스 제조 및 배관공급업,연료용 가스 제조 및 배관공급업,"전기, 가스, 증기 및 공기 조절 공급업",3/35/352/3520/35200," / 전기, 가스, 증기 및 공기 조절 공급업 / 연료용 가스 제조 및 배관공급업 / 연료용 가스 제조 및 배관공급업 / 연료용 가스 제조 및 배관공급업",ENERGY,전기·가스·에너지,True,False,leaf_unit,False,,,,,,,,,,,,,,,
35300,"증기, 냉ㆍ온수 및 공기조절 공급업","증기, 냉ㆍ온수 및 공기조절 공급업","증기, 냉ㆍ온수 및 공기조절 공급업",subdetail,5,True,3530,3,35.0,353.0,3530.0,35300.0,"전기, 가스, 증기 및 공기 조절 공급업","전기, 가스, 증기 및 공기 조절 공급업","증기, 냉ㆍ온수 및 공기 조절 공급업","증기, 냉ㆍ온수 및 공기 조절 공급업","증기, 냉ㆍ온수 및 공기조절 공급업","전기, 가스, 증기 및 공기 조절 공급업",3/35/353/3530/35300," / 전기, 가스, 증기 및 공기 조절 공급업 / 증기, 냉ㆍ온수 및 공기 조절 공급업 / 증기, 냉ㆍ온수 및 공기 조절 공급업 / 증기, 냉ㆍ온수 및 공기조절 공급업",ENERGY,전기·가스·에너지,True,False,leaf_unit,False,,,,,,,,,,,,,,,
36010,생활용수 공급업,생활용수 공급업,생활용수 공급업,subdetail,5,True,3601,3,36.0,360.0,3601.0,36010.0,"수도, 하수 및 폐기물 처리, 원료 재생업",수도업,수도업,생활용수 공급업,생활용수 공급업,"수도, 하수 및 폐기물 처리, 원료 재생업",3/36/360/3601/36010, / 수도업 / 수도업 / 생활용수 공급업 / 생활용수 공급업,ENVIRONMENT,환경·폐기물 처리,True,False,leaf_unit,False,,,,,,,,,,,,,,,
36020,산업용수 공급업,산업용수 공급업,산업용수 공급업,subdetail,5,True,3602,3,36.0,360.0,3602.0,36020.0,"수도, 하수 및 폐기물 처리, 원료 재생업",수도업,수도업,산업용수 공급업,산업용수 공급업,"수도, 하수 및 폐기물 처리, 원료 재생업",3/36/360/3602/36020, / 수도업 / 수도업 / 산업용수 공급업 / 산업용수 공급업,ENVIRONMENT,환경·폐기물 처리,True,False,leaf_unit,False,,,,,,,,,,,,,,,
37011,하수 처리업,하수 처리업,하수 처리업,subdetail,5,True,3701,3,37.0,370.0,3701.0,37011.0,"수도, 하수 및 폐기물 처리, 원료 재생업","하수, 폐수 및 분뇨 처리업","하수, 폐수 및 분뇨 처리업",하수 및 폐수 처리업,하수 처리업,"수도, 하수 및 폐기물 처리, 원료 재생업",3/37/370/3701/37011," / 하수, 폐수 및 분뇨 처리업 / 하수, 폐수 및 분뇨 처리업 / 하수 및 폐수 처리업 / 하수 처리업",ENVIRONMENT,환경·폐기물 처리,True,False,leaf_unit,False,,,,,,,,,,,,,,,
37012,폐수 처리업,폐수 처리업,폐수 처리업,subdetail,5,True,3701,3,37.0,370.0,3701.0,37012.0,"수도, 하수 및 폐기물 처리, 원료 재생업","하수, 폐수 및 분뇨 처리업","하수, 폐수 및 분뇨 처리업",하수 및 폐수 처리업,폐수 처리업,"수도, 하수 및 폐기물 처리, 원료 재생업",3/37/370/3701/37012," / 하수, 폐수 및 분뇨 처리업 / 하수, 폐수 및 분뇨 처리업 / 하수 및 폐수 처리업 / 폐수 처리업",ENVIRONMENT,환경·폐기물 처리,True,False,leaf_unit,False,,,,,,,,,,,,,,,
37021,사람 분뇨 처리업,사람 분뇨 처리업,사람 분뇨 처리업,subdetail,5,True,3702,3,37.0,370.0,3702.0,37021.0,"수도, 하수 및 폐기물 처리, 원료 재생업","하수, 폐수 및 분뇨 처리업","하수, 폐수 및 분뇨 처리업",분뇨 처리업,사람 분뇨 처리업,"수도, 하수 및 폐기물 처리, 원료 재생업",3/37/370/3702/37021," / 하수, 폐수 및 분뇨 처리업 / 하수, 폐수 및 분뇨 처리업 / 분뇨 처리업 / 사람 분뇨 처리업",ENVIRONMENT,환경·폐기물 처리,True,False,leaf_unit,False,,,,,,,,,,,,,,,
37022,축산 분뇨 처리업,축산 분뇨 처리업,축산 분뇨 처리업,subdetail,5,True,3702,3,37.0,370.0,3702.0,37022.0,"수도, 하수 및 폐기물 처리, 원료 재생업","하수, 폐수 및 분뇨 처리업","하수, 폐수 및 분뇨 처리업",분뇨 처리업,축산 분뇨 처리업,"수도, 하수 및 폐기물 처리, 원료 재생업",3/37/370/3702/37022," / 하수, 폐수 및 분뇨 처리업 / 하수, 폐수 및 분뇨 처리업 / 분뇨 처리업 / 축산 분뇨 처리업",ENVIRONMENT,환경·폐기물 처리,True,False,leaf_unit,False,,,,,,,,,,,,,,,
38110,"지정 외 폐기물 수집, 운반업","지정 외 폐기물 수집, 운반업","지정 외 폐기물 수집, 운반업",subdetail,5,True,3811,3,38.0,381.0,3811.0,38110.0,"수도, 하수 및 폐기물 처리, 원료 재생업","폐기물 수집, 운반, 처리 및 원료 재생업","폐기물 수집, 운반업","지정 외 폐기물 수집, 운반업","지정 외 폐기물 수집, 운반업","수도, 하수 및 폐기물 처리, 원료 재생업",3/38/381/3811/38110," / 폐기물 수집, 운반, 처리 및 원료 재생업 / 폐기물 수집, 운반업 / 지정 외 폐기물 수집, 운반업 / 지정 외 폐기물 수집, 운반업",ENVIRONMENT,환경·폐기물 처리,True,False,leaf_unit,False,,,,,,,,,,,,,,,
38120,"지정 폐기물 수집, 운반업","지정 폐기물 수집, 운반업","지정 폐기물 수집, 운반업",subdetail,5,True,3812,3,38.0,381.0,3812.0,38120.0,"수도, 하수 및 폐기물 처리, 원료 재생업","폐기물 수집, 운반, 처리 및 원료 재생업","폐기물 수집, 운반업","지정 폐기물 수집, 운반업","지정 폐기물 수집, 운반업","수도, 하수 및 폐기물 처리, 원료 재생업",3/38/381/3812/38120," / 폐기물 수집, 운반, 처리 및 원료 재생업 / 폐기물 수집, 운반업 / 지정 폐기물 수집, 운반업 / 지정 폐기물 수집, 운반업",ENVIRONMENT,환경·폐기물 처리,True,False,leaf_unit,False,,,,,,,,,,,,,,,
38130,"건설 폐기물 수집, 운반업","건설 폐기물 수집, 운반업","건설 폐기물 수집, 운반업",subdetail,5,True,3813,3,38.0,381.0,3813.0,38130.0,"수도, 하수 및 폐기물 처리, 원료 재생업","폐기물 수집, 운반, 처리 및 원료 재생업","폐기물 수집, 운반업","건설 폐기물 수집, 운반업","건설 폐기물 수집, 운반업","수도, 하수 및 폐기물 처리, 원료 재생업",3/38/381/3813/38130," / 폐기물 수집, 운반, 처리 및 원료 재생업 / 폐기물 수집, 운반업 / 건설 폐기물 수집, 운반업 / 건설 폐기물 수집, 운반업",ENVIRONMENT,환경·폐기물 처리,True,False,leaf_unit,False,,,,,,,,,,,,,,,
38210,지정 외 폐기물 처리업,지정 외 폐기물 처리업,지정 외 폐기물 처리업,subdetail,5,True,3821,3,38.0,382.0,3821.0,38210.0,"수도, 하수 및 폐기물 처리, 원료 재생업","폐기물 수집, 운반, 처리 및 원료 재생업",폐기물 처리업,지정 외 폐기물 처리업,지정 외 폐기물 처리업,"수도, 하수 및 폐기물 처리, 원료 재생업",3/38/382/3821/38210," / 폐기물 수집, 운반, 처리 및 원료 재생업 / 폐기물 처리업 / 지정 외 폐기물 처리업 / 지정 외 폐기물 처리업",ENVIRONMENT,환경·폐기물 처리,True,False,leaf_unit,False,,,,,,,,,,,,,,,
38220,지정 폐기물 처리업,지정 폐기물 처리업,지정 폐기물 처리업,subdetail,5,True,3822,3,38.0,382.0,3822.0,38220.0,"수도, 하수 및 폐기물 처리, 원료 재생업","폐기물 수집, 운반, 처리 및 원료 재생업",폐기물 처리업,지정 폐기물 처리업,지정 폐기물 처리업,"수도, 하수 및 폐기물 처리, 원료 재생업",3/38/382/3822/38220," / 폐기물 수집, 운반, 처리 및 원료 재생업 / 폐기물 처리업 / 지정 폐기물 처리업 / 지정 폐기물 처리업",ENVIRONMENT,환경·폐기물 처리,True,False,leaf_unit,False,,,,,,,,,,,,,,,
38230,건설 폐기물 처리업,건설 폐기물 처리업,건설 폐기물 처리업,subdetail,5,True,3823,3,38.0,382.0,3823.0,38230.0,"수도, 하수 및 폐기물 처리, 원료 재생업","폐기물 수집, 운반, 처리 및 원료 재생업",폐기물 처리업,건설 폐기물 처리업,건설 폐기물 처리업,"수도, 하수 및 폐기물 처리, 원료 재생업",3/38/382/3823/38230," / 폐기물 수집, 운반, 처리 및 원료 재생업 / 폐기물 처리업 / 건설 폐기물 처리업 / 건설 폐기물 처리업",ENVIRONMENT,환경·폐기물 처리,True,False,leaf_unit,False,,,,,,,,,,,,,,,
38240,"방사성 폐기물 수집, 운반 및 처리업","방사성 폐기물 수집, 운반 및 처리업","방사성 폐기물 수집, 운반 및 처리업",subdetail,5,True,3824,3,38.0,382.0,3824.0,38240.0,"수도, 하수 및 폐기물 처리, 원료 재생업","폐기물 수집, 운반, 처리 및 원료 재생업",폐기물 처리업,"방사성 폐기물 수집, 운반 및 처리업","방사성 폐기물 수집, 운반 및 처리업","수도, 하수 및 폐기물 처리, 원료 재생업",3/38/382/3824/38240," / 폐기물 수집, 운반, 처리 및 원료 재생업 / 폐기물 처리업 / 방사성 폐기물 수집, 운반 및 처리업 / 방사성 폐기물 수집, 운반 및 처리업",ENVIRONMENT,환경·폐기물 처리,True,False,leaf_unit,False,,,,,,,,,,,,,,,
38311,금속류 해체 및 선별업,금속류 해체 및 선별업,금속류 해체 및 선별업,subdetail,5,True,3831,3,38.0,383.0,3831.0,38311.0,"수도, 하수 및 폐기물 처리, 원료 재생업","폐기물 수집, 운반, 처리 및 원료 재생업","해체, 선별 및 원료 재생업","금속류 해체, 선별 및 원료 재생업",금속류 해체 및 선별업,"수도, 하수 및 폐기물 처리, 원료 재생업",3/38/383/3831/38311," / 폐기물 수집, 운반, 처리 및 원료 재생업 / 해체, 선별 및 원료 재생업 / 금속류 해체, 선별 및 원료 재생업 / 금속류 해체 및 선별업",ENVIRONMENT,환경·폐기물 처리,True,False,leaf_unit,False,,,,,,,,,,,,,,,
38312,금속류 원료 재생업,금속류 원료 재생업,금속류 원료 재생업,subdetail,5,True,3831,3,38.0,383.0,3831.0,38312.0,"수도, 하수 및 폐기물 처리, 원료 재생업","폐기물 수집, 운반, 처리 및 원료 재생업","해체, 선별 및 원료 재생업","금속류 해체, 선별 및 원료 재생업",금속류 원료 재생업,"수도, 하수 및 폐기물 처리, 원료 재생업",3/38/383/3831/38312," / 폐기물 수집, 운반, 처리 및 원료 재생업 / 해체, 선별 및 원료 재생업 / 금속류 해체, 선별 및 원료 재생업 / 금속류 원료 재생업",ENVIRONMENT,환경·폐기물 처리,True,False,leaf_unit,False,,,,,,,,,,,,,,,
38321,비금속류 해체 및 선별업,비금속류 해체 및 선별업,비금속류 해체 및 선별업,subdetail,5,True,3832,3,38.0,383.0,3832.0,38321.0,"수도, 하수 및 폐기물 처리, 원료 재생업","폐기물 수집, 운반, 처리 및 원료 재생업","해체, 선별 및 원료 재생업","비금속류 해체, 선별 및 원료 재생업",비금속류 해체 및 선별업,"수도, 하수 및 폐기물 처리, 원료 재생업",3/38/383/3832/38321," / 폐기물 수집, 운반, 처리 및 원료 재생업 / 해체, 선별 및 원료 재생업 / 비금속류 해체, 선별 및 원료 재생업 / 비금속류 해체 및 선별업",ENVIRONMENT,환경·폐기물 처리,True,False,leaf_unit,False,,,,,,,,,,,,,,,
38322,비금속류 원료 재생업,비금속류 원료 재생업,비금속류 원료 재생업,subdetail,5,True,3832,3,38.0,383.0,3832.0,38322.0,"수도, 하수 및 폐기물 처리, 원료 재생업","폐기물 수집, 운반, 처리 및 원료 재생업","해체, 선별 및 원료 재생업","비금속류 해체, 선별 및 원료 재생업",비금속류 원료 재생업,"수도, 하수 및 폐기물 처리, 원료 재생업",3/38/383/3832/38322," / 폐기물 수집, 운반, 처리 및 원료 재생업 / 해체, 선별 및 원료 재생업 / 비금속류 해체, 선별 및 원료 재생업 / 비금속류 원료 재생업",ENVIRONMENT,환경·폐기물 처리,True,False,leaf_unit,False,,,,,,,,,,,,,,,
39001,토양 및 지하수 정화업,토양 및 지하수 정화업,토양 및 지하수 정화업,subdetail,5,True,3900,3,39.0,390.0,3900.0,39001.0,"수도, 하수 및 폐기물 처리, 원료 재생업",환경 정화 및 복원업,환경 정화 및 복원업,환경 정화 및 복원업,토양 및 지하수 정화업,"수도, 하수 및 폐기물 처리, 원료 재생업",3/39/390/3900/39001, / 환경 정화 및 복원업 / 환경 정화 및 복원업 / 환경 정화 및 복원업 / 토양 및 지하수 정화업,ENVIRONMENT,환경·폐기물 처리,True,False,leaf_unit,False,,,,,,,,,,,,,,,
39009,기타 환경 정화 및 복원업,기타 환경 정화 및 복원업,기타 환경 정화 및 복원업,subdetail,5,True,3900,3,39.0,390.0,3900.0,39009.0,"수도, 하수 및 폐기물 처리, 원료 재생업",환경 정화 및 복원업,환경 정화 및 복원업,환경 정화 및 복원업,기타 환경 정화 및 복원업,"수도, 하수 및 폐기물 처리, 원료 재생업",3/39/390/3900/39009, / 환경 정화 및 복원업 / 환경 정화 및 복원업 / 환경 정화 및 복원업 / 기타 환경 정화 및 복원업,ENVIRONMENT,환경·폐기물 처리,True,False,leaf_unit,False,,,,,,,,,,,,,,,
41111,단독 주택 건설업,단독 주택 건설업,단독 주택 건설업,subdetail,5,True,4111,4,41.0,411.0,4111.0,41111.0,건설업,종합 건설업,건물 건설업,주거용 건물 건설업,단독 주택 건설업,건설업,4/41/411/4111/41111, / 종합 건설업 / 건물 건설업 / 주거용 건물 건설업 / 단독 주택 건설업,CONSTRUCTION,건설·부동산,True,False,leaf_unit,False,,,,,,,,,,,,,,,
41112,아파트 건설업,아파트 건설업,아파트 건설업,subdetail,5,True,4111,4,41.0,411.0,4111.0,41112.0,건설업,종합 건설업,건물 건설업,주거용 건물 건설업,아파트 건설업,건설업,4/41/411/4111/41112, / 종합 건설업 / 건물 건설업 / 주거용 건물 건설업 / 아파트 건설업,CONSTRUCTION,건설·부동산,True,False,leaf_unit,False,,,,,,,,,,,,,,,
41119,기타 공동 주택 건설업,기타 공동 주택 건설업,기타 공동 주택 건설업,subdetail,5,True,4111,4,41.0,411.0,4111.0,41119.0,건설업,종합 건설업,건물 건설업,주거용 건물 건설업,기타 공동 주택 건설업,건설업,4/41/411/4111/41119, / 종합 건설업 / 건물 건설업 / 주거용 건물 건설업 / 기타 공동 주택 건설업,CONSTRUCTION,건설·부동산,True,False,leaf_unit,False,,,,,,,,,,,,,,,
41121,사무ㆍ상업용 및 공공기관용 건물 건설업,사무ㆍ상업용 및 공공기관용 건물 건설업,사무ㆍ상업용 및 공공기관용 건물 건설업,subdetail,5,True,4112,4,41.0,411.0,4112.0,41121.0,건설업,종합 건설업,건물 건설업,비주거용 건물 건설업,사무ㆍ상업용 및 공공기관용 건물 건설업,건설업,4/41/411/4112/41121, / 종합 건설업 / 건물 건설업 / 비주거용 건물 건설업 / 사무ㆍ상업용 및 공공기관용 건물 건설업,CONSTRUCTION,건설·부동산,True,False,leaf_unit,False,,,,,,,,,,,,,,,
41122,제조업 및 유사 산업용 건물 건설업,제조업 및 유사 산업용 건물 건설업,제조업 및 유사 산업용 건물 건설업,subdetail,5,True,4112,4,41.0,411.0,4112.0,41122.0,건설업,종합 건설업,건물 건설업,비주거용 건물 건설업,제조업 및 유사 산업용 건물 건설업,건설업,4/41/411/4112/41122, / 종합 건설업 / 건물 건설업 / 비주거용 건물 건설업 / 제조업 및 유사 산업용 건물 건설업,CONSTRUCTION,건설·부동산,True,False,leaf_unit,False,,,,,,,,,,,,,,,
41129,기타 비주거용 건물 건설업,기타 비주거용 건물 건설업,기타 비주거용 건물 건설업,subdetail,5,True,4112,4,41.0,411.0,4112.0,41129.0,건설업,종합 건설업,건물 건설업,비주거용 건물 건설업,기타 비주거용 건물 건설업,건설업,4/41/411/4112/41129, / 종합 건설업 / 건물 건설업 / 비주거용 건물 건설업 / 기타 비주거용 건물 건설업,CONSTRUCTION,건설·부동산,True,False,leaf_unit,False,,,,,,,,,,,,,,,
41210,지반조성 건설업,지반조성 건설업,지반조성 건설업,subdetail,5,True,4121,4,41.0,412.0,4121.0,41210.0,건설업,종합 건설업,토목 건설업,지반조성 건설업,지반조성 건설업,건설업,4/41/412/4121/41210, / 종합 건설업 / 토목 건설업 / 지반조성 건설업 / 지반조성 건설업,CONSTRUCTION,건설·부동산,True,False,leaf_unit,False,,,,,,,,,,,,,,,
41221,도로 건설업,도로 건설업,도로 건설업,subdetail,5,True,4122,4,41.0,412.0,4122.0,41221.0,건설업,종합 건설업,토목 건설업,토목 시설물 건설업,도로 건설업,건설업,4/41/412/4122/41221, / 종합 건설업 / 토목 건설업 / 토목 시설물 건설업 / 도로 건설업,CONSTRUCTION,건설·부동산,True,False,leaf_unit,False,,,,,,,,,,,,,,,
41222,"교량, 터널 및 철도 건설업","교량, 터널 및 철도 건설업","교량, 터널 및 철도 건설업",subdetail,5,True,4122,4,41.0,412.0,4122.0,41222.0,건설업,종합 건설업,토목 건설업,토목 시설물 건설업,"교량, 터널 및 철도 건설업",건설업,4/41/412/4122/41222," / 종합 건설업 / 토목 건설업 / 토목 시설물 건설업 / 교량, 터널 및 철도 건설업",CONSTRUCTION,건설·부동산,True,False,leaf_unit,False,,,,,,,,,,,,,,,
41223,"항만, 수로, 댐 및 유사 구조물 건설업","항만, 수로, 댐 및 유사 구조물 건설업","항만, 수로, 댐 및 유사 구조물 건설업",subdetail,5,True,4122,4,41.0,412.0,4122.0,41223.0,건설업,종합 건설업,토목 건설업,토목 시설물 건설업,"항만, 수로, 댐 및 유사 구조물 건설업",건설업,4/41/412/4122/41223," / 종합 건설업 / 토목 건설업 / 토목 시설물 건설업 / 항만, 수로, 댐 및 유사 구조물 건설업",CONSTRUCTION,건설·부동산,True,False,leaf_unit,False,,,,,,,,,,,,,,,
41224,환경설비 건설업,환경설비 건설업,환경설비 건설업,subdetail,5,True,4122,4,41.0,412.0,4122.0,41224.0,건설업,종합 건설업,토목 건설업,토목 시설물 건설업,환경설비 건설업,건설업,4/41/412/4122/41224, / 종합 건설업 / 토목 건설업 / 토목 시설물 건설업 / 환경설비 건설업,CONSTRUCTION,건설·부동산,True,False,leaf_unit,False,,,,,,,,,,,,,,,
41225,산업생산시설 종합건설업,산업생산시설 종합건설업,산업생산시설 종합건설업,subdetail,5,True,4122,4,41.0,412.0,4122.0,41225.0,건설업,종합 건설업,토목 건설업,토목 시설물 건설업,산업생산시설 종합건설업,건설업,4/41/412/4122/41225, / 종합 건설업 / 토목 건설업 / 토목 시설물 건설업 / 산업생산시설 종합건설업,CONSTRUCTION,건설·부동산,True,False,leaf_unit,False,,,,,,,,,,,,,,,
41226,조경 건설업,조경 건설업,조경 건설업,subdetail,5,True,4122,4,41.0,412.0,4122.0,41226.0,건설업,종합 건설업,토목 건설업,토목 시설물 건설업,조경 건설업,건설업,4/41/412/4122/41226, / 종합 건설업 / 토목 건설업 / 토목 시설물 건설업 / 조경 건설업,CONSTRUCTION,건설·부동산,True,False,leaf_unit,False,,,,,,,,,,,,,,,
41229,기타 토목시설물 건설업,기타 토목시설물 건설업,기타 토목시설물 건설업,subdetail,5,True,4122,4,41.0,412.0,4122.0,41229.0,건설업,종합 건설업,토목 건설업,토목 시설물 건설업,기타 토목시설물 건설업,건설업,4/41/412/4122/41229, / 종합 건설업 / 토목 건설업 / 토목 시설물 건설업 / 기타 토목시설물 건설업,CONSTRUCTION,건설·부동산,True,False,leaf_unit,False,,,,,,,,,,,,,,,
42110,건물 및 구축물 해체 공사업,건물 및 구축물 해체 공사업,건물 및 구축물 해체 공사업,subdetail,5,True,4211,4,42.0,421.0,4211.0,42110.0,건설업,전문직별 공사업,기반조성 및 시설물 축조관련 전문공사업,건물 및 구축물 해체 공사업,건물 및 구축물 해체 공사업,건설업,4/42/421/4211/42110, / 전문직별 공사업 / 기반조성 및 시설물 축조관련 전문공사업 / 건물 및 구축물 해체 공사업 / 건물 및 구축물 해체 공사업,CONSTRUCTION,건설·부동산,True,False,leaf_unit,False,,,,,,,,,,,,,,,
42121,토공사업,토공사업,토공사업,subdetail,5,True,4212,4,42.0,421.0,4212.0,42121.0,건설업,전문직별 공사업,기반조성 및 시설물 축조관련 전문공사업,기반조성 관련 전문공사업,토공사업,건설업,4/42/421/4212/42121, / 전문직별 공사업 / 기반조성 및 시설물 축조관련 전문공사업 / 기반조성 관련 전문공사업 / 토공사업,CONSTRUCTION,건설·부동산,True,False,leaf_unit,False,,,,,,,,,,,,,,,
42122,"보링, 그라우팅 및 관정 공사업","보링, 그라우팅 및 관정 공사업","보링, 그라우팅 및 관정 공사업",subdetail,5,True,4212,4,42.0,421.0,4212.0,42122.0,건설업,전문직별 공사업,기반조성 및 시설물 축조관련 전문공사업,기반조성 관련 전문공사업,"보링, 그라우팅 및 관정 공사업",건설업,4/42/421/4212/42122," / 전문직별 공사업 / 기반조성 및 시설물 축조관련 전문공사업 / 기반조성 관련 전문공사업 / 보링, 그라우팅 및 관정 공사업",CONSTRUCTION,건설·부동산,True,False,leaf_unit,False,,,,,,,,,,,,,,,
42123,파일공사 및 축조관련 기초 공사업,파일공사 및 축조관련 기초 공사업,파일공사 및 축조관련 기초 공사업,subdetail,5,True,4212,4,42.0,421.0,4212.0,42123.0,건설업,전문직별 공사업,기반조성 및 시설물 축조관련 전문공사업,기반조성 관련 전문공사업,파일공사 및 축조관련 기초 공사업,건설업,4/42/421/4212/42123, / 전문직별 공사업 / 기반조성 및 시설물 축조관련 전문공사업 / 기반조성 관련 전문공사업 / 파일공사 및 축조관련 기초 공사업,CONSTRUCTION,건설·부동산,True,False,leaf_unit,False,,,,,,,,,,,,,,,
42129,기타 기반조성 관련 전문공사업,기타 기반조성 관련 전문공사업,기타 기반조성 관련 전문공사업,subdetail,5,True,4212,4,42.0,421.0,4212.0,42129.0,건설업,전문직별 공사업,기반조성 및 시설물 축조관련 전문공사업,기반조성 관련 전문공사업,기타 기반조성 관련 전문공사업,건설업,4/42/421/4212/42129, / 전문직별 공사업 / 기반조성 및 시설물 축조관련 전문공사업 / 기반조성 관련 전문공사업 / 기타 기반조성 관련 전문공사업,CONSTRUCTION,건설·부동산,True,False,leaf_unit,False,,,,,,,,,,,,,,,
42131,철골 및 관련 구조물 공사업,철골 및 관련 구조물 공사업,철골 및 관련 구조물 공사업,subdetail,5,True,4213,4,42.0,421.0,4213.0,42131.0,건설업,전문직별 공사업,기반조성 및 시설물 축조관련 전문공사업,"철골, 철근 및 콘크리트 공사업",철골 및 관련 구조물 공사업,건설업,4/42/421/4213/42131," / 전문직별 공사업 / 기반조성 및 시설물 축조관련 전문공사업 / 철골, 철근 및 콘크리트 공사업 / 철골 및 관련 구조물 공사업",CONSTRUCTION,건설·부동산,True,False,leaf_unit,False,,,,,,,,,,,,,,,
42132,콘크리트 및 철근 공사업,콘크리트 및 철근 공사업,콘크리트 및 철근 공사업,subdetail,5,True,4213,4,42.0,421.0,4213.0,42132.0,건설업,전문직별 공사업,기반조성 및 시설물 축조관련 전문공사업,"철골, 철근 및 콘크리트 공사업",콘크리트 및 철근 공사업,건설업,4/42/421/4213/42132," / 전문직별 공사업 / 기반조성 및 시설물 축조관련 전문공사업 / 철골, 철근 및 콘크리트 공사업 / 콘크리트 및 철근 공사업",CONSTRUCTION,건설·부동산,True,False,leaf_unit,False,,,,,,,,,,,,,,,
42191,조적 및 석공사업,조적 및 석공사업,조적 및 석공사업,subdetail,5,True,4219,4,42.0,421.0,4219.0,42191.0,건설업,전문직별 공사업,기반조성 및 시설물 축조관련 전문공사업,기타 시설물 축조 관련 전문 공사업,조적 및 석공사업,건설업,4/42/421/4219/42191, / 전문직별 공사업 / 기반조성 및 시설물 축조관련 전문공사업 / 기타 시설물 축조 관련 전문 공사업 / 조적 및 석공사업,CONSTRUCTION,건설·부동산,True,False,leaf_unit,False,,,,,,,,,,,,,,,
42192,포장 공사업,포장 공사업,포장 공사업,subdetail,5,True,4219,4,42.0,421.0,4219.0,42192.0,건설업,전문직별 공사업,기반조성 및 시설물 축조관련 전문공사업,기타 시설물 축조 관련 전문 공사업,포장 공사업,건설업,4/42/421/4219/42192, / 전문직별 공사업 / 기반조성 및 시설물 축조관련 전문공사업 / 기타 시설물 축조 관련 전문 공사업 / 포장 공사업,CONSTRUCTION,건설·부동산,True,False,leaf_unit,False,,,,,,,,,,,,,,,
42193,철도궤도 전문공사업,철도궤도 전문공사업,철도궤도 전문공사업,subdetail,5,True,4219,4,42.0,421.0,4219.0,42193.0,건설업,전문직별 공사업,기반조성 및 시설물 축조관련 전문공사업,기타 시설물 축조 관련 전문 공사업,철도궤도 전문공사업,건설업,4/42/421/4219/42193, / 전문직별 공사업 / 기반조성 및 시설물 축조관련 전문공사업 / 기타 시설물 축조 관련 전문 공사업 / 철도궤도 전문공사업,CONSTRUCTION,건설·부동산,True,False,leaf_unit,False,,,,,,,,,,,,,,,
42194,수중 공사업,수중 공사업,수중 공사업,subdetail,5,True,4219,4,42.0,421.0,4219.0,42194.0,건설업,전문직별 공사업,기반조성 및 시설물 축조관련 전문공사업,기타 시설물 축조 관련 전문 공사업,수중 공사업,건설업,4/42/421/4219/42194, / 전문직별 공사업 / 기반조성 및 시설물 축조관련 전문공사업 / 기타 시설물 축조 관련 전문 공사업 / 수중 공사업,CONSTRUCTION,건설·부동산,True,False,leaf_unit,False,,,,,,,,,,,,,,,
42195,비계 및 형틀 공사업,비계 및 형틀 공사업,비계 및 형틀 공사업,subdetail,5,True,4219,4,42.0,421.0,4219.0,42195.0,건설업,전문직별 공사업,기반조성 및 시설물 축조관련 전문공사업,기타 시설물 축조 관련 전문 공사업,비계 및 형틀 공사업,건설업,4/42/421/4219/42195, / 전문직별 공사업 / 기반조성 및 시설물 축조관련 전문공사업 / 기타 시설물 축조 관련 전문 공사업 / 비계 및 형틀 공사업,CONSTRUCTION,건설·부동산,True,False,leaf_unit,False,,,,,,,,,,,,,,,
42196,"지붕, 내ㆍ외벽 축조 관련 전문 공사업","지붕, 내ㆍ외벽 축조 관련 전문 공사업","지붕, 내ㆍ외벽 축조 관련 전문 공사업",subdetail,5,True,4219,4,42.0,421.0,4219.0,42196.0,건설업,전문직별 공사업,기반조성 및 시설물 축조관련 전문공사업,기타 시설물 축조 관련 전문 공사업,"지붕, 내ㆍ외벽 축조 관련 전문 공사업",건설업,4/42/421/4219/42196," / 전문직별 공사업 / 기반조성 및 시설물 축조관련 전문공사업 / 기타 시설물 축조 관련 전문 공사업 / 지붕, 내ㆍ외벽 축조 관련 전문 공사업",CONSTRUCTION,건설·부동산,True,False,leaf_unit,False,,,,,,,,,,,,,,,
42199,기타 옥외 시설물 축조 관련 전문공사업,기타 옥외 시설물 축조 관련 전문공사업,기타 옥외 시설물 축조 관련 전문공사업,subdetail,5,True,4219,4,42.0,421.0,4219.0,42199.0,건설업,전문직별 공사업,기반조성 및 시설물 축조관련 전문공사업,기타 시설물 축조 관련 전문 공사업,기타 옥외 시설물 축조 관련 전문공사업,건설업,4/42/421/4219/42199, / 전문직별 공사업 / 기반조성 및 시설물 축조관련 전문공사업 / 기타 시설물 축조 관련 전문 공사업 / 기타 옥외 시설물 축조 관련 전문공사업,CONSTRUCTION,건설·부동산,True,False,leaf_unit,False,,,,,,,,,,,,,,,
42201,배관 및 냉ㆍ난방 공사업,배관 및 냉ㆍ난방 공사업,배관 및 냉ㆍ난방 공사업,subdetail,5,True,4220,4,42.0,422.0,4220.0,42201.0,건설업,전문직별 공사업,건물설비 설치 공사업,건물설비 설치 공사업,배관 및 냉ㆍ난방 공사업,건설업,4/42/422/4220/42201, / 전문직별 공사업 / 건물설비 설치 공사업 / 건물설비 설치 공사업 / 배관 및 냉ㆍ난방 공사업,CONSTRUCTION,건설·부동산,True,False,leaf_unit,False,,,,,,,,,,,,,,,
42202,건물용 기계ㆍ장비 설치 공사업,건물용 기계ㆍ장비 설치 공사업,건물용 기계ㆍ장비 설치 공사업,subdetail,5,True,4220,4,42.0,422.0,4220.0,42202.0,건설업,전문직별 공사업,건물설비 설치 공사업,건물설비 설치 공사업,건물용 기계ㆍ장비 설치 공사업,건설업,4/42/422/4220/42202, / 전문직별 공사업 / 건물설비 설치 공사업 / 건물설비 설치 공사업 / 건물용 기계ㆍ장비 설치 공사업,CONSTRUCTION,건설·부동산,True,False,leaf_unit,False,,,,,,,,,,,,,,,
42203,승강설비 설치 공사업,승강설비 설치 공사업,승강설비 설치 공사업,subdetail,5,True,4220,4,42.0,422.0,4220.0,42203.0,건설업,전문직별 공사업,건물설비 설치 공사업,건물설비 설치 공사업,승강설비 설치 공사업,건설업,4/42/422/4220/42203, / 전문직별 공사업 / 건물설비 설치 공사업 / 건물설비 설치 공사업 / 승강설비 설치 공사업,CONSTRUCTION,건설·부동산,True,False,leaf_unit,False,,,,,,,,,,,,,,,
42204,"방음, 방진 및 내화 공사업","방음, 방진 및 내화 공사업","방음, 방진 및 내화 공사업",subdetail,5,True,4220,4,42.0,422.0,4220.0,42204.0,건설업,전문직별 공사업,건물설비 설치 공사업,건물설비 설치 공사업,"방음, 방진 및 내화 공사업",건설업,4/42/422/4220/42204," / 전문직별 공사업 / 건물설비 설치 공사업 / 건물설비 설치 공사업 / 방음, 방진 및 내화 공사업",CONSTRUCTION,건설·부동산,True,False,leaf_unit,False,,,,,,,,,,,,,,,
42205,소방시설 공사업,소방시설 공사업,소방시설 공사업,subdetail,5,True,4220,4,42.0,422.0,4220.0,42205.0,건설업,전문직별 공사업,건물설비 설치 공사업,건물설비 설치 공사업,소방시설 공사업,건설업,4/42/422/4220/42205, / 전문직별 공사업 / 건물설비 설치 공사업 / 건물설비 설치 공사업 / 소방시설 공사업,CONSTRUCTION,건설·부동산,True,False,leaf_unit,False,,,,,,,,,,,,,,,
42209,기타 건물 관련설비 설치 공사업,기타 건물 관련설비 설치 공사업,기타 건물 관련설비 설치 공사업,subdetail,5,True,4220,4,42.0,422.0,4220.0,42209.0,건설업,전문직별 공사업,건물설비 설치 공사업,건물설비 설치 공사업,기타 건물 관련설비 설치 공사업,건설업,4/42/422/4220/42209, / 전문직별 공사업 / 건물설비 설치 공사업 / 건물설비 설치 공사업 / 기타 건물 관련설비 설치 공사업,CONSTRUCTION,건설·부동산,True,False,leaf_unit,False,,,,,,,,,,,,,,,
42311,일반전기 공사업,일반전기 공사업,일반전기 공사업,subdetail,5,True,4231,4,42.0,423.0,4231.0,42311.0,건설업,전문직별 공사업,전기 및 통신 공사업,전기 공사업,일반전기 공사업,건설업,4/42/423/4231/42311, / 전문직별 공사업 / 전기 및 통신 공사업 / 전기 공사업 / 일반전기 공사업,CONSTRUCTION,건설·부동산,True,False,leaf_unit,False,,,,,,,,,,,,,,,
42312,내부 전기배선 공사업,내부 전기배선 공사업,내부 전기배선 공사업,subdetail,5,True,4231,4,42.0,423.0,4231.0,42312.0,건설업,전문직별 공사업,전기 및 통신 공사업,전기 공사업,내부 전기배선 공사업,건설업,4/42/423/4231/42312, / 전문직별 공사업 / 전기 및 통신 공사업 / 전기 공사업 / 내부 전기배선 공사업,CONSTRUCTION,건설·부동산,True,False,leaf_unit,False,,,,,,,,,,,,,,,
42321,일반 통신 공사업,일반 통신 공사업,일반 통신 공사업,subdetail,5,True,4232,4,42.0,423.0,4232.0,42321.0,건설업,전문직별 공사업,전기 및 통신 공사업,통신 공사업,일반 통신 공사업,건설업,4/42/423/4232/42321, / 전문직별 공사업 / 전기 및 통신 공사업 / 통신 공사업 / 일반 통신 공사업,CONSTRUCTION,건설·부동산,True,False,leaf_unit,False,,,,,,,,,,,,,,,
42322,내부 통신배선 공사업,내부 통신배선 공사업,내부 통신배선 공사업,subdetail,5,True,4232,4,42.0,423.0,4232.0,42322.0,건설업,전문직별 공사업,전기 및 통신 공사업,통신 공사업,내부 통신배선 공사업,건설업,4/42/423/4232/42322, / 전문직별 공사업 / 전기 및 통신 공사업 / 통신 공사업 / 내부 통신배선 공사업,CONSTRUCTION,건설·부동산,True,False,leaf_unit,False,,,,,,,,,,,,,,,
42411,도장 공사업,도장 공사업,도장 공사업,subdetail,5,True,4241,4,42.0,424.0,4241.0,42411.0,건설업,전문직별 공사업,실내건축 및 건축마무리 공사업,"도장, 도배 및 내장 공사업",도장 공사업,건설업,4/42/424/4241/42411," / 전문직별 공사업 / 실내건축 및 건축마무리 공사업 / 도장, 도배 및 내장 공사업 / 도장 공사업",CONSTRUCTION,건설·부동산,True,False,leaf_unit,False,,,,,,,,,,,,,,,
42412,"도배, 실내장식 및 내장 목공사업","도배, 실내장식 및 내장 목공사업","도배, 실내장식 및 내장 목공사업",subdetail,5,True,4241,4,42.0,424.0,4241.0,42412.0,건설업,전문직별 공사업,실내건축 및 건축마무리 공사업,"도장, 도배 및 내장 공사업","도배, 실내장식 및 내장 목공사업",건설업,4/42/424/4241/42412," / 전문직별 공사업 / 실내건축 및 건축마무리 공사업 / 도장, 도배 및 내장 공사업 / 도배, 실내장식 및 내장 목공사업",CONSTRUCTION,건설·부동산,True,False,leaf_unit,False,,,,,,,,,,,,,,,
42420,유리 및 창호 공사업,유리 및 창호 공사업,유리 및 창호 공사업,subdetail,5,True,4242,4,42.0,424.0,4242.0,42420.0,건설업,전문직별 공사업,실내건축 및 건축마무리 공사업,유리 및 창호 공사업,유리 및 창호 공사업,건설업,4/42/424/4242/42420, / 전문직별 공사업 / 실내건축 및 건축마무리 공사업 / 유리 및 창호 공사업 / 유리 및 창호 공사업,CONSTRUCTION,건설·부동산,True,False,leaf_unit,False,,,,,,,,,,,,,,,
42491,"미장, 타일 및 방수 공사업","미장, 타일 및 방수 공사업","미장, 타일 및 방수 공사업",subdetail,5,True,4249,4,42.0,424.0,4249.0,42491.0,건설업,전문직별 공사업,실내건축 및 건축마무리 공사업,기타 건축 마무리 공사업,"미장, 타일 및 방수 공사업",건설업,4/42/424/4249/42491," / 전문직별 공사업 / 실내건축 및 건축마무리 공사업 / 기타 건축 마무리 공사업 / 미장, 타일 및 방수 공사업",CONSTRUCTION,건설·부동산,True,False,leaf_unit,False,,,,,,,,,,,,,,,
42492,건물용 금속공작물 설치 공사업,건물용 금속공작물 설치 공사업,건물용 금속공작물 설치 공사업,subdetail,5,True,4249,4,42.0,424.0,4249.0,42492.0,건설업,전문직별 공사업,실내건축 및 건축마무리 공사업,기타 건축 마무리 공사업,건물용 금속공작물 설치 공사업,건설업,4/42/424/4249/42492, / 전문직별 공사업 / 실내건축 및 건축마무리 공사업 / 기타 건축 마무리 공사업 / 건물용 금속공작물 설치 공사업,CONSTRUCTION,건설·부동산,True,False,leaf_unit,False,,,,,,,,,,,,,,,
42499,그 외 기타 건축 마무리 공사업,그 외 기타 건축 마무리 공사업,그 외 기타 건축 마무리 공사업,subdetail,5,True,4249,4,42.0,424.0,4249.0,42499.0,건설업,전문직별 공사업,실내건축 및 건축마무리 공사업,기타 건축 마무리 공사업,그 외 기타 건축 마무리 공사업,건설업,4/42/424/4249/42499, / 전문직별 공사업 / 실내건축 및 건축마무리 공사업 / 기타 건축 마무리 공사업 / 그 외 기타 건축 마무리 공사업,CONSTRUCTION,건설·부동산,True,False,leaf_unit,False,,,,,,,,,,,,,,,
42500,시설물 유지관리 공사업,시설물 유지관리 공사업,시설물 유지관리 공사업,subdetail,5,True,4250,4,42.0,425.0,4250.0,42500.0,건설업,전문직별 공사업,시설물 유지관리 공사업,시설물 유지관리 공사업,시설물 유지관리 공사업,건설업,4/42/425/4250/42500, / 전문직별 공사업 / 시설물 유지관리 공사업 / 시설물 유지관리 공사업 / 시설물 유지관리 공사업,CONSTRUCTION,건설·부동산,True,False,leaf_unit,False,,,,,,,,,,,,,,,
42600,건설장비 운영업,건설장비 운영업,건설장비 운영업,subdetail,5,True,4260,4,42.0,426.0,4260.0,42600.0,건설업,전문직별 공사업,건설장비 운영업,건설장비 운영업,건설장비 운영업,건설업,4/42/426/4260/42600, / 전문직별 공사업 / 건설장비 운영업 / 건설장비 운영업 / 건설장비 운영업,CONSTRUCTION,건설·부동산,True,False,leaf_unit,False,,,,,,,,,,,,,,,
45110,자동차 신품 판매업,자동차 신품 판매업,자동차 신품 판매업,subdetail,5,True,4511,4,45.0,451.0,4511.0,45110.0,도매 및 소매업,자동차 및 부품 판매업,자동차 판매업,자동차 신품 판매업,자동차 신품 판매업,도매 및 소매업,4/45/451/4511/45110, / 자동차 및 부품 판매업 / 자동차 판매업 / 자동차 신품 판매업 / 자동차 신품 판매업,RETAIL_TRADE,도매·소매업,True,True,leaf_unit,False,,,,,,,,,,,,,,,
45120,중고 자동차 판매업,중고 자동차 판매업,중고 자동차 판매업,subdetail,5,True,4512,4,45.0,451.0,4512.0,45120.0,도매 및 소매업,자동차 및 부품 판매업,자동차 판매업,중고 자동차 판매업,중고 자동차 판매업,도매 및 소매업,4/45/451/4512/45120, / 자동차 및 부품 판매업 / 자동차 판매업 / 중고 자동차 판매업 / 중고 자동차 판매업,RETAIL_TRADE,도매·소매업,True,True,leaf_unit,False,,,,,,,,,,,,,,,
45211,자동차 신품 타이어 및 튜브 판매업,자동차 신품 타이어 및 튜브 판매업,자동차 신품 타이어 및 튜브 판매업,subdetail,5,True,4521,4,45.0,452.0,4521.0,45211.0,도매 및 소매업,자동차 및 부품 판매업,자동차 부품 및 내장품 판매업,자동차 신품 부품 및 내장품 판매업,자동차 신품 타이어 및 튜브 판매업,도매 및 소매업,4/45/452/4521/45211, / 자동차 및 부품 판매업 / 자동차 부품 및 내장품 판매업 / 자동차 신품 부품 및 내장품 판매업 / 자동차 신품 타이어 및 튜브 판매업,RETAIL_TRADE,도매·소매업,True,True,leaf_unit,False,,,,,,,,,,,,,,,
45212,자동차용 전용 신품 부품 판매업,자동차용 전용 신품 부품 판매업,자동차용 전용 신품 부품 판매업,subdetail,5,True,4521,4,45.0,452.0,4521.0,45212.0,도매 및 소매업,자동차 및 부품 판매업,자동차 부품 및 내장품 판매업,자동차 신품 부품 및 내장품 판매업,자동차용 전용 신품 부품 판매업,도매 및 소매업,4/45/452/4521/45212, / 자동차 및 부품 판매업 / 자동차 부품 및 내장품 판매업 / 자동차 신품 부품 및 내장품 판매업 / 자동차용 전용 신품 부품 판매업,RETAIL_TRADE,도매·소매업,True,True,leaf_unit,False,,,,,,,,,,,,,,,
45213,자동차 내장용 신품 전기ㆍ전자ㆍ정밀 기기판매업,자동차 내장용 신품 전기ㆍ전자ㆍ정밀 기기판매업,자동차 내장용 신품 전기ㆍ전자ㆍ정밀 기기판매업,subdetail,5,True,4521,4,45.0,452.0,4521.0,45213.0,도매 및 소매업,자동차 및 부품 판매업,자동차 부품 및 내장품 판매업,자동차 신품 부품 및 내장품 판매업,자동차 내장용 신품 전기ㆍ전자ㆍ정밀 기기판매업,도매 및 소매업,4/45/452/4521/45213, / 자동차 및 부품 판매업 / 자동차 부품 및 내장품 판매업 / 자동차 신품 부품 및 내장품 판매업 / 자동차 내장용 신품 전기ㆍ전자ㆍ정밀 기기판매업,RETAIL_TRADE,도매·소매업,True,True,leaf_unit,False,,,,,,,,,,,,,,,
45219,기타 자동차 신품 부품 및 내장품 판매업,기타 자동차 신품 부품 및 내장품 판매업,기타 자동차 신품 부품 및 내장품 판매업,subdetail,5,True,4521,4,45.0,452.0,4521.0,45219.0,도매 및 소매업,자동차 및 부품 판매업,자동차 부품 및 내장품 판매업,자동차 신품 부품 및 내장품 판매업,기타 자동차 신품 부품 및 내장품 판매업,도매 및 소매업,4/45/452/4521/45219, / 자동차 및 부품 판매업 / 자동차 부품 및 내장품 판매업 / 자동차 신품 부품 및 내장품 판매업 / 기타 자동차 신품 부품 및 내장품 판매업,RETAIL_TRADE,도매·소매업,True,True,leaf_unit,False,,,,,,,,,,,,,,,
45220,자동차 중고 부품 및 내장품 판매업,자동차 중고 부품 및 내장품 판매업,자동차 중고 부품 및 내장품 판매업,subdetail,5,True,4522,4,45.0,452.0,4522.0,45220.0,도매 및 소매업,자동차 및 부품 판매업,자동차 부품 및 내장품 판매업,자동차 중고 부품 및 내장품 판매업,자동차 중고 부품 및 내장품 판매업,도매 및 소매업,4/45/452/4522/45220, / 자동차 및 부품 판매업 / 자동차 부품 및 내장품 판매업 / 자동차 중고 부품 및 내장품 판매업 / 자동차 중고 부품 및 내장품 판매업,RETAIL_TRADE,도매·소매업,True,True,leaf_unit,False,,,,,,,,,,,,,,,
45301,모터사이클 및 부품 도매업,모터사이클 및 부품 도매업,모터사이클 및 부품 도매업,subdetail,5,True,4530,4,45.0,453.0,4530.0,45301.0,도매 및 소매업,자동차 및 부품 판매업,모터사이클 및 부품 판매업,모터사이클 및 부품 판매업,모터사이클 및 부품 도매업,도매 및 소매업,4/45/453/4530/45301, / 자동차 및 부품 판매업 / 모터사이클 및 부품 판매업 / 모터사이클 및 부품 판매업 / 모터사이클 및 부품 도매업,RETAIL_TRADE,도매·소매업,True,True,leaf_unit,False,,,,,,,,,,,,,,,
45302,모터사이클 및 부품 소매업,모터사이클 및 부품 소매업,모터사이클 및 부품 소매업,subdetail,5,True,4530,4,45.0,453.0,4530.0,45302.0,도매 및 소매업,자동차 및 부품 판매업,모터사이클 및 부품 판매업,모터사이클 및 부품 판매업,모터사이클 및 부품 소매업,도매 및 소매업,4/45/453/4530/45302, / 자동차 및 부품 판매업 / 모터사이클 및 부품 판매업 / 모터사이클 및 부품 판매업 / 모터사이클 및 부품 소매업,RETAIL_TRADE,도매·소매업,True,True,leaf_unit,False,,,,,,,,,,,,,,,
46101,"산업용 농ㆍ축산물, 섬유 원료 및 동물 중개업","산업용 농ㆍ축산물, 섬유 원료 및 동물 중개업","산업용 농ㆍ축산물, 섬유 원료 및 동물 중개업",subdetail,5,True,4610,4,46.0,461.0,4610.0,46101.0,도매 및 소매업,도매 및 상품 중개업,상품 중개업,상품 중개업,"산업용 농ㆍ축산물, 섬유 원료 및 동물 중개업",도매 및 소매업,4/46/461/4610/46101," / 도매 및 상품 중개업 / 상품 중개업 / 상품 중개업 / 산업용 농ㆍ축산물, 섬유 원료 및 동물 중개업",RETAIL_TRADE,도매·소매업,True,True,leaf_unit,False,,,,,,,,,,,,,,,
46102,음ㆍ식료품 및 담배 중개업,음ㆍ식료품 및 담배 중개업,음ㆍ식료품 및 담배 중개업,subdetail,5,True,4610,4,46.0,461.0,4610.0,46102.0,도매 및 소매업,도매 및 상품 중개업,상품 중개업,상품 중개업,음ㆍ식료품 및 담배 중개업,도매 및 소매업,4/46/461/4610/46102, / 도매 및 상품 중개업 / 상품 중개업 / 상품 중개업 / 음ㆍ식료품 및 담배 중개업,RETAIL_TRADE,도매·소매업,True,True,leaf_unit,False,,,,,,,,,,,,,,,
46103,"섬유, 의복, 신발 및 가죽제품 중개업","섬유, 의복, 신발 및 가죽제품 중개업","섬유, 의복, 신발 및 가죽제품 중개업",subdetail,5,True,4610,4,46.0,461.0,4610.0,46103.0,도매 및 소매업,도매 및 상품 중개업,상품 중개업,상품 중개업,"섬유, 의복, 신발 및 가죽제품 중개업",도매 및 소매업,4/46/461/4610/46103," / 도매 및 상품 중개업 / 상품 중개업 / 상품 중개업 / 섬유, 의복, 신발 및 가죽제품 중개업",RETAIL_TRADE,도매·소매업,True,True,leaf_unit,False,,,,,,,,,,,,,,,
46104,목재 및 건축자재 중개업,목재 및 건축자재 중개업,목재 및 건축자재 중개업,subdetail,5,True,4610,4,46.0,461.0,4610.0,46104.0,도매 및 소매업,도매 및 상품 중개업,상품 중개업,상품 중개업,목재 및 건축자재 중개업,도매 및 소매업,4/46/461/4610/46104, / 도매 및 상품 중개업 / 상품 중개업 / 상품 중개업 / 목재 및 건축자재 중개업,RETAIL_TRADE,도매·소매업,True,True,leaf_unit,False,,,,,,,,,,,,,,,
46105,"연료, 광물, 1차 금속, 비료 및 화학제품 중개업","연료, 광물, 1차 금속, 비료 및 화학제품 중개업","연료, 광물, 1차 금속, 비료 및 화학제품 중개업",subdetail,5,True,4610,4,46.0,461.0,4610.0,46105.0,도매 및 소매업,도매 및 상품 중개업,상품 중개업,상품 중개업,"연료, 광물, 1차 금속, 비료 및 화학제품 중개업",도매 및 소매업,4/46/461/4610/46105," / 도매 및 상품 중개업 / 상품 중개업 / 상품 중개업 / 연료, 광물, 1차 금속, 비료 및 화학제품 중개업",RETAIL_TRADE,도매·소매업,True,True,leaf_unit,False,,,,,,,,,,,,,,,
46106,기계 및 장비 중개업,기계 및 장비 중개업,기계 및 장비 중개업,subdetail,5,True,4610,4,46.0,461.0,4610.0,46106.0,도매 및 소매업,도매 및 상품 중개업,상품 중개업,상품 중개업,기계 및 장비 중개업,도매 및 소매업,4/46/461/4610/46106, / 도매 및 상품 중개업 / 상품 중개업 / 상품 중개업 / 기계 및 장비 중개업,RETAIL_TRADE,도매·소매업,True,True,leaf_unit,False,,,,,,,,,,,,,,,
46107,그 외 기타 특정 상품 중개업,그 외 기타 특정 상품 중개업,그 외 기타 특정 상품 중개업,subdetail,5,True,4610,4,46.0,461.0,4610.0,46107.0,도매 및 소매업,도매 및 상품 중개업,상품 중개업,상품 중개업,그 외 기타 특정 상품 중개업,도매 및 소매업,4/46/461/4610/46107, / 도매 및 상품 중개업 / 상품 중개업 / 상품 중개업 / 그 외 기타 특정 상품 중개업,RETAIL_TRADE,도매·소매업,True,True,leaf_unit,False,,,,,,,,,,,,,,,
46109,상품 종합 중개업,상품 종합 중개업,상품 종합 중개업,subdetail,5,True,4610,4,46.0,461.0,4610.0,46109.0,도매 및 소매업,도매 및 상품 중개업,상품 중개업,상품 중개업,상품 종합 중개업,도매 및 소매업,4/46/461/4610/46109, / 도매 및 상품 중개업 / 상품 중개업 / 상품 중개업 / 상품 종합 중개업,RETAIL_TRADE,도매·소매업,True,True,leaf_unit,False,,,,,,,,,,,,,,,
46201,곡물 및 유지작물 도매업,곡물 및 유지작물 도매업,곡물 및 유지작물 도매업,subdetail,5,True,4620,4,46.0,462.0,4620.0,46201.0,도매 및 소매업,도매 및 상품 중개업,산업용 농ㆍ축산물 및 동ㆍ식물 도매업,산업용 농ㆍ축산물 및 동ㆍ식물 도매업,곡물 및 유지작물 도매업,도매 및 소매업,4/46/462/4620/46201, / 도매 및 상품 중개업 / 산업용 농ㆍ축산물 및 동ㆍ식물 도매업 / 산업용 농ㆍ축산물 및 동ㆍ식물 도매업 / 곡물 및 유지작물 도매업,RETAIL_TRADE,도매·소매업,True,True,leaf_unit,False,,,,,,,,,,,,,,,
46202,종자 및 묘목 도매업,종자 및 묘목 도매업,종자 및 묘목 도매업,subdetail,5,True,4620,4,46.0,462.0,4620.0,46202.0,도매 및 소매업,도매 및 상품 중개업,산업용 농ㆍ축산물 및 동ㆍ식물 도매업,산업용 농ㆍ축산물 및 동ㆍ식물 도매업,종자 및 묘목 도매업,도매 및 소매업,4/46/462/4620/46202, / 도매 및 상품 중개업 / 산업용 농ㆍ축산물 및 동ㆍ식물 도매업 / 산업용 농ㆍ축산물 및 동ㆍ식물 도매업 / 종자 및 묘목 도매업,RETAIL_TRADE,도매·소매업,True,True,leaf_unit,False,,,,,,,,,,,,,,,
46203,사료 도매업,사료 도매업,사료 도매업,subdetail,5,True,4620,4,46.0,462.0,4620.0,46203.0,도매 및 소매업,도매 및 상품 중개업,산업용 농ㆍ축산물 및 동ㆍ식물 도매업,산업용 농ㆍ축산물 및 동ㆍ식물 도매업,사료 도매업,도매 및 소매업,4/46/462/4620/46203, / 도매 및 상품 중개업 / 산업용 농ㆍ축산물 및 동ㆍ식물 도매업 / 산업용 농ㆍ축산물 및 동ㆍ식물 도매업 / 사료 도매업,RETAIL_TRADE,도매·소매업,True,True,leaf_unit,False,,,,,,,,,,,,,,,
46204,화훼류 및 식물 도매업,화훼류 및 식물 도매업,화훼류 및 식물 도매업,subdetail,5,True,4620,4,46.0,462.0,4620.0,46204.0,도매 및 소매업,도매 및 상품 중개업,산업용 농ㆍ축산물 및 동ㆍ식물 도매업,산업용 농ㆍ축산물 및 동ㆍ식물 도매업,화훼류 및 식물 도매업,도매 및 소매업,4/46/462/4620/46204, / 도매 및 상품 중개업 / 산업용 농ㆍ축산물 및 동ㆍ식물 도매업 / 산업용 농ㆍ축산물 및 동ㆍ식물 도매업 / 화훼류 및 식물 도매업,RETAIL_TRADE,도매·소매업,True,True,leaf_unit,False,,,,,,,,,,,,,,,
46205,육지 동물 및 반려 동물 도매업,육지 동물 및 반려 동물 도매업,육지 동물 및 반려 동물 도매업,subdetail,5,True,4620,4,46.0,462.0,4620.0,46205.0,도매 및 소매업,도매 및 상품 중개업,산업용 농ㆍ축산물 및 동ㆍ식물 도매업,산업용 농ㆍ축산물 및 동ㆍ식물 도매업,육지 동물 및 반려 동물 도매업,도매 및 소매업,4/46/462/4620/46205, / 도매 및 상품 중개업 / 산업용 농ㆍ축산물 및 동ㆍ식물 도매업 / 산업용 농ㆍ축산물 및 동ㆍ식물 도매업 / 육지 동물 및 반려 동물 도매업,RETAIL_TRADE,도매·소매업,True,True,leaf_unit,False,,,,,,,,,,,,,,,
46209,기타 산업용 농산물 도매업,기타 산업용 농산물 도매업,기타 산업용 농산물 도매업,subdetail,5,True,4620,4,46.0,462.0,4620.0,46209.0,도매 및 소매업,도매 및 상품 중개업,산업용 농ㆍ축산물 및 동ㆍ식물 도매업,산업용 농ㆍ축산물 및 동ㆍ식물 도매업,기타 산업용 농산물 도매업,도매 및 소매업,4/46/462/4620/46209, / 도매 및 상품 중개업 / 산업용 농ㆍ축산물 및 동ㆍ식물 도매업 / 산업용 농ㆍ축산물 및 동ㆍ식물 도매업 / 기타 산업용 농산물 도매업,RETAIL_TRADE,도매·소매업,True,True,leaf_unit,False,,,,,,,,,,,,,,,
46311,과실류 도매업,과실류 도매업,과실류 도매업,subdetail,5,True,4631,4,46.0,463.0,4631.0,46311.0,도매 및 소매업,도매 및 상품 중개업,음ㆍ식료품 및 담배 도매업,신선 식품 및 단순 가공 식품 도매업,과실류 도매업,도매 및 소매업,4/46/463/4631/46311, / 도매 및 상품 중개업 / 음ㆍ식료품 및 담배 도매업 / 신선 식품 및 단순 가공 식품 도매업 / 과실류 도매업,RETAIL_TRADE,도매·소매업,True,True,leaf_unit,False,,,,,,,,,,,,,,,
46312,"채소류, 서류 및 향신작물류 도매업","채소류, 서류 및 향신작물류 도매업","채소류, 서류 및 향신작물류 도매업",subdetail,5,True,4631,4,46.0,463.0,4631.0,46312.0,도매 및 소매업,도매 및 상품 중개업,음ㆍ식료품 및 담배 도매업,신선 식품 및 단순 가공 식품 도매업,"채소류, 서류 및 향신작물류 도매업",도매 및 소매업,4/46/463/4631/46312," / 도매 및 상품 중개업 / 음ㆍ식료품 및 담배 도매업 / 신선 식품 및 단순 가공 식품 도매업 / 채소류, 서류 및 향신작물류 도매업",RETAIL_TRADE,도매·소매업,True,True,leaf_unit,False,,,,,,,,,,,,,,,
46313,육류 도매업,육류 도매업,육류 도매업,subdetail,5,True,4631,4,46.0,463.0,4631.0,46313.0,도매 및 소매업,도매 및 상품 중개업,음ㆍ식료품 및 담배 도매업,신선 식품 및 단순 가공 식품 도매업,육류 도매업,도매 및 소매업,4/46/463/4631/46313, / 도매 및 상품 중개업 / 음ㆍ식료품 및 담배 도매업 / 신선 식품 및 단순 가공 식품 도매업 / 육류 도매업,RETAIL_TRADE,도매·소매업,True,True,leaf_unit,False,,,,,,,,,,,,,,,
46314,건어물 및 젓갈류 도매업,건어물 및 젓갈류 도매업,건어물 및 젓갈류 도매업,subdetail,5,True,4631,4,46.0,463.0,4631.0,46314.0,도매 및 소매업,도매 및 상품 중개업,음ㆍ식료품 및 담배 도매업,신선 식품 및 단순 가공 식품 도매업,건어물 및 젓갈류 도매업,도매 및 소매업,4/46/463/4631/46314, / 도매 및 상품 중개업 / 음ㆍ식료품 및 담배 도매업 / 신선 식품 및 단순 가공 식품 도매업 / 건어물 및 젓갈류 도매업,RETAIL_TRADE,도매·소매업,True,True,leaf_unit,False,,,,,,,,,,,,,,,
46315,"신선, 냉동 및 기타 수산물 도매업","신선, 냉동 및 기타 수산물 도매업","신선, 냉동 및 기타 수산물 도매업",subdetail,5,True,4631,4,46.0,463.0,4631.0,46315.0,도매 및 소매업,도매 및 상품 중개업,음ㆍ식료품 및 담배 도매업,신선 식품 및 단순 가공 식품 도매업,"신선, 냉동 및 기타 수산물 도매업",도매 및 소매업,4/46/463/4631/46315," / 도매 및 상품 중개업 / 음ㆍ식료품 및 담배 도매업 / 신선 식품 및 단순 가공 식품 도매업 / 신선, 냉동 및 기타 수산물 도매업",RETAIL_TRADE,도매·소매업,True,True,leaf_unit,False,,,,,,,,,,,,,,,
46319,기타 신선식품 및 단순 가공식품 도매업,기타 신선식품 및 단순 가공식품 도매업,기타 신선식품 및 단순 가공식품 도매업,subdetail,5,True,4631,4,46.0,463.0,4631.0,46319.0,도매 및 소매업,도매 및 상품 중개업,음ㆍ식료품 및 담배 도매업,신선 식품 및 단순 가공 식품 도매업,기타 신선식품 및 단순 가공식품 도매업,도매 및 소매업,4/46/463/4631/46319, / 도매 및 상품 중개업 / 음ㆍ식료품 및 담배 도매업 / 신선 식품 및 단순 가공 식품 도매업 / 기타 신선식품 및 단순 가공식품 도매업,RETAIL_TRADE,도매·소매업,True,True,leaf_unit,False,,,,,,,,,,,,,,,
46321,육류 가공식품 도매업,육류 가공식품 도매업,육류 가공식품 도매업,subdetail,5,True,4632,4,46.0,463.0,4632.0,46321.0,도매 및 소매업,도매 및 상품 중개업,음ㆍ식료품 및 담배 도매업,가공식품 도매업,육류 가공식품 도매업,도매 및 소매업,4/46/463/4632/46321, / 도매 및 상품 중개업 / 음ㆍ식료품 및 담배 도매업 / 가공식품 도매업 / 육류 가공식품 도매업,RETAIL_TRADE,도매·소매업,True,True,leaf_unit,False,,,,,,,,,,,,,,,
46322,수산물 가공식품 도매업,수산물 가공식품 도매업,수산물 가공식품 도매업,subdetail,5,True,4632,4,46.0,463.0,4632.0,46322.0,도매 및 소매업,도매 및 상품 중개업,음ㆍ식료품 및 담배 도매업,가공식품 도매업,수산물 가공식품 도매업,도매 및 소매업,4/46/463/4632/46322, / 도매 및 상품 중개업 / 음ㆍ식료품 및 담배 도매업 / 가공식품 도매업 / 수산물 가공식품 도매업,RETAIL_TRADE,도매·소매업,True,True,leaf_unit,False,,,,,,,,,,,,,,,
46323,"빵류, 과자류, 당류, 초콜릿 도매업","빵류, 과자류, 당류, 초콜릿 도매업","빵류, 과자류, 당류, 초콜릿 도매업",subdetail,5,True,4632,4,46.0,463.0,4632.0,46323.0,도매 및 소매업,도매 및 상품 중개업,음ㆍ식료품 및 담배 도매업,가공식품 도매업,"빵류, 과자류, 당류, 초콜릿 도매업",도매 및 소매업,4/46/463/4632/46323," / 도매 및 상품 중개업 / 음ㆍ식료품 및 담배 도매업 / 가공식품 도매업 / 빵류, 과자류, 당류, 초콜릿 도매업",RETAIL_TRADE,도매·소매업,True,True,leaf_unit,False,,,,,,,,,,,,,,,
46324,낙농품 및 동ㆍ식물성 유지 도매업,낙농품 및 동ㆍ식물성 유지 도매업,낙농품 및 동ㆍ식물성 유지 도매업,subdetail,5,True,4632,4,46.0,463.0,4632.0,46324.0,도매 및 소매업,도매 및 상품 중개업,음ㆍ식료품 및 담배 도매업,가공식품 도매업,낙농품 및 동ㆍ식물성 유지 도매업,도매 및 소매업,4/46/463/4632/46324, / 도매 및 상품 중개업 / 음ㆍ식료품 및 담배 도매업 / 가공식품 도매업 / 낙농품 및 동ㆍ식물성 유지 도매업,RETAIL_TRADE,도매·소매업,True,True,leaf_unit,False,,,,,,,,,,,,,,,
46325,커피 및 차류 도매업,커피 및 차류 도매업,커피 및 차류 도매업,subdetail,5,True,4632,4,46.0,463.0,4632.0,46325.0,도매 및 소매업,도매 및 상품 중개업,음ㆍ식료품 및 담배 도매업,가공식품 도매업,커피 및 차류 도매업,도매 및 소매업,4/46/463/4632/46325, / 도매 및 상품 중개업 / 음ㆍ식료품 및 담배 도매업 / 가공식품 도매업 / 커피 및 차류 도매업,RETAIL_TRADE,도매·소매업,True,True,leaf_unit,False,,,,,,,,,,,,,,,
46326,조미료 도매업,조미료 도매업,조미료 도매업,subdetail,5,True,4632,4,46.0,463.0,4632.0,46326.0,도매 및 소매업,도매 및 상품 중개업,음ㆍ식료품 및 담배 도매업,가공식품 도매업,조미료 도매업,도매 및 소매업,4/46/463/4632/46326, / 도매 및 상품 중개업 / 음ㆍ식료품 및 담배 도매업 / 가공식품 도매업 / 조미료 도매업,RETAIL_TRADE,도매·소매업,True,True,leaf_unit,False,,,,,,,,,,,,,,,
46329,기타 가공식품 도매업,기타 가공식품 도매업,기타 가공식품 도매업,subdetail,5,True,4632,4,46.0,463.0,4632.0,46329.0,도매 및 소매업,도매 및 상품 중개업,음ㆍ식료품 및 담배 도매업,가공식품 도매업,기타 가공식품 도매업,도매 및 소매업,4/46/463/4632/46329, / 도매 및 상품 중개업 / 음ㆍ식료품 및 담배 도매업 / 가공식품 도매업 / 기타 가공식품 도매업,RETAIL_TRADE,도매·소매업,True,True,leaf_unit,False,,,,,,,,,,,,,,,
46331,주류 도매업,주류 도매업,주류 도매업,subdetail,5,True,4633,4,46.0,463.0,4633.0,46331.0,도매 및 소매업,도매 및 상품 중개업,음ㆍ식료품 및 담배 도매업,음료 및 담배 도매업,주류 도매업,도매 및 소매업,4/46/463/4633/46331, / 도매 및 상품 중개업 / 음ㆍ식료품 및 담배 도매업 / 음료 및 담배 도매업 / 주류 도매업,RETAIL_TRADE,도매·소매업,True,True,leaf_unit,False,,,,,,,,,,,,,,,
46332,비알코올음료 도매업,비알코올음료 도매업,비알코올음료 도매업,subdetail,5,True,4633,4,46.0,463.0,4633.0,46332.0,도매 및 소매업,도매 및 상품 중개업,음ㆍ식료품 및 담배 도매업,음료 및 담배 도매업,비알코올음료 도매업,도매 및 소매업,4/46/463/4633/46332, / 도매 및 상품 중개업 / 음ㆍ식료품 및 담배 도매업 / 음료 및 담배 도매업 / 비알코올음료 도매업,RETAIL_TRADE,도매·소매업,True,True,leaf_unit,False,,,,,,,,,,,,,,,
46333,담배 도매업,담배 도매업,담배 도매업,subdetail,5,True,4633,4,46.0,463.0,4633.0,46333.0,도매 및 소매업,도매 및 상품 중개업,음ㆍ식료품 및 담배 도매업,음료 및 담배 도매업,담배 도매업,도매 및 소매업,4/46/463/4633/46333, / 도매 및 상품 중개업 / 음ㆍ식료품 및 담배 도매업 / 음료 및 담배 도매업 / 담배 도매업,RETAIL_TRADE,도매·소매업,True,True,leaf_unit,False,,,,,,,,,,,,,,,
46411,생활용 섬유 및 실 도매업,생활용 섬유 및 실 도매업,생활용 섬유 및 실 도매업,subdetail,5,True,4641,4,46.0,464.0,4641.0,46411.0,도매 및 소매업,도매 및 상품 중개업,생활용품 도매업,"생활용 섬유제품, 의복, 의복 액세서리 및 모피제품 도매업",생활용 섬유 및 실 도매업,도매 및 소매업,4/46/464/4641/46411," / 도매 및 상품 중개업 / 생활용품 도매업 / 생활용 섬유제품, 의복, 의복 액세서리 및 모피제품 도매업 / 생활용 섬유 및 실 도매업",RETAIL_TRADE,도매·소매업,True,True,leaf_unit,False,,,,,,,,,,,,,,,
46412,커튼 및 침구용품 도매업,커튼 및 침구용품 도매업,커튼 및 침구용품 도매업,subdetail,5,True,4641,4,46.0,464.0,4641.0,46412.0,도매 및 소매업,도매 및 상품 중개업,생활용품 도매업,"생활용 섬유제품, 의복, 의복 액세서리 및 모피제품 도매업",커튼 및 침구용품 도매업,도매 및 소매업,4/46/464/4641/46412," / 도매 및 상품 중개업 / 생활용품 도매업 / 생활용 섬유제품, 의복, 의복 액세서리 및 모피제품 도매업 / 커튼 및 침구용품 도매업",RETAIL_TRADE,도매·소매업,True,True,leaf_unit,False,,,,,,,,,,,,,,,
46413,남녀용 겉옷 및 셔츠 도매업,남녀용 겉옷 및 셔츠 도매업,남녀용 겉옷 및 셔츠 도매업,subdetail,5,True,4641,4,46.0,464.0,4641.0,46413.0,도매 및 소매업,도매 및 상품 중개업,생활용품 도매업,"생활용 섬유제품, 의복, 의복 액세서리 및 모피제품 도매업",남녀용 겉옷 및 셔츠 도매업,도매 및 소매업,4/46/464/4641/46413," / 도매 및 상품 중개업 / 생활용품 도매업 / 생활용 섬유제품, 의복, 의복 액세서리 및 모피제품 도매업 / 남녀용 겉옷 및 셔츠 도매업",RETAIL_TRADE,도매·소매업,True,True,leaf_unit,False,,,,,,,,,,,,,,,
46414,유아용 의류 도매업,유아용 의류 도매업,유아용 의류 도매업,subdetail,5,True,4641,4,46.0,464.0,4641.0,46414.0,도매 및 소매업,도매 및 상품 중개업,생활용품 도매업,"생활용 섬유제품, 의복, 의복 액세서리 및 모피제품 도매업",유아용 의류 도매업,도매 및 소매업,4/46/464/4641/46414," / 도매 및 상품 중개업 / 생활용품 도매업 / 생활용 섬유제품, 의복, 의복 액세서리 및 모피제품 도매업 / 유아용 의류 도매업",RETAIL_TRADE,도매·소매업,True,True,leaf_unit,False,,,,,,,,,,,,,,,
46415,속옷 및 잠옷 도매업,속옷 및 잠옷 도매업,속옷 및 잠옷 도매업,subdetail,5,True,4641,4,46.0,464.0,4641.0,46415.0,도매 및 소매업,도매 및 상품 중개업,생활용품 도매업,"생활용 섬유제품, 의복, 의복 액세서리 및 모피제품 도매업",속옷 및 잠옷 도매업,도매 및 소매업,4/46/464/4641/46415," / 도매 및 상품 중개업 / 생활용품 도매업 / 생활용 섬유제품, 의복, 의복 액세서리 및 모피제품 도매업 / 속옷 및 잠옷 도매업",RETAIL_TRADE,도매·소매업,True,True,leaf_unit,False,,,,,,,,,,,,,,,
46416,가죽 및 모피제품 도매업,가죽 및 모피제품 도매업,가죽 및 모피제품 도매업,subdetail,5,True,4641,4,46.0,464.0,4641.0,46416.0,도매 및 소매업,도매 및 상품 중개업,생활용품 도매업,"생활용 섬유제품, 의복, 의복 액세서리 및 모피제품 도매업",가죽 및 모피제품 도매업,도매 및 소매업,4/46/464/4641/46416," / 도매 및 상품 중개업 / 생활용품 도매업 / 생활용 섬유제품, 의복, 의복 액세서리 및 모피제품 도매업 / 가죽 및 모피제품 도매업",RETAIL_TRADE,도매·소매업,True,True,leaf_unit,False,,,,,,,,,,,,,,,
46417,의복 액세서리 및 모조 장신구 도매업,의복 액세서리 및 모조 장신구 도매업,의복 액세서리 및 모조 장신구 도매업,subdetail,5,True,4641,4,46.0,464.0,4641.0,46417.0,도매 및 소매업,도매 및 상품 중개업,생활용품 도매업,"생활용 섬유제품, 의복, 의복 액세서리 및 모피제품 도매업",의복 액세서리 및 모조 장신구 도매업,도매 및 소매업,4/46/464/4641/46417," / 도매 및 상품 중개업 / 생활용품 도매업 / 생활용 섬유제품, 의복, 의복 액세서리 및 모피제품 도매업 / 의복 액세서리 및 모조 장신구 도매업",RETAIL_TRADE,도매·소매업,True,True,leaf_unit,False,,,,,,,,,,,,,,,
46419,기타 생활용 섬유 및 직물제품 도매업,기타 생활용 섬유 및 직물제품 도매업,기타 생활용 섬유 및 직물제품 도매업,subdetail,5,True,4641,4,46.0,464.0,4641.0,46419.0,도매 및 소매업,도매 및 상품 중개업,생활용품 도매업,"생활용 섬유제품, 의복, 의복 액세서리 및 모피제품 도매업",기타 생활용 섬유 및 직물제품 도매업,도매 및 소매업,4/46/464/4641/46419," / 도매 및 상품 중개업 / 생활용품 도매업 / 생활용 섬유제품, 의복, 의복 액세서리 및 모피제품 도매업 / 기타 생활용 섬유 및 직물제품 도매업",RETAIL_TRADE,도매·소매업,True,True,leaf_unit,False,,,,,,,,,,,,,,,
46420,신발 도매업,신발 도매업,신발 도매업,subdetail,5,True,4642,4,46.0,464.0,4642.0,46420.0,도매 및 소매업,도매 및 상품 중개업,생활용품 도매업,신발 도매업,신발 도매업,도매 및 소매업,4/46/464/4642/46420, / 도매 및 상품 중개업 / 생활용품 도매업 / 신발 도매업 / 신발 도매업,RETAIL_TRADE,도매·소매업,True,True,leaf_unit,False,,,,,,,,,,,,,,,
46431,생활용 가구 도매업,생활용 가구 도매업,생활용 가구 도매업,subdetail,5,True,4643,4,46.0,464.0,4643.0,46431.0,도매 및 소매업,도매 및 상품 중개업,생활용품 도매업,"생활용 가구, 조명기구 및 비전기식 생활용기기 도매업",생활용 가구 도매업,도매 및 소매업,4/46/464/4643/46431," / 도매 및 상품 중개업 / 생활용품 도매업 / 생활용 가구, 조명기구 및 비전기식 생활용기기 도매업 / 생활용 가구 도매업",RETAIL_TRADE,도매·소매업,True,True,leaf_unit,False,,,,,,,,,,,,,,,
46432,"전구, 램프 및 조명장치 도매업","전구, 램프 및 조명장치 도매업","전구, 램프 및 조명장치 도매업",subdetail,5,True,4643,4,46.0,464.0,4643.0,46432.0,도매 및 소매업,도매 및 상품 중개업,생활용품 도매업,"생활용 가구, 조명기구 및 비전기식 생활용기기 도매업","전구, 램프 및 조명장치 도매업",도매 및 소매업,4/46/464/4643/46432," / 도매 및 상품 중개업 / 생활용품 도매업 / 생활용 가구, 조명기구 및 비전기식 생활용기기 도매업 / 전구, 램프 및 조명장치 도매업",RETAIL_TRADE,도매·소매업,True,True,leaf_unit,False,,,,,,,,,,,,,,,
46433,생활용 유리ㆍ요업ㆍ목재ㆍ금속 제품 및 날붙이 도매업,생활용 유리ㆍ요업ㆍ목재ㆍ금속 제품 및 날붙이 도매업,생활용 유리ㆍ요업ㆍ목재ㆍ금속 제품 및 날붙이 도매업,subdetail,5,True,4643,4,46.0,464.0,4643.0,46433.0,도매 및 소매업,도매 및 상품 중개업,생활용품 도매업,"생활용 가구, 조명기구 및 비전기식 생활용기기 도매업",생활용 유리ㆍ요업ㆍ목재ㆍ금속 제품 및 날붙이 도매업,도매 및 소매업,4/46/464/4643/46433," / 도매 및 상품 중개업 / 생활용품 도매업 / 생활용 가구, 조명기구 및 비전기식 생활용기기 도매업 / 생활용 유리ㆍ요업ㆍ목재ㆍ금속 제품 및 날붙이 도매업",RETAIL_TRADE,도매·소매업,True,True,leaf_unit,False,,,,,,,,,,,,,,,
46439,기타 비전기식 생활용 기기 및 기구 도매업,기타 비전기식 생활용 기기 및 기구 도매업,기타 비전기식 생활용 기기 및 기구 도매업,subdetail,5,True,4643,4,46.0,464.0,4643.0,46439.0,도매 및 소매업,도매 및 상품 중개업,생활용품 도매업,"생활용 가구, 조명기구 및 비전기식 생활용기기 도매업",기타 비전기식 생활용 기기 및 기구 도매업,도매 및 소매업,4/46/464/4643/46439," / 도매 및 상품 중개업 / 생활용품 도매업 / 생활용 가구, 조명기구 및 비전기식 생활용기기 도매업 / 기타 비전기식 생활용 기기 및 기구 도매업",RETAIL_TRADE,도매·소매업,True,True,leaf_unit,False,,,,,,,,,,,,,,,
46441,의약품 도매업,의약품 도매업,의약품 도매업,subdetail,5,True,4644,4,46.0,464.0,4644.0,46441.0,도매 및 소매업,도매 및 상품 중개업,생활용품 도매업,"의약품, 의료용품 및 화장품 도매업",의약품 도매업,도매 및 소매업,4/46/464/4644/46441," / 도매 및 상품 중개업 / 생활용품 도매업 / 의약품, 의료용품 및 화장품 도매업 / 의약품 도매업",RETAIL_TRADE,도매·소매업,True,True,leaf_unit,False,,,,,,,,,,,,,,,
46442,의료용품 도매업,의료용품 도매업,의료용품 도매업,subdetail,5,True,4644,4,46.0,464.0,4644.0,46442.0,도매 및 소매업,도매 및 상품 중개업,생활용품 도매업,"의약품, 의료용품 및 화장품 도매업",의료용품 도매업,도매 및 소매업,4/46/464/4644/46442," / 도매 및 상품 중개업 / 생활용품 도매업 / 의약품, 의료용품 및 화장품 도매업 / 의료용품 도매업",RETAIL_TRADE,도매·소매업,True,True,leaf_unit,False,,,,,,,,,,,,,,,
46443,화장품 및 화장용품 도매업,화장품 및 화장용품 도매업,화장품 및 화장용품 도매업,subdetail,5,True,4644,4,46.0,464.0,4644.0,46443.0,도매 및 소매업,도매 및 상품 중개업,생활용품 도매업,"의약품, 의료용품 및 화장품 도매업",화장품 및 화장용품 도매업,도매 및 소매업,4/46/464/4644/46443," / 도매 및 상품 중개업 / 생활용품 도매업 / 의약품, 의료용품 및 화장품 도매업 / 화장품 및 화장용품 도매업",RETAIL_TRADE,도매·소매업,True,True,leaf_unit,False,,,,,,,,,,,,,,,
46444,비누 및 세정제 도매업,비누 및 세정제 도매업,비누 및 세정제 도매업,subdetail,5,True,4644,4,46.0,464.0,4644.0,46444.0,도매 및 소매업,도매 및 상품 중개업,생활용품 도매업,"의약품, 의료용품 및 화장품 도매업",비누 및 세정제 도매업,도매 및 소매업,4/46/464/4644/46444," / 도매 및 상품 중개업 / 생활용품 도매업 / 의약품, 의료용품 및 화장품 도매업 / 비누 및 세정제 도매업",RETAIL_TRADE,도매·소매업,True,True,leaf_unit,False,,,,,,,,,,,,,,,
46451,"생활용 포장 및 위생용품, 봉투 및 유사 제품 도매업","생활용 포장 및 위생용품, 봉투 및 유사 제품 도매업","생활용 포장 및 위생용품, 봉투 및 유사 제품 도매업",subdetail,5,True,4645,4,46.0,464.0,4645.0,46451.0,도매 및 소매업,도매 및 상품 중개업,생활용품 도매업,"생활용 포장ㆍ위생용품, 문구용품 및 출판 인쇄물 도매업","생활용 포장 및 위생용품, 봉투 및 유사 제품 도매업",도매 및 소매업,4/46/464/4645/46451," / 도매 및 상품 중개업 / 생활용품 도매업 / 생활용 포장ㆍ위생용품, 문구용품 및 출판 인쇄물 도매업 / 생활용 포장 및 위생용품, 봉투 및 유사 제품 도매업",RETAIL_TRADE,도매·소매업,True,True,leaf_unit,False,,,,,,,,,,,,,,,
46452,"문구용품, 회화용품, 사무용품 도매업","문구용품, 회화용품, 사무용품 도매업","문구용품, 회화용품, 사무용품 도매업",subdetail,5,True,4645,4,46.0,464.0,4645.0,46452.0,도매 및 소매업,도매 및 상품 중개업,생활용품 도매업,"생활용 포장ㆍ위생용품, 문구용품 및 출판 인쇄물 도매업","문구용품, 회화용품, 사무용품 도매업",도매 및 소매업,4/46/464/4645/46452," / 도매 및 상품 중개업 / 생활용품 도매업 / 생활용 포장ㆍ위생용품, 문구용품 및 출판 인쇄물 도매업 / 문구용품, 회화용품, 사무용품 도매업",RETAIL_TRADE,도매·소매업,True,True,leaf_unit,False,,,,,,,,,,,,,,,
46453,"서적, 잡지 및 기타 인쇄물 도매업","서적, 잡지 및 기타 인쇄물 도매업","서적, 잡지 및 기타 인쇄물 도매업",subdetail,5,True,4645,4,46.0,464.0,4645.0,46453.0,도매 및 소매업,도매 및 상품 중개업,생활용품 도매업,"생활용 포장ㆍ위생용품, 문구용품 및 출판 인쇄물 도매업","서적, 잡지 및 기타 인쇄물 도매업",도매 및 소매업,4/46/464/4645/46453," / 도매 및 상품 중개업 / 생활용품 도매업 / 생활용 포장ㆍ위생용품, 문구용품 및 출판 인쇄물 도매업 / 서적, 잡지 및 기타 인쇄물 도매업",RETAIL_TRADE,도매·소매업,True,True,leaf_unit,False,,,,,,,,,,,,,,,
46461,음반 및 비디오물 도매업,음반 및 비디오물 도매업,음반 및 비디오물 도매업,subdetail,5,True,4646,4,46.0,464.0,4646.0,46461.0,도매 및 소매업,도매 및 상품 중개업,생활용품 도매업,"음반 및 비디오물, 악기, 오락 및 경기용품 도매업",음반 및 비디오물 도매업,도매 및 소매업,4/46/464/4646/46461," / 도매 및 상품 중개업 / 생활용품 도매업 / 음반 및 비디오물, 악기, 오락 및 경기용품 도매업 / 음반 및 비디오물 도매업",RETAIL_TRADE,도매·소매업,True,True,leaf_unit,False,,,,,,,,,,,,,,,
46462,악기 도매업,악기 도매업,악기 도매업,subdetail,5,True,4646,4,46.0,464.0,4646.0,46462.0,도매 및 소매업,도매 및 상품 중개업,생활용품 도매업,"음반 및 비디오물, 악기, 오락 및 경기용품 도매업",악기 도매업,도매 및 소매업,4/46/464/4646/46462," / 도매 및 상품 중개업 / 생활용품 도매업 / 음반 및 비디오물, 악기, 오락 및 경기용품 도매업 / 악기 도매업",RETAIL_TRADE,도매·소매업,True,True,leaf_unit,False,,,,,,,,,,,,,,,
46463,"장난감 및 취미, 오락용품 도매업","장난감 및 취미, 오락용품 도매업","장난감 및 취미, 오락용품 도매업",subdetail,5,True,4646,4,46.0,464.0,4646.0,46463.0,도매 및 소매업,도매 및 상품 중개업,생활용품 도매업,"음반 및 비디오물, 악기, 오락 및 경기용품 도매업","장난감 및 취미, 오락용품 도매업",도매 및 소매업,4/46/464/4646/46463," / 도매 및 상품 중개업 / 생활용품 도매업 / 음반 및 비디오물, 악기, 오락 및 경기용품 도매업 / 장난감 및 취미, 오락용품 도매업",RETAIL_TRADE,도매·소매업,True,True,leaf_unit,False,,,,,,,,,,,,,,,
46464,운동 및 경기용품 도매업,운동 및 경기용품 도매업,운동 및 경기용품 도매업,subdetail,5,True,4646,4,46.0,464.0,4646.0,46464.0,도매 및 소매업,도매 및 상품 중개업,생활용품 도매업,"음반 및 비디오물, 악기, 오락 및 경기용품 도매업",운동 및 경기용품 도매업,도매 및 소매업,4/46/464/4646/46464," / 도매 및 상품 중개업 / 생활용품 도매업 / 음반 및 비디오물, 악기, 오락 및 경기용품 도매업 / 운동 및 경기용품 도매업",RETAIL_TRADE,도매·소매업,True,True,leaf_unit,False,,,,,,,,,,,,,,,
46465,자전거 및 기타 운송장비 도매업,자전거 및 기타 운송장비 도매업,자전거 및 기타 운송장비 도매업,subdetail,5,True,4646,4,46.0,464.0,4646.0,46465.0,도매 및 소매업,도매 및 상품 중개업,생활용품 도매업,"음반 및 비디오물, 악기, 오락 및 경기용품 도매업",자전거 및 기타 운송장비 도매업,도매 및 소매업,4/46/464/4646/46465," / 도매 및 상품 중개업 / 생활용품 도매업 / 음반 및 비디오물, 악기, 오락 및 경기용품 도매업 / 자전거 및 기타 운송장비 도매업",RETAIL_TRADE,도매·소매업,True,True,leaf_unit,False,,,,,,,,,,,,,,,
46491,가방 및 보호용 케이스 도매업,가방 및 보호용 케이스 도매업,가방 및 보호용 케이스 도매업,subdetail,5,True,4649,4,46.0,464.0,4649.0,46491.0,도매 및 소매업,도매 및 상품 중개업,생활용품 도매업,"가방, 시계, 안경 및 기타 생활용품 도매업",가방 및 보호용 케이스 도매업,도매 및 소매업,4/46/464/4649/46491," / 도매 및 상품 중개업 / 생활용품 도매업 / 가방, 시계, 안경 및 기타 생활용품 도매업 / 가방 및 보호용 케이스 도매업",RETAIL_TRADE,도매·소매업,True,True,leaf_unit,False,,,,,,,,,,,,,,,
46492,시계 및 귀금속제품 도매업,시계 및 귀금속제품 도매업,시계 및 귀금속제품 도매업,subdetail,5,True,4649,4,46.0,464.0,4649.0,46492.0,도매 및 소매업,도매 및 상품 중개업,생활용품 도매업,"가방, 시계, 안경 및 기타 생활용품 도매업",시계 및 귀금속제품 도매업,도매 및 소매업,4/46/464/4649/46492," / 도매 및 상품 중개업 / 생활용품 도매업 / 가방, 시계, 안경 및 기타 생활용품 도매업 / 시계 및 귀금속제품 도매업",RETAIL_TRADE,도매·소매업,True,True,leaf_unit,False,,,,,,,,,,,,,,,
46493,"안경, 사진장비 및 광학용품 도매업","안경, 사진장비 및 광학용품 도매업","안경, 사진장비 및 광학용품 도매업",subdetail,5,True,4649,4,46.0,464.0,4649.0,46493.0,도매 및 소매업,도매 및 상품 중개업,생활용품 도매업,"가방, 시계, 안경 및 기타 생활용품 도매업","안경, 사진장비 및 광학용품 도매업",도매 및 소매업,4/46/464/4649/46493," / 도매 및 상품 중개업 / 생활용품 도매업 / 가방, 시계, 안경 및 기타 생활용품 도매업 / 안경, 사진장비 및 광학용품 도매업",RETAIL_TRADE,도매·소매업,True,True,leaf_unit,False,,,,,,,,,,,,,,,
46499,그 외 기타 생활용품 도매업,그 외 기타 생활용품 도매업,그 외 기타 생활용품 도매업,subdetail,5,True,4649,4,46.0,464.0,4649.0,46499.0,도매 및 소매업,도매 및 상품 중개업,생활용품 도매업,"가방, 시계, 안경 및 기타 생활용품 도매업",그 외 기타 생활용품 도매업,도매 및 소매업,4/46/464/4649/46499," / 도매 및 상품 중개업 / 생활용품 도매업 / 가방, 시계, 안경 및 기타 생활용품 도매업 / 그 외 기타 생활용품 도매업",RETAIL_TRADE,도매·소매업,True,True,leaf_unit,False,,,,,,,,,,,,,,,
46510,"컴퓨터 및 주변장치, 소프트웨어 도매업","컴퓨터 및 주변장치, 소프트웨어 도매업","컴퓨터 및 주변장치, 소프트웨어 도매업",subdetail,5,True,4651,4,46.0,465.0,4651.0,46510.0,도매 및 소매업,도매 및 상품 중개업,기계장비 및 관련 물품 도매업,"컴퓨터 및 주변장치, 소프트웨어 도매업","컴퓨터 및 주변장치, 소프트웨어 도매업",도매 및 소매업,4/46/465/4651/46510," / 도매 및 상품 중개업 / 기계장비 및 관련 물품 도매업 / 컴퓨터 및 주변장치, 소프트웨어 도매업 / 컴퓨터 및 주변장치, 소프트웨어 도매업",RETAIL_TRADE,도매·소매업,True,True,leaf_unit,False,,,,,,,,,,,,,,,
46521,가전제품 및 부품 도매업,가전제품 및 부품 도매업,가전제품 및 부품 도매업,subdetail,5,True,4652,4,46.0,465.0,4652.0,46521.0,도매 및 소매업,도매 및 상품 중개업,기계장비 및 관련 물품 도매업,"가전제품, 통신장비 및 부품 도매업",가전제품 및 부품 도매업,도매 및 소매업,4/46/465/4652/46521," / 도매 및 상품 중개업 / 기계장비 및 관련 물품 도매업 / 가전제품, 통신장비 및 부품 도매업 / 가전제품 및 부품 도매업",RETAIL_TRADE,도매·소매업,True,True,leaf_unit,False,,,,,,,,,,,,,,,
46522,통신ㆍ방송장비 및 부품 도매업,통신ㆍ방송장비 및 부품 도매업,통신ㆍ방송장비 및 부품 도매업,subdetail,5,True,4652,4,46.0,465.0,4652.0,46522.0,도매 및 소매업,도매 및 상품 중개업,기계장비 및 관련 물품 도매업,"가전제품, 통신장비 및 부품 도매업",통신ㆍ방송장비 및 부품 도매업,도매 및 소매업,4/46/465/4652/46522," / 도매 및 상품 중개업 / 기계장비 및 관련 물품 도매업 / 가전제품, 통신장비 및 부품 도매업 / 통신ㆍ방송장비 및 부품 도매업",RETAIL_TRADE,도매·소매업,True,True,leaf_unit,False,,,,,,,,,,,,,,,
46531,농림업용 기계 및 장비 도매업,농림업용 기계 및 장비 도매업,농림업용 기계 및 장비 도매업,subdetail,5,True,4653,4,46.0,465.0,4653.0,46531.0,도매 및 소매업,도매 및 상품 중개업,기계장비 및 관련 물품 도매업,산업용 기계 및 장비 도매업,농림업용 기계 및 장비 도매업,도매 및 소매업,4/46/465/4653/46531, / 도매 및 상품 중개업 / 기계장비 및 관련 물품 도매업 / 산업용 기계 및 장비 도매업 / 농림업용 기계 및 장비 도매업,RETAIL_TRADE,도매·소매업,True,True,leaf_unit,False,,,,,,,,,,,,,,,
46532,건설ㆍ광업용 기계 및 장비 도매업,건설ㆍ광업용 기계 및 장비 도매업,건설ㆍ광업용 기계 및 장비 도매업,subdetail,5,True,4653,4,46.0,465.0,4653.0,46532.0,도매 및 소매업,도매 및 상품 중개업,기계장비 및 관련 물품 도매업,산업용 기계 및 장비 도매업,건설ㆍ광업용 기계 및 장비 도매업,도매 및 소매업,4/46/465/4653/46532, / 도매 및 상품 중개업 / 기계장비 및 관련 물품 도매업 / 산업용 기계 및 장비 도매업 / 건설ㆍ광업용 기계 및 장비 도매업,RETAIL_TRADE,도매·소매업,True,True,leaf_unit,False,,,,,,,,,,,,,,,
46533,공작용 기계 및 장비 도매업,공작용 기계 및 장비 도매업,공작용 기계 및 장비 도매업,subdetail,5,True,4653,4,46.0,465.0,4653.0,46533.0,도매 및 소매업,도매 및 상품 중개업,기계장비 및 관련 물품 도매업,산업용 기계 및 장비 도매업,공작용 기계 및 장비 도매업,도매 및 소매업,4/46/465/4653/46533, / 도매 및 상품 중개업 / 기계장비 및 관련 물품 도매업 / 산업용 기계 및 장비 도매업 / 공작용 기계 및 장비 도매업,RETAIL_TRADE,도매·소매업,True,True,leaf_unit,False,,,,,,,,,,,,,,,
46539,기타 산업용 기계 및 장비 도매업,기타 산업용 기계 및 장비 도매업,기타 산업용 기계 및 장비 도매업,subdetail,5,True,4653,4,46.0,465.0,4653.0,46539.0,도매 및 소매업,도매 및 상품 중개업,기계장비 및 관련 물품 도매업,산업용 기계 및 장비 도매업,기타 산업용 기계 및 장비 도매업,도매 및 소매업,4/46/465/4653/46539, / 도매 및 상품 중개업 / 기계장비 및 관련 물품 도매업 / 산업용 기계 및 장비 도매업 / 기타 산업용 기계 및 장비 도매업,RETAIL_TRADE,도매·소매업,True,True,leaf_unit,False,,,,,,,,,,,,,,,
46591,사무용 가구 및 기기 도매업,사무용 가구 및 기기 도매업,사무용 가구 및 기기 도매업,subdetail,5,True,4659,4,46.0,465.0,4659.0,46591.0,도매 및 소매업,도매 및 상품 중개업,기계장비 및 관련 물품 도매업,기타 기계 및 장비 도매업,사무용 가구 및 기기 도매업,도매 및 소매업,4/46/465/4659/46591, / 도매 및 상품 중개업 / 기계장비 및 관련 물품 도매업 / 기타 기계 및 장비 도매업 / 사무용 가구 및 기기 도매업,RETAIL_TRADE,도매·소매업,True,True,leaf_unit,False,,,,,,,,,,,,,,,
46592,의료기기 도매업,의료기기 도매업,의료기기 도매업,subdetail,5,True,4659,4,46.0,465.0,4659.0,46592.0,도매 및 소매업,도매 및 상품 중개업,기계장비 및 관련 물품 도매업,기타 기계 및 장비 도매업,의료기기 도매업,도매 및 소매업,4/46/465/4659/46592, / 도매 및 상품 중개업 / 기계장비 및 관련 물품 도매업 / 기타 기계 및 장비 도매업 / 의료기기 도매업,RETAIL_TRADE,도매·소매업,True,True,leaf_unit,False,,,,,,,,,,,,,,,
46593,정밀기기 및 과학기기 도매업,정밀기기 및 과학기기 도매업,정밀기기 및 과학기기 도매업,subdetail,5,True,4659,4,46.0,465.0,4659.0,46593.0,도매 및 소매업,도매 및 상품 중개업,기계장비 및 관련 물품 도매업,기타 기계 및 장비 도매업,정밀기기 및 과학기기 도매업,도매 및 소매업,4/46/465/4659/46593, / 도매 및 상품 중개업 / 기계장비 및 관련 물품 도매업 / 기타 기계 및 장비 도매업 / 정밀기기 및 과학기기 도매업,RETAIL_TRADE,도매·소매업,True,True,leaf_unit,False,,,,,,,,,,,,,,,
46594,수송용 운송장비 도매업,수송용 운송장비 도매업,수송용 운송장비 도매업,subdetail,5,True,4659,4,46.0,465.0,4659.0,46594.0,도매 및 소매업,도매 및 상품 중개업,기계장비 및 관련 물품 도매업,기타 기계 및 장비 도매업,수송용 운송장비 도매업,도매 및 소매업,4/46/465/4659/46594, / 도매 및 상품 중개업 / 기계장비 및 관련 물품 도매업 / 기타 기계 및 장비 도매업 / 수송용 운송장비 도매업,RETAIL_TRADE,도매·소매업,True,True,leaf_unit,False,,,,,,,,,,,,,,,
46595,전기용 기계ㆍ장비 및 관련 기자재 도매업,전기용 기계ㆍ장비 및 관련 기자재 도매업,전기용 기계ㆍ장비 및 관련 기자재 도매업,subdetail,5,True,4659,4,46.0,465.0,4659.0,46595.0,도매 및 소매업,도매 및 상품 중개업,기계장비 및 관련 물품 도매업,기타 기계 및 장비 도매업,전기용 기계ㆍ장비 및 관련 기자재 도매업,도매 및 소매업,4/46/465/4659/46595, / 도매 및 상품 중개업 / 기계장비 및 관련 물품 도매업 / 기타 기계 및 장비 도매업 / 전기용 기계ㆍ장비 및 관련 기자재 도매업,RETAIL_TRADE,도매·소매업,True,True,leaf_unit,False,,,,,,,,,,,,,,,
46596,전지 및 케이블 도매업,전지 및 케이블 도매업,전지 및 케이블 도매업,subdetail,5,True,4659,4,46.0,465.0,4659.0,46596.0,도매 및 소매업,도매 및 상품 중개업,기계장비 및 관련 물품 도매업,기타 기계 및 장비 도매업,전지 및 케이블 도매업,도매 및 소매업,4/46/465/4659/46596, / 도매 및 상품 중개업 / 기계장비 및 관련 물품 도매업 / 기타 기계 및 장비 도매업 / 전지 및 케이블 도매업,RETAIL_TRADE,도매·소매업,True,True,leaf_unit,False,,,,,,,,,,,,,,,
46599,그 외 기타 기계 및 장비 도매업,그 외 기타 기계 및 장비 도매업,그 외 기타 기계 및 장비 도매업,subdetail,5,True,4659,4,46.0,465.0,4659.0,46599.0,도매 및 소매업,도매 및 상품 중개업,기계장비 및 관련 물품 도매업,기타 기계 및 장비 도매업,그 외 기타 기계 및 장비 도매업,도매 및 소매업,4/46/465/4659/46599, / 도매 및 상품 중개업 / 기계장비 및 관련 물품 도매업 / 기타 기계 및 장비 도매업 / 그 외 기타 기계 및 장비 도매업,RETAIL_TRADE,도매·소매업,True,True,leaf_unit,False,,,,,,,,,,,,,,,
46611,원목 및 건축관련 목제품 도매업,원목 및 건축관련 목제품 도매업,원목 및 건축관련 목제품 도매업,subdetail,5,True,4661,4,46.0,466.0,4661.0,46611.0,도매 및 소매업,도매 및 상품 중개업,"건축 자재, 철물 및 난방장치 도매업",일반 건축자재 도매업,원목 및 건축관련 목제품 도매업,도매 및 소매업,4/46/466/4661/46611," / 도매 및 상품 중개업 / 건축 자재, 철물 및 난방장치 도매업 / 일반 건축자재 도매업 / 원목 및 건축관련 목제품 도매업",RETAIL_TRADE,도매·소매업,True,True,leaf_unit,False,,,,,,,,,,,,,,,
46612,"골재, 벽돌 및 시멘트 도매업","골재, 벽돌 및 시멘트 도매업","골재, 벽돌 및 시멘트 도매업",subdetail,5,True,4661,4,46.0,466.0,4661.0,46612.0,도매 및 소매업,도매 및 상품 중개업,"건축 자재, 철물 및 난방장치 도매업",일반 건축자재 도매업,"골재, 벽돌 및 시멘트 도매업",도매 및 소매업,4/46/466/4661/46612," / 도매 및 상품 중개업 / 건축 자재, 철물 및 난방장치 도매업 / 일반 건축자재 도매업 / 골재, 벽돌 및 시멘트 도매업",RETAIL_TRADE,도매·소매업,True,True,leaf_unit,False,,,,,,,,,,,,,,,
46613,유리 및 창호 도매업,유리 및 창호 도매업,유리 및 창호 도매업,subdetail,5,True,4661,4,46.0,466.0,4661.0,46613.0,도매 및 소매업,도매 및 상품 중개업,"건축 자재, 철물 및 난방장치 도매업",일반 건축자재 도매업,유리 및 창호 도매업,도매 및 소매업,4/46/466/4661/46613," / 도매 및 상품 중개업 / 건축 자재, 철물 및 난방장치 도매업 / 일반 건축자재 도매업 / 유리 및 창호 도매업",RETAIL_TRADE,도매·소매업,True,True,leaf_unit,False,,,,,,,,,,,,,,,
46621,배관 및 냉ㆍ난방장치 도매업,배관 및 냉ㆍ난방장치 도매업,배관 및 냉ㆍ난방장치 도매업,subdetail,5,True,4662,4,46.0,466.0,4662.0,46621.0,도매 및 소매업,도매 및 상품 중개업,"건축 자재, 철물 및 난방장치 도매업","냉ㆍ난방장치 및 철물, 수공구 도매업",배관 및 냉ㆍ난방장치 도매업,도매 및 소매업,4/46/466/4662/46621," / 도매 및 상품 중개업 / 건축 자재, 철물 및 난방장치 도매업 / 냉ㆍ난방장치 및 철물, 수공구 도매업 / 배관 및 냉ㆍ난방장치 도매업",RETAIL_TRADE,도매·소매업,True,True,leaf_unit,False,,,,,,,,,,,,,,,
46622,"철물, 금속 파스너 및 수공구 도매업","철물, 금속 파스너 및 수공구 도매업","철물, 금속 파스너 및 수공구 도매업",subdetail,5,True,4662,4,46.0,466.0,4662.0,46622.0,도매 및 소매업,도매 및 상품 중개업,"건축 자재, 철물 및 난방장치 도매업","냉ㆍ난방장치 및 철물, 수공구 도매업","철물, 금속 파스너 및 수공구 도매업",도매 및 소매업,4/46/466/4662/46622," / 도매 및 상품 중개업 / 건축 자재, 철물 및 난방장치 도매업 / 냉ㆍ난방장치 및 철물, 수공구 도매업 / 철물, 금속 파스너 및 수공구 도매업",RETAIL_TRADE,도매·소매업,True,True,leaf_unit,False,,,,,,,,,,,,,,,
46691,도료 도매업,도료 도매업,도료 도매업,subdetail,5,True,4669,4,46.0,466.0,4669.0,46691.0,도매 및 소매업,도매 및 상품 중개업,"건축 자재, 철물 및 난방장치 도매업",기타 건축자재 도매업,도료 도매업,도매 및 소매업,4/46/466/4669/46691," / 도매 및 상품 중개업 / 건축 자재, 철물 및 난방장치 도매업 / 기타 건축자재 도매업 / 도료 도매업",RETAIL_TRADE,도매·소매업,True,True,leaf_unit,False,,,,,,,,,,,,,,,
46692,벽지 및 장판류 도매업,벽지 및 장판류 도매업,벽지 및 장판류 도매업,subdetail,5,True,4669,4,46.0,466.0,4669.0,46692.0,도매 및 소매업,도매 및 상품 중개업,"건축 자재, 철물 및 난방장치 도매업",기타 건축자재 도매업,벽지 및 장판류 도매업,도매 및 소매업,4/46/466/4669/46692," / 도매 및 상품 중개업 / 건축 자재, 철물 및 난방장치 도매업 / 기타 건축자재 도매업 / 벽지 및 장판류 도매업",RETAIL_TRADE,도매·소매업,True,True,leaf_unit,False,,,,,,,,,,,,,,,
46699,그 외 기타 건축자재 도매업,그 외 기타 건축자재 도매업,그 외 기타 건축자재 도매업,subdetail,5,True,4669,4,46.0,466.0,4669.0,46699.0,도매 및 소매업,도매 및 상품 중개업,"건축 자재, 철물 및 난방장치 도매업",기타 건축자재 도매업,그 외 기타 건축자재 도매업,도매 및 소매업,4/46/466/4669/46699," / 도매 및 상품 중개업 / 건축 자재, 철물 및 난방장치 도매업 / 기타 건축자재 도매업 / 그 외 기타 건축자재 도매업",RETAIL_TRADE,도매·소매업,True,True,leaf_unit,False,,,,,,,,,,,,,,,
46711,고체연료 및 관련제품 도매업,고체연료 및 관련제품 도매업,고체연료 및 관련제품 도매업,subdetail,5,True,4671,4,46.0,467.0,4671.0,46711.0,도매 및 소매업,도매 및 상품 중개업,기타 전문 도매업,"연료, 연료용 광물 및 관련제품 도매업",고체연료 및 관련제품 도매업,도매 및 소매업,4/46/467/4671/46711," / 도매 및 상품 중개업 / 기타 전문 도매업 / 연료, 연료용 광물 및 관련제품 도매업 / 고체연료 및 관련제품 도매업",RETAIL_TRADE,도매·소매업,True,True,leaf_unit,False,,,,,,,,,,,,,,,
46712,액체연료 및 관련제품 도매업,액체연료 및 관련제품 도매업,액체연료 및 관련제품 도매업,subdetail,5,True,4671,4,46.0,467.0,4671.0,46712.0,도매 및 소매업,도매 및 상품 중개업,기타 전문 도매업,"연료, 연료용 광물 및 관련제품 도매업",액체연료 및 관련제품 도매업,도매 및 소매업,4/46/467/4671/46712," / 도매 및 상품 중개업 / 기타 전문 도매업 / 연료, 연료용 광물 및 관련제품 도매업 / 액체연료 및 관련제품 도매업",RETAIL_TRADE,도매·소매업,True,True,leaf_unit,False,,,,,,,,,,,,,,,
46713,기체연료 및 관련제품 도매업,기체연료 및 관련제품 도매업,기체연료 및 관련제품 도매업,subdetail,5,True,4671,4,46.0,467.0,4671.0,46713.0,도매 및 소매업,도매 및 상품 중개업,기타 전문 도매업,"연료, 연료용 광물 및 관련제품 도매업",기체연료 및 관련제품 도매업,도매 및 소매업,4/46/467/4671/46713," / 도매 및 상품 중개업 / 기타 전문 도매업 / 연료, 연료용 광물 및 관련제품 도매업 / 기체연료 및 관련제품 도매업",RETAIL_TRADE,도매·소매업,True,True,leaf_unit,False,,,,,,,,,,,,,,,
46721,1차 금속제품 도매업,1차 금속제품 도매업,1차 금속제품 도매업,subdetail,5,True,4672,4,46.0,467.0,4672.0,46721.0,도매 및 소매업,도매 및 상품 중개업,기타 전문 도매업,1차 금속제품 및 금속광물 도매업,1차 금속제품 도매업,도매 및 소매업,4/46/467/4672/46721, / 도매 및 상품 중개업 / 기타 전문 도매업 / 1차 금속제품 및 금속광물 도매업 / 1차 금속제품 도매업,RETAIL_TRADE,도매·소매업,True,True,leaf_unit,False,,,,,,,,,,,,,,,
46722,금속광물 도매업,금속광물 도매업,금속광물 도매업,subdetail,5,True,4672,4,46.0,467.0,4672.0,46722.0,도매 및 소매업,도매 및 상품 중개업,기타 전문 도매업,1차 금속제품 및 금속광물 도매업,금속광물 도매업,도매 및 소매업,4/46/467/4672/46722, / 도매 및 상품 중개업 / 기타 전문 도매업 / 1차 금속제품 및 금속광물 도매업 / 금속광물 도매업,RETAIL_TRADE,도매·소매업,True,True,leaf_unit,False,,,,,,,,,,,,,,,
46731,"염료, 안료 및 관련제품 도매업","염료, 안료 및 관련제품 도매업","염료, 안료 및 관련제품 도매업",subdetail,5,True,4673,4,46.0,467.0,4673.0,46731.0,도매 및 소매업,도매 및 상품 중개업,기타 전문 도매업,화학 물질 및 화학제품 도매업,"염료, 안료 및 관련제품 도매업",도매 및 소매업,4/46/467/4673/46731," / 도매 및 상품 중개업 / 기타 전문 도매업 / 화학 물질 및 화학제품 도매업 / 염료, 안료 및 관련제품 도매업",RETAIL_TRADE,도매·소매업,True,True,leaf_unit,False,,,,,,,,,,,,,,,
46732,비료 및 농약 도매업,비료 및 농약 도매업,비료 및 농약 도매업,subdetail,5,True,4673,4,46.0,467.0,4673.0,46732.0,도매 및 소매업,도매 및 상품 중개업,기타 전문 도매업,화학 물질 및 화학제품 도매업,비료 및 농약 도매업,도매 및 소매업,4/46/467/4673/46732, / 도매 및 상품 중개업 / 기타 전문 도매업 / 화학 물질 및 화학제품 도매업 / 비료 및 농약 도매업,RETAIL_TRADE,도매·소매업,True,True,leaf_unit,False,,,,,,,,,,,,,,,
46733,플라스틱물질 및 합성고무 도매업,플라스틱물질 및 합성고무 도매업,플라스틱물질 및 합성고무 도매업,subdetail,5,True,4673,4,46.0,467.0,4673.0,46733.0,도매 및 소매업,도매 및 상품 중개업,기타 전문 도매업,화학 물질 및 화학제품 도매업,플라스틱물질 및 합성고무 도매업,도매 및 소매업,4/46/467/4673/46733, / 도매 및 상품 중개업 / 기타 전문 도매업 / 화학 물질 및 화학제품 도매업 / 플라스틱물질 및 합성고무 도매업,RETAIL_TRADE,도매·소매업,True,True,leaf_unit,False,,,,,,,,,,,,,,,
46739,기타 화학물질 및 화학제품 도매업,기타 화학물질 및 화학제품 도매업,기타 화학물질 및 화학제품 도매업,subdetail,5,True,4673,4,46.0,467.0,4673.0,46739.0,도매 및 소매업,도매 및 상품 중개업,기타 전문 도매업,화학 물질 및 화학제품 도매업,기타 화학물질 및 화학제품 도매업,도매 및 소매업,4/46/467/4673/46739, / 도매 및 상품 중개업 / 기타 전문 도매업 / 화학 물질 및 화학제품 도매업 / 기타 화학물질 및 화학제품 도매업,RETAIL_TRADE,도매·소매업,True,True,leaf_unit,False,,,,,,,,,,,,,,,
46741,방직용 섬유 및 실 도매업,방직용 섬유 및 실 도매업,방직용 섬유 및 실 도매업,subdetail,5,True,4674,4,46.0,467.0,4674.0,46741.0,도매 및 소매업,도매 및 상품 중개업,기타 전문 도매업,"방직용 섬유, 실 및 직물 도매업",방직용 섬유 및 실 도매업,도매 및 소매업,4/46/467/4674/46741," / 도매 및 상품 중개업 / 기타 전문 도매업 / 방직용 섬유, 실 및 직물 도매업 / 방직용 섬유 및 실 도매업",RETAIL_TRADE,도매·소매업,True,True,leaf_unit,False,,,,,,,,,,,,,,,
46742,직물 도매업,직물 도매업,직물 도매업,subdetail,5,True,4674,4,46.0,467.0,4674.0,46742.0,도매 및 소매업,도매 및 상품 중개업,기타 전문 도매업,"방직용 섬유, 실 및 직물 도매업",직물 도매업,도매 및 소매업,4/46/467/4674/46742," / 도매 및 상품 중개업 / 기타 전문 도매업 / 방직용 섬유, 실 및 직물 도매업 / 직물 도매업",RETAIL_TRADE,도매·소매업,True,True,leaf_unit,False,,,,,,,,,,,,,,,
46750,"종이 원지, 판지, 종이상자 도매업","종이 원지, 판지, 종이상자 도매업","종이 원지, 판지, 종이상자 도매업",subdetail,5,True,4675,4,46.0,467.0,4675.0,46750.0,도매 및 소매업,도매 및 상품 중개업,기타 전문 도매업,"종이 원지, 판지, 종이상자 도매업","종이 원지, 판지, 종이상자 도매업",도매 및 소매업,4/46/467/4675/46750," / 도매 및 상품 중개업 / 기타 전문 도매업 / 종이 원지, 판지, 종이상자 도매업 / 종이 원지, 판지, 종이상자 도매업",RETAIL_TRADE,도매·소매업,True,True,leaf_unit,False,,,,,,,,,,,,,,,
46791,재생용 재료 수집 및 판매업,재생용 재료 수집 및 판매업,재생용 재료 수집 및 판매업,subdetail,5,True,4679,4,46.0,467.0,4679.0,46791.0,도매 및 소매업,도매 및 상품 중개업,기타 전문 도매업,재생용 재료 및 기타 상품 전문 도매업,재생용 재료 수집 및 판매업,도매 및 소매업,4/46/467/4679/46791, / 도매 및 상품 중개업 / 기타 전문 도매업 / 재생용 재료 및 기타 상품 전문 도매업 / 재생용 재료 수집 및 판매업,RETAIL_TRADE,도매·소매업,True,True,leaf_unit,False,,,,,,,,,,,,,,,
46799,그 외 기타 상품 전문 도매업,그 외 기타 상품 전문 도매업,그 외 기타 상품 전문 도매업,subdetail,5,True,4679,4,46.0,467.0,4679.0,46799.0,도매 및 소매업,도매 및 상품 중개업,기타 전문 도매업,재생용 재료 및 기타 상품 전문 도매업,그 외 기타 상품 전문 도매업,도매 및 소매업,4/46/467/4679/46799, / 도매 및 상품 중개업 / 기타 전문 도매업 / 재생용 재료 및 기타 상품 전문 도매업 / 그 외 기타 상품 전문 도매업,RETAIL_TRADE,도매·소매업,True,True,leaf_unit,False,,,,,,,,,,,,,,,
46800,상품 종합 도매업,상품 종합 도매업,상품 종합 도매업,subdetail,5,True,4680,4,46.0,468.0,4680.0,46800.0,도매 및 소매업,도매 및 상품 중개업,상품 종합 도매업,상품 종합 도매업,상품 종합 도매업,도매 및 소매업,4/46/468/4680/46800, / 도매 및 상품 중개업 / 상품 종합 도매업 / 상품 종합 도매업 / 상품 종합 도매업,RETAIL_TRADE,도매·소매업,True,True,leaf_unit,False,,,,,,,,,,,,,,,
47111,백화점,백화점,백화점,subdetail,5,True,4711,4,47.0,471.0,4711.0,47111.0,도매 및 소매업,"소매업, 자동차 제외",종합 소매업,대형 종합 소매업,백화점,도매 및 소매업,4/47/471/4711/47111," / 소매업, 자동차 제외 / 종합 소매업 / 대형 종합 소매업 / 백화점",RETAIL_TRADE,도매·소매업,True,True,leaf_unit,False,,,,,,,,,,,,,,,
47112,대형 마트,대형 마트,대형 마트,subdetail,5,True,4711,4,47.0,471.0,4711.0,47112.0,도매 및 소매업,"소매업, 자동차 제외",종합 소매업,대형 종합 소매업,대형 마트,도매 및 소매업,4/47/471/4711/47112," / 소매업, 자동차 제외 / 종합 소매업 / 대형 종합 소매업 / 대형 마트",RETAIL_TRADE,도매·소매업,True,True,leaf_unit,False,,,,,,,,,,,,,,,
47119,기타 대형 종합 소매업,기타 대형 종합 소매업,기타 대형 종합 소매업,subdetail,5,True,4711,4,47.0,471.0,4711.0,47119.0,도매 및 소매업,"소매업, 자동차 제외",종합 소매업,대형 종합 소매업,기타 대형 종합 소매업,도매 및 소매업,4/47/471/4711/47119," / 소매업, 자동차 제외 / 종합 소매업 / 대형 종합 소매업 / 기타 대형 종합 소매업",RETAIL_TRADE,도매·소매업,True,True,leaf_unit,False,,,,,,,,,,,,,,,
47121,슈퍼마켓,슈퍼마켓,슈퍼마켓,subdetail,5,True,4712,4,47.0,471.0,4712.0,47121.0,도매 및 소매업,"소매업, 자동차 제외",종합 소매업,음ㆍ식료품 위주 종합 소매업,슈퍼마켓,도매 및 소매업,4/47/471/4712/47121," / 소매업, 자동차 제외 / 종합 소매업 / 음ㆍ식료품 위주 종합 소매업 / 슈퍼마켓",RETAIL_TRADE,도매·소매업,True,True,leaf_unit,False,,,,,,,,,,,,,,,
47122,체인화 편의점,체인화 편의점,체인화 편의점,subdetail,5,True,4712,4,47.0,471.0,4712.0,47122.0,도매 및 소매업,"소매업, 자동차 제외",종합 소매업,음ㆍ식료품 위주 종합 소매업,체인화 편의점,도매 및 소매업,4/47/471/4712/47122," / 소매업, 자동차 제외 / 종합 소매업 / 음ㆍ식료품 위주 종합 소매업 / 체인화 편의점",RETAIL_TRADE,도매·소매업,True,True,leaf_unit,False,,,,,,,,,,,,,,,
47129,기타 음ㆍ식료품 위주 종합 소매업,기타 음ㆍ식료품 위주 종합 소매업,기타 음ㆍ식료품 위주 종합 소매업,subdetail,5,True,4712,4,47.0,471.0,4712.0,47129.0,도매 및 소매업,"소매업, 자동차 제외",종합 소매업,음ㆍ식료품 위주 종합 소매업,기타 음ㆍ식료품 위주 종합 소매업,도매 및 소매업,4/47/471/4712/47129," / 소매업, 자동차 제외 / 종합 소매업 / 음ㆍ식료품 위주 종합 소매업 / 기타 음ㆍ식료품 위주 종합 소매업",RETAIL_TRADE,도매·소매업,True,True,leaf_unit,False,,,,,,,,,,,,,,,
47130,면세점,면세점,면세점,subdetail,5,True,4713,4,47.0,471.0,4713.0,47130.0,도매 및 소매업,"소매업, 자동차 제외",종합 소매업,면세점,면세점,도매 및 소매업,4/47/471/4713/47130," / 소매업, 자동차 제외 / 종합 소매업 / 면세점 / 면세점",RETAIL_TRADE,도매·소매업,True,True,leaf_unit,False,,,,,,,,,,,,,,,
47190,그 외 기타 종합 소매업,그 외 기타 종합 소매업,그 외 기타 종합 소매업,subdetail,5,True,4719,4,47.0,471.0,4719.0,47190.0,도매 및 소매업,"소매업, 자동차 제외",종합 소매업,그 외 기타 종합 소매업,그 외 기타 종합 소매업,도매 및 소매업,4/47/471/4719/47190," / 소매업, 자동차 제외 / 종합 소매업 / 그 외 기타 종합 소매업 / 그 외 기타 종합 소매업",RETAIL_TRADE,도매·소매업,True,True,leaf_unit,False,,,,,,,,,,,,,,,
47211,"곡물, 곡분 및 가축 사료 소매업","곡물, 곡분 및 가축 사료 소매업","곡물, 곡분 및 가축 사료 소매업",subdetail,5,True,4721,4,47.0,472.0,4721.0,47211.0,도매 및 소매업,"소매업, 자동차 제외",음ㆍ식료품 및 담배 소매업,신선식품 및 단순 가공식품 소매업,"곡물, 곡분 및 가축 사료 소매업",도매 및 소매업,4/47/472/4721/47211," / 소매업, 자동차 제외 / 음ㆍ식료품 및 담배 소매업 / 신선식품 및 단순 가공식품 소매업 / 곡물, 곡분 및 가축 사료 소매업",RETAIL_TRADE,도매·소매업,True,True,leaf_unit,False,,,,,,,,,,,,,,,
47212,육류 소매업,육류 소매업,육류 소매업,subdetail,5,True,4721,4,47.0,472.0,4721.0,47212.0,도매 및 소매업,"소매업, 자동차 제외",음ㆍ식료품 및 담배 소매업,신선식품 및 단순 가공식품 소매업,육류 소매업,도매 및 소매업,4/47/472/4721/47212," / 소매업, 자동차 제외 / 음ㆍ식료품 및 담배 소매업 / 신선식품 및 단순 가공식품 소매업 / 육류 소매업",RETAIL_TRADE,도매·소매업,True,True,leaf_unit,False,,,,,,,,,,,,,,,
47213,건어물 및 젓갈류 소매업,건어물 및 젓갈류 소매업,건어물 및 젓갈류 소매업,subdetail,5,True,4721,4,47.0,472.0,4721.0,47213.0,도매 및 소매업,"소매업, 자동차 제외",음ㆍ식료품 및 담배 소매업,신선식품 및 단순 가공식품 소매업,건어물 및 젓갈류 소매업,도매 및 소매업,4/47/472/4721/47213," / 소매업, 자동차 제외 / 음ㆍ식료품 및 담배 소매업 / 신선식품 및 단순 가공식품 소매업 / 건어물 및 젓갈류 소매업",RETAIL_TRADE,도매·소매업,True,True,leaf_unit,False,,,,,,,,,,,,,,,
47214,"신선, 냉동 및 기타 수산물 소매업","신선, 냉동 및 기타 수산물 소매업","신선, 냉동 및 기타 수산물 소매업",subdetail,5,True,4721,4,47.0,472.0,4721.0,47214.0,도매 및 소매업,"소매업, 자동차 제외",음ㆍ식료품 및 담배 소매업,신선식품 및 단순 가공식품 소매업,"신선, 냉동 및 기타 수산물 소매업",도매 및 소매업,4/47/472/4721/47214," / 소매업, 자동차 제외 / 음ㆍ식료품 및 담배 소매업 / 신선식품 및 단순 가공식품 소매업 / 신선, 냉동 및 기타 수산물 소매업",RETAIL_TRADE,도매·소매업,True,True,leaf_unit,False,,,,,,,,,,,,,,,
47215,"채소, 과실 및 뿌리작물 소매업","채소, 과실 및 뿌리작물 소매업","채소, 과실 및 뿌리작물 소매업",subdetail,5,True,4721,4,47.0,472.0,4721.0,47215.0,도매 및 소매업,"소매업, 자동차 제외",음ㆍ식료품 및 담배 소매업,신선식품 및 단순 가공식품 소매업,"채소, 과실 및 뿌리작물 소매업",도매 및 소매업,4/47/472/4721/47215," / 소매업, 자동차 제외 / 음ㆍ식료품 및 담배 소매업 / 신선식품 및 단순 가공식품 소매업 / 채소, 과실 및 뿌리작물 소매업",RETAIL_TRADE,도매·소매업,True,True,leaf_unit,False,,,,,,,,,,,,,,,
47219,기타 신선식품 및 단순 가공식품 소매업,기타 신선식품 및 단순 가공식품 소매업,기타 신선식품 및 단순 가공식품 소매업,subdetail,5,True,4721,4,47.0,472.0,4721.0,47219.0,도매 및 소매업,"소매업, 자동차 제외",음ㆍ식료품 및 담배 소매업,신선식품 및 단순 가공식품 소매업,기타 신선식품 및 단순 가공식품 소매업,도매 및 소매업,4/47/472/4721/47219," / 소매업, 자동차 제외 / 음ㆍ식료품 및 담배 소매업 / 신선식품 및 단순 가공식품 소매업 / 기타 신선식품 및 단순 가공식품 소매업",RETAIL_TRADE,도매·소매업,True,True,leaf_unit,False,,,,,,,,,,,,,,,
47221,"빵류, 과자류 및 당류 소매업","빵류, 과자류 및 당류 소매업","빵류, 과자류 및 당류 소매업",subdetail,5,True,4722,4,47.0,472.0,4722.0,47221.0,도매 및 소매업,"소매업, 자동차 제외",음ㆍ식료품 및 담배 소매업,가공식품 소매업,"빵류, 과자류 및 당류 소매업",도매 및 소매업,4/47/472/4722/47221," / 소매업, 자동차 제외 / 음ㆍ식료품 및 담배 소매업 / 가공식품 소매업 / 빵류, 과자류 및 당류 소매업",RETAIL_TRADE,도매·소매업,True,True,leaf_unit,False,,,,,,,,,,,,,,,
47222,건강 보조식품 소매업,건강 보조식품 소매업,건강 보조식품 소매업,subdetail,5,True,4722,4,47.0,472.0,4722.0,47222.0,도매 및 소매업,"소매업, 자동차 제외",음ㆍ식료품 및 담배 소매업,가공식품 소매업,건강 보조식품 소매업,도매 및 소매업,4/47/472/4722/47222," / 소매업, 자동차 제외 / 음ㆍ식료품 및 담배 소매업 / 가공식품 소매업 / 건강 보조식품 소매업",RETAIL_TRADE,도매·소매업,True,True,leaf_unit,False,,,,,,,,,,,,,,,
47223,조리 반찬류 소매업,조리 반찬류 소매업,조리 반찬류 소매업,subdetail,5,True,4722,4,47.0,472.0,4722.0,47223.0,도매 및 소매업,"소매업, 자동차 제외",음ㆍ식료품 및 담배 소매업,가공식품 소매업,조리 반찬류 소매업,도매 및 소매업,4/47/472/4722/47223," / 소매업, 자동차 제외 / 음ㆍ식료품 및 담배 소매업 / 가공식품 소매업 / 조리 반찬류 소매업",RETAIL_TRADE,도매·소매업,True,True,leaf_unit,False,,,,,,,,,,,,,,,
47229,기타 가공식품 소매업,기타 가공식품 소매업,기타 가공식품 소매업,subdetail,5,True,4722,4,47.0,472.0,4722.0,47229.0,도매 및 소매업,"소매업, 자동차 제외",음ㆍ식료품 및 담배 소매업,가공식품 소매업,기타 가공식품 소매업,도매 및 소매업,4/47/472/4722/47229," / 소매업, 자동차 제외 / 음ㆍ식료품 및 담배 소매업 / 가공식품 소매업 / 기타 가공식품 소매업",RETAIL_TRADE,도매·소매업,True,True,leaf_unit,False,,,,,,,,,,,,,,,
47231,음료 소매업,음료 소매업,음료 소매업,subdetail,5,True,4723,4,47.0,472.0,4723.0,47231.0,도매 및 소매업,"소매업, 자동차 제외",음ㆍ식료품 및 담배 소매업,음료 및 담배 소매업,음료 소매업,도매 및 소매업,4/47/472/4723/47231," / 소매업, 자동차 제외 / 음ㆍ식료품 및 담배 소매업 / 음료 및 담배 소매업 / 음료 소매업",RETAIL_TRADE,도매·소매업,True,True,leaf_unit,False,,,,,,,,,,,,,,,
47232,담배 소매업,담배 소매업,담배 소매업,subdetail,5,True,4723,4,47.0,472.0,4723.0,47232.0,도매 및 소매업,"소매업, 자동차 제외",음ㆍ식료품 및 담배 소매업,음료 및 담배 소매업,담배 소매업,도매 및 소매업,4/47/472/4723/47232," / 소매업, 자동차 제외 / 음ㆍ식료품 및 담배 소매업 / 음료 및 담배 소매업 / 담배 소매업",RETAIL_TRADE,도매·소매업,True,True,leaf_unit,False,,,,,,,,,,,,,,,
47311,"컴퓨터 및 주변장치, 소프트웨어 소매업","컴퓨터 및 주변장치, 소프트웨어 소매업","컴퓨터 및 주변장치, 소프트웨어 소매업",subdetail,5,True,4731,4,47.0,473.0,4731.0,47311.0,도매 및 소매업,"소매업, 자동차 제외",가전제품 및 정보 통신장비 소매업,"컴퓨터 및 주변장치, 소프트웨어 및 통신기기 소매업","컴퓨터 및 주변장치, 소프트웨어 소매업",도매 및 소매업,4/47/473/4731/47311," / 소매업, 자동차 제외 / 가전제품 및 정보 통신장비 소매업 / 컴퓨터 및 주변장치, 소프트웨어 및 통신기기 소매업 / 컴퓨터 및 주변장치, 소프트웨어 소매업",RETAIL_TRADE,도매·소매업,True,True,leaf_unit,False,,,,,,,,,,,,,,,
47312,통신기기 소매업,통신기기 소매업,통신기기 소매업,subdetail,5,True,4731,4,47.0,473.0,4731.0,47312.0,도매 및 소매업,"소매업, 자동차 제외",가전제품 및 정보 통신장비 소매업,"컴퓨터 및 주변장치, 소프트웨어 및 통신기기 소매업",통신기기 소매업,도매 및 소매업,4/47/473/4731/47312," / 소매업, 자동차 제외 / 가전제품 및 정보 통신장비 소매업 / 컴퓨터 및 주변장치, 소프트웨어 및 통신기기 소매업 / 통신기기 소매업",RETAIL_TRADE,도매·소매업,True,True,leaf_unit,False,,,,,,,,,,,,,,,
47320,가전제품 소매업,가전제품 소매업,가전제품 소매업,subdetail,5,True,4732,4,47.0,473.0,4732.0,47320.0,도매 및 소매업,"소매업, 자동차 제외",가전제품 및 정보 통신장비 소매업,가전제품 소매업,가전제품 소매업,도매 및 소매업,4/47/473/4732/47320," / 소매업, 자동차 제외 / 가전제품 및 정보 통신장비 소매업 / 가전제품 소매업 / 가전제품 소매업",RETAIL_TRADE,도매·소매업,True,True,leaf_unit,False,,,,,,,,,,,,,,,
47411,남자용 겉옷 소매업,남자용 겉옷 소매업,남자용 겉옷 소매업,subdetail,5,True,4741,4,47.0,474.0,4741.0,47411.0,도매 및 소매업,"소매업, 자동차 제외","섬유, 의복, 신발 및 가죽제품 소매업",의복 소매업,남자용 겉옷 소매업,도매 및 소매업,4/47/474/4741/47411," / 소매업, 자동차 제외 / 섬유, 의복, 신발 및 가죽제품 소매업 / 의복 소매업 / 남자용 겉옷 소매업",RETAIL_TRADE,도매·소매업,True,True,leaf_unit,False,,,,,,,,,,,,,,,
47412,여자용 겉옷 소매업,여자용 겉옷 소매업,여자용 겉옷 소매업,subdetail,5,True,4741,4,47.0,474.0,4741.0,47412.0,도매 및 소매업,"소매업, 자동차 제외","섬유, 의복, 신발 및 가죽제품 소매업",의복 소매업,여자용 겉옷 소매업,도매 및 소매업,4/47/474/4741/47412," / 소매업, 자동차 제외 / 섬유, 의복, 신발 및 가죽제품 소매업 / 의복 소매업 / 여자용 겉옷 소매업",RETAIL_TRADE,도매·소매업,True,True,leaf_unit,False,,,,,,,,,,,,,,,
47413,속옷 및 잠옷 소매업,속옷 및 잠옷 소매업,속옷 및 잠옷 소매업,subdetail,5,True,4741,4,47.0,474.0,4741.0,47413.0,도매 및 소매업,"소매업, 자동차 제외","섬유, 의복, 신발 및 가죽제품 소매업",의복 소매업,속옷 및 잠옷 소매업,도매 및 소매업,4/47/474/4741/47413," / 소매업, 자동차 제외 / 섬유, 의복, 신발 및 가죽제품 소매업 / 의복 소매업 / 속옷 및 잠옷 소매업",RETAIL_TRADE,도매·소매업,True,True,leaf_unit,False,,,,,,,,,,,,,,,
47414,셔츠 및 블라우스 소매업,셔츠 및 블라우스 소매업,셔츠 및 블라우스 소매업,subdetail,5,True,4741,4,47.0,474.0,4741.0,47414.0,도매 및 소매업,"소매업, 자동차 제외","섬유, 의복, 신발 및 가죽제품 소매업",의복 소매업,셔츠 및 블라우스 소매업,도매 및 소매업,4/47/474/4741/47414," / 소매업, 자동차 제외 / 섬유, 의복, 신발 및 가죽제품 소매업 / 의복 소매업 / 셔츠 및 블라우스 소매업",RETAIL_TRADE,도매·소매업,True,True,leaf_unit,False,,,,,,,,,,,,,,,
47415,한복 소매업,한복 소매업,한복 소매업,subdetail,5,True,4741,4,47.0,474.0,4741.0,47415.0,도매 및 소매업,"소매업, 자동차 제외","섬유, 의복, 신발 및 가죽제품 소매업",의복 소매업,한복 소매업,도매 및 소매업,4/47/474/4741/47415," / 소매업, 자동차 제외 / 섬유, 의복, 신발 및 가죽제품 소매업 / 의복 소매업 / 한복 소매업",RETAIL_TRADE,도매·소매업,True,True,leaf_unit,False,,,,,,,,,,,,,,,
47416,가죽 및 모피의복 소매업,가죽 및 모피의복 소매업,가죽 및 모피의복 소매업,subdetail,5,True,4741,4,47.0,474.0,4741.0,47416.0,도매 및 소매업,"소매업, 자동차 제외","섬유, 의복, 신발 및 가죽제품 소매업",의복 소매업,가죽 및 모피의복 소매업,도매 및 소매업,4/47/474/4741/47416," / 소매업, 자동차 제외 / 섬유, 의복, 신발 및 가죽제품 소매업 / 의복 소매업 / 가죽 및 모피의복 소매업",RETAIL_TRADE,도매·소매업,True,True,leaf_unit,False,,,,,,,,,,,,,,,
47417,유아용 의류 소매업,유아용 의류 소매업,유아용 의류 소매업,subdetail,5,True,4741,4,47.0,474.0,4741.0,47417.0,도매 및 소매업,"소매업, 자동차 제외","섬유, 의복, 신발 및 가죽제품 소매업",의복 소매업,유아용 의류 소매업,도매 및 소매업,4/47/474/4741/47417," / 소매업, 자동차 제외 / 섬유, 의복, 신발 및 가죽제품 소매업 / 의복 소매업 / 유아용 의류 소매업",RETAIL_TRADE,도매·소매업,True,True,leaf_unit,False,,,,,,,,,,,,,,,
47419,기타 의복 소매업,기타 의복 소매업,기타 의복 소매업,subdetail,5,True,4741,4,47.0,474.0,4741.0,47419.0,도매 및 소매업,"소매업, 자동차 제외","섬유, 의복, 신발 및 가죽제품 소매업",의복 소매업,기타 의복 소매업,도매 및 소매업,4/47/474/4741/47419," / 소매업, 자동차 제외 / 섬유, 의복, 신발 및 가죽제품 소매업 / 의복 소매업 / 기타 의복 소매업",RETAIL_TRADE,도매·소매업,True,True,leaf_unit,False,,,,,,,,,,,,,,,
47421,가정용 직물제품 소매업,가정용 직물제품 소매업,가정용 직물제품 소매업,subdetail,5,True,4742,4,47.0,474.0,4742.0,47421.0,도매 및 소매업,"소매업, 자동차 제외","섬유, 의복, 신발 및 가죽제품 소매업","섬유, 직물 및 의복 액세서리 소매업",가정용 직물제품 소매업,도매 및 소매업,4/47/474/4742/47421," / 소매업, 자동차 제외 / 섬유, 의복, 신발 및 가죽제품 소매업 / 섬유, 직물 및 의복 액세서리 소매업 / 가정용 직물제품 소매업",RETAIL_TRADE,도매·소매업,True,True,leaf_unit,False,,,,,,,,,,,,,,,
47422,의복 액세서리 및 모조 장신구 소매업,의복 액세서리 및 모조 장신구 소매업,의복 액세서리 및 모조 장신구 소매업,subdetail,5,True,4742,4,47.0,474.0,4742.0,47422.0,도매 및 소매업,"소매업, 자동차 제외","섬유, 의복, 신발 및 가죽제품 소매업","섬유, 직물 및 의복 액세서리 소매업",의복 액세서리 및 모조 장신구 소매업,도매 및 소매업,4/47/474/4742/47422," / 소매업, 자동차 제외 / 섬유, 의복, 신발 및 가죽제품 소매업 / 섬유, 직물 및 의복 액세서리 소매업 / 의복 액세서리 및 모조 장신구 소매업",RETAIL_TRADE,도매·소매업,True,True,leaf_unit,False,,,,,,,,,,,,,,,
47429,"섬유 원단, 실 및 기타 섬유제품 소매업","섬유 원단, 실 및 기타 섬유제품 소매업","섬유 원단, 실 및 기타 섬유제품 소매업",subdetail,5,True,4742,4,47.0,474.0,4742.0,47429.0,도매 및 소매업,"소매업, 자동차 제외","섬유, 의복, 신발 및 가죽제품 소매업","섬유, 직물 및 의복 액세서리 소매업","섬유 원단, 실 및 기타 섬유제품 소매업",도매 및 소매업,4/47/474/4742/47429," / 소매업, 자동차 제외 / 섬유, 의복, 신발 및 가죽제품 소매업 / 섬유, 직물 및 의복 액세서리 소매업 / 섬유 원단, 실 및 기타 섬유제품 소매업",RETAIL_TRADE,도매·소매업,True,True,leaf_unit,False,,,,,,,,,,,,,,,
47430,신발 소매업,신발 소매업,신발 소매업,subdetail,5,True,4743,4,47.0,474.0,4743.0,47430.0,도매 및 소매업,"소매업, 자동차 제외","섬유, 의복, 신발 및 가죽제품 소매업",신발 소매업,신발 소매업,도매 및 소매업,4/47/474/4743/47430," / 소매업, 자동차 제외 / 섬유, 의복, 신발 및 가죽제품 소매업 / 신발 소매업 / 신발 소매업",RETAIL_TRADE,도매·소매업,True,True,leaf_unit,False,,,,,,,,,,,,,,,
47440,가방 및 기타 가죽제품 소매업,가방 및 기타 가죽제품 소매업,가방 및 기타 가죽제품 소매업,subdetail,5,True,4744,4,47.0,474.0,4744.0,47440.0,도매 및 소매업,"소매업, 자동차 제외","섬유, 의복, 신발 및 가죽제품 소매업",가방 및 기타 가죽제품 소매업,가방 및 기타 가죽제품 소매업,도매 및 소매업,4/47/474/4744/47440," / 소매업, 자동차 제외 / 섬유, 의복, 신발 및 가죽제품 소매업 / 가방 및 기타 가죽제품 소매업 / 가방 및 기타 가죽제품 소매업",RETAIL_TRADE,도매·소매업,True,True,leaf_unit,False,,,,,,,,,,,,,,,
47511,철물 및 난방용구 소매업,철물 및 난방용구 소매업,철물 및 난방용구 소매업,subdetail,5,True,4751,4,47.0,475.0,4751.0,47511.0,도매 및 소매업,"소매업, 자동차 제외",기타 생활용품 소매업,"철물, 공구, 창호 및 건설자재 소매업",철물 및 난방용구 소매업,도매 및 소매업,4/47/475/4751/47511," / 소매업, 자동차 제외 / 기타 생활용품 소매업 / 철물, 공구, 창호 및 건설자재 소매업 / 철물 및 난방용구 소매업",RETAIL_TRADE,도매·소매업,True,True,leaf_unit,False,,,,,,,,,,,,,,,
47512,공구 소매업,공구 소매업,공구 소매업,subdetail,5,True,4751,4,47.0,475.0,4751.0,47512.0,도매 및 소매업,"소매업, 자동차 제외",기타 생활용품 소매업,"철물, 공구, 창호 및 건설자재 소매업",공구 소매업,도매 및 소매업,4/47/475/4751/47512," / 소매업, 자동차 제외 / 기타 생활용품 소매업 / 철물, 공구, 창호 및 건설자재 소매업 / 공구 소매업",RETAIL_TRADE,도매·소매업,True,True,leaf_unit,False,,,,,,,,,,,,,,,
47513,"벽지, 마루덮개 및 장판류 소매업","벽지, 마루덮개 및 장판류 소매업","벽지, 마루덮개 및 장판류 소매업",subdetail,5,True,4751,4,47.0,475.0,4751.0,47513.0,도매 및 소매업,"소매업, 자동차 제외",기타 생활용품 소매업,"철물, 공구, 창호 및 건설자재 소매업","벽지, 마루덮개 및 장판류 소매업",도매 및 소매업,4/47/475/4751/47513," / 소매업, 자동차 제외 / 기타 생활용품 소매업 / 철물, 공구, 창호 및 건설자재 소매업 / 벽지, 마루덮개 및 장판류 소매업",RETAIL_TRADE,도매·소매업,True,True,leaf_unit,False,,,,,,,,,,,,,,,
47519,"페인트, 창호 및 기타 건설자재 소매업","페인트, 창호 및 기타 건설자재 소매업","페인트, 창호 및 기타 건설자재 소매업",subdetail,5,True,4751,4,47.0,475.0,4751.0,47519.0,도매 및 소매업,"소매업, 자동차 제외",기타 생활용품 소매업,"철물, 공구, 창호 및 건설자재 소매업","페인트, 창호 및 기타 건설자재 소매업",도매 및 소매업,4/47/475/4751/47519," / 소매업, 자동차 제외 / 기타 생활용품 소매업 / 철물, 공구, 창호 및 건설자재 소매업 / 페인트, 창호 및 기타 건설자재 소매업",RETAIL_TRADE,도매·소매업,True,True,leaf_unit,False,,,,,,,,,,,,,,,
47520,가구 소매업,가구 소매업,가구 소매업,subdetail,5,True,4752,4,47.0,475.0,4752.0,47520.0,도매 및 소매업,"소매업, 자동차 제외",기타 생활용품 소매업,가구 소매업,가구 소매업,도매 및 소매업,4/47/475/4752/47520," / 소매업, 자동차 제외 / 기타 생활용품 소매업 / 가구 소매업 / 가구 소매업",RETAIL_TRADE,도매·소매업,True,True,leaf_unit,False,,,,,,,,,,,,,,,
47591,전기용품 및 조명장치 소매업,전기용품 및 조명장치 소매업,전기용품 및 조명장치 소매업,subdetail,5,True,4759,4,47.0,475.0,4759.0,47591.0,도매 및 소매업,"소매업, 자동차 제외",기타 생활용품 소매업,그 외 기타 가정용품 소매업,전기용품 및 조명장치 소매업,도매 및 소매업,4/47/475/4759/47591," / 소매업, 자동차 제외 / 기타 생활용품 소매업 / 그 외 기타 가정용품 소매업 / 전기용품 및 조명장치 소매업",RETAIL_TRADE,도매·소매업,True,True,leaf_unit,False,,,,,,,,,,,,,,,
47592,"주방용품 및 가정용 유리, 요업 제품 소매업","주방용품 및 가정용 유리, 요업 제품 소매업","주방용품 및 가정용 유리, 요업 제품 소매업",subdetail,5,True,4759,4,47.0,475.0,4759.0,47592.0,도매 및 소매업,"소매업, 자동차 제외",기타 생활용품 소매업,그 외 기타 가정용품 소매업,"주방용품 및 가정용 유리, 요업 제품 소매업",도매 및 소매업,4/47/475/4759/47592," / 소매업, 자동차 제외 / 기타 생활용품 소매업 / 그 외 기타 가정용품 소매업 / 주방용품 및 가정용 유리, 요업 제품 소매업",RETAIL_TRADE,도매·소매업,True,True,leaf_unit,False,,,,,,,,,,,,,,,
47593,악기 소매업,악기 소매업,악기 소매업,subdetail,5,True,4759,4,47.0,475.0,4759.0,47593.0,도매 및 소매업,"소매업, 자동차 제외",기타 생활용품 소매업,그 외 기타 가정용품 소매업,악기 소매업,도매 및 소매업,4/47/475/4759/47593," / 소매업, 자동차 제외 / 기타 생활용품 소매업 / 그 외 기타 가정용품 소매업 / 악기 소매업",RETAIL_TRADE,도매·소매업,True,True,leaf_unit,False,,,,,,,,,,,,,,,
47599,그 외 기타 분류 안된 가정용품 소매업,그 외 기타 분류 안된 가정용품 소매업,그 외 기타 분류 안된 가정용품 소매업,subdetail,5,True,4759,4,47.0,475.0,4759.0,47599.0,도매 및 소매업,"소매업, 자동차 제외",기타 생활용품 소매업,그 외 기타 가정용품 소매업,그 외 기타 분류 안된 가정용품 소매업,도매 및 소매업,4/47/475/4759/47599," / 소매업, 자동차 제외 / 기타 생활용품 소매업 / 그 외 기타 가정용품 소매업 / 그 외 기타 분류 안된 가정용품 소매업",RETAIL_TRADE,도매·소매업,True,True,leaf_unit,False,,,,,,,,,,,,,,,
47611,"서적, 신문 및 잡지류 소매업","서적, 신문 및 잡지류 소매업","서적, 신문 및 잡지류 소매업",subdetail,5,True,4761,4,47.0,476.0,4761.0,47611.0,도매 및 소매업,"소매업, 자동차 제외","문화, 오락 및 여가 용품 소매업",서적 및 문구용품 소매업,"서적, 신문 및 잡지류 소매업",도매 및 소매업,4/47/476/4761/47611," / 소매업, 자동차 제외 / 문화, 오락 및 여가 용품 소매업 / 서적 및 문구용품 소매업 / 서적, 신문 및 잡지류 소매업",RETAIL_TRADE,도매·소매업,True,True,leaf_unit,False,,,,,,,,,,,,,,,
47612,문구용품 및 회화용품 소매업,문구용품 및 회화용품 소매업,문구용품 및 회화용품 소매업,subdetail,5,True,4761,4,47.0,476.0,4761.0,47612.0,도매 및 소매업,"소매업, 자동차 제외","문화, 오락 및 여가 용품 소매업",서적 및 문구용품 소매업,문구용품 및 회화용품 소매업,도매 및 소매업,4/47/476/4761/47612," / 소매업, 자동차 제외 / 문화, 오락 및 여가 용품 소매업 / 서적 및 문구용품 소매업 / 문구용품 및 회화용품 소매업",RETAIL_TRADE,도매·소매업,True,True,leaf_unit,False,,,,,,,,,,,,,,,
47620,음반 및 비디오물 소매업,음반 및 비디오물 소매업,음반 및 비디오물 소매업,subdetail,5,True,4762,4,47.0,476.0,4762.0,47620.0,도매 및 소매업,"소매업, 자동차 제외","문화, 오락 및 여가 용품 소매업",음반 및 비디오물 소매업,음반 및 비디오물 소매업,도매 및 소매업,4/47/476/4762/47620," / 소매업, 자동차 제외 / 문화, 오락 및 여가 용품 소매업 / 음반 및 비디오물 소매업 / 음반 및 비디오물 소매업",RETAIL_TRADE,도매·소매업,True,True,leaf_unit,False,,,,,,,,,,,,,,,
47631,운동 및 경기용품 소매업,운동 및 경기용품 소매업,운동 및 경기용품 소매업,subdetail,5,True,4763,4,47.0,476.0,4763.0,47631.0,도매 및 소매업,"소매업, 자동차 제외","문화, 오락 및 여가 용품 소매업",운동용품 및 자전거 소매업,운동 및 경기용품 소매업,도매 및 소매업,4/47/476/4763/47631," / 소매업, 자동차 제외 / 문화, 오락 및 여가 용품 소매업 / 운동용품 및 자전거 소매업 / 운동 및 경기용품 소매업",RETAIL_TRADE,도매·소매업,True,True,leaf_unit,False,,,,,,,,,,,,,,,
47632,자전거 및 기타 운송장비 소매업,자전거 및 기타 운송장비 소매업,자전거 및 기타 운송장비 소매업,subdetail,5,True,4763,4,47.0,476.0,4763.0,47632.0,도매 및 소매업,"소매업, 자동차 제외","문화, 오락 및 여가 용품 소매업",운동용품 및 자전거 소매업,자전거 및 기타 운송장비 소매업,도매 및 소매업,4/47/476/4763/47632," / 소매업, 자동차 제외 / 문화, 오락 및 여가 용품 소매업 / 운동용품 및 자전거 소매업 / 자전거 및 기타 운송장비 소매업",RETAIL_TRADE,도매·소매업,True,True,leaf_unit,False,,,,,,,,,,,,,,,
47640,"게임용구, 인형 및 장난감 소매업","게임용구, 인형 및 장난감 소매업","게임용구, 인형 및 장난감 소매업",subdetail,5,True,4764,4,47.0,476.0,4764.0,47640.0,도매 및 소매업,"소매업, 자동차 제외","문화, 오락 및 여가 용품 소매업","게임용구, 인형 및 장난감 소매업","게임용구, 인형 및 장난감 소매업",도매 및 소매업,4/47/476/4764/47640," / 소매업, 자동차 제외 / 문화, 오락 및 여가 용품 소매업 / 게임용구, 인형 및 장난감 소매업 / 게임용구, 인형 및 장난감 소매업",RETAIL_TRADE,도매·소매업,True,True,leaf_unit,False,,,,,,,,,,,,,,,
47711,운송장비용 주유소 운영업,운송장비용 주유소 운영업,운송장비용 주유소 운영업,subdetail,5,True,4771,4,47.0,477.0,4771.0,47711.0,도매 및 소매업,"소매업, 자동차 제외",연료 소매업,운송장비용 연료 소매업,운송장비용 주유소 운영업,도매 및 소매업,4/47/477/4771/47711," / 소매업, 자동차 제외 / 연료 소매업 / 운송장비용 연료 소매업 / 운송장비용 주유소 운영업",RETAIL_TRADE,도매·소매업,True,True,leaf_unit,False,,,,,,,,,,,,,,,
47712,운송장비용 수소 충전업,운송장비용 수소 충전업,운송장비용 수소 충전업,subdetail,5,True,4771,4,47.0,477.0,4771.0,47712.0,도매 및 소매업,"소매업, 자동차 제외",연료 소매업,운송장비용 연료 소매업,운송장비용 수소 충전업,도매 및 소매업,4/47/477/4771/47712," / 소매업, 자동차 제외 / 연료 소매업 / 운송장비용 연료 소매업 / 운송장비용 수소 충전업",RETAIL_TRADE,도매·소매업,True,True,leaf_unit,False,,,,,,,,,,,,,,,
47713,운송장비용 기타 가스 충전업,운송장비용 기타 가스 충전업,운송장비용 기타 가스 충전업,subdetail,5,True,4771,4,47.0,477.0,4771.0,47713.0,도매 및 소매업,"소매업, 자동차 제외",연료 소매업,운송장비용 연료 소매업,운송장비용 기타 가스 충전업,도매 및 소매업,4/47/477/4771/47713," / 소매업, 자동차 제외 / 연료 소매업 / 운송장비용 연료 소매업 / 운송장비용 기타 가스 충전업",RETAIL_TRADE,도매·소매업,True,True,leaf_unit,False,,,,,,,,,,,,,,,
47721,가정용 고체연료 소매업,가정용 고체연료 소매업,가정용 고체연료 소매업,subdetail,5,True,4772,4,47.0,477.0,4772.0,47721.0,도매 및 소매업,"소매업, 자동차 제외",연료 소매업,가정용 연료 소매업,가정용 고체연료 소매업,도매 및 소매업,4/47/477/4772/47721," / 소매업, 자동차 제외 / 연료 소매업 / 가정용 연료 소매업 / 가정용 고체연료 소매업",RETAIL_TRADE,도매·소매업,True,True,leaf_unit,False,,,,,,,,,,,,,,,
47722,가정용 액체연료 소매업,가정용 액체연료 소매업,가정용 액체연료 소매업,subdetail,5,True,4772,4,47.0,477.0,4772.0,47722.0,도매 및 소매업,"소매업, 자동차 제외",연료 소매업,가정용 연료 소매업,가정용 액체연료 소매업,도매 및 소매업,4/47/477/4772/47722," / 소매업, 자동차 제외 / 연료 소매업 / 가정용 연료 소매업 / 가정용 액체연료 소매업",RETAIL_TRADE,도매·소매업,True,True,leaf_unit,False,,,,,,,,,,,,,,,
47723,가정용 가스연료 소매업,가정용 가스연료 소매업,가정용 가스연료 소매업,subdetail,5,True,4772,4,47.0,477.0,4772.0,47723.0,도매 및 소매업,"소매업, 자동차 제외",연료 소매업,가정용 연료 소매업,가정용 가스연료 소매업,도매 및 소매업,4/47/477/4772/47723," / 소매업, 자동차 제외 / 연료 소매업 / 가정용 연료 소매업 / 가정용 가스연료 소매업",RETAIL_TRADE,도매·소매업,True,True,leaf_unit,False,,,,,,,,,,,,,,,
47811,의약품 및 의료용품 소매업,의약품 및 의료용품 소매업,의약품 및 의료용품 소매업,subdetail,5,True,4781,4,47.0,478.0,4781.0,47811.0,도매 및 소매업,"소매업, 자동차 제외",기타 상품 전문 소매업,"의약품, 의료용 기구, 화장품 및 방향제 소매업",의약품 및 의료용품 소매업,도매 및 소매업,4/47/478/4781/47811," / 소매업, 자동차 제외 / 기타 상품 전문 소매업 / 의약품, 의료용 기구, 화장품 및 방향제 소매업 / 의약품 및 의료용품 소매업",RETAIL_TRADE,도매·소매업,True,True,leaf_unit,False,,,,,,,,,,,,,,,
47812,의료용 기구 소매업,의료용 기구 소매업,의료용 기구 소매업,subdetail,5,True,4781,4,47.0,478.0,4781.0,47812.0,도매 및 소매업,"소매업, 자동차 제외",기타 상품 전문 소매업,"의약품, 의료용 기구, 화장품 및 방향제 소매업",의료용 기구 소매업,도매 및 소매업,4/47/478/4781/47812," / 소매업, 자동차 제외 / 기타 상품 전문 소매업 / 의약품, 의료용 기구, 화장품 및 방향제 소매업 / 의료용 기구 소매업",RETAIL_TRADE,도매·소매업,True,True,leaf_unit,False,,,,,,,,,,,,,,,
47813,"화장품, 비누 및 방향제 소매업","화장품, 비누 및 방향제 소매업","화장품, 비누 및 방향제 소매업",subdetail,5,True,4781,4,47.0,478.0,4781.0,47813.0,도매 및 소매업,"소매업, 자동차 제외",기타 상품 전문 소매업,"의약품, 의료용 기구, 화장품 및 방향제 소매업","화장품, 비누 및 방향제 소매업",도매 및 소매업,4/47/478/4781/47813," / 소매업, 자동차 제외 / 기타 상품 전문 소매업 / 의약품, 의료용 기구, 화장품 및 방향제 소매업 / 화장품, 비누 및 방향제 소매업",RETAIL_TRADE,도매·소매업,True,True,leaf_unit,False,,,,,,,,,,,,,,,
47821,사무용 기기 소매업,사무용 기기 소매업,사무용 기기 소매업,subdetail,5,True,4782,4,47.0,478.0,4782.0,47821.0,도매 및 소매업,"소매업, 자동차 제외",기타 상품 전문 소매업,"사무용 기기, 안경, 사진장비 및 정밀기기 소매업",사무용 기기 소매업,도매 및 소매업,4/47/478/4782/47821," / 소매업, 자동차 제외 / 기타 상품 전문 소매업 / 사무용 기기, 안경, 사진장비 및 정밀기기 소매업 / 사무용 기기 소매업",RETAIL_TRADE,도매·소매업,True,True,leaf_unit,False,,,,,,,,,,,,,,,
47822,안경 및 렌즈 소매업,안경 및 렌즈 소매업,안경 및 렌즈 소매업,subdetail,5,True,4782,4,47.0,478.0,4782.0,47822.0,도매 및 소매업,"소매업, 자동차 제외",기타 상품 전문 소매업,"사무용 기기, 안경, 사진장비 및 정밀기기 소매업",안경 및 렌즈 소매업,도매 및 소매업,4/47/478/4782/47822," / 소매업, 자동차 제외 / 기타 상품 전문 소매업 / 사무용 기기, 안경, 사진장비 및 정밀기기 소매업 / 안경 및 렌즈 소매업",RETAIL_TRADE,도매·소매업,True,True,leaf_unit,False,,,,,,,,,,,,,,,
47823,사진기 및 사진용품 소매업,사진기 및 사진용품 소매업,사진기 및 사진용품 소매업,subdetail,5,True,4782,4,47.0,478.0,4782.0,47823.0,도매 및 소매업,"소매업, 자동차 제외",기타 상품 전문 소매업,"사무용 기기, 안경, 사진장비 및 정밀기기 소매업",사진기 및 사진용품 소매업,도매 및 소매업,4/47/478/4782/47823," / 소매업, 자동차 제외 / 기타 상품 전문 소매업 / 사무용 기기, 안경, 사진장비 및 정밀기기 소매업 / 사진기 및 사진용품 소매업",RETAIL_TRADE,도매·소매업,True,True,leaf_unit,False,,,,,,,,,,,,,,,
47829,기타 광학 및 정밀 기기 소매업,기타 광학 및 정밀 기기 소매업,기타 광학 및 정밀 기기 소매업,subdetail,5,True,4782,4,47.0,478.0,4782.0,47829.0,도매 및 소매업,"소매업, 자동차 제외",기타 상품 전문 소매업,"사무용 기기, 안경, 사진장비 및 정밀기기 소매업",기타 광학 및 정밀 기기 소매업,도매 및 소매업,4/47/478/4782/47829," / 소매업, 자동차 제외 / 기타 상품 전문 소매업 / 사무용 기기, 안경, 사진장비 및 정밀기기 소매업 / 기타 광학 및 정밀 기기 소매업",RETAIL_TRADE,도매·소매업,True,True,leaf_unit,False,,,,,,,,,,,,,,,
47830,시계 및 귀금속 소매업,시계 및 귀금속 소매업,시계 및 귀금속 소매업,subdetail,5,True,4783,4,47.0,478.0,4783.0,47830.0,도매 및 소매업,"소매업, 자동차 제외",기타 상품 전문 소매업,시계 및 귀금속 소매업,시계 및 귀금속 소매업,도매 및 소매업,4/47/478/4783/47830," / 소매업, 자동차 제외 / 기타 상품 전문 소매업 / 시계 및 귀금속 소매업 / 시계 및 귀금속 소매업",RETAIL_TRADE,도매·소매업,True,True,leaf_unit,False,,,,,,,,,,,,,,,
47841,예술품 및 골동품 소매업,예술품 및 골동품 소매업,예술품 및 골동품 소매업,subdetail,5,True,4784,4,47.0,478.0,4784.0,47841.0,도매 및 소매업,"소매업, 자동차 제외",기타 상품 전문 소매업,"예술품, 기념품 및 장식용품 소매업",예술품 및 골동품 소매업,도매 및 소매업,4/47/478/4784/47841," / 소매업, 자동차 제외 / 기타 상품 전문 소매업 / 예술품, 기념품 및 장식용품 소매업 / 예술품 및 골동품 소매업",RETAIL_TRADE,도매·소매업,True,True,leaf_unit,False,,,,,,,,,,,,,,,
47842,"기념품, 관광 민예품 및 장식용품 소매업","기념품, 관광 민예품 및 장식용품 소매업","기념품, 관광 민예품 및 장식용품 소매업",subdetail,5,True,4784,4,47.0,478.0,4784.0,47842.0,도매 및 소매업,"소매업, 자동차 제외",기타 상품 전문 소매업,"예술품, 기념품 및 장식용품 소매업","기념품, 관광 민예품 및 장식용품 소매업",도매 및 소매업,4/47/478/4784/47842," / 소매업, 자동차 제외 / 기타 상품 전문 소매업 / 예술품, 기념품 및 장식용품 소매업 / 기념품, 관광 민예품 및 장식용품 소매업",RETAIL_TRADE,도매·소매업,True,True,leaf_unit,False,,,,,,,,,,,,,,,
47851,화초 및 식물 소매업,화초 및 식물 소매업,화초 및 식물 소매업,subdetail,5,True,4785,4,47.0,478.0,4785.0,47851.0,도매 및 소매업,"소매업, 자동차 제외",기타 상품 전문 소매업,그 외 기타 상품 전문 소매업,화초 및 식물 소매업,도매 및 소매업,4/47/478/4785/47851," / 소매업, 자동차 제외 / 기타 상품 전문 소매업 / 그 외 기타 상품 전문 소매업 / 화초 및 식물 소매업",RETAIL_TRADE,도매·소매업,True,True,leaf_unit,False,,,,,,,,,,,,,,,
47852,반려용 동물 및 관련용품 소매업,반려용 동물 및 관련용품 소매업,반려용 동물 및 관련용품 소매업,subdetail,5,True,4785,4,47.0,478.0,4785.0,47852.0,도매 및 소매업,"소매업, 자동차 제외",기타 상품 전문 소매업,그 외 기타 상품 전문 소매업,반려용 동물 및 관련용품 소매업,도매 및 소매업,4/47/478/4785/47852," / 소매업, 자동차 제외 / 기타 상품 전문 소매업 / 그 외 기타 상품 전문 소매업 / 반려용 동물 및 관련용품 소매업",RETAIL_TRADE,도매·소매업,True,True,leaf_unit,False,,,,,,,,,,,,,,,
47859,그 외 기타 분류 안된 상품 전문 소매업,그 외 기타 분류 안된 상품 전문 소매업,그 외 기타 분류 안된 상품 전문 소매업,subdetail,5,True,4785,4,47.0,478.0,4785.0,47859.0,도매 및 소매업,"소매업, 자동차 제외",기타 상품 전문 소매업,그 외 기타 상품 전문 소매업,그 외 기타 분류 안된 상품 전문 소매업,도매 및 소매업,4/47/478/4785/47859," / 소매업, 자동차 제외 / 기타 상품 전문 소매업 / 그 외 기타 상품 전문 소매업 / 그 외 기타 분류 안된 상품 전문 소매업",RETAIL_TRADE,도매·소매업,True,True,leaf_unit,False,,,,,,,,,,,,,,,
47861,중고 가구 소매업,중고 가구 소매업,중고 가구 소매업,subdetail,5,True,4786,4,47.0,478.0,4786.0,47861.0,도매 및 소매업,"소매업, 자동차 제외",기타 상품 전문 소매업,중고 상품 소매업,중고 가구 소매업,도매 및 소매업,4/47/478/4786/47861," / 소매업, 자동차 제외 / 기타 상품 전문 소매업 / 중고 상품 소매업 / 중고 가구 소매업",RETAIL_TRADE,도매·소매업,True,True,leaf_unit,False,,,,,,,,,,,,,,,
47862,중고 가전제품 및 통신장비 소매업,중고 가전제품 및 통신장비 소매업,중고 가전제품 및 통신장비 소매업,subdetail,5,True,4786,4,47.0,478.0,4786.0,47862.0,도매 및 소매업,"소매업, 자동차 제외",기타 상품 전문 소매업,중고 상품 소매업,중고 가전제품 및 통신장비 소매업,도매 및 소매업,4/47/478/4786/47862," / 소매업, 자동차 제외 / 기타 상품 전문 소매업 / 중고 상품 소매업 / 중고 가전제품 및 통신장비 소매업",RETAIL_TRADE,도매·소매업,True,True,leaf_unit,False,,,,,,,,,,,,,,,
47869,기타 중고 상품 소매업,기타 중고 상품 소매업,기타 중고 상품 소매업,subdetail,5,True,4786,4,47.0,478.0,4786.0,47869.0,도매 및 소매업,"소매업, 자동차 제외",기타 상품 전문 소매업,중고 상품 소매업,기타 중고 상품 소매업,도매 및 소매업,4/47/478/4786/47869," / 소매업, 자동차 제외 / 기타 상품 전문 소매업 / 중고 상품 소매업 / 기타 중고 상품 소매업",RETAIL_TRADE,도매·소매업,True,True,leaf_unit,False,,,,,,,,,,,,,,,
47911,전자상거래 소매 중개업,전자상거래 소매 중개업,전자상거래 소매 중개업,subdetail,5,True,4791,4,47.0,479.0,4791.0,47911.0,도매 및 소매업,"소매업, 자동차 제외",무점포 소매업,통신 판매업,전자상거래 소매 중개업,도매 및 소매업,4/47/479/4791/47911," / 소매업, 자동차 제외 / 무점포 소매업 / 통신 판매업 / 전자상거래 소매 중개업",RETAIL_TRADE,도매·소매업,True,True,leaf_unit,False,,,,,,,,,,,,,,,
47912,전자상거래 소매업,전자상거래 소매업,전자상거래 소매업,subdetail,5,True,4791,4,47.0,479.0,4791.0,47912.0,도매 및 소매업,"소매업, 자동차 제외",무점포 소매업,통신 판매업,전자상거래 소매업,도매 및 소매업,4/47/479/4791/47912," / 소매업, 자동차 제외 / 무점포 소매업 / 통신 판매업 / 전자상거래 소매업",RETAIL_TRADE,도매·소매업,True,True,leaf_unit,False,,,,,,,,,,,,,,,
47919,기타 통신 판매업,기타 통신 판매업,기타 통신 판매업,subdetail,5,True,4791,4,47.0,479.0,4791.0,47919.0,도매 및 소매업,"소매업, 자동차 제외",무점포 소매업,통신 판매업,기타 통신 판매업,도매 및 소매업,4/47/479/4791/47919," / 소매업, 자동차 제외 / 무점포 소매업 / 통신 판매업 / 기타 통신 판매업",RETAIL_TRADE,도매·소매업,True,True,leaf_unit,False,,,,,,,,,,,,,,,
47920,노점 및 유사이동 소매업,노점 및 유사이동 소매업,노점 및 유사이동 소매업,subdetail,5,True,4792,4,47.0,479.0,4792.0,47920.0,도매 및 소매업,"소매업, 자동차 제외",무점포 소매업,노점 및 유사 이동 소매업,노점 및 유사이동 소매업,도매 및 소매업,4/47/479/4792/47920," / 소매업, 자동차 제외 / 무점포 소매업 / 노점 및 유사 이동 소매업 / 노점 및 유사이동 소매업",RETAIL_TRADE,도매·소매업,True,True,leaf_unit,False,,,,,,,,,,,,,,,
47991,자동판매기 운영업,자동판매기 운영업,자동판매기 운영업,subdetail,5,True,4799,4,47.0,479.0,4799.0,47991.0,도매 및 소매업,"소매업, 자동차 제외",무점포 소매업,기타 무점포 소매업,자동판매기 운영업,도매 및 소매업,4/47/479/4799/47991," / 소매업, 자동차 제외 / 무점포 소매업 / 기타 무점포 소매업 / 자동판매기 운영업",RETAIL_TRADE,도매·소매업,True,True,leaf_unit,False,,,,,,,,,,,,,,,
47992,계약배달 판매업,계약배달 판매업,계약배달 판매업,subdetail,5,True,4799,4,47.0,479.0,4799.0,47992.0,도매 및 소매업,"소매업, 자동차 제외",무점포 소매업,기타 무점포 소매업,계약배달 판매업,도매 및 소매업,4/47/479/4799/47992," / 소매업, 자동차 제외 / 무점포 소매업 / 기타 무점포 소매업 / 계약배달 판매업",RETAIL_TRADE,도매·소매업,True,True,leaf_unit,False,,,,,,,,,,,,,,,
47993,방문 판매업,방문 판매업,방문 판매업,subdetail,5,True,4799,4,47.0,479.0,4799.0,47993.0,도매 및 소매업,"소매업, 자동차 제외",무점포 소매업,기타 무점포 소매업,방문 판매업,도매 및 소매업,4/47/479/4799/47993," / 소매업, 자동차 제외 / 무점포 소매업 / 기타 무점포 소매업 / 방문 판매업",RETAIL_TRADE,도매·소매업,True,True,leaf_unit,False,,,,,,,,,,,,,,,
47999,그 외 기타 무점포 소매업,그 외 기타 무점포 소매업,그 외 기타 무점포 소매업,subdetail,5,True,4799,4,47.0,479.0,4799.0,47999.0,도매 및 소매업,"소매업, 자동차 제외",무점포 소매업,기타 무점포 소매업,그 외 기타 무점포 소매업,도매 및 소매업,4/47/479/4799/47999," / 소매업, 자동차 제외 / 무점포 소매업 / 기타 무점포 소매업 / 그 외 기타 무점포 소매업",RETAIL_TRADE,도매·소매업,True,True,leaf_unit,False,,,,,,,,,,,,,,,
49101,철도 여객 운송업,철도 여객 운송업,철도 여객 운송업,subdetail,5,True,4910,4,49.0,491.0,4910.0,49101.0,운수 및 창고업,육상 운송 및 파이프라인 운송업,철도 운송업,철도 운송업,철도 여객 운송업,운수 및 창고업,4/49/491/4910/49101, / 육상 운송 및 파이프라인 운송업 / 철도 운송업 / 철도 운송업 / 철도 여객 운송업,LOGISTICS,운수·창고업,True,False,leaf_unit,False,,,,,,,,,,,,,,,
49102,철도 화물 운송업,철도 화물 운송업,철도 화물 운송업,subdetail,5,True,4910,4,49.0,491.0,4910.0,49102.0,운수 및 창고업,육상 운송 및 파이프라인 운송업,철도 운송업,철도 운송업,철도 화물 운송업,운수 및 창고업,4/49/491/4910/49102, / 육상 운송 및 파이프라인 운송업 / 철도 운송업 / 철도 운송업 / 철도 화물 운송업,LOGISTICS,운수·창고업,True,False,leaf_unit,False,,,,,,,,,,,,,,,
49211,도시철도 운송업,도시철도 운송업,도시철도 운송업,subdetail,5,True,4921,4,49.0,492.0,4921.0,49211.0,운수 및 창고업,육상 운송 및 파이프라인 운송업,육상 여객 운송업,도시 정기 육상 여객 운송업,도시철도 운송업,운수 및 창고업,4/49/492/4921/49211, / 육상 운송 및 파이프라인 운송업 / 육상 여객 운송업 / 도시 정기 육상 여객 운송업 / 도시철도 운송업,LOGISTICS,운수·창고업,True,False,leaf_unit,False,,,,,,,,,,,,,,,
49212,시내버스 운송업,시내버스 운송업,시내버스 운송업,subdetail,5,True,4921,4,49.0,492.0,4921.0,49212.0,운수 및 창고업,육상 운송 및 파이프라인 운송업,육상 여객 운송업,도시 정기 육상 여객 운송업,시내버스 운송업,운수 및 창고업,4/49/492/4921/49212, / 육상 운송 및 파이프라인 운송업 / 육상 여객 운송업 / 도시 정기 육상 여객 운송업 / 시내버스 운송업,LOGISTICS,운수·창고업,True,False,leaf_unit,False,,,,,,,,,,,,,,,
49219,기타 도시 정기 육상 여객 운송업,기타 도시 정기 육상 여객 운송업,기타 도시 정기 육상 여객 운송업,subdetail,5,True,4921,4,49.0,492.0,4921.0,49219.0,운수 및 창고업,육상 운송 및 파이프라인 운송업,육상 여객 운송업,도시 정기 육상 여객 운송업,기타 도시 정기 육상 여객 운송업,운수 및 창고업,4/49/492/4921/49219, / 육상 운송 및 파이프라인 운송업 / 육상 여객 운송업 / 도시 정기 육상 여객 운송업 / 기타 도시 정기 육상 여객 운송업,LOGISTICS,운수·창고업,True,False,leaf_unit,False,,,,,,,,,,,,,,,
49220,시외버스 운송업,시외버스 운송업,시외버스 운송업,subdetail,5,True,4922,4,49.0,492.0,4922.0,49220.0,운수 및 창고업,육상 운송 및 파이프라인 운송업,육상 여객 운송업,시외버스 운송업,시외버스 운송업,운수 및 창고업,4/49/492/4922/49220, / 육상 운송 및 파이프라인 운송업 / 육상 여객 운송업 / 시외버스 운송업 / 시외버스 운송업,LOGISTICS,운수·창고업,True,False,leaf_unit,False,,,,,,,,,,,,,,,
49231,택시 운송업,택시 운송업,택시 운송업,subdetail,5,True,4923,4,49.0,492.0,4923.0,49231.0,운수 및 창고업,육상 운송 및 파이프라인 운송업,육상 여객 운송업,부정기 육상 여객 운송업,택시 운송업,운수 및 창고업,4/49/492/4923/49231, / 육상 운송 및 파이프라인 운송업 / 육상 여객 운송업 / 부정기 육상 여객 운송업 / 택시 운송업,LOGISTICS,운수·창고업,True,False,leaf_unit,False,,,,,,,,,,,,,,,
49232,전세버스 운송업,전세버스 운송업,전세버스 운송업,subdetail,5,True,4923,4,49.0,492.0,4923.0,49232.0,운수 및 창고업,육상 운송 및 파이프라인 운송업,육상 여객 운송업,부정기 육상 여객 운송업,전세버스 운송업,운수 및 창고업,4/49/492/4923/49232, / 육상 운송 및 파이프라인 운송업 / 육상 여객 운송업 / 부정기 육상 여객 운송업 / 전세버스 운송업,LOGISTICS,운수·창고업,True,False,leaf_unit,False,,,,,,,,,,,,,,,
49233,특수여객자동차 운송업,특수여객자동차 운송업,특수여객자동차 운송업,subdetail,5,True,4923,4,49.0,492.0,4923.0,49233.0,운수 및 창고업,육상 운송 및 파이프라인 운송업,육상 여객 운송업,부정기 육상 여객 운송업,특수여객자동차 운송업,운수 및 창고업,4/49/492/4923/49233, / 육상 운송 및 파이프라인 운송업 / 육상 여객 운송업 / 부정기 육상 여객 운송업 / 특수여객자동차 운송업,LOGISTICS,운수·창고업,True,False,leaf_unit,False,,,,,,,,,,,,,,,
49239,기타 부정기 여객 육상 운송업,기타 부정기 여객 육상 운송업,기타 부정기 여객 육상 운송업,subdetail,5,True,4923,4,49.0,492.0,4923.0,49239.0,운수 및 창고업,육상 운송 및 파이프라인 운송업,육상 여객 운송업,부정기 육상 여객 운송업,기타 부정기 여객 육상 운송업,운수 및 창고업,4/49/492/4923/49239, / 육상 운송 및 파이프라인 운송업 / 육상 여객 운송업 / 부정기 육상 여객 운송업 / 기타 부정기 여객 육상 운송업,LOGISTICS,운수·창고업,True,False,leaf_unit,False,,,,,,,,,,,,,,,
49301,일반 화물자동차 운송업,일반 화물자동차 운송업,일반 화물자동차 운송업,subdetail,5,True,4930,4,49.0,493.0,4930.0,49301.0,운수 및 창고업,육상 운송 및 파이프라인 운송업,도로 화물 운송업,도로 화물 운송업,일반 화물자동차 운송업,운수 및 창고업,4/49/493/4930/49301, / 육상 운송 및 파이프라인 운송업 / 도로 화물 운송업 / 도로 화물 운송업 / 일반 화물자동차 운송업,LOGISTICS,운수·창고업,True,False,leaf_unit,False,,,,,,,,,,,,,,,
49302,개인 화물자동차 운송업,개인 화물자동차 운송업,개인 화물자동차 운송업,subdetail,5,True,4930,4,49.0,493.0,4930.0,49302.0,운수 및 창고업,육상 운송 및 파이프라인 운송업,도로 화물 운송업,도로 화물 운송업,개인 화물자동차 운송업,운수 및 창고업,4/49/493/4930/49302, / 육상 운송 및 파이프라인 운송업 / 도로 화물 운송업 / 도로 화물 운송업 / 개인 화물자동차 운송업,LOGISTICS,운수·창고업,True,False,leaf_unit,False,,,,,,,,,,,,,,,
49309,기타 도로화물 운송업,기타 도로화물 운송업,기타 도로화물 운송업,subdetail,5,True,4930,4,49.0,493.0,4930.0,49309.0,운수 및 창고업,육상 운송 및 파이프라인 운송업,도로 화물 운송업,도로 화물 운송업,기타 도로화물 운송업,운수 및 창고업,4/49/493/4930/49309, / 육상 운송 및 파이프라인 운송업 / 도로 화물 운송업 / 도로 화물 운송업 / 기타 도로화물 운송업,LOGISTICS,운수·창고업,True,False,leaf_unit,False,,,,,,,,,,,,,,,
49401,택배업,택배업,택배업,subdetail,5,True,4940,4,49.0,494.0,4940.0,49401.0,운수 및 창고업,육상 운송 및 파이프라인 운송업,소화물 전문 운송업,소화물 전문 운송업,택배업,운수 및 창고업,4/49/494/4940/49401, / 육상 운송 및 파이프라인 운송업 / 소화물 전문 운송업 / 소화물 전문 운송업 / 택배업,LOGISTICS,운수·창고업,True,False,leaf_unit,False,,,,,,,,,,,,,,,
49402,늘찬 배달업,늘찬 배달업,늘찬 배달업,subdetail,5,True,4940,4,49.0,494.0,4940.0,49402.0,운수 및 창고업,육상 운송 및 파이프라인 운송업,소화물 전문 운송업,소화물 전문 운송업,늘찬 배달업,운수 및 창고업,4/49/494/4940/49402, / 육상 운송 및 파이프라인 운송업 / 소화물 전문 운송업 / 소화물 전문 운송업 / 늘찬 배달업,LOGISTICS,운수·창고업,True,False,leaf_unit,False,,,,,,,,,,,,,,,
49500,파이프라인 운송업,파이프라인 운송업,파이프라인 운송업,subdetail,5,True,4950,4,49.0,495.0,4950.0,49500.0,운수 및 창고업,육상 운송 및 파이프라인 운송업,파이프라인 운송업,파이프라인 운송업,파이프라인 운송업,운수 및 창고업,4/49/495/4950/49500, / 육상 운송 및 파이프라인 운송업 / 파이프라인 운송업 / 파이프라인 운송업 / 파이프라인 운송업,LOGISTICS,운수·창고업,True,False,leaf_unit,False,,,,,,,,,,,,,,,
50111,외항 여객 운송업,외항 여객 운송업,외항 여객 운송업,subdetail,5,True,5011,5,50.0,501.0,5011.0,50111.0,운수 및 창고업,수상 운송업,해상 운송업,외항 운송업,외항 여객 운송업,운수 및 창고업,5/50/501/5011/50111, / 수상 운송업 / 해상 운송업 / 외항 운송업 / 외항 여객 운송업,LOGISTICS,운수·창고업,True,False,leaf_unit,False,,,,,,,,,,,,,,,
50112,외항 화물 운송업,외항 화물 운송업,외항 화물 운송업,subdetail,5,True,5011,5,50.0,501.0,5011.0,50112.0,운수 및 창고업,수상 운송업,해상 운송업,외항 운송업,외항 화물 운송업,운수 및 창고업,5/50/501/5011/50112, / 수상 운송업 / 해상 운송업 / 외항 운송업 / 외항 화물 운송업,LOGISTICS,운수·창고업,True,False,leaf_unit,False,,,,,,,,,,,,,,,
50121,내항 여객 운송업,내항 여객 운송업,내항 여객 운송업,subdetail,5,True,5012,5,50.0,501.0,5012.0,50121.0,운수 및 창고업,수상 운송업,해상 운송업,내항 운송업,내항 여객 운송업,운수 및 창고업,5/50/501/5012/50121, / 수상 운송업 / 해상 운송업 / 내항 운송업 / 내항 여객 운송업,LOGISTICS,운수·창고업,True,False,leaf_unit,False,,,,,,,,,,,,,,,
50122,내항 화물 운송업,내항 화물 운송업,내항 화물 운송업,subdetail,5,True,5012,5,50.0,501.0,5012.0,50122.0,운수 및 창고업,수상 운송업,해상 운송업,내항 운송업,내항 화물 운송업,운수 및 창고업,5/50/501/5012/50122, / 수상 운송업 / 해상 운송업 / 내항 운송업 / 내항 화물 운송업,LOGISTICS,운수·창고업,True,False,leaf_unit,False,,,,,,,,,,,,,,,
50130,기타 해상 운송업,기타 해상 운송업,기타 해상 운송업,subdetail,5,True,5013,5,50.0,501.0,5013.0,50130.0,운수 및 창고업,수상 운송업,해상 운송업,기타 해상 운송업,기타 해상 운송업,운수 및 창고업,5/50/501/5013/50130, / 수상 운송업 / 해상 운송업 / 기타 해상 운송업 / 기타 해상 운송업,LOGISTICS,운수·창고업,True,False,leaf_unit,False,,,,,,,,,,,,,,,
50201,항만 내 여객 운송업,항만 내 여객 운송업,항만 내 여객 운송업,subdetail,5,True,5020,5,50.0,502.0,5020.0,50201.0,운수 및 창고업,수상 운송업,내륙 수상 및 항만 내 운송업,내륙 수상 및 항만 내 운송업,항만 내 여객 운송업,운수 및 창고업,5/50/502/5020/50201, / 수상 운송업 / 내륙 수상 및 항만 내 운송업 / 내륙 수상 및 항만 내 운송업 / 항만 내 여객 운송업,LOGISTICS,운수·창고업,True,False,leaf_unit,False,,,,,,,,,,,,,,,
50209,기타 내륙 수상 여객 및 화물 운송업,기타 내륙 수상 여객 및 화물 운송업,기타 내륙 수상 여객 및 화물 운송업,subdetail,5,True,5020,5,50.0,502.0,5020.0,50209.0,운수 및 창고업,수상 운송업,내륙 수상 및 항만 내 운송업,내륙 수상 및 항만 내 운송업,기타 내륙 수상 여객 및 화물 운송업,운수 및 창고업,5/50/502/5020/50209, / 수상 운송업 / 내륙 수상 및 항만 내 운송업 / 내륙 수상 및 항만 내 운송업 / 기타 내륙 수상 여객 및 화물 운송업,LOGISTICS,운수·창고업,True,False,leaf_unit,False,,,,,,,,,,,,,,,
51100,항공 여객 운송업,항공 여객 운송업,항공 여객 운송업,subdetail,5,True,5110,5,51.0,511.0,5110.0,51100.0,운수 및 창고업,항공 운송업,항공 여객 운송업,항공 여객 운송업,항공 여객 운송업,운수 및 창고업,5/51/511/5110/51100, / 항공 운송업 / 항공 여객 운송업 / 항공 여객 운송업 / 항공 여객 운송업,LOGISTICS,운수·창고업,True,False,leaf_unit,False,,,,,,,,,,,,,,,
51200,항공 화물 운송업,항공 화물 운송업,항공 화물 운송업,subdetail,5,True,5120,5,51.0,512.0,5120.0,51200.0,운수 및 창고업,항공 운송업,항공 화물 운송업,항공 화물 운송업,항공 화물 운송업,운수 및 창고업,5/51/512/5120/51200, / 항공 운송업 / 항공 화물 운송업 / 항공 화물 운송업 / 항공 화물 운송업,LOGISTICS,운수·창고업,True,False,leaf_unit,False,,,,,,,,,,,,,,,
52101,일반 창고업,일반 창고업,일반 창고업,subdetail,5,True,5210,5,52.0,521.0,5210.0,52101.0,운수 및 창고업,창고 및 운송관련 서비스업,보관 및 창고업,보관 및 창고업,일반 창고업,운수 및 창고업,5/52/521/5210/52101, / 창고 및 운송관련 서비스업 / 보관 및 창고업 / 보관 및 창고업 / 일반 창고업,LOGISTICS,운수·창고업,True,False,leaf_unit,False,,,,,,,,,,,,,,,
52102,냉장 및 냉동 창고업,냉장 및 냉동 창고업,냉장 및 냉동 창고업,subdetail,5,True,5210,5,52.0,521.0,5210.0,52102.0,운수 및 창고업,창고 및 운송관련 서비스업,보관 및 창고업,보관 및 창고업,냉장 및 냉동 창고업,운수 및 창고업,5/52/521/5210/52102, / 창고 및 운송관련 서비스업 / 보관 및 창고업 / 보관 및 창고업 / 냉장 및 냉동 창고업,LOGISTICS,운수·창고업,True,False,leaf_unit,False,,,,,,,,,,,,,,,
52103,농산물 창고업,농산물 창고업,농산물 창고업,subdetail,5,True,5210,5,52.0,521.0,5210.0,52103.0,운수 및 창고업,창고 및 운송관련 서비스업,보관 및 창고업,보관 및 창고업,농산물 창고업,운수 및 창고업,5/52/521/5210/52103, / 창고 및 운송관련 서비스업 / 보관 및 창고업 / 보관 및 창고업 / 농산물 창고업,LOGISTICS,운수·창고업,True,False,leaf_unit,False,,,,,,,,,,,,,,,
52104,위험물품 보관업,위험물품 보관업,위험물품 보관업,subdetail,5,True,5210,5,52.0,521.0,5210.0,52104.0,운수 및 창고업,창고 및 운송관련 서비스업,보관 및 창고업,보관 및 창고업,위험물품 보관업,운수 및 창고업,5/52/521/5210/52104, / 창고 및 운송관련 서비스업 / 보관 및 창고업 / 보관 및 창고업 / 위험물품 보관업,LOGISTICS,운수·창고업,True,False,leaf_unit,False,,,,,,,,,,,,,,,
52109,기타 보관 및 창고업,기타 보관 및 창고업,기타 보관 및 창고업,subdetail,5,True,5210,5,52.0,521.0,5210.0,52109.0,운수 및 창고업,창고 및 운송관련 서비스업,보관 및 창고업,보관 및 창고업,기타 보관 및 창고업,운수 및 창고업,5/52/521/5210/52109, / 창고 및 운송관련 서비스업 / 보관 및 창고업 / 보관 및 창고업 / 기타 보관 및 창고업,LOGISTICS,운수·창고업,True,False,leaf_unit,False,,,,,,,,,,,,,,,
52911,철도 운송지원 서비스업,철도 운송지원 서비스업,철도 운송지원 서비스업,subdetail,5,True,5291,5,52.0,529.0,5291.0,52911.0,운수 및 창고업,창고 및 운송관련 서비스업,기타 운송관련 서비스업,육상 운송 지원 서비스업,철도 운송지원 서비스업,운수 및 창고업,5/52/529/5291/52911, / 창고 및 운송관련 서비스업 / 기타 운송관련 서비스업 / 육상 운송 지원 서비스업 / 철도 운송지원 서비스업,LOGISTICS,운수·창고업,True,False,leaf_unit,False,,,,,,,,,,,,,,,
52912,여객 자동차 터미널 운영업,여객 자동차 터미널 운영업,여객 자동차 터미널 운영업,subdetail,5,True,5291,5,52.0,529.0,5291.0,52912.0,운수 및 창고업,창고 및 운송관련 서비스업,기타 운송관련 서비스업,육상 운송 지원 서비스업,여객 자동차 터미널 운영업,운수 및 창고업,5/52/529/5291/52912, / 창고 및 운송관련 서비스업 / 기타 운송관련 서비스업 / 육상 운송 지원 서비스업 / 여객 자동차 터미널 운영업,LOGISTICS,운수·창고업,True,False,leaf_unit,False,,,,,,,,,,,,,,,
52913,물류 터미널 운영업,물류 터미널 운영업,물류 터미널 운영업,subdetail,5,True,5291,5,52.0,529.0,5291.0,52913.0,운수 및 창고업,창고 및 운송관련 서비스업,기타 운송관련 서비스업,육상 운송 지원 서비스업,물류 터미널 운영업,운수 및 창고업,5/52/529/5291/52913, / 창고 및 운송관련 서비스업 / 기타 운송관련 서비스업 / 육상 운송 지원 서비스업 / 물류 터미널 운영업,LOGISTICS,운수·창고업,True,False,leaf_unit,False,,,,,,,,,,,,,,,
52914,도로 및 관련시설 운영업,도로 및 관련시설 운영업,도로 및 관련시설 운영업,subdetail,5,True,5291,5,52.0,529.0,5291.0,52914.0,운수 및 창고업,창고 및 운송관련 서비스업,기타 운송관련 서비스업,육상 운송 지원 서비스업,도로 및 관련시설 운영업,운수 및 창고업,5/52/529/5291/52914, / 창고 및 운송관련 서비스업 / 기타 운송관련 서비스업 / 육상 운송 지원 서비스업 / 도로 및 관련시설 운영업,LOGISTICS,운수·창고업,True,False,leaf_unit,False,,,,,,,,,,,,,,,
52915,주차장 운영업,주차장 운영업,주차장 운영업,subdetail,5,True,5291,5,52.0,529.0,5291.0,52915.0,운수 및 창고업,창고 및 운송관련 서비스업,기타 운송관련 서비스업,육상 운송 지원 서비스업,주차장 운영업,운수 및 창고업,5/52/529/5291/52915, / 창고 및 운송관련 서비스업 / 기타 운송관련 서비스업 / 육상 운송 지원 서비스업 / 주차장 운영업,LOGISTICS,운수·창고업,True,False,leaf_unit,False,,,,,,,,,,,,,,,
52919,기타 육상 운송지원 서비스업,기타 육상 운송지원 서비스업,기타 육상 운송지원 서비스업,subdetail,5,True,5291,5,52.0,529.0,5291.0,52919.0,운수 및 창고업,창고 및 운송관련 서비스업,기타 운송관련 서비스업,육상 운송 지원 서비스업,기타 육상 운송지원 서비스업,운수 및 창고업,5/52/529/5291/52919, / 창고 및 운송관련 서비스업 / 기타 운송관련 서비스업 / 육상 운송 지원 서비스업 / 기타 육상 운송지원 서비스업,LOGISTICS,운수·창고업,True,False,leaf_unit,False,,,,,,,,,,,,,,,
52921,항구 및 기타 해상 터미널 운영업,항구 및 기타 해상 터미널 운영업,항구 및 기타 해상 터미널 운영업,subdetail,5,True,5292,5,52.0,529.0,5292.0,52921.0,운수 및 창고업,창고 및 운송관련 서비스업,기타 운송관련 서비스업,수상 운송 지원 서비스업,항구 및 기타 해상 터미널 운영업,운수 및 창고업,5/52/529/5292/52921, / 창고 및 운송관련 서비스업 / 기타 운송관련 서비스업 / 수상 운송 지원 서비스업 / 항구 및 기타 해상 터미널 운영업,LOGISTICS,운수·창고업,True,False,leaf_unit,False,,,,,,,,,,,,,,,
52922,선박관리업,선박관리업,선박관리업,subdetail,5,True,5292,5,52.0,529.0,5292.0,52922.0,운수 및 창고업,창고 및 운송관련 서비스업,기타 운송관련 서비스업,수상 운송 지원 서비스업,선박관리업,운수 및 창고업,5/52/529/5292/52922, / 창고 및 운송관련 서비스업 / 기타 운송관련 서비스업 / 수상 운송 지원 서비스업 / 선박관리업,LOGISTICS,운수·창고업,True,False,leaf_unit,False,,,,,,,,,,,,,,,
52929,기타 수상 운송지원 서비스업,기타 수상 운송지원 서비스업,기타 수상 운송지원 서비스업,subdetail,5,True,5292,5,52.0,529.0,5292.0,52929.0,운수 및 창고업,창고 및 운송관련 서비스업,기타 운송관련 서비스업,수상 운송 지원 서비스업,기타 수상 운송지원 서비스업,운수 및 창고업,5/52/529/5292/52929, / 창고 및 운송관련 서비스업 / 기타 운송관련 서비스업 / 수상 운송 지원 서비스업 / 기타 수상 운송지원 서비스업,LOGISTICS,운수·창고업,True,False,leaf_unit,False,,,,,,,,,,,,,,,
52931,공항 운영업,공항 운영업,공항 운영업,subdetail,5,True,5293,5,52.0,529.0,5293.0,52931.0,운수 및 창고업,창고 및 운송관련 서비스업,기타 운송관련 서비스업,항공 운송 지원 서비스업,공항 운영업,운수 및 창고업,5/52/529/5293/52931, / 창고 및 운송관련 서비스업 / 기타 운송관련 서비스업 / 항공 운송 지원 서비스업 / 공항 운영업,LOGISTICS,운수·창고업,True,False,leaf_unit,False,,,,,,,,,,,,,,,
52939,기타 항공 운송지원 서비스업,기타 항공 운송지원 서비스업,기타 항공 운송지원 서비스업,subdetail,5,True,5293,5,52.0,529.0,5293.0,52939.0,운수 및 창고업,창고 및 운송관련 서비스업,기타 운송관련 서비스업,항공 운송 지원 서비스업,기타 항공 운송지원 서비스업,운수 및 창고업,5/52/529/5293/52939, / 창고 및 운송관련 서비스업 / 기타 운송관련 서비스업 / 항공 운송 지원 서비스업 / 기타 항공 운송지원 서비스업,LOGISTICS,운수·창고업,True,False,leaf_unit,False,,,,,,,,,,,,,,,
52941,항공 및 육상 화물 취급업,항공 및 육상 화물 취급업,항공 및 육상 화물 취급업,subdetail,5,True,5294,5,52.0,529.0,5294.0,52941.0,운수 및 창고업,창고 및 운송관련 서비스업,기타 운송관련 서비스업,화물 취급업,항공 및 육상 화물 취급업,운수 및 창고업,5/52/529/5294/52941, / 창고 및 운송관련 서비스업 / 기타 운송관련 서비스업 / 화물 취급업 / 항공 및 육상 화물 취급업,LOGISTICS,운수·창고업,True,False,leaf_unit,False,,,,,,,,,,,,,,,
52942,수상 화물 취급업,수상 화물 취급업,수상 화물 취급업,subdetail,5,True,5294,5,52.0,529.0,5294.0,52942.0,운수 및 창고업,창고 및 운송관련 서비스업,기타 운송관련 서비스업,화물 취급업,수상 화물 취급업,운수 및 창고업,5/52/529/5294/52942, / 창고 및 운송관련 서비스업 / 기타 운송관련 서비스업 / 화물 취급업 / 수상 화물 취급업,LOGISTICS,운수·창고업,True,False,leaf_unit,False,,,,,,,,,,,,,,,
52991,통관 대리 및 관련서비스업,통관 대리 및 관련서비스업,통관 대리 및 관련서비스업,subdetail,5,True,5299,5,52.0,529.0,5299.0,52991.0,운수 및 창고업,창고 및 운송관련 서비스업,기타 운송관련 서비스업,그 외 기타 운송관련 서비스업,통관 대리 및 관련서비스업,운수 및 창고업,5/52/529/5299/52991, / 창고 및 운송관련 서비스업 / 기타 운송관련 서비스업 / 그 외 기타 운송관련 서비스업 / 통관 대리 및 관련서비스업,LOGISTICS,운수·창고업,True,False,leaf_unit,False,,,,,,,,,,,,,,,
52992,"화물운송 중개, 대리 및 관련 서비스업","화물운송 중개, 대리 및 관련 서비스업","화물운송 중개, 대리 및 관련 서비스업",subdetail,5,True,5299,5,52.0,529.0,5299.0,52992.0,운수 및 창고업,창고 및 운송관련 서비스업,기타 운송관련 서비스업,그 외 기타 운송관련 서비스업,"화물운송 중개, 대리 및 관련 서비스업",운수 및 창고업,5/52/529/5299/52992," / 창고 및 운송관련 서비스업 / 기타 운송관련 서비스업 / 그 외 기타 운송관련 서비스업 / 화물운송 중개, 대리 및 관련 서비스업",LOGISTICS,운수·창고업,True,False,leaf_unit,False,,,,,,,,,,,,,,,
52993,"화물 포장, 검수 및 계량 서비스업","화물 포장, 검수 및 계량 서비스업","화물 포장, 검수 및 계량 서비스업",subdetail,5,True,5299,5,52.0,529.0,5299.0,52993.0,운수 및 창고업,창고 및 운송관련 서비스업,기타 운송관련 서비스업,그 외 기타 운송관련 서비스업,"화물 포장, 검수 및 계량 서비스업",운수 및 창고업,5/52/529/5299/52993," / 창고 및 운송관련 서비스업 / 기타 운송관련 서비스업 / 그 외 기타 운송관련 서비스업 / 화물 포장, 검수 및 계량 서비스업",LOGISTICS,운수·창고업,True,False,leaf_unit,False,,,,,,,,,,,,,,,
52999,그 외 기타 분류 안된 운송 관련 서비스업,그 외 기타 분류 안된 운송 관련 서비스업,그 외 기타 분류 안된 운송 관련 서비스업,subdetail,5,True,5299,5,52.0,529.0,5299.0,52999.0,운수 및 창고업,창고 및 운송관련 서비스업,기타 운송관련 서비스업,그 외 기타 운송관련 서비스업,그 외 기타 분류 안된 운송 관련 서비스업,운수 및 창고업,5/52/529/5299/52999, / 창고 및 운송관련 서비스업 / 기타 운송관련 서비스업 / 그 외 기타 운송관련 서비스업 / 그 외 기타 분류 안된 운송 관련 서비스업,LOGISTICS,운수·창고업,True,False,leaf_unit,False,,,,,,,,,,,,,,,
55101,호텔업,호텔업,호텔업,subdetail,5,True,5510,5,55.0,551.0,5510.0,55101.0,숙박 및 음식점업,숙박업,일반 및 생활 숙박시설 운영업,일반 및 생활 숙박시설 운영업,호텔업,숙박 및 음식점업,5/55/551/5510/55101, / 숙박업 / 일반 및 생활 숙박시설 운영업 / 일반 및 생활 숙박시설 운영업 / 호텔업,HOSPITALITY,숙박·음식·여행,True,False,leaf_unit,False,,,,,,,,,,,,,,,
55102,여관업,여관업,여관업,subdetail,5,True,5510,5,55.0,551.0,5510.0,55102.0,숙박 및 음식점업,숙박업,일반 및 생활 숙박시설 운영업,일반 및 생활 숙박시설 운영업,여관업,숙박 및 음식점업,5/55/551/5510/55102, / 숙박업 / 일반 및 생활 숙박시설 운영업 / 일반 및 생활 숙박시설 운영업 / 여관업,HOSPITALITY,숙박·음식·여행,True,False,leaf_unit,False,,,,,,,,,,,,,,,
55103,휴양콘도 운영업,휴양콘도 운영업,휴양콘도 운영업,subdetail,5,True,5510,5,55.0,551.0,5510.0,55103.0,숙박 및 음식점업,숙박업,일반 및 생활 숙박시설 운영업,일반 및 생활 숙박시설 운영업,휴양콘도 운영업,숙박 및 음식점업,5/55/551/5510/55103, / 숙박업 / 일반 및 생활 숙박시설 운영업 / 일반 및 생활 숙박시설 운영업 / 휴양콘도 운영업,HOSPITALITY,숙박·음식·여행,True,False,leaf_unit,False,,,,,,,,,,,,,,,
55104,민박업,민박업,민박업,subdetail,5,True,5510,5,55.0,551.0,5510.0,55104.0,숙박 및 음식점업,숙박업,일반 및 생활 숙박시설 운영업,일반 및 생활 숙박시설 운영업,민박업,숙박 및 음식점업,5/55/551/5510/55104, / 숙박업 / 일반 및 생활 숙박시설 운영업 / 일반 및 생활 숙박시설 운영업 / 민박업,HOSPITALITY,숙박·음식·여행,True,False,leaf_unit,False,,,,,,,,,,,,,,,
55105,야영장업,야영장업,야영장업,subdetail,5,True,5510,5,55.0,551.0,5510.0,55105.0,숙박 및 음식점업,숙박업,일반 및 생활 숙박시설 운영업,일반 및 생활 숙박시설 운영업,야영장업,숙박 및 음식점업,5/55/551/5510/55105, / 숙박업 / 일반 및 생활 숙박시설 운영업 / 일반 및 생활 숙박시설 운영업 / 야영장업,HOSPITALITY,숙박·음식·여행,True,False,leaf_unit,False,,,,,,,,,,,,,,,
55109,기타 일반 및 생활 숙박시설 운영업,기타 일반 및 생활 숙박시설 운영업,기타 일반 및 생활 숙박시설 운영업,subdetail,5,True,5510,5,55.0,551.0,5510.0,55109.0,숙박 및 음식점업,숙박업,일반 및 생활 숙박시설 운영업,일반 및 생활 숙박시설 운영업,기타 일반 및 생활 숙박시설 운영업,숙박 및 음식점업,5/55/551/5510/55109, / 숙박업 / 일반 및 생활 숙박시설 운영업 / 일반 및 생활 숙박시설 운영업 / 기타 일반 및 생활 숙박시설 운영업,HOSPITALITY,숙박·음식·여행,True,False,leaf_unit,False,,,,,,,,,,,,,,,
55901,기숙사 및 고시원 운영업,기숙사 및 고시원 운영업,기숙사 및 고시원 운영업,subdetail,5,True,5590,5,55.0,559.0,5590.0,55901.0,숙박 및 음식점업,숙박업,기타 숙박업,기타 숙박업,기숙사 및 고시원 운영업,숙박 및 음식점업,5/55/559/5590/55901, / 숙박업 / 기타 숙박업 / 기타 숙박업 / 기숙사 및 고시원 운영업,HOSPITALITY,숙박·음식·여행,True,False,leaf_unit,False,,,,,,,,,,,,,,,
55909,그 외 기타 숙박업,그 외 기타 숙박업,그 외 기타 숙박업,subdetail,5,True,5590,5,55.0,559.0,5590.0,55909.0,숙박 및 음식점업,숙박업,기타 숙박업,기타 숙박업,그 외 기타 숙박업,숙박 및 음식점업,5/55/559/5590/55909, / 숙박업 / 기타 숙박업 / 기타 숙박업 / 그 외 기타 숙박업,HOSPITALITY,숙박·음식·여행,True,False,leaf_unit,False,,,,,,,,,,,,,,,
56111,한식 일반 음식점업,한식 일반 음식점업,한식 일반 음식점업,subdetail,5,True,5611,5,56.0,561.0,5611.0,56111.0,숙박 및 음식점업,음식점 및 주점업,음식점업,한식 음식점업,한식 일반 음식점업,숙박 및 음식점업,5/56/561/5611/56111, / 음식점 및 주점업 / 음식점업 / 한식 음식점업 / 한식 일반 음식점업,HOSPITALITY,숙박·음식·여행,True,False,leaf_unit,False,,,,,,,,,,,,,,,
56112,한식 면요리 전문점,한식 면요리 전문점,한식 면요리 전문점,subdetail,5,True,5611,5,56.0,561.0,5611.0,56112.0,숙박 및 음식점업,음식점 및 주점업,음식점업,한식 음식점업,한식 면요리 전문점,숙박 및 음식점업,5/56/561/5611/56112, / 음식점 및 주점업 / 음식점업 / 한식 음식점업 / 한식 면요리 전문점,HOSPITALITY,숙박·음식·여행,True,False,leaf_unit,False,,,,,,,,,,,,,,,
56113,한식 육류요리 전문점,한식 육류요리 전문점,한식 육류요리 전문점,subdetail,5,True,5611,5,56.0,561.0,5611.0,56113.0,숙박 및 음식점업,음식점 및 주점업,음식점업,한식 음식점업,한식 육류요리 전문점,숙박 및 음식점업,5/56/561/5611/56113, / 음식점 및 주점업 / 음식점업 / 한식 음식점업 / 한식 육류요리 전문점,HOSPITALITY,숙박·음식·여행,True,False,leaf_unit,False,,,,,,,,,,,,,,,
56114,한식 해산물요리 전문점,한식 해산물요리 전문점,한식 해산물요리 전문점,subdetail,5,True,5611,5,56.0,561.0,5611.0,56114.0,숙박 및 음식점업,음식점 및 주점업,음식점업,한식 음식점업,한식 해산물요리 전문점,숙박 및 음식점업,5/56/561/5611/56114, / 음식점 및 주점업 / 음식점업 / 한식 음식점업 / 한식 해산물요리 전문점,HOSPITALITY,숙박·음식·여행,True,False,leaf_unit,False,,,,,,,,,,,,,,,
56121,중식 음식점업,중식 음식점업,중식 음식점업,subdetail,5,True,5612,5,56.0,561.0,5612.0,56121.0,숙박 및 음식점업,음식점 및 주점업,음식점업,외국식 음식점업,중식 음식점업,숙박 및 음식점업,5/56/561/5612/56121, / 음식점 및 주점업 / 음식점업 / 외국식 음식점업 / 중식 음식점업,HOSPITALITY,숙박·음식·여행,True,False,leaf_unit,False,,,,,,,,,,,,,,,
56122,일식 음식점업,일식 음식점업,일식 음식점업,subdetail,5,True,5612,5,56.0,561.0,5612.0,56122.0,숙박 및 음식점업,음식점 및 주점업,음식점업,외국식 음식점업,일식 음식점업,숙박 및 음식점업,5/56/561/5612/56122, / 음식점 및 주점업 / 음식점업 / 외국식 음식점업 / 일식 음식점업,HOSPITALITY,숙박·음식·여행,True,False,leaf_unit,False,,,,,,,,,,,,,,,
56123,서양식 음식점업,서양식 음식점업,서양식 음식점업,subdetail,5,True,5612,5,56.0,561.0,5612.0,56123.0,숙박 및 음식점업,음식점 및 주점업,음식점업,외국식 음식점업,서양식 음식점업,숙박 및 음식점업,5/56/561/5612/56123, / 음식점 및 주점업 / 음식점업 / 외국식 음식점업 / 서양식 음식점업,HOSPITALITY,숙박·음식·여행,True,False,leaf_unit,False,,,,,,,,,,,,,,,
56129,기타 외국식 음식점업,기타 외국식 음식점업,기타 외국식 음식점업,subdetail,5,True,5612,5,56.0,561.0,5612.0,56129.0,숙박 및 음식점업,음식점 및 주점업,음식점업,외국식 음식점업,기타 외국식 음식점업,숙박 및 음식점업,5/56/561/5612/56129, / 음식점 및 주점업 / 음식점업 / 외국식 음식점업 / 기타 외국식 음식점업,HOSPITALITY,숙박·음식·여행,True,False,leaf_unit,False,,,,,,,,,,,,,,,
56130,기관 구내식당업,기관 구내식당업,기관 구내식당업,subdetail,5,True,5613,5,56.0,561.0,5613.0,56130.0,숙박 및 음식점업,음식점 및 주점업,음식점업,기관 구내식당업,기관 구내식당업,숙박 및 음식점업,5/56/561/5613/56130, / 음식점 및 주점업 / 음식점업 / 기관 구내식당업 / 기관 구내식당업,HOSPITALITY,숙박·음식·여행,True,False,leaf_unit,False,,,,,,,,,,,,,,,
56141,출장 음식 서비스업,출장 음식 서비스업,출장 음식 서비스업,subdetail,5,True,5614,5,56.0,561.0,5614.0,56141.0,숙박 및 음식점업,음식점 및 주점업,음식점업,출장 및 이동 음식점업,출장 음식 서비스업,숙박 및 음식점업,5/56/561/5614/56141, / 음식점 및 주점업 / 음식점업 / 출장 및 이동 음식점업 / 출장 음식 서비스업,HOSPITALITY,숙박·음식·여행,True,False,leaf_unit,False,,,,,,,,,,,,,,,
56142,이동 음식점업,이동 음식점업,이동 음식점업,subdetail,5,True,5614,5,56.0,561.0,5614.0,56142.0,숙박 및 음식점업,음식점 및 주점업,음식점업,출장 및 이동 음식점업,이동 음식점업,숙박 및 음식점업,5/56/561/5614/56142, / 음식점 및 주점업 / 음식점업 / 출장 및 이동 음식점업 / 이동 음식점업,HOSPITALITY,숙박·음식·여행,True,False,leaf_unit,False,,,,,,,,,,,,,,,
56150,제과점업,제과점업,제과점업,subdetail,5,True,5615,5,56.0,561.0,5615.0,56150.0,숙박 및 음식점업,음식점 및 주점업,음식점업,제과점업,제과점업,숙박 및 음식점업,5/56/561/5615/56150, / 음식점 및 주점업 / 음식점업 / 제과점업 / 제과점업,HOSPITALITY,숙박·음식·여행,True,False,leaf_unit,False,,,,,,,,,,,,,,,
56161,"피자, 햄버거, 샌드위치 및 유사 음식점업","피자, 햄버거, 샌드위치 및 유사 음식점업","피자, 햄버거, 샌드위치 및 유사 음식점업",subdetail,5,True,5616,5,56.0,561.0,5616.0,56161.0,숙박 및 음식점업,음식점 및 주점업,음식점업,"피자, 햄버거 및 치킨 전문점","피자, 햄버거, 샌드위치 및 유사 음식점업",숙박 및 음식점업,5/56/561/5616/56161," / 음식점 및 주점업 / 음식점업 / 피자, 햄버거 및 치킨 전문점 / 피자, 햄버거, 샌드위치 및 유사 음식점업",HOSPITALITY,숙박·음식·여행,True,False,leaf_unit,False,,,,,,,,,,,,,,,
56162,치킨 전문점,치킨 전문점,치킨 전문점,subdetail,5,True,5616,5,56.0,561.0,5616.0,56162.0,숙박 및 음식점업,음식점 및 주점업,음식점업,"피자, 햄버거 및 치킨 전문점",치킨 전문점,숙박 및 음식점업,5/56/561/5616/56162," / 음식점 및 주점업 / 음식점업 / 피자, 햄버거 및 치킨 전문점 / 치킨 전문점",HOSPITALITY,숙박·음식·여행,True,False,leaf_unit,False,,,,,,,,,,,,,,,
56191,김밥 및 기타 간이 음식점업,김밥 및 기타 간이 음식점업,김밥 및 기타 간이 음식점업,subdetail,5,True,5619,5,56.0,561.0,5619.0,56191.0,숙박 및 음식점업,음식점 및 주점업,음식점업,김밥 및 기타 간이 음식점업,김밥 및 기타 간이 음식점업,숙박 및 음식점업,5/56/561/5619/56191, / 음식점 및 주점업 / 음식점업 / 김밥 및 기타 간이 음식점업 / 김밥 및 기타 간이 음식점업,HOSPITALITY,숙박·음식·여행,True,False,leaf_unit,False,,,,,,,,,,,,,,,
56199,간이음식 포장 판매 전문점,간이음식 포장 판매 전문점,간이음식 포장 판매 전문점,subdetail,5,True,5619,5,56.0,561.0,5619.0,56199.0,숙박 및 음식점업,음식점 및 주점업,음식점업,김밥 및 기타 간이 음식점업,간이음식 포장 판매 전문점,숙박 및 음식점업,5/56/561/5619/56199, / 음식점 및 주점업 / 음식점업 / 김밥 및 기타 간이 음식점업 / 간이음식 포장 판매 전문점,HOSPITALITY,숙박·음식·여행,True,False,leaf_unit,False,,,,,,,,,,,,,,,
56211,일반 유흥주점업,일반 유흥주점업,일반 유흥주점업,subdetail,5,True,5621,5,56.0,562.0,5621.0,56211.0,숙박 및 음식점업,음식점 및 주점업,주점 및 비알코올 음료점업,주점업,일반 유흥주점업,숙박 및 음식점업,5/56/562/5621/56211, / 음식점 및 주점업 / 주점 및 비알코올 음료점업 / 주점업 / 일반 유흥주점업,HOSPITALITY,숙박·음식·여행,True,False,leaf_unit,False,,,,,,,,,,,,,,,
56212,무도 유흥주점업,무도 유흥주점업,무도 유흥주점업,subdetail,5,True,5621,5,56.0,562.0,5621.0,56212.0,숙박 및 음식점업,음식점 및 주점업,주점 및 비알코올 음료점업,주점업,무도 유흥주점업,숙박 및 음식점업,5/56/562/5621/56212, / 음식점 및 주점업 / 주점 및 비알코올 음료점업 / 주점업 / 무도 유흥주점업,HOSPITALITY,숙박·음식·여행,True,False,leaf_unit,False,,,,,,,,,,,,,,,
56213,생맥주 전문점,생맥주 전문점,생맥주 전문점,subdetail,5,True,5621,5,56.0,562.0,5621.0,56213.0,숙박 및 음식점업,음식점 및 주점업,주점 및 비알코올 음료점업,주점업,생맥주 전문점,숙박 및 음식점업,5/56/562/5621/56213, / 음식점 및 주점업 / 주점 및 비알코올 음료점업 / 주점업 / 생맥주 전문점,HOSPITALITY,숙박·음식·여행,True,False,leaf_unit,False,,,,,,,,,,,,,,,
56219,기타 주점업,기타 주점업,기타 주점업,subdetail,5,True,5621,5,56.0,562.0,5621.0,56219.0,숙박 및 음식점업,음식점 및 주점업,주점 및 비알코올 음료점업,주점업,기타 주점업,숙박 및 음식점업,5/56/562/5621/56219, / 음식점 및 주점업 / 주점 및 비알코올 음료점업 / 주점업 / 기타 주점업,HOSPITALITY,숙박·음식·여행,True,False,leaf_unit,False,,,,,,,,,,,,,,,
56221,커피 전문점,커피 전문점,커피 전문점,subdetail,5,True,5622,5,56.0,562.0,5622.0,56221.0,숙박 및 음식점업,음식점 및 주점업,주점 및 비알코올 음료점업,비알코올 음료점업,커피 전문점,숙박 및 음식점업,5/56/562/5622/56221, / 음식점 및 주점업 / 주점 및 비알코올 음료점업 / 비알코올 음료점업 / 커피 전문점,HOSPITALITY,숙박·음식·여행,True,False,leaf_unit,False,,,,,,,,,,,,,,,
56229,기타 비알코올 음료점업,기타 비알코올 음료점업,기타 비알코올 음료점업,subdetail,5,True,5622,5,56.0,562.0,5622.0,56229.0,숙박 및 음식점업,음식점 및 주점업,주점 및 비알코올 음료점업,비알코올 음료점업,기타 비알코올 음료점업,숙박 및 음식점업,5/56/562/5622/56229, / 음식점 및 주점업 / 주점 및 비알코올 음료점업 / 비알코올 음료점업 / 기타 비알코올 음료점업,HOSPITALITY,숙박·음식·여행,True,False,leaf_unit,False,,,,,,,,,,,,,,,
58111,교과서 및 학습서적 출판업,교과서 및 학습서적 출판업,교과서 및 학습서적 출판업,subdetail,5,True,5811,5,58.0,581.0,5811.0,58111.0,정보통신업,출판업,"서적, 잡지 및 기타 인쇄물 출판업",서적 출판업,교과서 및 학습서적 출판업,정보통신업,5/58/581/5811/58111," / 출판업 / 서적, 잡지 및 기타 인쇄물 출판업 / 서적 출판업 / 교과서 및 학습서적 출판업",IT_TECH,정보통신업 (IT),True,True,leaf_unit,False,,,,,,,,,,,,,,,
58112,만화 출판업,만화 출판업,만화 출판업,subdetail,5,True,5811,5,58.0,581.0,5811.0,58112.0,정보통신업,출판업,"서적, 잡지 및 기타 인쇄물 출판업",서적 출판업,만화 출판업,정보통신업,5/58/581/5811/58112," / 출판업 / 서적, 잡지 및 기타 인쇄물 출판업 / 서적 출판업 / 만화 출판업",IT_TECH,정보통신업 (IT),True,True,leaf_unit,False,,,,,,,,,,,,,,,
58113,일반 서적 출판업,일반 서적 출판업,일반 서적 출판업,subdetail,5,True,5811,5,58.0,581.0,5811.0,58113.0,정보통신업,출판업,"서적, 잡지 및 기타 인쇄물 출판업",서적 출판업,일반 서적 출판업,정보통신업,5/58/581/5811/58113," / 출판업 / 서적, 잡지 및 기타 인쇄물 출판업 / 서적 출판업 / 일반 서적 출판업",IT_TECH,정보통신업 (IT),True,True,leaf_unit,False,,,,,,,,,,,,,,,
58121,신문 발행업,신문 발행업,신문 발행업,subdetail,5,True,5812,5,58.0,581.0,5812.0,58121.0,정보통신업,출판업,"서적, 잡지 및 기타 인쇄물 출판업","신문, 잡지 및 정기 간행물 출판업",신문 발행업,정보통신업,5/58/581/5812/58121," / 출판업 / 서적, 잡지 및 기타 인쇄물 출판업 / 신문, 잡지 및 정기 간행물 출판업 / 신문 발행업",IT_TECH,정보통신업 (IT),True,True,leaf_unit,False,,,,,,,,,,,,,,,
58122,잡지 및 정기간행물 발행업,잡지 및 정기간행물 발행업,잡지 및 정기간행물 발행업,subdetail,5,True,5812,5,58.0,581.0,5812.0,58122.0,정보통신업,출판업,"서적, 잡지 및 기타 인쇄물 출판업","신문, 잡지 및 정기 간행물 출판업",잡지 및 정기간행물 발행업,정보통신업,5/58/581/5812/58122," / 출판업 / 서적, 잡지 및 기타 인쇄물 출판업 / 신문, 잡지 및 정기 간행물 출판업 / 잡지 및 정기간행물 발행업",IT_TECH,정보통신업 (IT),True,True,leaf_unit,False,,,,,,,,,,,,,,,
58123,정기 광고간행물 발행업,정기 광고간행물 발행업,정기 광고간행물 발행업,subdetail,5,True,5812,5,58.0,581.0,5812.0,58123.0,정보통신업,출판업,"서적, 잡지 및 기타 인쇄물 출판업","신문, 잡지 및 정기 간행물 출판업",정기 광고간행물 발행업,정보통신업,5/58/581/5812/58123," / 출판업 / 서적, 잡지 및 기타 인쇄물 출판업 / 신문, 잡지 및 정기 간행물 출판업 / 정기 광고간행물 발행업",IT_TECH,정보통신업 (IT),True,True,leaf_unit,False,,,,,,,,,,,,,,,
58190,기타 인쇄물 출판업,기타 인쇄물 출판업,기타 인쇄물 출판업,subdetail,5,True,5819,5,58.0,581.0,5819.0,58190.0,정보통신업,출판업,"서적, 잡지 및 기타 인쇄물 출판업",기타 인쇄물 출판업,기타 인쇄물 출판업,정보통신업,5/58/581/5819/58190," / 출판업 / 서적, 잡지 및 기타 인쇄물 출판업 / 기타 인쇄물 출판업 / 기타 인쇄물 출판업",IT_TECH,정보통신업 (IT),True,True,leaf_unit,False,,,,,,,,,,,,,,,
58211,유선 온라인 게임 소프트웨어 개발 및 공급업,유선 온라인 게임 소프트웨어 개발 및 공급업,유선 온라인 게임 소프트웨어 개발 및 공급업,subdetail,5,True,5821,5,58.0,582.0,5821.0,58211.0,정보통신업,출판업,소프트웨어 개발 및 공급업,게임 소프트웨어 개발 및 공급업,유선 온라인 게임 소프트웨어 개발 및 공급업,정보통신업,5/58/582/5821/58211, / 출판업 / 소프트웨어 개발 및 공급업 / 게임 소프트웨어 개발 및 공급업 / 유선 온라인 게임 소프트웨어 개발 및 공급업,IT_TECH,정보통신업 (IT),True,True,leaf_unit,False,,,,,,,,,,,,,,,
58212,모바일 게임 소프트웨어 개발 및 공급업,모바일 게임 소프트웨어 개발 및 공급업,모바일 게임 소프트웨어 개발 및 공급업,subdetail,5,True,5821,5,58.0,582.0,5821.0,58212.0,정보통신업,출판업,소프트웨어 개발 및 공급업,게임 소프트웨어 개발 및 공급업,모바일 게임 소프트웨어 개발 및 공급업,정보통신업,5/58/582/5821/58212, / 출판업 / 소프트웨어 개발 및 공급업 / 게임 소프트웨어 개발 및 공급업 / 모바일 게임 소프트웨어 개발 및 공급업,IT_TECH,정보통신업 (IT),True,True,leaf_unit,False,,,,,,,,,,,,,,,
58219,기타 게임 소프트웨어 개발 및 공급업,기타 게임 소프트웨어 개발 및 공급업,기타 게임 소프트웨어 개발 및 공급업,subdetail,5,True,5821,5,58.0,582.0,5821.0,58219.0,정보통신업,출판업,소프트웨어 개발 및 공급업,게임 소프트웨어 개발 및 공급업,기타 게임 소프트웨어 개발 및 공급업,정보통신업,5/58/582/5821/58219, / 출판업 / 소프트웨어 개발 및 공급업 / 게임 소프트웨어 개발 및 공급업 / 기타 게임 소프트웨어 개발 및 공급업,IT_TECH,정보통신업 (IT),True,True,leaf_unit,False,,,,,,,,,,,,,,,
58221,시스템 소프트웨어 개발 및 공급업,시스템 소프트웨어 개발 및 공급업,시스템 소프트웨어 개발 및 공급업,subdetail,5,True,5822,5,58.0,582.0,5822.0,58221.0,정보통신업,출판업,소프트웨어 개발 및 공급업,시스템ㆍ응용 소프트웨어 개발 및 공급업,시스템 소프트웨어 개발 및 공급업,정보통신업,5/58/582/5822/58221, / 출판업 / 소프트웨어 개발 및 공급업 / 시스템ㆍ응용 소프트웨어 개발 및 공급업 / 시스템 소프트웨어 개발 및 공급업,IT_TECH,정보통신업 (IT),True,True,leaf_unit,False,,,,,,,,,,,,,,,
58222,응용 소프트웨어 개발 및 공급업,응용 소프트웨어 개발 및 공급업,응용 소프트웨어 개발 및 공급업,subdetail,5,True,5822,5,58.0,582.0,5822.0,58222.0,정보통신업,출판업,소프트웨어 개발 및 공급업,시스템ㆍ응용 소프트웨어 개발 및 공급업,응용 소프트웨어 개발 및 공급업,정보통신업,5/58/582/5822/58222, / 출판업 / 소프트웨어 개발 및 공급업 / 시스템ㆍ응용 소프트웨어 개발 및 공급업 / 응용 소프트웨어 개발 및 공급업,IT_TECH,정보통신업 (IT),True,True,leaf_unit,False,,,,,,,,,,,,,,,
59111,일반 영화 및 비디오물 제작업,일반 영화 및 비디오물 제작업,일반 영화 및 비디오물 제작업,subdetail,5,True,5911,5,59.0,591.0,5911.0,59111.0,정보통신업,영상ㆍ오디오 기록물 제작 및 배급업,"영화, 비디오물, 방송 프로그램 제작 및 배급업","영화, 비디오물 및 방송 프로그램 제작업",일반 영화 및 비디오물 제작업,정보통신업,5/59/591/5911/59111," / 영상ㆍ오디오 기록물 제작 및 배급업 / 영화, 비디오물, 방송 프로그램 제작 및 배급업 / 영화, 비디오물 및 방송 프로그램 제작업 / 일반 영화 및 비디오물 제작업",IT_TECH,정보통신업 (IT),True,True,leaf_unit,False,,,,,,,,,,,,,,,
59112,애니메이션 영화 및 비디오물 제작업,애니메이션 영화 및 비디오물 제작업,애니메이션 영화 및 비디오물 제작업,subdetail,5,True,5911,5,59.0,591.0,5911.0,59112.0,정보통신업,영상ㆍ오디오 기록물 제작 및 배급업,"영화, 비디오물, 방송 프로그램 제작 및 배급업","영화, 비디오물 및 방송 프로그램 제작업",애니메이션 영화 및 비디오물 제작업,정보통신업,5/59/591/5911/59112," / 영상ㆍ오디오 기록물 제작 및 배급업 / 영화, 비디오물, 방송 프로그램 제작 및 배급업 / 영화, 비디오물 및 방송 프로그램 제작업 / 애니메이션 영화 및 비디오물 제작업",IT_TECH,정보통신업 (IT),True,True,leaf_unit,False,,,,,,,,,,,,,,,
59113,광고 영화 및 비디오물 제작업,광고 영화 및 비디오물 제작업,광고 영화 및 비디오물 제작업,subdetail,5,True,5911,5,59.0,591.0,5911.0,59113.0,정보통신업,영상ㆍ오디오 기록물 제작 및 배급업,"영화, 비디오물, 방송 프로그램 제작 및 배급업","영화, 비디오물 및 방송 프로그램 제작업",광고 영화 및 비디오물 제작업,정보통신업,5/59/591/5911/59113," / 영상ㆍ오디오 기록물 제작 및 배급업 / 영화, 비디오물, 방송 프로그램 제작 및 배급업 / 영화, 비디오물 및 방송 프로그램 제작업 / 광고 영화 및 비디오물 제작업",IT_TECH,정보통신업 (IT),True,True,leaf_unit,False,,,,,,,,,,,,,,,
59114,방송 프로그램 제작업,방송 프로그램 제작업,방송 프로그램 제작업,subdetail,5,True,5911,5,59.0,591.0,5911.0,59114.0,정보통신업,영상ㆍ오디오 기록물 제작 및 배급업,"영화, 비디오물, 방송 프로그램 제작 및 배급업","영화, 비디오물 및 방송 프로그램 제작업",방송 프로그램 제작업,정보통신업,5/59/591/5911/59114," / 영상ㆍ오디오 기록물 제작 및 배급업 / 영화, 비디오물, 방송 프로그램 제작 및 배급업 / 영화, 비디오물 및 방송 프로그램 제작업 / 방송 프로그램 제작업",IT_TECH,정보통신업 (IT),True,True,leaf_unit,False,,,,,,,,,,,,,,,
59120,"영화, 비디오물 및 방송프로그램 제작 관련 서비스업","영화, 비디오물 및 방송프로그램 제작 관련 서비스업","영화, 비디오물 및 방송프로그램 제작 관련 서비스업",subdetail,5,True,5912,5,59.0,591.0,5912.0,59120.0,정보통신업,영상ㆍ오디오 기록물 제작 및 배급업,"영화, 비디오물, 방송 프로그램 제작 및 배급업","영화, 비디오물 및 방송 프로그램 제작 관련 서비스업","영화, 비디오물 및 방송프로그램 제작 관련 서비스업",정보통신업,5/59/591/5912/59120," / 영상ㆍ오디오 기록물 제작 및 배급업 / 영화, 비디오물, 방송 프로그램 제작 및 배급업 / 영화, 비디오물 및 방송 프로그램 제작 관련 서비스업 / 영화, 비디오물 및 방송프로그램 제작 관련 서비스업",IT_TECH,정보통신업 (IT),True,True,leaf_unit,False,,,,,,,,,,,,,,,
59130,"영화, 비디오물 및 방송프로그램 배급업","영화, 비디오물 및 방송프로그램 배급업","영화, 비디오물 및 방송프로그램 배급업",subdetail,5,True,5913,5,59.0,591.0,5913.0,59130.0,정보통신업,영상ㆍ오디오 기록물 제작 및 배급업,"영화, 비디오물, 방송 프로그램 제작 및 배급업","영화, 비디오물 및 방송 프로그램 배급업","영화, 비디오물 및 방송프로그램 배급업",정보통신업,5/59/591/5913/59130," / 영상ㆍ오디오 기록물 제작 및 배급업 / 영화, 비디오물, 방송 프로그램 제작 및 배급업 / 영화, 비디오물 및 방송 프로그램 배급업 / 영화, 비디오물 및 방송프로그램 배급업",IT_TECH,정보통신업 (IT),True,True,leaf_unit,False,,,,,,,,,,,,,,,
59141,영화관 운영업,영화관 운영업,영화관 운영업,subdetail,5,True,5914,5,59.0,591.0,5914.0,59141.0,정보통신업,영상ㆍ오디오 기록물 제작 및 배급업,"영화, 비디오물, 방송 프로그램 제작 및 배급업",영화 및 비디오물 상영업,영화관 운영업,정보통신업,5/59/591/5914/59141," / 영상ㆍ오디오 기록물 제작 및 배급업 / 영화, 비디오물, 방송 프로그램 제작 및 배급업 / 영화 및 비디오물 상영업 / 영화관 운영업",IT_TECH,정보통신업 (IT),True,True,leaf_unit,False,,,,,,,,,,,,,,,
59142,비디오물 감상실 운영업,비디오물 감상실 운영업,비디오물 감상실 운영업,subdetail,5,True,5914,5,59.0,591.0,5914.0,59142.0,정보통신업,영상ㆍ오디오 기록물 제작 및 배급업,"영화, 비디오물, 방송 프로그램 제작 및 배급업",영화 및 비디오물 상영업,비디오물 감상실 운영업,정보통신업,5/59/591/5914/59142," / 영상ㆍ오디오 기록물 제작 및 배급업 / 영화, 비디오물, 방송 프로그램 제작 및 배급업 / 영화 및 비디오물 상영업 / 비디오물 감상실 운영업",IT_TECH,정보통신업 (IT),True,True,leaf_unit,False,,,,,,,,,,,,,,,
59201,음악 및 기타 오디오물 출판업,음악 및 기타 오디오물 출판업,음악 및 기타 오디오물 출판업,subdetail,5,True,5920,5,59.0,592.0,5920.0,59201.0,정보통신업,영상ㆍ오디오 기록물 제작 및 배급업,오디오물 출판 및 원판 녹음업,오디오물 출판 및 원판 녹음업,음악 및 기타 오디오물 출판업,정보통신업,5/59/592/5920/59201, / 영상ㆍ오디오 기록물 제작 및 배급업 / 오디오물 출판 및 원판 녹음업 / 오디오물 출판 및 원판 녹음업 / 음악 및 기타 오디오물 출판업,IT_TECH,정보통신업 (IT),True,True,leaf_unit,False,,,,,,,,,,,,,,,
59202,녹음시설 운영업,녹음시설 운영업,녹음시설 운영업,subdetail,5,True,5920,5,59.0,592.0,5920.0,59202.0,정보통신업,영상ㆍ오디오 기록물 제작 및 배급업,오디오물 출판 및 원판 녹음업,오디오물 출판 및 원판 녹음업,녹음시설 운영업,정보통신업,5/59/592/5920/59202, / 영상ㆍ오디오 기록물 제작 및 배급업 / 오디오물 출판 및 원판 녹음업 / 오디오물 출판 및 원판 녹음업 / 녹음시설 운영업,IT_TECH,정보통신업 (IT),True,True,leaf_unit,False,,,,,,,,,,,,,,,
60100,라디오 방송업,라디오 방송업,라디오 방송업,subdetail,5,True,6010,6,60.0,601.0,6010.0,60100.0,정보통신업,방송 및 영상ㆍ오디오물 제공 서비스업,라디오 방송업,라디오 방송업,라디오 방송업,정보통신업,6/60/601/6010/60100, / 방송 및 영상ㆍ오디오물 제공 서비스업 / 라디오 방송업 / 라디오 방송업 / 라디오 방송업,IT_TECH,정보통신업 (IT),True,True,leaf_unit,False,,,,,,,,,,,,,,,
60210,지상파 방송업,지상파 방송업,지상파 방송업,subdetail,5,True,6021,6,60.0,602.0,6021.0,60210.0,정보통신업,방송 및 영상ㆍ오디오물 제공 서비스업,텔레비전 방송업,지상파 방송업,지상파 방송업,정보통신업,6/60/602/6021/60210, / 방송 및 영상ㆍ오디오물 제공 서비스업 / 텔레비전 방송업 / 지상파 방송업 / 지상파 방송업,IT_TECH,정보통신업 (IT),True,True,leaf_unit,False,,,,,,,,,,,,,,,
60221,프로그램 공급업,프로그램 공급업,프로그램 공급업,subdetail,5,True,6022,6,60.0,602.0,6022.0,60221.0,정보통신업,방송 및 영상ㆍ오디오물 제공 서비스업,텔레비전 방송업,"유선, 위성 및 기타 방송업",프로그램 공급업,정보통신업,6/60/602/6022/60221," / 방송 및 영상ㆍ오디오물 제공 서비스업 / 텔레비전 방송업 / 유선, 위성 및 기타 방송업 / 프로그램 공급업",IT_TECH,정보통신업 (IT),True,True,leaf_unit,False,,,,,,,,,,,,,,,
60222,유선 방송업,유선 방송업,유선 방송업,subdetail,5,True,6022,6,60.0,602.0,6022.0,60222.0,정보통신업,방송 및 영상ㆍ오디오물 제공 서비스업,텔레비전 방송업,"유선, 위성 및 기타 방송업",유선 방송업,정보통신업,6/60/602/6022/60222," / 방송 및 영상ㆍ오디오물 제공 서비스업 / 텔레비전 방송업 / 유선, 위성 및 기타 방송업 / 유선 방송업",IT_TECH,정보통신업 (IT),True,True,leaf_unit,False,,,,,,,,,,,,,,,
60229,위성 및 기타 방송업,위성 및 기타 방송업,위성 및 기타 방송업,subdetail,5,True,6022,6,60.0,602.0,6022.0,60229.0,정보통신업,방송 및 영상ㆍ오디오물 제공 서비스업,텔레비전 방송업,"유선, 위성 및 기타 방송업",위성 및 기타 방송업,정보통신업,6/60/602/6022/60229," / 방송 및 영상ㆍ오디오물 제공 서비스업 / 텔레비전 방송업 / 유선, 위성 및 기타 방송업 / 위성 및 기타 방송업",IT_TECH,정보통신업 (IT),True,True,leaf_unit,False,,,,,,,,,,,,,,,
60310,영상물 제공 서비스업,영상물 제공 서비스업,영상물 제공 서비스업,subdetail,5,True,6031,6,60.0,603.0,6031.0,60310.0,정보통신업,방송 및 영상ㆍ오디오물 제공 서비스업,영상ㆍ오디오물 제공 서비스업,영상물 제공 서비스업,영상물 제공 서비스업,정보통신업,6/60/603/6031/60310, / 방송 및 영상ㆍ오디오물 제공 서비스업 / 영상ㆍ오디오물 제공 서비스업 / 영상물 제공 서비스업 / 영상물 제공 서비스업,IT_TECH,정보통신업 (IT),True,True,leaf_unit,False,,,,,,,,,,,,,,,
60320,오디오물 제공 서비스업,오디오물 제공 서비스업,오디오물 제공 서비스업,subdetail,5,True,6032,6,60.0,603.0,6032.0,60320.0,정보통신업,방송 및 영상ㆍ오디오물 제공 서비스업,영상ㆍ오디오물 제공 서비스업,오디오물 제공 서비스업,오디오물 제공 서비스업,정보통신업,6/60/603/6032/60320, / 방송 및 영상ㆍ오디오물 제공 서비스업 / 영상ㆍ오디오물 제공 서비스업 / 오디오물 제공 서비스업 / 오디오물 제공 서비스업,IT_TECH,정보통신업 (IT),True,True,leaf_unit,False,,,,,,,,,,,,,,,
61100,공영 우편업,공영 우편업,공영 우편업,subdetail,5,True,6110,6,61.0,611.0,6110.0,61100.0,정보통신업,우편 및 통신업,공영 우편업,공영 우편업,공영 우편업,정보통신업,6/61/611/6110/61100, / 우편 및 통신업 / 공영 우편업 / 공영 우편업 / 공영 우편업,IT_TECH,정보통신업 (IT),True,True,leaf_unit,False,,,,,,,,,,,,,,,
61210,유선 통신업,유선 통신업,유선 통신업,subdetail,5,True,6121,6,61.0,612.0,6121.0,61210.0,정보통신업,우편 및 통신업,전기 통신업,유선 통신업,유선 통신업,정보통신업,6/61/612/6121/61210, / 우편 및 통신업 / 전기 통신업 / 유선 통신업 / 유선 통신업,IT_TECH,정보통신업 (IT),True,True,leaf_unit,False,,,,,,,,,,,,,,,
61220,무선 및 위성 통신업,무선 및 위성 통신업,무선 및 위성 통신업,subdetail,5,True,6122,6,61.0,612.0,6122.0,61220.0,정보통신업,우편 및 통신업,전기 통신업,무선 및 위성 통신업,무선 및 위성 통신업,정보통신업,6/61/612/6122/61220, / 우편 및 통신업 / 전기 통신업 / 무선 및 위성 통신업 / 무선 및 위성 통신업,IT_TECH,정보통신업 (IT),True,True,leaf_unit,False,,,,,,,,,,,,,,,
61291,통신 재판매업,통신 재판매업,통신 재판매업,subdetail,5,True,6129,6,61.0,612.0,6129.0,61291.0,정보통신업,우편 및 통신업,전기 통신업,기타 전기 통신업,통신 재판매업,정보통신업,6/61/612/6129/61291, / 우편 및 통신업 / 전기 통신업 / 기타 전기 통신업 / 통신 재판매업,IT_TECH,정보통신업 (IT),True,True,leaf_unit,False,,,,,,,,,,,,,,,
61299,그 외 기타 전기 통신업,그 외 기타 전기 통신업,그 외 기타 전기 통신업,subdetail,5,True,6129,6,61.0,612.0,6129.0,61299.0,정보통신업,우편 및 통신업,전기 통신업,기타 전기 통신업,그 외 기타 전기 통신업,정보통신업,6/61/612/6129/61299, / 우편 및 통신업 / 전기 통신업 / 기타 전기 통신업 / 그 외 기타 전기 통신업,IT_TECH,정보통신업 (IT),True,True,leaf_unit,False,,,,,,,,,,,,,,,
62010,컴퓨터 프로그래밍 서비스업,컴퓨터 프로그래밍 서비스업,컴퓨터 프로그래밍 서비스업,subdetail,5,True,6201,6,62.0,620.0,6201.0,62010.0,정보통신업,"컴퓨터 프로그래밍, 시스템 통합 및 관리업","컴퓨터 프로그래밍, 시스템 통합 및 관리업",컴퓨터 프로그래밍 서비스업,컴퓨터 프로그래밍 서비스업,정보통신업,6/62/620/6201/62010," / 컴퓨터 프로그래밍, 시스템 통합 및 관리업 / 컴퓨터 프로그래밍, 시스템 통합 및 관리업 / 컴퓨터 프로그래밍 서비스업 / 컴퓨터 프로그래밍 서비스업",IT_TECH,정보통신업 (IT),True,True,leaf_unit,False,,,,,,,,,,,,,,,
62021,컴퓨터시스템 통합 자문 및 구축 서비스업,컴퓨터시스템 통합 자문 및 구축 서비스업,컴퓨터시스템 통합 자문 및 구축 서비스업,subdetail,5,True,6202,6,62.0,620.0,6202.0,62021.0,정보통신업,"컴퓨터 프로그래밍, 시스템 통합 및 관리업","컴퓨터 프로그래밍, 시스템 통합 및 관리업","컴퓨터 시스템 통합 자문, 구축 및 관리업",컴퓨터시스템 통합 자문 및 구축 서비스업,정보통신업,6/62/620/6202/62021," / 컴퓨터 프로그래밍, 시스템 통합 및 관리업 / 컴퓨터 프로그래밍, 시스템 통합 및 관리업 / 컴퓨터 시스템 통합 자문, 구축 및 관리업 / 컴퓨터시스템 통합 자문 및 구축 서비스업",IT_TECH,정보통신업 (IT),True,True,leaf_unit,False,,,,,,,,,,,,,,,
62022,컴퓨터시설 관리업,컴퓨터시설 관리업,컴퓨터시설 관리업,subdetail,5,True,6202,6,62.0,620.0,6202.0,62022.0,정보통신업,"컴퓨터 프로그래밍, 시스템 통합 및 관리업","컴퓨터 프로그래밍, 시스템 통합 및 관리업","컴퓨터 시스템 통합 자문, 구축 및 관리업",컴퓨터시설 관리업,정보통신업,6/62/620/6202/62022," / 컴퓨터 프로그래밍, 시스템 통합 및 관리업 / 컴퓨터 프로그래밍, 시스템 통합 및 관리업 / 컴퓨터 시스템 통합 자문, 구축 및 관리업 / 컴퓨터시설 관리업",IT_TECH,정보통신업 (IT),True,True,leaf_unit,False,,,,,,,,,,,,,,,
62090,기타 정보기술 및 컴퓨터운영 관련 서비스업,기타 정보기술 및 컴퓨터운영 관련 서비스업,기타 정보기술 및 컴퓨터운영 관련 서비스업,subdetail,5,True,6209,6,62.0,620.0,6209.0,62090.0,정보통신업,"컴퓨터 프로그래밍, 시스템 통합 및 관리업","컴퓨터 프로그래밍, 시스템 통합 및 관리업",기타 정보 기술 및 컴퓨터 운영 관련 서비스업,기타 정보기술 및 컴퓨터운영 관련 서비스업,정보통신업,6/62/620/6209/62090," / 컴퓨터 프로그래밍, 시스템 통합 및 관리업 / 컴퓨터 프로그래밍, 시스템 통합 및 관리업 / 기타 정보 기술 및 컴퓨터 운영 관련 서비스업 / 기타 정보기술 및 컴퓨터운영 관련 서비스업",IT_TECH,정보통신업 (IT),True,True,leaf_unit,False,,,,,,,,,,,,,,,
63111,자료 처리업,자료 처리업,자료 처리업,subdetail,5,True,6311,6,63.0,631.0,6311.0,63111.0,정보통신업,정보서비스업,"자료 처리, 호스팅, 포털 및 기타 인터넷 정보 매개 서비스업","자료 처리, 호스팅 및 관련 서비스업",자료 처리업,정보통신업,6/63/631/6311/63111," / 정보서비스업 / 자료 처리, 호스팅, 포털 및 기타 인터넷 정보 매개 서비스업 / 자료 처리, 호스팅 및 관련 서비스업 / 자료 처리업",IT_TECH,정보통신업 (IT),True,True,leaf_unit,False,,,,,,,,,,,,,,,
63112,호스팅 및 관련 서비스업,호스팅 및 관련 서비스업,호스팅 및 관련 서비스업,subdetail,5,True,6311,6,63.0,631.0,6311.0,63112.0,정보통신업,정보서비스업,"자료 처리, 호스팅, 포털 및 기타 인터넷 정보 매개 서비스업","자료 처리, 호스팅 및 관련 서비스업",호스팅 및 관련 서비스업,정보통신업,6/63/631/6311/63112," / 정보서비스업 / 자료 처리, 호스팅, 포털 및 기타 인터넷 정보 매개 서비스업 / 자료 처리, 호스팅 및 관련 서비스업 / 호스팅 및 관련 서비스업",IT_TECH,정보통신업 (IT),True,True,leaf_unit,False,,,,,,,,,,,,,,,
63120,포털 및 기타 인터넷 정보매개 서비스업,포털 및 기타 인터넷 정보매개 서비스업,포털 및 기타 인터넷 정보매개 서비스업,subdetail,5,True,6312,6,63.0,631.0,6312.0,63120.0,정보통신업,정보서비스업,"자료 처리, 호스팅, 포털 및 기타 인터넷 정보 매개 서비스업",포털 및 기타 인터넷 정보 매개 서비스업,포털 및 기타 인터넷 정보매개 서비스업,정보통신업,6/63/631/6312/63120," / 정보서비스업 / 자료 처리, 호스팅, 포털 및 기타 인터넷 정보 매개 서비스업 / 포털 및 기타 인터넷 정보 매개 서비스업 / 포털 및 기타 인터넷 정보매개 서비스업",IT_TECH,정보통신업 (IT),True,True,leaf_unit,False,,,,,,,,,,,,,,,
63910,뉴스 제공업,뉴스 제공업,뉴스 제공업,subdetail,5,True,6391,6,63.0,639.0,6391.0,63910.0,정보통신업,정보서비스업,기타 정보 서비스업,뉴스 제공업,뉴스 제공업,정보통신업,6/63/639/6391/63910, / 정보서비스업 / 기타 정보 서비스업 / 뉴스 제공업 / 뉴스 제공업,IT_TECH,정보통신업 (IT),True,True,leaf_unit,False,,,,,,,,,,,,,,,
63991,데이터베이스 및 온라인 정보 제공업,데이터베이스 및 온라인 정보 제공업,데이터베이스 및 온라인 정보 제공업,subdetail,5,True,6399,6,63.0,639.0,6399.0,63991.0,정보통신업,정보서비스업,기타 정보 서비스업,그 외 기타 정보 서비스업,데이터베이스 및 온라인 정보 제공업,정보통신업,6/63/639/6399/63991, / 정보서비스업 / 기타 정보 서비스업 / 그 외 기타 정보 서비스업 / 데이터베이스 및 온라인 정보 제공업,IT_TECH,정보통신업 (IT),True,True,leaf_unit,False,,,,,,,,,,,,,,,
63992,가상자산 매매 및 중개업,가상자산 매매 및 중개업,가상자산 매매 및 중개업,subdetail,5,True,6399,6,63.0,639.0,6399.0,63992.0,정보통신업,정보서비스업,기타 정보 서비스업,그 외 기타 정보 서비스업,가상자산 매매 및 중개업,정보통신업,6/63/639/6399/63992, / 정보서비스업 / 기타 정보 서비스업 / 그 외 기타 정보 서비스업 / 가상자산 매매 및 중개업,IT_TECH,정보통신업 (IT),True,True,leaf_unit,False,,,,,,,,,,,,,,,
63999,그 외 기타 정보 서비스업,그 외 기타 정보 서비스업,그 외 기타 정보 서비스업,subdetail,5,True,6399,6,63.0,639.0,6399.0,63999.0,정보통신업,정보서비스업,기타 정보 서비스업,그 외 기타 정보 서비스업,그 외 기타 정보 서비스업,정보통신업,6/63/639/6399/63999, / 정보서비스업 / 기타 정보 서비스업 / 그 외 기타 정보 서비스업 / 그 외 기타 정보 서비스업,IT_TECH,정보통신업 (IT),True,True,leaf_unit,False,,,,,,,,,,,,,,,
64110,중앙은행,중앙은행,중앙은행,subdetail,5,True,6411,6,64.0,641.0,6411.0,64110.0,금융 및 보험업,금융업,은행 및 저축기관,중앙은행,중앙은행,금융 및 보험업,6/64/641/6411/64110, / 금융업 / 은행 및 저축기관 / 중앙은행 / 중앙은행,FINANCE,금융·보험업,True,True,leaf_unit,False,,,,,,,,,,,,,,,
64121,국내은행,국내은행,국내은행,subdetail,5,True,6412,6,64.0,641.0,6412.0,64121.0,금융 및 보험업,금융업,은행 및 저축기관,일반은행,국내은행,금융 및 보험업,6/64/641/6412/64121, / 금융업 / 은행 및 저축기관 / 일반은행 / 국내은행,FINANCE,금융·보험업,True,True,leaf_unit,False,,,,,,,,,,,,,,,
64122,외국은행,외국은행,외국은행,subdetail,5,True,6412,6,64.0,641.0,6412.0,64122.0,금융 및 보험업,금융업,은행 및 저축기관,일반은행,외국은행,금융 및 보험업,6/64/641/6412/64122, / 금융업 / 은행 및 저축기관 / 일반은행 / 외국은행,FINANCE,금융·보험업,True,True,leaf_unit,False,,,,,,,,,,,,,,,
64131,신용조합,신용조합,신용조합,subdetail,5,True,6413,6,64.0,641.0,6413.0,64131.0,금융 및 보험업,금융업,은행 및 저축기관,신용조합 및 저축기관,신용조합,금융 및 보험업,6/64/641/6413/64131, / 금융업 / 은행 및 저축기관 / 신용조합 및 저축기관 / 신용조합,FINANCE,금융·보험업,True,True,leaf_unit,False,,,,,,,,,,,,,,,
64132,상호저축은행 및 기타 저축기관,상호저축은행 및 기타 저축기관,상호저축은행 및 기타 저축기관,subdetail,5,True,6413,6,64.0,641.0,6413.0,64132.0,금융 및 보험업,금융업,은행 및 저축기관,신용조합 및 저축기관,상호저축은행 및 기타 저축기관,금융 및 보험업,6/64/641/6413/64132, / 금융업 / 은행 및 저축기관 / 신용조합 및 저축기관 / 상호저축은행 및 기타 저축기관,FINANCE,금융·보험업,True,True,leaf_unit,False,,,,,,,,,,,,,,,
64201,신탁업 및 집합투자업,신탁업 및 집합투자업,신탁업 및 집합투자업,subdetail,5,True,6420,6,64.0,642.0,6420.0,64201.0,금융 및 보험업,금융업,신탁업 및 집합 투자업,신탁업 및 집합 투자업,신탁업 및 집합투자업,금융 및 보험업,6/64/642/6420/64201, / 금융업 / 신탁업 및 집합 투자업 / 신탁업 및 집합 투자업 / 신탁업 및 집합투자업,FINANCE,금융·보험업,True,True,leaf_unit,False,,,,,,,,,,,,,,,
64209,기타 금융 투자업,기타 금융 투자업,기타 금융 투자업,subdetail,5,True,6420,6,64.0,642.0,6420.0,64209.0,금융 및 보험업,금융업,신탁업 및 집합 투자업,신탁업 및 집합 투자업,기타 금융 투자업,금융 및 보험업,6/64/642/6420/64209, / 금융업 / 신탁업 및 집합 투자업 / 신탁업 및 집합 투자업 / 기타 금융 투자업,FINANCE,금융·보험업,True,True,leaf_unit,False,,,,,,,,,,,,,,,
64911,금융리스업,금융리스업,금융리스업,subdetail,5,True,6491,6,64.0,649.0,6491.0,64911.0,금융 및 보험업,금융업,기타 금융업,여신 금융업,금융리스업,금융 및 보험업,6/64/649/6491/64911, / 금융업 / 기타 금융업 / 여신 금융업 / 금융리스업,FINANCE,금융·보험업,True,True,leaf_unit,False,,,,,,,,,,,,,,,
64912,개발금융기관,개발금융기관,개발금융기관,subdetail,5,True,6491,6,64.0,649.0,6491.0,64912.0,금융 및 보험업,금융업,기타 금융업,여신 금융업,개발금융기관,금융 및 보험업,6/64/649/6491/64912, / 금융업 / 기타 금융업 / 여신 금융업 / 개발금융기관,FINANCE,금융·보험업,True,True,leaf_unit,False,,,,,,,,,,,,,,,
64913,신용카드 및 할부금융업,신용카드 및 할부금융업,신용카드 및 할부금융업,subdetail,5,True,6491,6,64.0,649.0,6491.0,64913.0,금융 및 보험업,금융업,기타 금융업,여신 금융업,신용카드 및 할부금융업,금융 및 보험업,6/64/649/6491/64913, / 금융업 / 기타 금융업 / 여신 금융업 / 신용카드 및 할부금융업,FINANCE,금융·보험업,True,True,leaf_unit,False,,,,,,,,,,,,,,,
64919,그 외 기타 여신 금융업,그 외 기타 여신 금융업,그 외 기타 여신 금융업,subdetail,5,True,6491,6,64.0,649.0,6491.0,64919.0,금융 및 보험업,금융업,기타 금융업,여신 금융업,그 외 기타 여신 금융업,금융 및 보험업,6/64/649/6491/64919, / 금융업 / 기타 금융업 / 여신 금융업 / 그 외 기타 여신 금융업,FINANCE,금융·보험업,True,True,leaf_unit,False,,,,,,,,,,,,,,,
64991,기금 운영업,기금 운영업,기금 운영업,subdetail,5,True,6499,6,64.0,649.0,6499.0,64991.0,금융 및 보험업,금융업,기타 금융업,그 외 기타 금융업,기금 운영업,금융 및 보험업,6/64/649/6499/64991, / 금융업 / 기타 금융업 / 그 외 기타 금융업 / 기금 운영업,FINANCE,금융·보험업,True,True,leaf_unit,False,,,,,,,,,,,,,,,
64992,지주회사,지주회사,지주회사,subdetail,5,True,6499,6,64.0,649.0,6499.0,64992.0,금융 및 보험업,금융업,기타 금융업,그 외 기타 금융업,지주회사,금융 및 보험업,6/64/649/6499/64992, / 금융업 / 기타 금융업 / 그 외 기타 금융업 / 지주회사,FINANCE,금융·보험업,True,True,leaf_unit,False,,,,,,,,,,,,,,,
64999,그 외 기타 분류 안된 금융업,그 외 기타 분류 안된 금융업,그 외 기타 분류 안된 금융업,subdetail,5,True,6499,6,64.0,649.0,6499.0,64999.0,금융 및 보험업,금융업,기타 금융업,그 외 기타 금융업,그 외 기타 분류 안된 금융업,금융 및 보험업,6/64/649/6499/64999, / 금융업 / 기타 금융업 / 그 외 기타 금융업 / 그 외 기타 분류 안된 금융업,FINANCE,금융·보험업,True,True,leaf_unit,False,,,,,,,,,,,,,,,
65110,생명 보험업,생명 보험업,생명 보험업,subdetail,5,True,6511,6,65.0,651.0,6511.0,65110.0,금융 및 보험업,보험업,보험업,생명보험업,생명 보험업,금융 및 보험업,6/65/651/6511/65110, / 보험업 / 보험업 / 생명보험업 / 생명 보험업,FINANCE,금융·보험업,True,True,leaf_unit,False,,,,,,,,,,,,,,,
65121,손해 보험업,손해 보험업,손해 보험업,subdetail,5,True,6512,6,65.0,651.0,6512.0,65121.0,금융 및 보험업,보험업,보험업,손해 및 보증보험업,손해 보험업,금융 및 보험업,6/65/651/6512/65121, / 보험업 / 보험업 / 손해 및 보증보험업 / 손해 보험업,FINANCE,금융·보험업,True,True,leaf_unit,False,,,,,,,,,,,,,,,
65122,보증 보험업,보증 보험업,보증 보험업,subdetail,5,True,6512,6,65.0,651.0,6512.0,65122.0,금융 및 보험업,보험업,보험업,손해 및 보증보험업,보증 보험업,금융 및 보험업,6/65/651/6512/65122, / 보험업 / 보험업 / 손해 및 보증보험업 / 보증 보험업,FINANCE,금융·보험업,True,True,leaf_unit,False,,,,,,,,,,,,,,,
65200,재 보험업,재 보험업,재 보험업,subdetail,5,True,6520,6,65.0,652.0,6520.0,65200.0,금융 및 보험업,보험업,재보험업,재보험업,재 보험업,금융 및 보험업,6/65/652/6520/65200, / 보험업 / 재보험업 / 재보험업 / 재 보험업,FINANCE,금융·보험업,True,True,leaf_unit,False,,,,,,,,,,,,,,,
65301,개인 공제업,개인 공제업,개인 공제업,subdetail,5,True,6530,6,65.0,653.0,6530.0,65301.0,금융 및 보험업,보험업,공제업,공제업,개인 공제업,금융 및 보험업,6/65/653/6530/65301, / 보험업 / 공제업 / 공제업 / 개인 공제업,FINANCE,금융·보험업,True,True,leaf_unit,False,,,,,,,,,,,,,,,
65302,사업 공제업,사업 공제업,사업 공제업,subdetail,5,True,6530,6,65.0,653.0,6530.0,65302.0,금융 및 보험업,보험업,공제업,공제업,사업 공제업,금융 및 보험업,6/65/653/6530/65302, / 보험업 / 공제업 / 공제업 / 사업 공제업,FINANCE,금융·보험업,True,True,leaf_unit,False,,,,,,,,,,,,,,,
66110,금융시장 관리업,금융시장 관리업,금융시장 관리업,subdetail,5,True,6611,6,66.0,661.0,6611.0,66110.0,금융 및 보험업,금융 및 보험관련 서비스업,금융 지원 서비스업,금융시장 관리업,금융시장 관리업,금융 및 보험업,6/66/661/6611/66110, / 금융 및 보험관련 서비스업 / 금융 지원 서비스업 / 금융시장 관리업 / 금융시장 관리업,FINANCE,금융·보험업,True,True,leaf_unit,False,,,,,,,,,,,,,,,
66121,증권 중개업,증권 중개업,증권 중개업,subdetail,5,True,6612,6,66.0,661.0,6612.0,66121.0,금융 및 보험업,금융 및 보험관련 서비스업,금융 지원 서비스업,증권 및 선물 중개업,증권 중개업,금융 및 보험업,6/66/661/6612/66121, / 금융 및 보험관련 서비스업 / 금융 지원 서비스업 / 증권 및 선물 중개업 / 증권 중개업,FINANCE,금융·보험업,True,True,leaf_unit,False,,,,,,,,,,,,,,,
66122,선물 중개업,선물 중개업,선물 중개업,subdetail,5,True,6612,6,66.0,661.0,6612.0,66122.0,금융 및 보험업,금융 및 보험관련 서비스업,금융 지원 서비스업,증권 및 선물 중개업,선물 중개업,금융 및 보험업,6/66/661/6612/66122, / 금융 및 보험관련 서비스업 / 금융 지원 서비스업 / 증권 및 선물 중개업 / 선물 중개업,FINANCE,금융·보험업,True,True,leaf_unit,False,,,,,,,,,,,,,,,
66191,"증권 발행, 관리, 보관 및 거래 지원 서비스업","증권 발행, 관리, 보관 및 거래 지원 서비스업","증권 발행, 관리, 보관 및 거래 지원 서비스업",subdetail,5,True,6619,6,66.0,661.0,6619.0,66191.0,금융 및 보험업,금융 및 보험관련 서비스업,금융 지원 서비스업,기타 금융 지원 서비스업,"증권 발행, 관리, 보관 및 거래 지원 서비스업",금융 및 보험업,6/66/661/6619/66191," / 금융 및 보험관련 서비스업 / 금융 지원 서비스업 / 기타 금융 지원 서비스업 / 증권 발행, 관리, 보관 및 거래 지원 서비스업",FINANCE,금융·보험업,True,True,leaf_unit,False,,,,,,,,,,,,,,,
66192,투자 자문업 및 투자 일임업,투자 자문업 및 투자 일임업,투자 자문업 및 투자 일임업,subdetail,5,True,6619,6,66.0,661.0,6619.0,66192.0,금융 및 보험업,금융 및 보험관련 서비스업,금융 지원 서비스업,기타 금융 지원 서비스업,투자 자문업 및 투자 일임업,금융 및 보험업,6/66/661/6619/66192, / 금융 및 보험관련 서비스업 / 금융 지원 서비스업 / 기타 금융 지원 서비스업 / 투자 자문업 및 투자 일임업,FINANCE,금융·보험업,True,True,leaf_unit,False,,,,,,,,,,,,,,,
66199,그 외 기타 금융 지원 서비스업,그 외 기타 금융 지원 서비스업,그 외 기타 금융 지원 서비스업,subdetail,5,True,6619,6,66.0,661.0,6619.0,66199.0,금융 및 보험업,금융 및 보험관련 서비스업,금융 지원 서비스업,기타 금융 지원 서비스업,그 외 기타 금융 지원 서비스업,금융 및 보험업,6/66/661/6619/66199, / 금융 및 보험관련 서비스업 / 금융 지원 서비스업 / 기타 금융 지원 서비스업 / 그 외 기타 금융 지원 서비스업,FINANCE,금융·보험업,True,True,leaf_unit,False,,,,,,,,,,,,,,,
66201,손해 사정업,손해 사정업,손해 사정업,subdetail,5,True,6620,6,66.0,662.0,6620.0,66201.0,금융 및 보험업,금융 및 보험관련 서비스업,보험 및 연금관련 서비스업,보험 및 연금관련 서비스업,손해 사정업,금융 및 보험업,6/66/662/6620/66201, / 금융 및 보험관련 서비스업 / 보험 및 연금관련 서비스업 / 보험 및 연금관련 서비스업 / 손해 사정업,FINANCE,금융·보험업,True,True,leaf_unit,False,,,,,,,,,,,,,,,
66202,보험 대리 및 중개업,보험 대리 및 중개업,보험 대리 및 중개업,subdetail,5,True,6620,6,66.0,662.0,6620.0,66202.0,금융 및 보험업,금융 및 보험관련 서비스업,보험 및 연금관련 서비스업,보험 및 연금관련 서비스업,보험 대리 및 중개업,금융 및 보험업,6/66/662/6620/66202, / 금융 및 보험관련 서비스업 / 보험 및 연금관련 서비스업 / 보험 및 연금관련 서비스업 / 보험 대리 및 중개업,FINANCE,금융·보험업,True,True,leaf_unit,False,,,,,,,,,,,,,,,
66209,기타 보험 및 연금관련 서비스업,기타 보험 및 연금관련 서비스업,기타 보험 및 연금관련 서비스업,subdetail,5,True,6620,6,66.0,662.0,6620.0,66209.0,금융 및 보험업,금융 및 보험관련 서비스업,보험 및 연금관련 서비스업,보험 및 연금관련 서비스업,기타 보험 및 연금관련 서비스업,금융 및 보험업,6/66/662/6620/66209, / 금융 및 보험관련 서비스업 / 보험 및 연금관련 서비스업 / 보험 및 연금관련 서비스업 / 기타 보험 및 연금관련 서비스업,FINANCE,금융·보험업,True,True,leaf_unit,False,,,,,,,,,,,,,,,
68111,주거용 건물 임대업,주거용 건물 임대업,주거용 건물 임대업,subdetail,5,True,6811,6,68.0,681.0,6811.0,68111.0,부동산업,부동산업,부동산 임대 및 공급업,부동산 임대업,주거용 건물 임대업,부동산업,6/68/681/6811/68111, / 부동산업 / 부동산 임대 및 공급업 / 부동산 임대업 / 주거용 건물 임대업,REAL_ESTATE,부동산업,True,False,leaf_unit,False,,,,,,,,,,,,,,,
68112,비주거용 건물 임대업,비주거용 건물 임대업,비주거용 건물 임대업,subdetail,5,True,6811,6,68.0,681.0,6811.0,68112.0,부동산업,부동산업,부동산 임대 및 공급업,부동산 임대업,비주거용 건물 임대업,부동산업,6/68/681/6811/68112, / 부동산업 / 부동산 임대 및 공급업 / 부동산 임대업 / 비주거용 건물 임대업,REAL_ESTATE,부동산업,True,False,leaf_unit,False,,,,,,,,,,,,,,,
68119,기타 부동산 임대업,기타 부동산 임대업,기타 부동산 임대업,subdetail,5,True,6811,6,68.0,681.0,6811.0,68119.0,부동산업,부동산업,부동산 임대 및 공급업,부동산 임대업,기타 부동산 임대업,부동산업,6/68/681/6811/68119, / 부동산업 / 부동산 임대 및 공급업 / 부동산 임대업 / 기타 부동산 임대업,REAL_ESTATE,부동산업,True,False,leaf_unit,False,,,,,,,,,,,,,,,
68121,주거용 건물 개발 및 공급업,주거용 건물 개발 및 공급업,주거용 건물 개발 및 공급업,subdetail,5,True,6812,6,68.0,681.0,6812.0,68121.0,부동산업,부동산업,부동산 임대 및 공급업,부동산 개발 및 공급업,주거용 건물 개발 및 공급업,부동산업,6/68/681/6812/68121, / 부동산업 / 부동산 임대 및 공급업 / 부동산 개발 및 공급업 / 주거용 건물 개발 및 공급업,REAL_ESTATE,부동산업,True,False,leaf_unit,False,,,,,,,,,,,,,,,
68122,비주거용 건물 개발 및 공급업,비주거용 건물 개발 및 공급업,비주거용 건물 개발 및 공급업,subdetail,5,True,6812,6,68.0,681.0,6812.0,68122.0,부동산업,부동산업,부동산 임대 및 공급업,부동산 개발 및 공급업,비주거용 건물 개발 및 공급업,부동산업,6/68/681/6812/68122, / 부동산업 / 부동산 임대 및 공급업 / 부동산 개발 및 공급업 / 비주거용 건물 개발 및 공급업,REAL_ESTATE,부동산업,True,False,leaf_unit,False,,,,,,,,,,,,,,,
68129,기타 부동산 개발 및 공급업,기타 부동산 개발 및 공급업,기타 부동산 개발 및 공급업,subdetail,5,True,6812,6,68.0,681.0,6812.0,68129.0,부동산업,부동산업,부동산 임대 및 공급업,부동산 개발 및 공급업,기타 부동산 개발 및 공급업,부동산업,6/68/681/6812/68129, / 부동산업 / 부동산 임대 및 공급업 / 부동산 개발 및 공급업 / 기타 부동산 개발 및 공급업,REAL_ESTATE,부동산업,True,False,leaf_unit,False,,,,,,,,,,,,,,,
68211,주거용 부동산 관리업,주거용 부동산 관리업,주거용 부동산 관리업,subdetail,5,True,6821,6,68.0,682.0,6821.0,68211.0,부동산업,부동산업,부동산관련 서비스업,부동산 관리업,주거용 부동산 관리업,부동산업,6/68/682/6821/68211, / 부동산업 / 부동산관련 서비스업 / 부동산 관리업 / 주거용 부동산 관리업,REAL_ESTATE,부동산업,True,False,leaf_unit,False,,,,,,,,,,,,,,,
68212,비주거용 부동산 관리업,비주거용 부동산 관리업,비주거용 부동산 관리업,subdetail,5,True,6821,6,68.0,682.0,6821.0,68212.0,부동산업,부동산업,부동산관련 서비스업,부동산 관리업,비주거용 부동산 관리업,부동산업,6/68/682/6821/68212, / 부동산업 / 부동산관련 서비스업 / 부동산 관리업 / 비주거용 부동산 관리업,REAL_ESTATE,부동산업,True,False,leaf_unit,False,,,,,,,,,,,,,,,
68221,부동산 중개 및 대리업,부동산 중개 및 대리업,부동산 중개 및 대리업,subdetail,5,True,6822,6,68.0,682.0,6822.0,68221.0,부동산업,부동산업,부동산관련 서비스업,"부동산 중개, 자문 및 감정 평가업",부동산 중개 및 대리업,부동산업,6/68/682/6822/68221," / 부동산업 / 부동산관련 서비스업 / 부동산 중개, 자문 및 감정 평가업 / 부동산 중개 및 대리업",REAL_ESTATE,부동산업,True,False,leaf_unit,False,,,,,,,,,,,,,,,
68222,부동산 투자자문업,부동산 투자자문업,부동산 투자자문업,subdetail,5,True,6822,6,68.0,682.0,6822.0,68222.0,부동산업,부동산업,부동산관련 서비스업,"부동산 중개, 자문 및 감정 평가업",부동산 투자자문업,부동산업,6/68/682/6822/68222," / 부동산업 / 부동산관련 서비스업 / 부동산 중개, 자문 및 감정 평가업 / 부동산 투자자문업",REAL_ESTATE,부동산업,True,False,leaf_unit,False,,,,,,,,,,,,,,,
68223,부동산 감정평가업,부동산 감정평가업,부동산 감정평가업,subdetail,5,True,6822,6,68.0,682.0,6822.0,68223.0,부동산업,부동산업,부동산관련 서비스업,"부동산 중개, 자문 및 감정 평가업",부동산 감정평가업,부동산업,6/68/682/6822/68223," / 부동산업 / 부동산관련 서비스업 / 부동산 중개, 자문 및 감정 평가업 / 부동산 감정평가업",REAL_ESTATE,부동산업,True,False,leaf_unit,False,,,,,,,,,,,,,,,
68224,부동산 분양 대행업,부동산 분양 대행업,부동산 분양 대행업,subdetail,5,True,6822,6,68.0,682.0,6822.0,68224.0,부동산업,부동산업,부동산관련 서비스업,"부동산 중개, 자문 및 감정 평가업",부동산 분양 대행업,부동산업,6/68/682/6822/68224," / 부동산업 / 부동산관련 서비스업 / 부동산 중개, 자문 및 감정 평가업 / 부동산 분양 대행업",REAL_ESTATE,부동산업,True,False,leaf_unit,False,,,,,,,,,,,,,,,
70111,"물리, 화학 및 생물학 연구개발업","물리, 화학 및 생물학 연구개발업","물리, 화학 및 생물학 연구개발업",subdetail,5,True,7011,7,70.0,701.0,7011.0,70111.0,"전문, 과학 및 기술 서비스업",연구개발업,자연과학 및 공학 연구개발업,자연과학 연구개발업,"물리, 화학 및 생물학 연구개발업","전문, 과학 및 기술 서비스업",7/70/701/7011/70111," / 연구개발업 / 자연과학 및 공학 연구개발업 / 자연과학 연구개발업 / 물리, 화학 및 생물학 연구개발업",PROFESSIONAL_SVC,전문·과학·기술 서비스,True,False,leaf_unit,False,,,,,,,,,,,,,,,
70112,농림수산학 및 수의학 연구개발업,농림수산학 및 수의학 연구개발업,농림수산학 및 수의학 연구개발업,subdetail,5,True,7011,7,70.0,701.0,7011.0,70112.0,"전문, 과학 및 기술 서비스업",연구개발업,자연과학 및 공학 연구개발업,자연과학 연구개발업,농림수산학 및 수의학 연구개발업,"전문, 과학 및 기술 서비스업",7/70/701/7011/70112, / 연구개발업 / 자연과학 및 공학 연구개발업 / 자연과학 연구개발업 / 농림수산학 및 수의학 연구개발업,PROFESSIONAL_SVC,전문·과학·기술 서비스,True,False,leaf_unit,False,,,,,,,,,,,,,,,
70113,의학 및 약학 연구개발업,의학 및 약학 연구개발업,의학 및 약학 연구개발업,subdetail,5,True,7011,7,70.0,701.0,7011.0,70113.0,"전문, 과학 및 기술 서비스업",연구개발업,자연과학 및 공학 연구개발업,자연과학 연구개발업,의학 및 약학 연구개발업,"전문, 과학 및 기술 서비스업",7/70/701/7011/70113, / 연구개발업 / 자연과학 및 공학 연구개발업 / 자연과학 연구개발업 / 의학 및 약학 연구개발업,PROFESSIONAL_SVC,전문·과학·기술 서비스,True,False,leaf_unit,False,,,,,,,,,,,,,,,
70119,기타 자연과학 연구개발업,기타 자연과학 연구개발업,기타 자연과학 연구개발업,subdetail,5,True,7011,7,70.0,701.0,7011.0,70119.0,"전문, 과학 및 기술 서비스업",연구개발업,자연과학 및 공학 연구개발업,자연과학 연구개발업,기타 자연과학 연구개발업,"전문, 과학 및 기술 서비스업",7/70/701/7011/70119, / 연구개발업 / 자연과학 및 공학 연구개발업 / 자연과학 연구개발업 / 기타 자연과학 연구개발업,PROFESSIONAL_SVC,전문·과학·기술 서비스,True,False,leaf_unit,False,,,,,,,,,,,,,,,
70121,전기ㆍ전자공학 연구개발업,전기ㆍ전자공학 연구개발업,전기ㆍ전자공학 연구개발업,subdetail,5,True,7012,7,70.0,701.0,7012.0,70121.0,"전문, 과학 및 기술 서비스업",연구개발업,자연과학 및 공학 연구개발업,공학 연구개발업,전기ㆍ전자공학 연구개발업,"전문, 과학 및 기술 서비스업",7/70/701/7012/70121, / 연구개발업 / 자연과학 및 공학 연구개발업 / 공학 연구개발업 / 전기ㆍ전자공학 연구개발업,PROFESSIONAL_SVC,전문·과학·기술 서비스,True,False,leaf_unit,False,,,,,,,,,,,,,,,
70129,기타 공학 연구개발업,기타 공학 연구개발업,기타 공학 연구개발업,subdetail,5,True,7012,7,70.0,701.0,7012.0,70129.0,"전문, 과학 및 기술 서비스업",연구개발업,자연과학 및 공학 연구개발업,공학 연구개발업,기타 공학 연구개발업,"전문, 과학 및 기술 서비스업",7/70/701/7012/70129, / 연구개발업 / 자연과학 및 공학 연구개발업 / 공학 연구개발업 / 기타 공학 연구개발업,PROFESSIONAL_SVC,전문·과학·기술 서비스,True,False,leaf_unit,False,,,,,,,,,,,,,,,
70130,자연과학 및 공학 융합 연구개발업,자연과학 및 공학 융합 연구개발업,자연과학 및 공학 융합 연구개발업,subdetail,5,True,7013,7,70.0,701.0,7013.0,70130.0,"전문, 과학 및 기술 서비스업",연구개발업,자연과학 및 공학 연구개발업,자연과학 및 공학 융합 연구개발업,자연과학 및 공학 융합 연구개발업,"전문, 과학 및 기술 서비스업",7/70/701/7013/70130, / 연구개발업 / 자연과학 및 공학 연구개발업 / 자연과학 및 공학 융합 연구개발업 / 자연과학 및 공학 융합 연구개발업,PROFESSIONAL_SVC,전문·과학·기술 서비스,True,False,leaf_unit,False,,,,,,,,,,,,,,,
70201,경제 및 경영학 연구개발업,경제 및 경영학 연구개발업,경제 및 경영학 연구개발업,subdetail,5,True,7020,7,70.0,702.0,7020.0,70201.0,"전문, 과학 및 기술 서비스업",연구개발업,인문 및 사회과학 연구개발업,인문 및 사회과학 연구개발업,경제 및 경영학 연구개발업,"전문, 과학 및 기술 서비스업",7/70/702/7020/70201, / 연구개발업 / 인문 및 사회과학 연구개발업 / 인문 및 사회과학 연구개발업 / 경제 및 경영학 연구개발업,PROFESSIONAL_SVC,전문·과학·기술 서비스,True,False,leaf_unit,False,,,,,,,,,,,,,,,
70209,기타 인문 및 사회과학 연구개발업,기타 인문 및 사회과학 연구개발업,기타 인문 및 사회과학 연구개발업,subdetail,5,True,7020,7,70.0,702.0,7020.0,70209.0,"전문, 과학 및 기술 서비스업",연구개발업,인문 및 사회과학 연구개발업,인문 및 사회과학 연구개발업,기타 인문 및 사회과학 연구개발업,"전문, 과학 및 기술 서비스업",7/70/702/7020/70209, / 연구개발업 / 인문 및 사회과학 연구개발업 / 인문 및 사회과학 연구개발업 / 기타 인문 및 사회과학 연구개발업,PROFESSIONAL_SVC,전문·과학·기술 서비스,True,False,leaf_unit,False,,,,,,,,,,,,,,,
71101,변호사업,변호사업,변호사업,subdetail,5,True,7110,7,71.0,711.0,7110.0,71101.0,"전문, 과학 및 기술 서비스업",전문 서비스업,법무관련 서비스업,법무관련 서비스업,변호사업,"전문, 과학 및 기술 서비스업",7/71/711/7110/71101, / 전문 서비스업 / 법무관련 서비스업 / 법무관련 서비스업 / 변호사업,PROFESSIONAL_SVC,전문·과학·기술 서비스,True,False,leaf_unit,False,,,,,,,,,,,,,,,
71102,변리사업,변리사업,변리사업,subdetail,5,True,7110,7,71.0,711.0,7110.0,71102.0,"전문, 과학 및 기술 서비스업",전문 서비스업,법무관련 서비스업,법무관련 서비스업,변리사업,"전문, 과학 및 기술 서비스업",7/71/711/7110/71102, / 전문 서비스업 / 법무관련 서비스업 / 법무관련 서비스업 / 변리사업,PROFESSIONAL_SVC,전문·과학·기술 서비스,True,False,leaf_unit,False,,,,,,,,,,,,,,,
71103,법무사업,법무사업,법무사업,subdetail,5,True,7110,7,71.0,711.0,7110.0,71103.0,"전문, 과학 및 기술 서비스업",전문 서비스업,법무관련 서비스업,법무관련 서비스업,법무사업,"전문, 과학 및 기술 서비스업",7/71/711/7110/71103, / 전문 서비스업 / 법무관련 서비스업 / 법무관련 서비스업 / 법무사업,PROFESSIONAL_SVC,전문·과학·기술 서비스,True,False,leaf_unit,False,,,,,,,,,,,,,,,
71109,기타 법무관련 서비스업,기타 법무관련 서비스업,기타 법무관련 서비스업,subdetail,5,True,7110,7,71.0,711.0,7110.0,71109.0,"전문, 과학 및 기술 서비스업",전문 서비스업,법무관련 서비스업,법무관련 서비스업,기타 법무관련 서비스업,"전문, 과학 및 기술 서비스업",7/71/711/7110/71109, / 전문 서비스업 / 법무관련 서비스업 / 법무관련 서비스업 / 기타 법무관련 서비스업,PROFESSIONAL_SVC,전문·과학·기술 서비스,True,False,leaf_unit,False,,,,,,,,,,,,,,,
71201,공인회계사업,공인회계사업,공인회계사업,subdetail,5,True,7120,7,71.0,712.0,7120.0,71201.0,"전문, 과학 및 기술 서비스업",전문 서비스업,회계 및 세무관련 서비스업,회계 및 세무관련 서비스업,공인회계사업,"전문, 과학 및 기술 서비스업",7/71/712/7120/71201, / 전문 서비스업 / 회계 및 세무관련 서비스업 / 회계 및 세무관련 서비스업 / 공인회계사업,PROFESSIONAL_SVC,전문·과학·기술 서비스,True,False,leaf_unit,False,,,,,,,,,,,,,,,
71202,세무사업,세무사업,세무사업,subdetail,5,True,7120,7,71.0,712.0,7120.0,71202.0,"전문, 과학 및 기술 서비스업",전문 서비스업,회계 및 세무관련 서비스업,회계 및 세무관련 서비스업,세무사업,"전문, 과학 및 기술 서비스업",7/71/712/7120/71202, / 전문 서비스업 / 회계 및 세무관련 서비스업 / 회계 및 세무관련 서비스업 / 세무사업,PROFESSIONAL_SVC,전문·과학·기술 서비스,True,False,leaf_unit,False,,,,,,,,,,,,,,,
71209,기타 회계 관련 서비스업,기타 회계 관련 서비스업,기타 회계 관련 서비스업,subdetail,5,True,7120,7,71.0,712.0,7120.0,71209.0,"전문, 과학 및 기술 서비스업",전문 서비스업,회계 및 세무관련 서비스업,회계 및 세무관련 서비스업,기타 회계 관련 서비스업,"전문, 과학 및 기술 서비스업",7/71/712/7120/71209, / 전문 서비스업 / 회계 및 세무관련 서비스업 / 회계 및 세무관련 서비스업 / 기타 회계 관련 서비스업,PROFESSIONAL_SVC,전문·과학·기술 서비스,True,False,leaf_unit,False,,,,,,,,,,,,,,,
71310,광고 대행업,광고 대행업,광고 대행업,subdetail,5,True,7131,7,71.0,713.0,7131.0,71310.0,"전문, 과학 및 기술 서비스업",전문 서비스업,광고업,광고 대행업,광고 대행업,"전문, 과학 및 기술 서비스업",7/71/713/7131/71310, / 전문 서비스업 / 광고업 / 광고 대행업 / 광고 대행업,PROFESSIONAL_SVC,전문·과학·기술 서비스,True,False,leaf_unit,False,,,,,,,,,,,,,,,
71391,옥외 광고업,옥외 광고업,옥외 광고업,subdetail,5,True,7139,7,71.0,713.0,7139.0,71391.0,"전문, 과학 및 기술 서비스업",전문 서비스업,광고업,기타 광고업,옥외 광고업,"전문, 과학 및 기술 서비스업",7/71/713/7139/71391, / 전문 서비스업 / 광고업 / 기타 광고업 / 옥외 광고업,PROFESSIONAL_SVC,전문·과학·기술 서비스,True,False,leaf_unit,False,,,,,,,,,,,,,,,
71392,"광고물 문안, 도안, 설계 등 작성업","광고물 문안, 도안, 설계 등 작성업","광고물 문안, 도안, 설계 등 작성업",subdetail,5,True,7139,7,71.0,713.0,7139.0,71392.0,"전문, 과학 및 기술 서비스업",전문 서비스업,광고업,기타 광고업,"광고물 문안, 도안, 설계 등 작성업","전문, 과학 및 기술 서비스업",7/71/713/7139/71392," / 전문 서비스업 / 광고업 / 기타 광고업 / 광고물 문안, 도안, 설계 등 작성업",PROFESSIONAL_SVC,전문·과학·기술 서비스,True,False,leaf_unit,False,,,,,,,,,,,,,,,
71399,그 외 기타 광고 관련 서비스업,그 외 기타 광고 관련 서비스업,그 외 기타 광고 관련 서비스업,subdetail,5,True,7139,7,71.0,713.0,7139.0,71399.0,"전문, 과학 및 기술 서비스업",전문 서비스업,광고업,기타 광고업,그 외 기타 광고 관련 서비스업,"전문, 과학 및 기술 서비스업",7/71/713/7139/71399, / 전문 서비스업 / 광고업 / 기타 광고업 / 그 외 기타 광고 관련 서비스업,PROFESSIONAL_SVC,전문·과학·기술 서비스,True,False,leaf_unit,False,,,,,,,,,,,,,,,
71400,시장조사 및 여론조사업,시장조사 및 여론조사업,시장조사 및 여론조사업,subdetail,5,True,7140,7,71.0,714.0,7140.0,71400.0,"전문, 과학 및 기술 서비스업",전문 서비스업,시장 조사 및 여론 조사업,시장 조사 및 여론 조사업,시장조사 및 여론조사업,"전문, 과학 및 기술 서비스업",7/71/714/7140/71400, / 전문 서비스업 / 시장 조사 및 여론 조사업 / 시장 조사 및 여론 조사업 / 시장조사 및 여론조사업,PROFESSIONAL_SVC,전문·과학·기술 서비스,True,False,leaf_unit,False,,,,,,,,,,,,,,,
71511,제조업 회사 본부,제조업 회사 본부,제조업 회사 본부,subdetail,5,True,7151,7,71.0,715.0,7151.0,71511.0,"전문, 과학 및 기술 서비스업",전문 서비스업,회사 본부 및 경영 컨설팅 서비스업,회사 본부,제조업 회사 본부,"전문, 과학 및 기술 서비스업",7/71/715/7151/71511, / 전문 서비스업 / 회사 본부 및 경영 컨설팅 서비스업 / 회사 본부 / 제조업 회사 본부,PROFESSIONAL_SVC,전문·과학·기술 서비스,True,False,leaf_unit,False,,,,,,,,,,,,,,,
71519,기타 산업 회사 본부,기타 산업 회사 본부,기타 산업 회사 본부,subdetail,5,True,7151,7,71.0,715.0,7151.0,71519.0,"전문, 과학 및 기술 서비스업",전문 서비스업,회사 본부 및 경영 컨설팅 서비스업,회사 본부,기타 산업 회사 본부,"전문, 과학 및 기술 서비스업",7/71/715/7151/71519, / 전문 서비스업 / 회사 본부 및 경영 컨설팅 서비스업 / 회사 본부 / 기타 산업 회사 본부,PROFESSIONAL_SVC,전문·과학·기술 서비스,True,False,leaf_unit,False,,,,,,,,,,,,,,,
71531,경영 컨설팅업,경영 컨설팅업,경영 컨설팅업,subdetail,5,True,7153,7,71.0,715.0,7153.0,71531.0,"전문, 과학 및 기술 서비스업",전문 서비스업,회사 본부 및 경영 컨설팅 서비스업,경영 컨설팅 및 공공 관계 서비스업,경영 컨설팅업,"전문, 과학 및 기술 서비스업",7/71/715/7153/71531, / 전문 서비스업 / 회사 본부 및 경영 컨설팅 서비스업 / 경영 컨설팅 및 공공 관계 서비스업 / 경영 컨설팅업,PROFESSIONAL_SVC,전문·과학·기술 서비스,True,False,leaf_unit,False,,,,,,,,,,,,,,,
71532,공공관계 서비스업,공공관계 서비스업,공공관계 서비스업,subdetail,5,True,7153,7,71.0,715.0,7153.0,71532.0,"전문, 과학 및 기술 서비스업",전문 서비스업,회사 본부 및 경영 컨설팅 서비스업,경영 컨설팅 및 공공 관계 서비스업,공공관계 서비스업,"전문, 과학 및 기술 서비스업",7/71/715/7153/71532, / 전문 서비스업 / 회사 본부 및 경영 컨설팅 서비스업 / 경영 컨설팅 및 공공 관계 서비스업 / 공공관계 서비스업,PROFESSIONAL_SVC,전문·과학·기술 서비스,True,False,leaf_unit,False,,,,,,,,,,,,,,,
71600,기타 전문 서비스업,기타 전문 서비스업,기타 전문 서비스업,subdetail,5,True,7160,7,71.0,716.0,7160.0,71600.0,"전문, 과학 및 기술 서비스업",전문 서비스업,기타 전문 서비스업,기타 전문 서비스업,기타 전문 서비스업,"전문, 과학 및 기술 서비스업",7/71/716/7160/71600, / 전문 서비스업 / 기타 전문 서비스업 / 기타 전문 서비스업 / 기타 전문 서비스업,PROFESSIONAL_SVC,전문·과학·기술 서비스,True,False,leaf_unit,False,,,,,,,,,,,,,,,
72111,건축설계 및 관련 서비스업,건축설계 및 관련 서비스업,건축설계 및 관련 서비스업,subdetail,5,True,7211,7,72.0,721.0,7211.0,72111.0,"전문, 과학 및 기술 서비스업","건축 기술, 엔지니어링 및 기타 과학기술 서비스업","건축 기술, 엔지니어링 및 관련 기술 서비스업",건축 및 조경 설계 서비스업,건축설계 및 관련 서비스업,"전문, 과학 및 기술 서비스업",7/72/721/7211/72111," / 건축 기술, 엔지니어링 및 기타 과학기술 서비스업 / 건축 기술, 엔지니어링 및 관련 기술 서비스업 / 건축 및 조경 설계 서비스업 / 건축설계 및 관련 서비스업",PROFESSIONAL_SVC,전문·과학·기술 서비스,True,False,leaf_unit,False,,,,,,,,,,,,,,,
72112,도시계획 및 조경설계 서비스업,도시계획 및 조경설계 서비스업,도시계획 및 조경설계 서비스업,subdetail,5,True,7211,7,72.0,721.0,7211.0,72112.0,"전문, 과학 및 기술 서비스업","건축 기술, 엔지니어링 및 기타 과학기술 서비스업","건축 기술, 엔지니어링 및 관련 기술 서비스업",건축 및 조경 설계 서비스업,도시계획 및 조경설계 서비스업,"전문, 과학 및 기술 서비스업",7/72/721/7211/72112," / 건축 기술, 엔지니어링 및 기타 과학기술 서비스업 / 건축 기술, 엔지니어링 및 관련 기술 서비스업 / 건축 및 조경 설계 서비스업 / 도시계획 및 조경설계 서비스업",PROFESSIONAL_SVC,전문·과학·기술 서비스,True,False,leaf_unit,False,,,,,,,,,,,,,,,
72121,건물 및 토목 엔지니어링 서비스업,건물 및 토목 엔지니어링 서비스업,건물 및 토목 엔지니어링 서비스업,subdetail,5,True,7212,7,72.0,721.0,7212.0,72121.0,"전문, 과학 및 기술 서비스업","건축 기술, 엔지니어링 및 기타 과학기술 서비스업","건축 기술, 엔지니어링 및 관련 기술 서비스업",엔지니어링 서비스업,건물 및 토목 엔지니어링 서비스업,"전문, 과학 및 기술 서비스업",7/72/721/7212/72121," / 건축 기술, 엔지니어링 및 기타 과학기술 서비스업 / 건축 기술, 엔지니어링 및 관련 기술 서비스업 / 엔지니어링 서비스업 / 건물 및 토목 엔지니어링 서비스업",PROFESSIONAL_SVC,전문·과학·기술 서비스,True,False,leaf_unit,False,,,,,,,,,,,,,,,
72122,환경 관련 엔지니어링 서비스업,환경 관련 엔지니어링 서비스업,환경 관련 엔지니어링 서비스업,subdetail,5,True,7212,7,72.0,721.0,7212.0,72122.0,"전문, 과학 및 기술 서비스업","건축 기술, 엔지니어링 및 기타 과학기술 서비스업","건축 기술, 엔지니어링 및 관련 기술 서비스업",엔지니어링 서비스업,환경 관련 엔지니어링 서비스업,"전문, 과학 및 기술 서비스업",7/72/721/7212/72122," / 건축 기술, 엔지니어링 및 기타 과학기술 서비스업 / 건축 기술, 엔지니어링 및 관련 기술 서비스업 / 엔지니어링 서비스업 / 환경 관련 엔지니어링 서비스업",PROFESSIONAL_SVC,전문·과학·기술 서비스,True,False,leaf_unit,False,,,,,,,,,,,,,,,
72129,기타 엔지니어링 서비스업,기타 엔지니어링 서비스업,기타 엔지니어링 서비스업,subdetail,5,True,7212,7,72.0,721.0,7212.0,72129.0,"전문, 과학 및 기술 서비스업","건축 기술, 엔지니어링 및 기타 과학기술 서비스업","건축 기술, 엔지니어링 및 관련 기술 서비스업",엔지니어링 서비스업,기타 엔지니어링 서비스업,"전문, 과학 및 기술 서비스업",7/72/721/7212/72129," / 건축 기술, 엔지니어링 및 기타 과학기술 서비스업 / 건축 기술, 엔지니어링 및 관련 기술 서비스업 / 엔지니어링 서비스업 / 기타 엔지니어링 서비스업",PROFESSIONAL_SVC,전문·과학·기술 서비스,True,False,leaf_unit,False,,,,,,,,,,,,,,,
72911,물질성분 검사 및 분석업,물질성분 검사 및 분석업,물질성분 검사 및 분석업,subdetail,5,True,7291,7,72.0,729.0,7291.0,72911.0,"전문, 과학 및 기술 서비스업","건축 기술, 엔지니어링 및 기타 과학기술 서비스업",기타 과학기술 서비스업,"기술 시험, 검사 및 분석업",물질성분 검사 및 분석업,"전문, 과학 및 기술 서비스업",7/72/729/7291/72911," / 건축 기술, 엔지니어링 및 기타 과학기술 서비스업 / 기타 과학기술 서비스업 / 기술 시험, 검사 및 분석업 / 물질성분 검사 및 분석업",PROFESSIONAL_SVC,전문·과학·기술 서비스,True,False,leaf_unit,False,,,,,,,,,,,,,,,
72919,"기타 기술 시험, 검사 및 분석업","기타 기술 시험, 검사 및 분석업","기타 기술 시험, 검사 및 분석업",subdetail,5,True,7291,7,72.0,729.0,7291.0,72919.0,"전문, 과학 및 기술 서비스업","건축 기술, 엔지니어링 및 기타 과학기술 서비스업",기타 과학기술 서비스업,"기술 시험, 검사 및 분석업","기타 기술 시험, 검사 및 분석업","전문, 과학 및 기술 서비스업",7/72/729/7291/72919," / 건축 기술, 엔지니어링 및 기타 과학기술 서비스업 / 기타 과학기술 서비스업 / 기술 시험, 검사 및 분석업 / 기타 기술 시험, 검사 및 분석업",PROFESSIONAL_SVC,전문·과학·기술 서비스,True,False,leaf_unit,False,,,,,,,,,,,,,,,
72921,측량업,측량업,측량업,subdetail,5,True,7292,7,72.0,729.0,7292.0,72921.0,"전문, 과학 및 기술 서비스업","건축 기술, 엔지니어링 및 기타 과학기술 서비스업",기타 과학기술 서비스업,"측량, 지질 조사 및 지도 제작업",측량업,"전문, 과학 및 기술 서비스업",7/72/729/7292/72921," / 건축 기술, 엔지니어링 및 기타 과학기술 서비스업 / 기타 과학기술 서비스업 / 측량, 지질 조사 및 지도 제작업 / 측량업",PROFESSIONAL_SVC,전문·과학·기술 서비스,True,False,leaf_unit,False,,,,,,,,,,,,,,,
72922,제도업,제도업,제도업,subdetail,5,True,7292,7,72.0,729.0,7292.0,72922.0,"전문, 과학 및 기술 서비스업","건축 기술, 엔지니어링 및 기타 과학기술 서비스업",기타 과학기술 서비스업,"측량, 지질 조사 및 지도 제작업",제도업,"전문, 과학 및 기술 서비스업",7/72/729/7292/72922," / 건축 기술, 엔지니어링 및 기타 과학기술 서비스업 / 기타 과학기술 서비스업 / 측량, 지질 조사 및 지도 제작업 / 제도업",PROFESSIONAL_SVC,전문·과학·기술 서비스,True,False,leaf_unit,False,,,,,,,,,,,,,,,
72923,지질 조사·탐사 및 지도 제작업,지질 조사·탐사 및 지도 제작업,지질 조사·탐사 및 지도 제작업,subdetail,5,True,7292,7,72.0,729.0,7292.0,72923.0,"전문, 과학 및 기술 서비스업","건축 기술, 엔지니어링 및 기타 과학기술 서비스업",기타 과학기술 서비스업,"측량, 지질 조사 및 지도 제작업",지질 조사·탐사 및 지도 제작업,"전문, 과학 및 기술 서비스업",7/72/729/7292/72923," / 건축 기술, 엔지니어링 및 기타 과학기술 서비스업 / 기타 과학기술 서비스업 / 측량, 지질 조사 및 지도 제작업 / 지질 조사·탐사 및 지도 제작업",PROFESSIONAL_SVC,전문·과학·기술 서비스,True,False,leaf_unit,False,,,,,,,,,,,,,,,
73100,수의업,수의업,수의업,subdetail,5,True,7310,7,73.0,731.0,7310.0,73100.0,"전문, 과학 및 기술 서비스업","기타 전문, 과학 및 기술 서비스업",수의업,수의업,수의업,"전문, 과학 및 기술 서비스업",7/73/731/7310/73100," / 기타 전문, 과학 및 기술 서비스업 / 수의업 / 수의업 / 수의업",PROFESSIONAL_SVC,전문·과학·기술 서비스,True,False,leaf_unit,False,,,,,,,,,,,,,,,
73201,인테리어 디자인업,인테리어 디자인업,인테리어 디자인업,subdetail,5,True,7320,7,73.0,732.0,7320.0,73201.0,"전문, 과학 및 기술 서비스업","기타 전문, 과학 및 기술 서비스업",전문 디자인업,전문 디자인업,인테리어 디자인업,"전문, 과학 및 기술 서비스업",7/73/732/7320/73201," / 기타 전문, 과학 및 기술 서비스업 / 전문 디자인업 / 전문 디자인업 / 인테리어 디자인업",PROFESSIONAL_SVC,전문·과학·기술 서비스,True,False,leaf_unit,False,,,,,,,,,,,,,,,
73202,제품 디자인업,제품 디자인업,제품 디자인업,subdetail,5,True,7320,7,73.0,732.0,7320.0,73202.0,"전문, 과학 및 기술 서비스업","기타 전문, 과학 및 기술 서비스업",전문 디자인업,전문 디자인업,제품 디자인업,"전문, 과학 및 기술 서비스업",7/73/732/7320/73202," / 기타 전문, 과학 및 기술 서비스업 / 전문 디자인업 / 전문 디자인업 / 제품 디자인업",PROFESSIONAL_SVC,전문·과학·기술 서비스,True,False,leaf_unit,False,,,,,,,,,,,,,,,
73203,시각 디자인업,시각 디자인업,시각 디자인업,subdetail,5,True,7320,7,73.0,732.0,7320.0,73203.0,"전문, 과학 및 기술 서비스업","기타 전문, 과학 및 기술 서비스업",전문 디자인업,전문 디자인업,시각 디자인업,"전문, 과학 및 기술 서비스업",7/73/732/7320/73203," / 기타 전문, 과학 및 기술 서비스업 / 전문 디자인업 / 전문 디자인업 / 시각 디자인업",PROFESSIONAL_SVC,전문·과학·기술 서비스,True,False,leaf_unit,False,,,,,,,,,,,,,,,
73209,"패션, 섬유류 및 기타 전문 디자인업","패션, 섬유류 및 기타 전문 디자인업","패션, 섬유류 및 기타 전문 디자인업",subdetail,5,True,7320,7,73.0,732.0,7320.0,73209.0,"전문, 과학 및 기술 서비스업","기타 전문, 과학 및 기술 서비스업",전문 디자인업,전문 디자인업,"패션, 섬유류 및 기타 전문 디자인업","전문, 과학 및 기술 서비스업",7/73/732/7320/73209," / 기타 전문, 과학 및 기술 서비스업 / 전문 디자인업 / 전문 디자인업 / 패션, 섬유류 및 기타 전문 디자인업",PROFESSIONAL_SVC,전문·과학·기술 서비스,True,False,leaf_unit,False,,,,,,,,,,,,,,,
73301,인물사진 및 행사용 영상 촬영업,인물사진 및 행사용 영상 촬영업,인물사진 및 행사용 영상 촬영업,subdetail,5,True,7330,7,73.0,733.0,7330.0,73301.0,"전문, 과학 및 기술 서비스업","기타 전문, 과학 및 기술 서비스업",사진 촬영 및 처리업,사진 촬영 및 처리업,인물사진 및 행사용 영상 촬영업,"전문, 과학 및 기술 서비스업",7/73/733/7330/73301," / 기타 전문, 과학 및 기술 서비스업 / 사진 촬영 및 처리업 / 사진 촬영 및 처리업 / 인물사진 및 행사용 영상 촬영업",PROFESSIONAL_SVC,전문·과학·기술 서비스,True,False,leaf_unit,False,,,,,,,,,,,,,,,
73302,상업용 사진 촬영업,상업용 사진 촬영업,상업용 사진 촬영업,subdetail,5,True,7330,7,73.0,733.0,7330.0,73302.0,"전문, 과학 및 기술 서비스업","기타 전문, 과학 및 기술 서비스업",사진 촬영 및 처리업,사진 촬영 및 처리업,상업용 사진 촬영업,"전문, 과학 및 기술 서비스업",7/73/733/7330/73302," / 기타 전문, 과학 및 기술 서비스업 / 사진 촬영 및 처리업 / 사진 촬영 및 처리업 / 상업용 사진 촬영업",PROFESSIONAL_SVC,전문·과학·기술 서비스,True,False,leaf_unit,False,,,,,,,,,,,,,,,
73303,사진 처리업,사진 처리업,사진 처리업,subdetail,5,True,7330,7,73.0,733.0,7330.0,73303.0,"전문, 과학 및 기술 서비스업","기타 전문, 과학 및 기술 서비스업",사진 촬영 및 처리업,사진 촬영 및 처리업,사진 처리업,"전문, 과학 및 기술 서비스업",7/73/733/7330/73303," / 기타 전문, 과학 및 기술 서비스업 / 사진 촬영 및 처리업 / 사진 촬영 및 처리업 / 사진 처리업",PROFESSIONAL_SVC,전문·과학·기술 서비스,True,False,leaf_unit,False,,,,,,,,,,,,,,,
73901,매니저업,매니저업,매니저업,subdetail,5,True,7390,7,73.0,739.0,7390.0,73901.0,"전문, 과학 및 기술 서비스업","기타 전문, 과학 및 기술 서비스업","그 외 기타 전문, 과학 및 기술 서비스업","그 외 기타 전문, 과학 및 기술 서비스업",매니저업,"전문, 과학 및 기술 서비스업",7/73/739/7390/73901," / 기타 전문, 과학 및 기술 서비스업 / 그 외 기타 전문, 과학 및 기술 서비스업 / 그 외 기타 전문, 과학 및 기술 서비스업 / 매니저업",PROFESSIONAL_SVC,전문·과학·기술 서비스,True,False,leaf_unit,False,,,,,,,,,,,,,,,
73902,번역 및 통역 서비스업,번역 및 통역 서비스업,번역 및 통역 서비스업,subdetail,5,True,7390,7,73.0,739.0,7390.0,73902.0,"전문, 과학 및 기술 서비스업","기타 전문, 과학 및 기술 서비스업","그 외 기타 전문, 과학 및 기술 서비스업","그 외 기타 전문, 과학 및 기술 서비스업",번역 및 통역 서비스업,"전문, 과학 및 기술 서비스업",7/73/739/7390/73902," / 기타 전문, 과학 및 기술 서비스업 / 그 외 기타 전문, 과학 및 기술 서비스업 / 그 외 기타 전문, 과학 및 기술 서비스업 / 번역 및 통역 서비스업",PROFESSIONAL_SVC,전문·과학·기술 서비스,True,False,leaf_unit,False,,,,,,,,,,,,,,,
73903,사업 및 무형 재산권 중개업,사업 및 무형 재산권 중개업,사업 및 무형 재산권 중개업,subdetail,5,True,7390,7,73.0,739.0,7390.0,73903.0,"전문, 과학 및 기술 서비스업","기타 전문, 과학 및 기술 서비스업","그 외 기타 전문, 과학 및 기술 서비스업","그 외 기타 전문, 과학 및 기술 서비스업",사업 및 무형 재산권 중개업,"전문, 과학 및 기술 서비스업",7/73/739/7390/73903," / 기타 전문, 과학 및 기술 서비스업 / 그 외 기타 전문, 과학 및 기술 서비스업 / 그 외 기타 전문, 과학 및 기술 서비스업 / 사업 및 무형 재산권 중개업",PROFESSIONAL_SVC,전문·과학·기술 서비스,True,False,leaf_unit,False,,,,,,,,,,,,,,,
73904,"물품 감정, 계량 및 견본 추출업","물품 감정, 계량 및 견본 추출업","물품 감정, 계량 및 견본 추출업",subdetail,5,True,7390,7,73.0,739.0,7390.0,73904.0,"전문, 과학 및 기술 서비스업","기타 전문, 과학 및 기술 서비스업","그 외 기타 전문, 과학 및 기술 서비스업","그 외 기타 전문, 과학 및 기술 서비스업","물품 감정, 계량 및 견본 추출업","전문, 과학 및 기술 서비스업",7/73/739/7390/73904," / 기타 전문, 과학 및 기술 서비스업 / 그 외 기타 전문, 과학 및 기술 서비스업 / 그 외 기타 전문, 과학 및 기술 서비스업 / 물품 감정, 계량 및 견본 추출업",PROFESSIONAL_SVC,전문·과학·기술 서비스,True,False,leaf_unit,False,,,,,,,,,,,,,,,
73905,고고유산 조사연구 서비스업,고고유산 조사연구 서비스업,고고유산 조사연구 서비스업,subdetail,5,True,7390,7,73.0,739.0,7390.0,73905.0,"전문, 과학 및 기술 서비스업","기타 전문, 과학 및 기술 서비스업","그 외 기타 전문, 과학 및 기술 서비스업","그 외 기타 전문, 과학 및 기술 서비스업",고고유산 조사연구 서비스업,"전문, 과학 및 기술 서비스업",7/73/739/7390/73905," / 기타 전문, 과학 및 기술 서비스업 / 그 외 기타 전문, 과학 및 기술 서비스업 / 그 외 기타 전문, 과학 및 기술 서비스업 / 고고유산 조사연구 서비스업",PROFESSIONAL_SVC,전문·과학·기술 서비스,True,False,leaf_unit,False,,,,,,,,,,,,,,,
73909,"그 외 기타 분류 안된 전문, 과학 및 기술 서비스업","그 외 기타 분류 안된 전문, 과학 및 기술 서비스업","그 외 기타 분류 안된 전문, 과학 및 기술 서비스업",subdetail,5,True,7390,7,73.0,739.0,7390.0,73909.0,"전문, 과학 및 기술 서비스업","기타 전문, 과학 및 기술 서비스업","그 외 기타 전문, 과학 및 기술 서비스업","그 외 기타 전문, 과학 및 기술 서비스업","그 외 기타 분류 안된 전문, 과학 및 기술 서비스업","전문, 과학 및 기술 서비스업",7/73/739/7390/73909," / 기타 전문, 과학 및 기술 서비스업 / 그 외 기타 전문, 과학 및 기술 서비스업 / 그 외 기타 전문, 과학 및 기술 서비스업 / 그 외 기타 분류 안된 전문, 과학 및 기술 서비스업",PROFESSIONAL_SVC,전문·과학·기술 서비스,True,False,leaf_unit,False,,,,,,,,,,,,,,,
74100,사업시설 유지ㆍ관리 서비스업,사업시설 유지ㆍ관리 서비스업,사업시설 유지ㆍ관리 서비스업,subdetail,5,True,7410,7,74.0,741.0,7410.0,74100.0,"사업시설 관리, 사업 지원 및 임대 서비스업",사업시설 관리 및 조경 서비스업,사업시설 유지ㆍ관리 서비스업,사업시설 유지ㆍ관리 서비스업,사업시설 유지ㆍ관리 서비스업,"사업시설 관리, 사업 지원 및 임대 서비스업",7/74/741/7410/74100, / 사업시설 관리 및 조경 서비스업 / 사업시설 유지ㆍ관리 서비스업 / 사업시설 유지ㆍ관리 서비스업 / 사업시설 유지ㆍ관리 서비스업,BUSINESS_SVC,사업지원 서비스업,True,False,leaf_unit,False,,,,,,,,,,,,,,,
74211,건축물 일반 청소업,건축물 일반 청소업,건축물 일반 청소업,subdetail,5,True,7421,7,74.0,742.0,7421.0,74211.0,"사업시설 관리, 사업 지원 및 임대 서비스업",사업시설 관리 및 조경 서비스업,건물ㆍ산업설비 청소 및 방제 서비스업,건물 및 산업설비 청소업,건축물 일반 청소업,"사업시설 관리, 사업 지원 및 임대 서비스업",7/74/742/7421/74211, / 사업시설 관리 및 조경 서비스업 / 건물ㆍ산업설비 청소 및 방제 서비스업 / 건물 및 산업설비 청소업 / 건축물 일반 청소업,BUSINESS_SVC,사업지원 서비스업,True,False,leaf_unit,False,,,,,,,,,,,,,,,
74212,"산업설비, 운송장비 및 공공장소 청소업","산업설비, 운송장비 및 공공장소 청소업","산업설비, 운송장비 및 공공장소 청소업",subdetail,5,True,7421,7,74.0,742.0,7421.0,74212.0,"사업시설 관리, 사업 지원 및 임대 서비스업",사업시설 관리 및 조경 서비스업,건물ㆍ산업설비 청소 및 방제 서비스업,건물 및 산업설비 청소업,"산업설비, 운송장비 및 공공장소 청소업","사업시설 관리, 사업 지원 및 임대 서비스업",7/74/742/7421/74212," / 사업시설 관리 및 조경 서비스업 / 건물ㆍ산업설비 청소 및 방제 서비스업 / 건물 및 산업설비 청소업 / 산업설비, 운송장비 및 공공장소 청소업",BUSINESS_SVC,사업지원 서비스업,True,False,leaf_unit,False,,,,,,,,,,,,,,,
74220,"소독, 구충 및 방제 서비스업","소독, 구충 및 방제 서비스업","소독, 구충 및 방제 서비스업",subdetail,5,True,7422,7,74.0,742.0,7422.0,74220.0,"사업시설 관리, 사업 지원 및 임대 서비스업",사업시설 관리 및 조경 서비스업,건물ㆍ산업설비 청소 및 방제 서비스업,"소독, 구충 및 방제 서비스업","소독, 구충 및 방제 서비스업","사업시설 관리, 사업 지원 및 임대 서비스업",7/74/742/7422/74220," / 사업시설 관리 및 조경 서비스업 / 건물ㆍ산업설비 청소 및 방제 서비스업 / 소독, 구충 및 방제 서비스업 / 소독, 구충 및 방제 서비스업",BUSINESS_SVC,사업지원 서비스업,True,False,leaf_unit,False,,,,,,,,,,,,,,,
74300,조경 관리 및 유지 서비스업,조경 관리 및 유지 서비스업,조경 관리 및 유지 서비스업,subdetail,5,True,7430,7,74.0,743.0,7430.0,74300.0,"사업시설 관리, 사업 지원 및 임대 서비스업",사업시설 관리 및 조경 서비스업,조경관리 및 유지 서비스업,조경관리 및 유지 서비스업,조경 관리 및 유지 서비스업,"사업시설 관리, 사업 지원 및 임대 서비스업",7/74/743/7430/74300, / 사업시설 관리 및 조경 서비스업 / 조경관리 및 유지 서비스업 / 조경관리 및 유지 서비스업 / 조경 관리 및 유지 서비스업,BUSINESS_SVC,사업지원 서비스업,True,False,leaf_unit,False,,,,,,,,,,,,,,,
75110,고용 알선업,고용 알선업,고용 알선업,subdetail,5,True,7511,7,75.0,751.0,7511.0,75110.0,"사업시설 관리, 사업 지원 및 임대 서비스업",사업 지원 서비스업,고용 알선 및 인력 공급업,고용 알선업,고용 알선업,"사업시설 관리, 사업 지원 및 임대 서비스업",7/75/751/7511/75110, / 사업 지원 서비스업 / 고용 알선 및 인력 공급업 / 고용 알선업 / 고용 알선업,BUSINESS_SVC,사업지원 서비스업,True,False,leaf_unit,False,,,,,,,,,,,,,,,
75121,임시 및 일용 인력 공급업,임시 및 일용 인력 공급업,임시 및 일용 인력 공급업,subdetail,5,True,7512,7,75.0,751.0,7512.0,75121.0,"사업시설 관리, 사업 지원 및 임대 서비스업",사업 지원 서비스업,고용 알선 및 인력 공급업,인력 공급업,임시 및 일용 인력 공급업,"사업시설 관리, 사업 지원 및 임대 서비스업",7/75/751/7512/75121, / 사업 지원 서비스업 / 고용 알선 및 인력 공급업 / 인력 공급업 / 임시 및 일용 인력 공급업,BUSINESS_SVC,사업지원 서비스업,True,False,leaf_unit,False,,,,,,,,,,,,,,,
75122,상용 인력 공급 및 인사관리 서비스업,상용 인력 공급 및 인사관리 서비스업,상용 인력 공급 및 인사관리 서비스업,subdetail,5,True,7512,7,75.0,751.0,7512.0,75122.0,"사업시설 관리, 사업 지원 및 임대 서비스업",사업 지원 서비스업,고용 알선 및 인력 공급업,인력 공급업,상용 인력 공급 및 인사관리 서비스업,"사업시설 관리, 사업 지원 및 임대 서비스업",7/75/751/7512/75122, / 사업 지원 서비스업 / 고용 알선 및 인력 공급업 / 인력 공급업 / 상용 인력 공급 및 인사관리 서비스업,BUSINESS_SVC,사업지원 서비스업,True,False,leaf_unit,False,,,,,,,,,,,,,,,
75210,여행사업,여행사업,여행사업,subdetail,5,True,7521,7,75.0,752.0,7521.0,75210.0,"사업시설 관리, 사업 지원 및 임대 서비스업",사업 지원 서비스업,여행사 및 기타 여행 보조 서비스업,여행사업,여행사업,"사업시설 관리, 사업 지원 및 임대 서비스업",7/75/752/7521/75210, / 사업 지원 서비스업 / 여행사 및 기타 여행 보조 서비스업 / 여행사업 / 여행사업,BUSINESS_SVC,사업지원 서비스업,True,False,leaf_unit,False,,,,,,,,,,,,,,,
75290,기타 여행 보조 및 예약 서비스업,기타 여행 보조 및 예약 서비스업,기타 여행 보조 및 예약 서비스업,subdetail,5,True,7529,7,75.0,752.0,7529.0,75290.0,"사업시설 관리, 사업 지원 및 임대 서비스업",사업 지원 서비스업,여행사 및 기타 여행 보조 서비스업,기타 여행 보조 및 예약 서비스업,기타 여행 보조 및 예약 서비스업,"사업시설 관리, 사업 지원 및 임대 서비스업",7/75/752/7529/75290, / 사업 지원 서비스업 / 여행사 및 기타 여행 보조 서비스업 / 기타 여행 보조 및 예약 서비스업 / 기타 여행 보조 및 예약 서비스업,BUSINESS_SVC,사업지원 서비스업,True,False,leaf_unit,False,,,,,,,,,,,,,,,
75310,경비 및 경호 서비스업,경비 및 경호 서비스업,경비 및 경호 서비스업,subdetail,5,True,7531,7,75.0,753.0,7531.0,75310.0,"사업시설 관리, 사업 지원 및 임대 서비스업",사업 지원 서비스업,"경비, 경호 및 탐정업",경비 및 경호 서비스업,경비 및 경호 서비스업,"사업시설 관리, 사업 지원 및 임대 서비스업",7/75/753/7531/75310," / 사업 지원 서비스업 / 경비, 경호 및 탐정업 / 경비 및 경호 서비스업 / 경비 및 경호 서비스업",BUSINESS_SVC,사업지원 서비스업,True,False,leaf_unit,False,,,,,,,,,,,,,,,
75320,보안시스템 서비스업,보안시스템 서비스업,보안시스템 서비스업,subdetail,5,True,7532,7,75.0,753.0,7532.0,75320.0,"사업시설 관리, 사업 지원 및 임대 서비스업",사업 지원 서비스업,"경비, 경호 및 탐정업",보안 시스템 서비스업,보안시스템 서비스업,"사업시설 관리, 사업 지원 및 임대 서비스업",7/75/753/7532/75320," / 사업 지원 서비스업 / 경비, 경호 및 탐정업 / 보안 시스템 서비스업 / 보안시스템 서비스업",BUSINESS_SVC,사업지원 서비스업,True,False,leaf_unit,False,,,,,,,,,,,,,,,
75330,탐정 및 조사 서비스업,탐정 및 조사 서비스업,탐정 및 조사 서비스업,subdetail,5,True,7533,7,75.0,753.0,7533.0,75330.0,"사업시설 관리, 사업 지원 및 임대 서비스업",사업 지원 서비스업,"경비, 경호 및 탐정업",탐정 및 조사 서비스업,탐정 및 조사 서비스업,"사업시설 관리, 사업 지원 및 임대 서비스업",7/75/753/7533/75330," / 사업 지원 서비스업 / 경비, 경호 및 탐정업 / 탐정 및 조사 서비스업 / 탐정 및 조사 서비스업",BUSINESS_SVC,사업지원 서비스업,True,False,leaf_unit,False,,,,,,,,,,,,,,,
75911,문서 작성 및 복사업,문서 작성 및 복사업,문서 작성 및 복사업,subdetail,5,True,7591,7,75.0,759.0,7591.0,75911.0,"사업시설 관리, 사업 지원 및 임대 서비스업",사업 지원 서비스업,기타 사업 지원 서비스업,사무 지원 서비스업,문서 작성 및 복사업,"사업시설 관리, 사업 지원 및 임대 서비스업",7/75/759/7591/75911, / 사업 지원 서비스업 / 기타 사업 지원 서비스업 / 사무 지원 서비스업 / 문서 작성 및 복사업,BUSINESS_SVC,사업지원 서비스업,True,False,leaf_unit,False,,,,,,,,,,,,,,,
75919,기타 사무지원 서비스업,기타 사무지원 서비스업,기타 사무지원 서비스업,subdetail,5,True,7591,7,75.0,759.0,7591.0,75919.0,"사업시설 관리, 사업 지원 및 임대 서비스업",사업 지원 서비스업,기타 사업 지원 서비스업,사무 지원 서비스업,기타 사무지원 서비스업,"사업시설 관리, 사업 지원 및 임대 서비스업",7/75/759/7591/75919, / 사업 지원 서비스업 / 기타 사업 지원 서비스업 / 사무 지원 서비스업 / 기타 사무지원 서비스업,BUSINESS_SVC,사업지원 서비스업,True,False,leaf_unit,False,,,,,,,,,,,,,,,
75991,콜센터 및 텔레마케팅 서비스업,콜센터 및 텔레마케팅 서비스업,콜센터 및 텔레마케팅 서비스업,subdetail,5,True,7599,7,75.0,759.0,7599.0,75991.0,"사업시설 관리, 사업 지원 및 임대 서비스업",사업 지원 서비스업,기타 사업 지원 서비스업,그 외 기타 사업 지원 서비스업,콜센터 및 텔레마케팅 서비스업,"사업시설 관리, 사업 지원 및 임대 서비스업",7/75/759/7599/75991, / 사업 지원 서비스업 / 기타 사업 지원 서비스업 / 그 외 기타 사업 지원 서비스업 / 콜센터 및 텔레마케팅 서비스업,BUSINESS_SVC,사업지원 서비스업,True,False,leaf_unit,False,,,,,,,,,,,,,,,
75992,"전시, 컨벤션 및 행사 대행업","전시, 컨벤션 및 행사 대행업","전시, 컨벤션 및 행사 대행업",subdetail,5,True,7599,7,75.0,759.0,7599.0,75992.0,"사업시설 관리, 사업 지원 및 임대 서비스업",사업 지원 서비스업,기타 사업 지원 서비스업,그 외 기타 사업 지원 서비스업,"전시, 컨벤션 및 행사 대행업","사업시설 관리, 사업 지원 및 임대 서비스업",7/75/759/7599/75992," / 사업 지원 서비스업 / 기타 사업 지원 서비스업 / 그 외 기타 사업 지원 서비스업 / 전시, 컨벤션 및 행사 대행업",BUSINESS_SVC,사업지원 서비스업,True,False,leaf_unit,False,,,,,,,,,,,,,,,
75993,신용 조사 및 추심 대행업,신용 조사 및 추심 대행업,신용 조사 및 추심 대행업,subdetail,5,True,7599,7,75.0,759.0,7599.0,75993.0,"사업시설 관리, 사업 지원 및 임대 서비스업",사업 지원 서비스업,기타 사업 지원 서비스업,그 외 기타 사업 지원 서비스업,신용 조사 및 추심 대행업,"사업시설 관리, 사업 지원 및 임대 서비스업",7/75/759/7599/75993, / 사업 지원 서비스업 / 기타 사업 지원 서비스업 / 그 외 기타 사업 지원 서비스업 / 신용 조사 및 추심 대행업,BUSINESS_SVC,사업지원 서비스업,True,False,leaf_unit,False,,,,,,,,,,,,,,,
75994,포장 및 충전업,포장 및 충전업,포장 및 충전업,subdetail,5,True,7599,7,75.0,759.0,7599.0,75994.0,"사업시설 관리, 사업 지원 및 임대 서비스업",사업 지원 서비스업,기타 사업 지원 서비스업,그 외 기타 사업 지원 서비스업,포장 및 충전업,"사업시설 관리, 사업 지원 및 임대 서비스업",7/75/759/7599/75994, / 사업 지원 서비스업 / 기타 사업 지원 서비스업 / 그 외 기타 사업 지원 서비스업 / 포장 및 충전업,BUSINESS_SVC,사업지원 서비스업,True,False,leaf_unit,False,,,,,,,,,,,,,,,
75995,온라인 활용 마케팅 및 관련 사업지원 서비스업,온라인 활용 마케팅 및 관련 사업지원 서비스업,온라인 활용 마케팅 및 관련 사업지원 서비스업,subdetail,5,True,7599,7,75.0,759.0,7599.0,75995.0,"사업시설 관리, 사업 지원 및 임대 서비스업",사업 지원 서비스업,기타 사업 지원 서비스업,그 외 기타 사업 지원 서비스업,온라인 활용 마케팅 및 관련 사업지원 서비스업,"사업시설 관리, 사업 지원 및 임대 서비스업",7/75/759/7599/75995, / 사업 지원 서비스업 / 기타 사업 지원 서비스업 / 그 외 기타 사업 지원 서비스업 / 온라인 활용 마케팅 및 관련 사업지원 서비스업,BUSINESS_SVC,사업지원 서비스업,True,False,leaf_unit,False,,,,,,,,,,,,,,,
75999,그 외 기타 분류 안된 사업지원 서비스업,그 외 기타 분류 안된 사업지원 서비스업,그 외 기타 분류 안된 사업지원 서비스업,subdetail,5,True,7599,7,75.0,759.0,7599.0,75999.0,"사업시설 관리, 사업 지원 및 임대 서비스업",사업 지원 서비스업,기타 사업 지원 서비스업,그 외 기타 사업 지원 서비스업,그 외 기타 분류 안된 사업지원 서비스업,"사업시설 관리, 사업 지원 및 임대 서비스업",7/75/759/7599/75999, / 사업 지원 서비스업 / 기타 사업 지원 서비스업 / 그 외 기타 사업 지원 서비스업 / 그 외 기타 분류 안된 사업지원 서비스업,BUSINESS_SVC,사업지원 서비스업,True,False,leaf_unit,False,,,,,,,,,,,,,,,
76110,자동차 임대업,자동차 임대업,자동차 임대업,subdetail,5,True,7611,7,76.0,761.0,7611.0,76110.0,"사업시설 관리, 사업 지원 및 임대 서비스업","임대업, 부동산 제외",운송장비 임대업,자동차 임대업,자동차 임대업,"사업시설 관리, 사업 지원 및 임대 서비스업",7/76/761/7611/76110," / 임대업, 부동산 제외 / 운송장비 임대업 / 자동차 임대업 / 자동차 임대업",BUSINESS_SVC,사업지원 서비스업,True,False,leaf_unit,False,,,,,,,,,,,,,,,
76190,기타 운송장비 임대업,기타 운송장비 임대업,기타 운송장비 임대업,subdetail,5,True,7619,7,76.0,761.0,7619.0,76190.0,"사업시설 관리, 사업 지원 및 임대 서비스업","임대업, 부동산 제외",운송장비 임대업,기타 운송장비 임대업,기타 운송장비 임대업,"사업시설 관리, 사업 지원 및 임대 서비스업",7/76/761/7619/76190," / 임대업, 부동산 제외 / 운송장비 임대업 / 기타 운송장비 임대업 / 기타 운송장비 임대업",BUSINESS_SVC,사업지원 서비스업,True,False,leaf_unit,False,,,,,,,,,,,,,,,
76210,스포츠 및 레크리에이션 용품 임대업,스포츠 및 레크리에이션 용품 임대업,스포츠 및 레크리에이션 용품 임대업,subdetail,5,True,7621,7,76.0,762.0,7621.0,76210.0,"사업시설 관리, 사업 지원 및 임대 서비스업","임대업, 부동산 제외",개인 및 가정용품 임대업,스포츠 및 레크리에이션 용품 임대업,스포츠 및 레크리에이션 용품 임대업,"사업시설 관리, 사업 지원 및 임대 서비스업",7/76/762/7621/76210," / 임대업, 부동산 제외 / 개인 및 가정용품 임대업 / 스포츠 및 레크리에이션 용품 임대업 / 스포츠 및 레크리에이션 용품 임대업",BUSINESS_SVC,사업지원 서비스업,True,False,leaf_unit,False,,,,,,,,,,,,,,,
76220,음반 및 비디오물 임대업,음반 및 비디오물 임대업,음반 및 비디오물 임대업,subdetail,5,True,7622,7,76.0,762.0,7622.0,76220.0,"사업시설 관리, 사업 지원 및 임대 서비스업","임대업, 부동산 제외",개인 및 가정용품 임대업,음반 및 비디오물 임대업,음반 및 비디오물 임대업,"사업시설 관리, 사업 지원 및 임대 서비스업",7/76/762/7622/76220," / 임대업, 부동산 제외 / 개인 및 가정용품 임대업 / 음반 및 비디오물 임대업 / 음반 및 비디오물 임대업",BUSINESS_SVC,사업지원 서비스업,True,False,leaf_unit,False,,,,,,,,,,,,,,,
76291,서적 임대업,서적 임대업,서적 임대업,subdetail,5,True,7629,7,76.0,762.0,7629.0,76291.0,"사업시설 관리, 사업 지원 및 임대 서비스업","임대업, 부동산 제외",개인 및 가정용품 임대업,기타 개인 및 가정용품 임대업,서적 임대업,"사업시설 관리, 사업 지원 및 임대 서비스업",7/76/762/7629/76291," / 임대업, 부동산 제외 / 개인 및 가정용품 임대업 / 기타 개인 및 가정용품 임대업 / 서적 임대업",BUSINESS_SVC,사업지원 서비스업,True,False,leaf_unit,False,,,,,,,,,,,,,,,
76292,의류 임대업,의류 임대업,의류 임대업,subdetail,5,True,7629,7,76.0,762.0,7629.0,76292.0,"사업시설 관리, 사업 지원 및 임대 서비스업","임대업, 부동산 제외",개인 및 가정용품 임대업,기타 개인 및 가정용품 임대업,의류 임대업,"사업시설 관리, 사업 지원 및 임대 서비스업",7/76/762/7629/76292," / 임대업, 부동산 제외 / 개인 및 가정용품 임대업 / 기타 개인 및 가정용품 임대업 / 의류 임대업",BUSINESS_SVC,사업지원 서비스업,True,False,leaf_unit,False,,,,,,,,,,,,,,,
76299,그 외 기타 개인 및 가정용품 임대업,그 외 기타 개인 및 가정용품 임대업,그 외 기타 개인 및 가정용품 임대업,subdetail,5,True,7629,7,76.0,762.0,7629.0,76299.0,"사업시설 관리, 사업 지원 및 임대 서비스업","임대업, 부동산 제외",개인 및 가정용품 임대업,기타 개인 및 가정용품 임대업,그 외 기타 개인 및 가정용품 임대업,"사업시설 관리, 사업 지원 및 임대 서비스업",7/76/762/7629/76299," / 임대업, 부동산 제외 / 개인 및 가정용품 임대업 / 기타 개인 및 가정용품 임대업 / 그 외 기타 개인 및 가정용품 임대업",BUSINESS_SVC,사업지원 서비스업,True,False,leaf_unit,False,,,,,,,,,,,,,,,
76310,건설 및 토목공사용 기계ㆍ장비 임대업,건설 및 토목공사용 기계ㆍ장비 임대업,건설 및 토목공사용 기계ㆍ장비 임대업,subdetail,5,True,7631,7,76.0,763.0,7631.0,76310.0,"사업시설 관리, 사업 지원 및 임대 서비스업","임대업, 부동산 제외",산업용 기계 및 장비 임대업,건설 및 토목공사용 기계ㆍ장비 임대업,건설 및 토목공사용 기계ㆍ장비 임대업,"사업시설 관리, 사업 지원 및 임대 서비스업",7/76/763/7631/76310," / 임대업, 부동산 제외 / 산업용 기계 및 장비 임대업 / 건설 및 토목공사용 기계ㆍ장비 임대업 / 건설 및 토목공사용 기계ㆍ장비 임대업",BUSINESS_SVC,사업지원 서비스업,True,False,leaf_unit,False,,,,,,,,,,,,,,,
76320,컴퓨터 및 사무용 기계ㆍ장비 임대업,컴퓨터 및 사무용 기계ㆍ장비 임대업,컴퓨터 및 사무용 기계ㆍ장비 임대업,subdetail,5,True,7632,7,76.0,763.0,7632.0,76320.0,"사업시설 관리, 사업 지원 및 임대 서비스업","임대업, 부동산 제외",산업용 기계 및 장비 임대업,컴퓨터 및 사무용 기계ㆍ장비 임대업,컴퓨터 및 사무용 기계ㆍ장비 임대업,"사업시설 관리, 사업 지원 및 임대 서비스업",7/76/763/7632/76320," / 임대업, 부동산 제외 / 산업용 기계 및 장비 임대업 / 컴퓨터 및 사무용 기계ㆍ장비 임대업 / 컴퓨터 및 사무용 기계ㆍ장비 임대업",BUSINESS_SVC,사업지원 서비스업,True,False,leaf_unit,False,,,,,,,,,,,,,,,
76390,기타 산업용 기계 및 장비 임대업,기타 산업용 기계 및 장비 임대업,기타 산업용 기계 및 장비 임대업,subdetail,5,True,7639,7,76.0,763.0,7639.0,76390.0,"사업시설 관리, 사업 지원 및 임대 서비스업","임대업, 부동산 제외",산업용 기계 및 장비 임대업,기타 산업용 기계 및 장비 임대업,기타 산업용 기계 및 장비 임대업,"사업시설 관리, 사업 지원 및 임대 서비스업",7/76/763/7639/76390," / 임대업, 부동산 제외 / 산업용 기계 및 장비 임대업 / 기타 산업용 기계 및 장비 임대업 / 기타 산업용 기계 및 장비 임대업",BUSINESS_SVC,사업지원 서비스업,True,False,leaf_unit,False,,,,,,,,,,,,,,,
76400,무형재산권 임대업,무형재산권 임대업,무형재산권 임대업,subdetail,5,True,7640,7,76.0,764.0,7640.0,76400.0,"사업시설 관리, 사업 지원 및 임대 서비스업","임대업, 부동산 제외",무형 재산권 임대업,무형 재산권 임대업,무형재산권 임대업,"사업시설 관리, 사업 지원 및 임대 서비스업",7/76/764/7640/76400," / 임대업, 부동산 제외 / 무형 재산권 임대업 / 무형 재산권 임대업 / 무형재산권 임대업",BUSINESS_SVC,사업지원 서비스업,True,False,leaf_unit,False,,,,,,,,,,,,,,,
84111,입법기관,입법기관,입법기관,subdetail,5,True,8411,8,84.0,841.0,8411.0,84111.0,"공공 행정, 국방 및 사회보장 행정","공공 행정, 국방 및 사회보장 행정",입법 및 일반 정부 행정,일반 공공 행정,입법기관,"공공 행정, 국방 및 사회보장 행정",8/84/841/8411/84111," / 공공 행정, 국방 및 사회보장 행정 / 입법 및 일반 정부 행정 / 일반 공공 행정 / 입법기관",PUBLIC_ADMIN,공공행정·국방,True,False,leaf_unit,False,,,,,,,,,,,,,,,
84112,중앙 최고 집행기관,중앙 최고 집행기관,중앙 최고 집행기관,subdetail,5,True,8411,8,84.0,841.0,8411.0,84112.0,"공공 행정, 국방 및 사회보장 행정","공공 행정, 국방 및 사회보장 행정",입법 및 일반 정부 행정,일반 공공 행정,중앙 최고 집행기관,"공공 행정, 국방 및 사회보장 행정",8/84/841/8411/84112," / 공공 행정, 국방 및 사회보장 행정 / 입법 및 일반 정부 행정 / 일반 공공 행정 / 중앙 최고 집행기관",PUBLIC_ADMIN,공공행정·국방,True,False,leaf_unit,False,,,,,,,,,,,,,,,
84113,지방행정 집행기관,지방행정 집행기관,지방행정 집행기관,subdetail,5,True,8411,8,84.0,841.0,8411.0,84113.0,"공공 행정, 국방 및 사회보장 행정","공공 행정, 국방 및 사회보장 행정",입법 및 일반 정부 행정,일반 공공 행정,지방행정 집행기관,"공공 행정, 국방 및 사회보장 행정",8/84/841/8411/84113," / 공공 행정, 국방 및 사회보장 행정 / 입법 및 일반 정부 행정 / 일반 공공 행정 / 지방행정 집행기관",PUBLIC_ADMIN,공공행정·국방,True,False,leaf_unit,False,,,,,,,,,,,,,,,
84114,재정 및 경제정책 행정,재정 및 경제정책 행정,재정 및 경제정책 행정,subdetail,5,True,8411,8,84.0,841.0,8411.0,84114.0,"공공 행정, 국방 및 사회보장 행정","공공 행정, 국방 및 사회보장 행정",입법 및 일반 정부 행정,일반 공공 행정,재정 및 경제정책 행정,"공공 행정, 국방 및 사회보장 행정",8/84/841/8411/84114," / 공공 행정, 국방 및 사회보장 행정 / 입법 및 일반 정부 행정 / 일반 공공 행정 / 재정 및 경제정책 행정",PUBLIC_ADMIN,공공행정·국방,True,False,leaf_unit,False,,,,,,,,,,,,,,,
84119,기타 일반 공공 행정,기타 일반 공공 행정,기타 일반 공공 행정,subdetail,5,True,8411,8,84.0,841.0,8411.0,84119.0,"공공 행정, 국방 및 사회보장 행정","공공 행정, 국방 및 사회보장 행정",입법 및 일반 정부 행정,일반 공공 행정,기타 일반 공공 행정,"공공 행정, 국방 및 사회보장 행정",8/84/841/8411/84119," / 공공 행정, 국방 및 사회보장 행정 / 입법 및 일반 정부 행정 / 일반 공공 행정 / 기타 일반 공공 행정",PUBLIC_ADMIN,공공행정·국방,True,False,leaf_unit,False,,,,,,,,,,,,,,,
84120,정부기관 일반 보조 행정,정부기관 일반 보조 행정,정부기관 일반 보조 행정,subdetail,5,True,8412,8,84.0,841.0,8412.0,84120.0,"공공 행정, 국방 및 사회보장 행정","공공 행정, 국방 및 사회보장 행정",입법 및 일반 정부 행정,정부기관 일반 보조 행정,정부기관 일반 보조 행정,"공공 행정, 국방 및 사회보장 행정",8/84/841/8412/84120," / 공공 행정, 국방 및 사회보장 행정 / 입법 및 일반 정부 행정 / 정부기관 일반 보조 행정 / 정부기관 일반 보조 행정",PUBLIC_ADMIN,공공행정·국방,True,False,leaf_unit,False,,,,,,,,,,,,,,,
84211,교육 행정,교육 행정,교육 행정,subdetail,5,True,8421,8,84.0,842.0,8421.0,84211.0,"공공 행정, 국방 및 사회보장 행정","공공 행정, 국방 및 사회보장 행정",사회 및 산업정책 행정,사회서비스 관리 행정,교육 행정,"공공 행정, 국방 및 사회보장 행정",8/84/842/8421/84211," / 공공 행정, 국방 및 사회보장 행정 / 사회 및 산업정책 행정 / 사회서비스 관리 행정 / 교육 행정",PUBLIC_ADMIN,공공행정·국방,True,False,leaf_unit,False,,,,,,,,,,,,,,,
84212,문화 및 관광 행정,문화 및 관광 행정,문화 및 관광 행정,subdetail,5,True,8421,8,84.0,842.0,8421.0,84212.0,"공공 행정, 국방 및 사회보장 행정","공공 행정, 국방 및 사회보장 행정",사회 및 산업정책 행정,사회서비스 관리 행정,문화 및 관광 행정,"공공 행정, 국방 및 사회보장 행정",8/84/842/8421/84212," / 공공 행정, 국방 및 사회보장 행정 / 사회 및 산업정책 행정 / 사회서비스 관리 행정 / 문화 및 관광 행정",PUBLIC_ADMIN,공공행정·국방,True,False,leaf_unit,False,,,,,,,,,,,,,,,
84213,환경 행정,환경 행정,환경 행정,subdetail,5,True,8421,8,84.0,842.0,8421.0,84213.0,"공공 행정, 국방 및 사회보장 행정","공공 행정, 국방 및 사회보장 행정",사회 및 산업정책 행정,사회서비스 관리 행정,환경 행정,"공공 행정, 국방 및 사회보장 행정",8/84/842/8421/84213," / 공공 행정, 국방 및 사회보장 행정 / 사회 및 산업정책 행정 / 사회서비스 관리 행정 / 환경 행정",PUBLIC_ADMIN,공공행정·국방,True,False,leaf_unit,False,,,,,,,,,,,,,,,
84214,보건 및 복지 행정,보건 및 복지 행정,보건 및 복지 행정,subdetail,5,True,8421,8,84.0,842.0,8421.0,84214.0,"공공 행정, 국방 및 사회보장 행정","공공 행정, 국방 및 사회보장 행정",사회 및 산업정책 행정,사회서비스 관리 행정,보건 및 복지 행정,"공공 행정, 국방 및 사회보장 행정",8/84/842/8421/84214," / 공공 행정, 국방 및 사회보장 행정 / 사회 및 산업정책 행정 / 사회서비스 관리 행정 / 보건 및 복지 행정",PUBLIC_ADMIN,공공행정·국방,True,False,leaf_unit,False,,,,,,,,,,,,,,,
84219,기타 사회서비스 관리 행정,기타 사회서비스 관리 행정,기타 사회서비스 관리 행정,subdetail,5,True,8421,8,84.0,842.0,8421.0,84219.0,"공공 행정, 국방 및 사회보장 행정","공공 행정, 국방 및 사회보장 행정",사회 및 산업정책 행정,사회서비스 관리 행정,기타 사회서비스 관리 행정,"공공 행정, 국방 및 사회보장 행정",8/84/842/8421/84219," / 공공 행정, 국방 및 사회보장 행정 / 사회 및 산업정책 행정 / 사회서비스 관리 행정 / 기타 사회서비스 관리 행정",PUBLIC_ADMIN,공공행정·국방,True,False,leaf_unit,False,,,,,,,,,,,,,,,
84221,노동 행정,노동 행정,노동 행정,subdetail,5,True,8422,8,84.0,842.0,8422.0,84221.0,"공공 행정, 국방 및 사회보장 행정","공공 행정, 국방 및 사회보장 행정",사회 및 산업정책 행정,노동 및 산업 진흥 행정,노동 행정,"공공 행정, 국방 및 사회보장 행정",8/84/842/8422/84221," / 공공 행정, 국방 및 사회보장 행정 / 사회 및 산업정책 행정 / 노동 및 산업 진흥 행정 / 노동 행정",PUBLIC_ADMIN,공공행정·국방,True,False,leaf_unit,False,,,,,,,,,,,,,,,
84222,농림수산 행정,농림수산 행정,농림수산 행정,subdetail,5,True,8422,8,84.0,842.0,8422.0,84222.0,"공공 행정, 국방 및 사회보장 행정","공공 행정, 국방 및 사회보장 행정",사회 및 산업정책 행정,노동 및 산업 진흥 행정,농림수산 행정,"공공 행정, 국방 및 사회보장 행정",8/84/842/8422/84222," / 공공 행정, 국방 및 사회보장 행정 / 사회 및 산업정책 행정 / 노동 및 산업 진흥 행정 / 농림수산 행정",PUBLIC_ADMIN,공공행정·국방,True,False,leaf_unit,False,,,,,,,,,,,,,,,
84223,건설 및 운송 행정,건설 및 운송 행정,건설 및 운송 행정,subdetail,5,True,8422,8,84.0,842.0,8422.0,84223.0,"공공 행정, 국방 및 사회보장 행정","공공 행정, 국방 및 사회보장 행정",사회 및 산업정책 행정,노동 및 산업 진흥 행정,건설 및 운송 행정,"공공 행정, 국방 및 사회보장 행정",8/84/842/8422/84223," / 공공 행정, 국방 및 사회보장 행정 / 사회 및 산업정책 행정 / 노동 및 산업 진흥 행정 / 건설 및 운송 행정",PUBLIC_ADMIN,공공행정·국방,True,False,leaf_unit,False,,,,,,,,,,,,,,,
84224,우편 및 통신행정,우편 및 통신행정,우편 및 통신행정,subdetail,5,True,8422,8,84.0,842.0,8422.0,84224.0,"공공 행정, 국방 및 사회보장 행정","공공 행정, 국방 및 사회보장 행정",사회 및 산업정책 행정,노동 및 산업 진흥 행정,우편 및 통신행정,"공공 행정, 국방 및 사회보장 행정",8/84/842/8422/84224," / 공공 행정, 국방 및 사회보장 행정 / 사회 및 산업정책 행정 / 노동 및 산업 진흥 행정 / 우편 및 통신행정",PUBLIC_ADMIN,공공행정·국방,True,False,leaf_unit,False,,,,,,,,,,,,,,,
84229,기타 산업진흥 행정,기타 산업진흥 행정,기타 산업진흥 행정,subdetail,5,True,8422,8,84.0,842.0,8422.0,84229.0,"공공 행정, 국방 및 사회보장 행정","공공 행정, 국방 및 사회보장 행정",사회 및 산업정책 행정,노동 및 산업 진흥 행정,기타 산업진흥 행정,"공공 행정, 국방 및 사회보장 행정",8/84/842/8422/84229," / 공공 행정, 국방 및 사회보장 행정 / 사회 및 산업정책 행정 / 노동 및 산업 진흥 행정 / 기타 산업진흥 행정",PUBLIC_ADMIN,공공행정·국방,True,False,leaf_unit,False,,,,,,,,,,,,,,,
84310,외무 행정,외무 행정,외무 행정,subdetail,5,True,8431,8,84.0,843.0,8431.0,84310.0,"공공 행정, 국방 및 사회보장 행정","공공 행정, 국방 및 사회보장 행정",외무 및 국방 행정,외무 행정,외무 행정,"공공 행정, 국방 및 사회보장 행정",8/84/843/8431/84310," / 공공 행정, 국방 및 사회보장 행정 / 외무 및 국방 행정 / 외무 행정 / 외무 행정",PUBLIC_ADMIN,공공행정·국방,True,False,leaf_unit,False,,,,,,,,,,,,,,,
84320,국방 행정,국방 행정,국방 행정,subdetail,5,True,8432,8,84.0,843.0,8432.0,84320.0,"공공 행정, 국방 및 사회보장 행정","공공 행정, 국방 및 사회보장 행정",외무 및 국방 행정,국방 행정,국방 행정,"공공 행정, 국방 및 사회보장 행정",8/84/843/8432/84320," / 공공 행정, 국방 및 사회보장 행정 / 외무 및 국방 행정 / 국방 행정 / 국방 행정",PUBLIC_ADMIN,공공행정·국방,True,False,leaf_unit,False,,,,,,,,,,,,,,,
84401,법원,법원,법원,subdetail,5,True,8440,8,84.0,844.0,8440.0,84401.0,"공공 행정, 국방 및 사회보장 행정","공공 행정, 국방 및 사회보장 행정",사법 및 공공 질서 행정,사법 및 공공 질서 행정,법원,"공공 행정, 국방 및 사회보장 행정",8/84/844/8440/84401," / 공공 행정, 국방 및 사회보장 행정 / 사법 및 공공 질서 행정 / 사법 및 공공 질서 행정 / 법원",PUBLIC_ADMIN,공공행정·국방,True,False,leaf_unit,False,,,,,,,,,,,,,,,
84402,검찰,검찰,검찰,subdetail,5,True,8440,8,84.0,844.0,8440.0,84402.0,"공공 행정, 국방 및 사회보장 행정","공공 행정, 국방 및 사회보장 행정",사법 및 공공 질서 행정,사법 및 공공 질서 행정,검찰,"공공 행정, 국방 및 사회보장 행정",8/84/844/8440/84402," / 공공 행정, 국방 및 사회보장 행정 / 사법 및 공공 질서 행정 / 사법 및 공공 질서 행정 / 검찰",PUBLIC_ADMIN,공공행정·국방,True,False,leaf_unit,False,,,,,,,,,,,,,,,
84403,교도기관,교도기관,교도기관,subdetail,5,True,8440,8,84.0,844.0,8440.0,84403.0,"공공 행정, 국방 및 사회보장 행정","공공 행정, 국방 및 사회보장 행정",사법 및 공공 질서 행정,사법 및 공공 질서 행정,교도기관,"공공 행정, 국방 및 사회보장 행정",8/84/844/8440/84403," / 공공 행정, 국방 및 사회보장 행정 / 사법 및 공공 질서 행정 / 사법 및 공공 질서 행정 / 교도기관",PUBLIC_ADMIN,공공행정·국방,True,False,leaf_unit,False,,,,,,,,,,,,,,,
84404,경찰,경찰,경찰,subdetail,5,True,8440,8,84.0,844.0,8440.0,84404.0,"공공 행정, 국방 및 사회보장 행정","공공 행정, 국방 및 사회보장 행정",사법 및 공공 질서 행정,사법 및 공공 질서 행정,경찰,"공공 행정, 국방 및 사회보장 행정",8/84/844/8440/84404," / 공공 행정, 국방 및 사회보장 행정 / 사법 및 공공 질서 행정 / 사법 및 공공 질서 행정 / 경찰",PUBLIC_ADMIN,공공행정·국방,True,False,leaf_unit,False,,,,,,,,,,,,,,,
84405,소방서,소방서,소방서,subdetail,5,True,8440,8,84.0,844.0,8440.0,84405.0,"공공 행정, 국방 및 사회보장 행정","공공 행정, 국방 및 사회보장 행정",사법 및 공공 질서 행정,사법 및 공공 질서 행정,소방서,"공공 행정, 국방 및 사회보장 행정",8/84/844/8440/84405," / 공공 행정, 국방 및 사회보장 행정 / 사법 및 공공 질서 행정 / 사법 및 공공 질서 행정 / 소방서",PUBLIC_ADMIN,공공행정·국방,True,False,leaf_unit,False,,,,,,,,,,,,,,,
84409,기타 사법 및 공공질서 행정,기타 사법 및 공공질서 행정,기타 사법 및 공공질서 행정,subdetail,5,True,8440,8,84.0,844.0,8440.0,84409.0,"공공 행정, 국방 및 사회보장 행정","공공 행정, 국방 및 사회보장 행정",사법 및 공공 질서 행정,사법 및 공공 질서 행정,기타 사법 및 공공질서 행정,"공공 행정, 국방 및 사회보장 행정",8/84/844/8440/84409," / 공공 행정, 국방 및 사회보장 행정 / 사법 및 공공 질서 행정 / 사법 및 공공 질서 행정 / 기타 사법 및 공공질서 행정",PUBLIC_ADMIN,공공행정·국방,True,False,leaf_unit,False,,,,,,,,,,,,,,,
84500,사회보장 행정,사회보장 행정,사회보장 행정,subdetail,5,True,8450,8,84.0,845.0,8450.0,84500.0,"공공 행정, 국방 및 사회보장 행정","공공 행정, 국방 및 사회보장 행정",사회보장 행정,사회보장 행정,사회보장 행정,"공공 행정, 국방 및 사회보장 행정",8/84/845/8450/84500," / 공공 행정, 국방 및 사회보장 행정 / 사회보장 행정 / 사회보장 행정 / 사회보장 행정",PUBLIC_ADMIN,공공행정·국방,True,False,leaf_unit,False,,,,,,,,,,,,,,,
84611,건강보험업,건강보험업,건강보험업,subdetail,5,True,8461,8,84.0,846.0,8461.0,84611.0,"공공 행정, 국방 및 사회보장 행정","공공 행정, 국방 및 사회보장 행정",사회보장보험업 및 연금업,사회보장 보험업,건강보험업,"공공 행정, 국방 및 사회보장 행정",8/84/846/8461/84611," / 공공 행정, 국방 및 사회보장 행정 / 사회보장보험업 및 연금업 / 사회보장 보험업 / 건강보험업",PUBLIC_ADMIN,공공행정·국방,True,False,leaf_unit,False,,,,,,,,,,,,,,,
84619,산업 재해 및 기타 사회보장보험업,산업 재해 및 기타 사회보장보험업,산업 재해 및 기타 사회보장보험업,subdetail,5,True,8461,8,84.0,846.0,8461.0,84619.0,"공공 행정, 국방 및 사회보장 행정","공공 행정, 국방 및 사회보장 행정",사회보장보험업 및 연금업,사회보장 보험업,산업 재해 및 기타 사회보장보험업,"공공 행정, 국방 및 사회보장 행정",8/84/846/8461/84619," / 공공 행정, 국방 및 사회보장 행정 / 사회보장보험업 및 연금업 / 사회보장 보험업 / 산업 재해 및 기타 사회보장보험업",PUBLIC_ADMIN,공공행정·국방,True,False,leaf_unit,False,,,,,,,,,,,,,,,
84620,연금업,연금업,연금업,subdetail,5,True,8462,8,84.0,846.0,8462.0,84620.0,"공공 행정, 국방 및 사회보장 행정","공공 행정, 국방 및 사회보장 행정",사회보장보험업 및 연금업,연금업,연금업,"공공 행정, 국방 및 사회보장 행정",8/84/846/8462/84620," / 공공 행정, 국방 및 사회보장 행정 / 사회보장보험업 및 연금업 / 연금업 / 연금업",PUBLIC_ADMIN,공공행정·국방,True,False,leaf_unit,False,,,,,,,,,,,,,,,
85110,유아 교육기관,유아 교육기관,유아 교육기관,subdetail,5,True,8511,8,85.0,851.0,8511.0,85110.0,교육 서비스업,교육 서비스업,초등 교육기관,유아 교육기관,유아 교육기관,교육 서비스업,8/85/851/8511/85110, / 교육 서비스업 / 초등 교육기관 / 유아 교육기관 / 유아 교육기관,EDUCATION,교육서비스업,True,True,leaf_unit,False,,,,,,,,,,,,,,,
85120,초등학교,초등학교,초등학교,subdetail,5,True,8512,8,85.0,851.0,8512.0,85120.0,교육 서비스업,교육 서비스업,초등 교육기관,초등학교,초등학교,교육 서비스업,8/85/851/8512/85120, / 교육 서비스업 / 초등 교육기관 / 초등학교 / 초등학교,EDUCATION,교육서비스업,True,True,leaf_unit,False,,,,,,,,,,,,,,,
85211,중학교,중학교,중학교,subdetail,5,True,8521,8,85.0,852.0,8521.0,85211.0,교육 서비스업,교육 서비스업,중등 교육기관,일반 중등 교육기관,중학교,교육 서비스업,8/85/852/8521/85211, / 교육 서비스업 / 중등 교육기관 / 일반 중등 교육기관 / 중학교,EDUCATION,교육서비스업,True,True,leaf_unit,False,,,,,,,,,,,,,,,
85212,일반 고등학교,일반 고등학교,일반 고등학교,subdetail,5,True,8521,8,85.0,852.0,8521.0,85212.0,교육 서비스업,교육 서비스업,중등 교육기관,일반 중등 교육기관,일반 고등학교,교육 서비스업,8/85/852/8521/85212, / 교육 서비스업 / 중등 교육기관 / 일반 중등 교육기관 / 일반 고등학교,EDUCATION,교육서비스업,True,True,leaf_unit,False,,,,,,,,,,,,,,,
85221,상업 및 정보산업 특성화 고등학교,상업 및 정보산업 특성화 고등학교,상업 및 정보산업 특성화 고등학교,subdetail,5,True,8522,8,85.0,852.0,8522.0,85221.0,교육 서비스업,교육 서비스업,중등 교육기관,특성화 고등학교,상업 및 정보산업 특성화 고등학교,교육 서비스업,8/85/852/8522/85221, / 교육 서비스업 / 중등 교육기관 / 특성화 고등학교 / 상업 및 정보산업 특성화 고등학교,EDUCATION,교육서비스업,True,True,leaf_unit,False,,,,,,,,,,,,,,,
85222,공업 특성화 고등학교,공업 특성화 고등학교,공업 특성화 고등학교,subdetail,5,True,8522,8,85.0,852.0,8522.0,85222.0,교육 서비스업,교육 서비스업,중등 교육기관,특성화 고등학교,공업 특성화 고등학교,교육 서비스업,8/85/852/8522/85222, / 교육 서비스업 / 중등 교육기관 / 특성화 고등학교 / 공업 특성화 고등학교,EDUCATION,교육서비스업,True,True,leaf_unit,False,,,,,,,,,,,,,,,
85229,기타 특성화 고등학교,기타 특성화 고등학교,기타 특성화 고등학교,subdetail,5,True,8522,8,85.0,852.0,8522.0,85229.0,교육 서비스업,교육 서비스업,중등 교육기관,특성화 고등학교,기타 특성화 고등학교,교육 서비스업,8/85/852/8522/85229, / 교육 서비스업 / 중등 교육기관 / 특성화 고등학교 / 기타 특성화 고등학교,EDUCATION,교육서비스업,True,True,leaf_unit,False,,,,,,,,,,,,,,,
85301,전문대학,전문대학,전문대학,subdetail,5,True,8530,8,85.0,853.0,8530.0,85301.0,교육 서비스업,교육 서비스업,고등 교육기관,고등 교육기관,전문대학,교육 서비스업,8/85/853/8530/85301, / 교육 서비스업 / 고등 교육기관 / 고등 교육기관 / 전문대학,EDUCATION,교육서비스업,True,True,leaf_unit,False,,,,,,,,,,,,,,,
85302,대학교,대학교,대학교,subdetail,5,True,8530,8,85.0,853.0,8530.0,85302.0,교육 서비스업,교육 서비스업,고등 교육기관,고등 교육기관,대학교,교육 서비스업,8/85/853/8530/85302, / 교육 서비스업 / 고등 교육기관 / 고등 교육기관 / 대학교,EDUCATION,교육서비스업,True,True,leaf_unit,False,,,,,,,,,,,,,,,
85303,대학원,대학원,대학원,subdetail,5,True,8530,8,85.0,853.0,8530.0,85303.0,교육 서비스업,교육 서비스업,고등 교육기관,고등 교육기관,대학원,교육 서비스업,8/85/853/8530/85303, / 교육 서비스업 / 고등 교육기관 / 고등 교육기관 / 대학원,EDUCATION,교육서비스업,True,True,leaf_unit,False,,,,,,,,,,,,,,,
85410,특수학교,특수학교,특수학교,subdetail,5,True,8541,8,85.0,854.0,8541.0,85410.0,교육 서비스업,교육 서비스업,"특수학교, 외국인학교 및 대안학교",특수학교,특수학교,교육 서비스업,8/85/854/8541/85410," / 교육 서비스업 / 특수학교, 외국인학교 및 대안학교 / 특수학교 / 특수학교",EDUCATION,교육서비스업,True,True,leaf_unit,False,,,,,,,,,,,,,,,
85420,외국인 학교,외국인 학교,외국인 학교,subdetail,5,True,8542,8,85.0,854.0,8542.0,85420.0,교육 서비스업,교육 서비스업,"특수학교, 외국인학교 및 대안학교",외국인학교,외국인 학교,교육 서비스업,8/85/854/8542/85420," / 교육 서비스업 / 특수학교, 외국인학교 및 대안학교 / 외국인학교 / 외국인 학교",EDUCATION,교육서비스업,True,True,leaf_unit,False,,,,,,,,,,,,,,,
85430,대안학교,대안학교,대안학교,subdetail,5,True,8543,8,85.0,854.0,8543.0,85430.0,교육 서비스업,교육 서비스업,"특수학교, 외국인학교 및 대안학교",대안학교,대안학교,교육 서비스업,8/85/854/8543/85430," / 교육 서비스업 / 특수학교, 외국인학교 및 대안학교 / 대안학교 / 대안학교",EDUCATION,교육서비스업,True,True,leaf_unit,False,,,,,,,,,,,,,,,
85501,일반 교과 학원,일반 교과 학원,일반 교과 학원,subdetail,5,True,8550,8,85.0,855.0,8550.0,85501.0,교육 서비스업,교육 서비스업,일반 교습학원,일반 교습학원,일반 교과 학원,교육 서비스업,8/85/855/8550/85501, / 교육 서비스업 / 일반 교습학원 / 일반 교습학원 / 일반 교과 학원,EDUCATION,교육서비스업,True,True,leaf_unit,False,,,,,,,,,,,,,,,
85502,방문 교육 학원,방문 교육 학원,방문 교육 학원,subdetail,5,True,8550,8,85.0,855.0,8550.0,85502.0,교육 서비스업,교육 서비스업,일반 교습학원,일반 교습학원,방문 교육 학원,교육 서비스업,8/85/855/8550/85502, / 교육 서비스업 / 일반 교습학원 / 일반 교습학원 / 방문 교육 학원,EDUCATION,교육서비스업,True,True,leaf_unit,False,,,,,,,,,,,,,,,
85503,온라인 교육 학원,온라인 교육 학원,온라인 교육 학원,subdetail,5,True,8550,8,85.0,855.0,8550.0,85503.0,교육 서비스업,교육 서비스업,일반 교습학원,일반 교습학원,온라인 교육 학원,교육 서비스업,8/85/855/8550/85503, / 교육 서비스업 / 일반 교습학원 / 일반 교습학원 / 온라인 교육 학원,EDUCATION,교육서비스업,True,True,leaf_unit,False,,,,,,,,,,,,,,,
85611,태권도 및 무술 교육기관,태권도 및 무술 교육기관,태권도 및 무술 교육기관,subdetail,5,True,8561,8,85.0,856.0,8561.0,85611.0,교육 서비스업,교육 서비스업,기타 교육기관,스포츠 및 레크리에이션 교육기관,태권도 및 무술 교육기관,교육 서비스업,8/85/856/8561/85611, / 교육 서비스업 / 기타 교육기관 / 스포츠 및 레크리에이션 교육기관 / 태권도 및 무술 교육기관,EDUCATION,교육서비스업,True,True,leaf_unit,False,,,,,,,,,,,,,,,
85612,기타 스포츠 교육기관,기타 스포츠 교육기관,기타 스포츠 교육기관,subdetail,5,True,8561,8,85.0,856.0,8561.0,85612.0,교육 서비스업,교육 서비스업,기타 교육기관,스포츠 및 레크리에이션 교육기관,기타 스포츠 교육기관,교육 서비스업,8/85/856/8561/85612, / 교육 서비스업 / 기타 교육기관 / 스포츠 및 레크리에이션 교육기관 / 기타 스포츠 교육기관,EDUCATION,교육서비스업,True,True,leaf_unit,False,,,,,,,,,,,,,,,
85613,레크리에이션 교육기관,레크리에이션 교육기관,레크리에이션 교육기관,subdetail,5,True,8561,8,85.0,856.0,8561.0,85613.0,교육 서비스업,교육 서비스업,기타 교육기관,스포츠 및 레크리에이션 교육기관,레크리에이션 교육기관,교육 서비스업,8/85/856/8561/85613, / 교육 서비스업 / 기타 교육기관 / 스포츠 및 레크리에이션 교육기관 / 레크리에이션 교육기관,EDUCATION,교육서비스업,True,True,leaf_unit,False,,,,,,,,,,,,,,,
85614,청소년 수련시설 운영업,청소년 수련시설 운영업,청소년 수련시설 운영업,subdetail,5,True,8561,8,85.0,856.0,8561.0,85614.0,교육 서비스업,교육 서비스업,기타 교육기관,스포츠 및 레크리에이션 교육기관,청소년 수련시설 운영업,교육 서비스업,8/85/856/8561/85614, / 교육 서비스업 / 기타 교육기관 / 스포츠 및 레크리에이션 교육기관 / 청소년 수련시설 운영업,EDUCATION,교육서비스업,True,True,leaf_unit,False,,,,,,,,,,,,,,,
85621,음악학원,음악학원,음악학원,subdetail,5,True,8562,8,85.0,856.0,8562.0,85621.0,교육 서비스업,교육 서비스업,기타 교육기관,예술학원,음악학원,교육 서비스업,8/85/856/8562/85621, / 교육 서비스업 / 기타 교육기관 / 예술학원 / 음악학원,EDUCATION,교육서비스업,True,True,leaf_unit,False,,,,,,,,,,,,,,,
85622,미술학원,미술학원,미술학원,subdetail,5,True,8562,8,85.0,856.0,8562.0,85622.0,교육 서비스업,교육 서비스업,기타 교육기관,예술학원,미술학원,교육 서비스업,8/85/856/8562/85622, / 교육 서비스업 / 기타 교육기관 / 예술학원 / 미술학원,EDUCATION,교육서비스업,True,True,leaf_unit,False,,,,,,,,,,,,,,,
85629,기타 예술학원,기타 예술학원,기타 예술학원,subdetail,5,True,8562,8,85.0,856.0,8562.0,85629.0,교육 서비스업,교육 서비스업,기타 교육기관,예술학원,기타 예술학원,교육 서비스업,8/85/856/8562/85629, / 교육 서비스업 / 기타 교육기관 / 예술학원 / 기타 예술학원,EDUCATION,교육서비스업,True,True,leaf_unit,False,,,,,,,,,,,,,,,
85631,외국어학원,외국어학원,외국어학원,subdetail,5,True,8563,8,85.0,856.0,8563.0,85631.0,교육 서비스업,교육 서비스업,기타 교육기관,외국어학원 및 기타 교습학원,외국어학원,교육 서비스업,8/85/856/8563/85631, / 교육 서비스업 / 기타 교육기관 / 외국어학원 및 기타 교습학원 / 외국어학원,EDUCATION,교육서비스업,True,True,leaf_unit,False,,,,,,,,,,,,,,,
85632,기타 교습학원,기타 교습학원,기타 교습학원,subdetail,5,True,8563,8,85.0,856.0,8563.0,85632.0,교육 서비스업,교육 서비스업,기타 교육기관,외국어학원 및 기타 교습학원,기타 교습학원,교육 서비스업,8/85/856/8563/85632, / 교육 서비스업 / 기타 교육기관 / 외국어학원 및 기타 교습학원 / 기타 교습학원,EDUCATION,교육서비스업,True,True,leaf_unit,False,,,,,,,,,,,,,,,
85640,사회교육시설,사회교육시설,사회교육시설,subdetail,5,True,8564,8,85.0,856.0,8564.0,85640.0,교육 서비스업,교육 서비스업,기타 교육기관,사회교육시설,사회교육시설,교육 서비스업,8/85/856/8564/85640, / 교육 서비스업 / 기타 교육기관 / 사회교육시설 / 사회교육시설,EDUCATION,교육서비스업,True,True,leaf_unit,False,,,,,,,,,,,,,,,
85650,직원훈련기관,직원훈련기관,직원훈련기관,subdetail,5,True,8565,8,85.0,856.0,8565.0,85650.0,교육 서비스업,교육 서비스업,기타 교육기관,직원 훈련기관,직원훈련기관,교육 서비스업,8/85/856/8565/85650, / 교육 서비스업 / 기타 교육기관 / 직원 훈련기관 / 직원훈련기관,EDUCATION,교육서비스업,True,True,leaf_unit,False,,,,,,,,,,,,,,,
85661,운전학원,운전학원,운전학원,subdetail,5,True,8566,8,85.0,856.0,8566.0,85661.0,교육 서비스업,교육 서비스업,기타 교육기관,기술 및 직업 훈련학원,운전학원,교육 서비스업,8/85/856/8566/85661, / 교육 서비스업 / 기타 교육기관 / 기술 및 직업 훈련학원 / 운전학원,EDUCATION,교육서비스업,True,True,leaf_unit,False,,,,,,,,,,,,,,,
85669,기타 기술 및 직업훈련학원,기타 기술 및 직업훈련학원,기타 기술 및 직업훈련학원,subdetail,5,True,8566,8,85.0,856.0,8566.0,85669.0,교육 서비스업,교육 서비스업,기타 교육기관,기술 및 직업 훈련학원,기타 기술 및 직업훈련학원,교육 서비스업,8/85/856/8566/85669, / 교육 서비스업 / 기타 교육기관 / 기술 및 직업 훈련학원 / 기타 기술 및 직업훈련학원,EDUCATION,교육서비스업,True,True,leaf_unit,False,,,,,,,,,,,,,,,
85691,컴퓨터 학원,컴퓨터 학원,컴퓨터 학원,subdetail,5,True,8569,8,85.0,856.0,8569.0,85691.0,교육 서비스업,교육 서비스업,기타 교육기관,그 외 기타 교육기관,컴퓨터 학원,교육 서비스업,8/85/856/8569/85691, / 교육 서비스업 / 기타 교육기관 / 그 외 기타 교육기관 / 컴퓨터 학원,EDUCATION,교육서비스업,True,True,leaf_unit,False,,,,,,,,,,,,,,,
85699,그 외 기타 분류 안된 교육기관,그 외 기타 분류 안된 교육기관,그 외 기타 분류 안된 교육기관,subdetail,5,True,8569,8,85.0,856.0,8569.0,85699.0,교육 서비스업,교육 서비스업,기타 교육기관,그 외 기타 교육기관,그 외 기타 분류 안된 교육기관,교육 서비스업,8/85/856/8569/85699, / 교육 서비스업 / 기타 교육기관 / 그 외 기타 교육기관 / 그 외 기타 분류 안된 교육기관,EDUCATION,교육서비스업,True,True,leaf_unit,False,,,,,,,,,,,,,,,
85701,교육관련 자문 및 평가업,교육관련 자문 및 평가업,교육관련 자문 및 평가업,subdetail,5,True,8570,8,85.0,857.0,8570.0,85701.0,교육 서비스업,교육 서비스업,교육 지원 서비스업,교육 지원 서비스업,교육관련 자문 및 평가업,교육 서비스업,8/85/857/8570/85701, / 교육 서비스업 / 교육 지원 서비스업 / 교육 지원 서비스업 / 교육관련 자문 및 평가업,EDUCATION,교육서비스업,True,True,leaf_unit,False,,,,,,,,,,,,,,,
85709,기타 교육지원 서비스업,기타 교육지원 서비스업,기타 교육지원 서비스업,subdetail,5,True,8570,8,85.0,857.0,8570.0,85709.0,교육 서비스업,교육 서비스업,교육 지원 서비스업,교육 지원 서비스업,기타 교육지원 서비스업,교육 서비스업,8/85/857/8570/85709, / 교육 서비스업 / 교육 지원 서비스업 / 교육 지원 서비스업 / 기타 교육지원 서비스업,EDUCATION,교육서비스업,True,True,leaf_unit,False,,,,,,,,,,,,,,,
86101,종합 병원,종합 병원,종합 병원,subdetail,5,True,8610,8,86.0,861.0,8610.0,86101.0,보건업 및 사회복지 서비스업,보건업,병원,병원,종합 병원,보건업 및 사회복지 서비스업,8/86/861/8610/86101, / 보건업 / 병원 / 병원 / 종합 병원,HEALTHCARE,보건·사회복지,True,True,leaf_unit,False,,,,,,,,,,,,,,,
86102,일반 병원,일반 병원,일반 병원,subdetail,5,True,8610,8,86.0,861.0,8610.0,86102.0,보건업 및 사회복지 서비스업,보건업,병원,병원,일반 병원,보건업 및 사회복지 서비스업,8/86/861/8610/86102, / 보건업 / 병원 / 병원 / 일반 병원,HEALTHCARE,보건·사회복지,True,True,leaf_unit,False,,,,,,,,,,,,,,,
86103,치과 병원,치과 병원,치과 병원,subdetail,5,True,8610,8,86.0,861.0,8610.0,86103.0,보건업 및 사회복지 서비스업,보건업,병원,병원,치과 병원,보건업 및 사회복지 서비스업,8/86/861/8610/86103, / 보건업 / 병원 / 병원 / 치과 병원,HEALTHCARE,보건·사회복지,True,True,leaf_unit,False,,,,,,,,,,,,,,,
86104,한방 병원,한방 병원,한방 병원,subdetail,5,True,8610,8,86.0,861.0,8610.0,86104.0,보건업 및 사회복지 서비스업,보건업,병원,병원,한방 병원,보건업 및 사회복지 서비스업,8/86/861/8610/86104, / 보건업 / 병원 / 병원 / 한방 병원,HEALTHCARE,보건·사회복지,True,True,leaf_unit,False,,,,,,,,,,,,,,,
86105,요양 병원,요양 병원,요양 병원,subdetail,5,True,8610,8,86.0,861.0,8610.0,86105.0,보건업 및 사회복지 서비스업,보건업,병원,병원,요양 병원,보건업 및 사회복지 서비스업,8/86/861/8610/86105, / 보건업 / 병원 / 병원 / 요양 병원,HEALTHCARE,보건·사회복지,True,True,leaf_unit,False,,,,,,,,,,,,,,,
86201,일반 의원,일반 의원,일반 의원,subdetail,5,True,8620,8,86.0,862.0,8620.0,86201.0,보건업 및 사회복지 서비스업,보건업,의원,의원,일반 의원,보건업 및 사회복지 서비스업,8/86/862/8620/86201, / 보건업 / 의원 / 의원 / 일반 의원,HEALTHCARE,보건·사회복지,True,True,leaf_unit,False,,,,,,,,,,,,,,,
86202,치과 의원,치과 의원,치과 의원,subdetail,5,True,8620,8,86.0,862.0,8620.0,86202.0,보건업 및 사회복지 서비스업,보건업,의원,의원,치과 의원,보건업 및 사회복지 서비스업,8/86/862/8620/86202, / 보건업 / 의원 / 의원 / 치과 의원,HEALTHCARE,보건·사회복지,True,True,leaf_unit,False,,,,,,,,,,,,,,,
86203,한의원,한의원,한의원,subdetail,5,True,8620,8,86.0,862.0,8620.0,86203.0,보건업 및 사회복지 서비스업,보건업,의원,의원,한의원,보건업 및 사회복지 서비스업,8/86/862/8620/86203, / 보건업 / 의원 / 의원 / 한의원,HEALTHCARE,보건·사회복지,True,True,leaf_unit,False,,,,,,,,,,,,,,,
86204,방사선 진단 및 병리 검사 의원,방사선 진단 및 병리 검사 의원,방사선 진단 및 병리 검사 의원,subdetail,5,True,8620,8,86.0,862.0,8620.0,86204.0,보건업 및 사회복지 서비스업,보건업,의원,의원,방사선 진단 및 병리 검사 의원,보건업 및 사회복지 서비스업,8/86/862/8620/86204, / 보건업 / 의원 / 의원 / 방사선 진단 및 병리 검사 의원,HEALTHCARE,보건·사회복지,True,True,leaf_unit,False,,,,,,,,,,,,,,,
86300,공중 보건 의료업,공중 보건 의료업,공중 보건 의료업,subdetail,5,True,8630,8,86.0,863.0,8630.0,86300.0,보건업 및 사회복지 서비스업,보건업,공중 보건 의료업,공중 보건 의료업,공중 보건 의료업,보건업 및 사회복지 서비스업,8/86/863/8630/86300, / 보건업 / 공중 보건 의료업 / 공중 보건 의료업 / 공중 보건 의료업,HEALTHCARE,보건·사회복지,True,True,leaf_unit,False,,,,,,,,,,,,,,,
86901,앰뷸런스 서비스업,앰뷸런스 서비스업,앰뷸런스 서비스업,subdetail,5,True,8690,8,86.0,869.0,8690.0,86901.0,보건업 및 사회복지 서비스업,보건업,기타 보건업,기타 보건업,앰뷸런스 서비스업,보건업 및 사회복지 서비스업,8/86/869/8690/86901, / 보건업 / 기타 보건업 / 기타 보건업 / 앰뷸런스 서비스업,HEALTHCARE,보건·사회복지,True,True,leaf_unit,False,,,,,,,,,,,,,,,
86902,유사 의료업,유사 의료업,유사 의료업,subdetail,5,True,8690,8,86.0,869.0,8690.0,86902.0,보건업 및 사회복지 서비스업,보건업,기타 보건업,기타 보건업,유사 의료업,보건업 및 사회복지 서비스업,8/86/869/8690/86902, / 보건업 / 기타 보건업 / 기타 보건업 / 유사 의료업,HEALTHCARE,보건·사회복지,True,True,leaf_unit,False,,,,,,,,,,,,,,,
86909,그 외 기타 보건업,그 외 기타 보건업,그 외 기타 보건업,subdetail,5,True,8690,8,86.0,869.0,8690.0,86909.0,보건업 및 사회복지 서비스업,보건업,기타 보건업,기타 보건업,그 외 기타 보건업,보건업 및 사회복지 서비스업,8/86/869/8690/86909, / 보건업 / 기타 보건업 / 기타 보건업 / 그 외 기타 보건업,HEALTHCARE,보건·사회복지,True,True,leaf_unit,False,,,,,,,,,,,,,,,
87111,노인 요양 복지시설 운영업,노인 요양 복지시설 운영업,노인 요양 복지시설 운영업,subdetail,5,True,8711,8,87.0,871.0,8711.0,87111.0,보건업 및 사회복지 서비스업,사회복지 서비스업,거주 복지시설 운영업,노인 거주 복지시설 운영업,노인 요양 복지시설 운영업,보건업 및 사회복지 서비스업,8/87/871/8711/87111, / 사회복지 서비스업 / 거주 복지시설 운영업 / 노인 거주 복지시설 운영업 / 노인 요양 복지시설 운영업,HEALTHCARE,보건·사회복지,True,True,leaf_unit,False,,,,,,,,,,,,,,,
87112,노인 양로 복지시설 운영업,노인 양로 복지시설 운영업,노인 양로 복지시설 운영업,subdetail,5,True,8711,8,87.0,871.0,8711.0,87112.0,보건업 및 사회복지 서비스업,사회복지 서비스업,거주 복지시설 운영업,노인 거주 복지시설 운영업,노인 양로 복지시설 운영업,보건업 및 사회복지 서비스업,8/87/871/8711/87112, / 사회복지 서비스업 / 거주 복지시설 운영업 / 노인 거주 복지시설 운영업 / 노인 양로 복지시설 운영업,HEALTHCARE,보건·사회복지,True,True,leaf_unit,False,,,,,,,,,,,,,,,
87121,신체 부자유자 거주 복지시설 운영업,신체 부자유자 거주 복지시설 운영업,신체 부자유자 거주 복지시설 운영업,subdetail,5,True,8712,8,87.0,871.0,8712.0,87121.0,보건업 및 사회복지 서비스업,사회복지 서비스업,거주 복지시설 운영업,심신 장애인 거주 복지시설 운영업,신체 부자유자 거주 복지시설 운영업,보건업 및 사회복지 서비스업,8/87/871/8712/87121, / 사회복지 서비스업 / 거주 복지시설 운영업 / 심신 장애인 거주 복지시설 운영업 / 신체 부자유자 거주 복지시설 운영업,HEALTHCARE,보건·사회복지,True,True,leaf_unit,False,,,,,,,,,,,,,,,
87122,"정신질환, 정신지체 및 약물 중독자 거주 복지시설 운영업","정신질환, 정신지체 및 약물 중독자 거주 복지시설 운영업","정신질환, 정신지체 및 약물 중독자 거주 복지시설 운영업",subdetail,5,True,8712,8,87.0,871.0,8712.0,87122.0,보건업 및 사회복지 서비스업,사회복지 서비스업,거주 복지시설 운영업,심신 장애인 거주 복지시설 운영업,"정신질환, 정신지체 및 약물 중독자 거주 복지시설 운영업",보건업 및 사회복지 서비스업,8/87/871/8712/87122," / 사회복지 서비스업 / 거주 복지시설 운영업 / 심신 장애인 거주 복지시설 운영업 / 정신질환, 정신지체 및 약물 중독자 거주 복지시설 운영업",HEALTHCARE,보건·사회복지,True,True,leaf_unit,False,,,,,,,,,,,,,,,
87131,아동 및 부녀자 거주 복지시설 운영업,아동 및 부녀자 거주 복지시설 운영업,아동 및 부녀자 거주 복지시설 운영업,subdetail,5,True,8713,8,87.0,871.0,8713.0,87131.0,보건업 및 사회복지 서비스업,사회복지 서비스업,거주 복지시설 운영업,기타 거주 복지시설 운영업,아동 및 부녀자 거주 복지시설 운영업,보건업 및 사회복지 서비스업,8/87/871/8713/87131, / 사회복지 서비스업 / 거주 복지시설 운영업 / 기타 거주 복지시설 운영업 / 아동 및 부녀자 거주 복지시설 운영업,HEALTHCARE,보건·사회복지,True,True,leaf_unit,False,,,,,,,,,,,,,,,
87139,그 외 기타 거주 복지시설 운영업,그 외 기타 거주 복지시설 운영업,그 외 기타 거주 복지시설 운영업,subdetail,5,True,8713,8,87.0,871.0,8713.0,87139.0,보건업 및 사회복지 서비스업,사회복지 서비스업,거주 복지시설 운영업,기타 거주 복지시설 운영업,그 외 기타 거주 복지시설 운영업,보건업 및 사회복지 서비스업,8/87/871/8713/87139, / 사회복지 서비스업 / 거주 복지시설 운영업 / 기타 거주 복지시설 운영업 / 그 외 기타 거주 복지시설 운영업,HEALTHCARE,보건·사회복지,True,True,leaf_unit,False,,,,,,,,,,,,,,,
87210,보육시설 운영업,보육시설 운영업,보육시설 운영업,subdetail,5,True,8721,8,87.0,872.0,8721.0,87210.0,보건업 및 사회복지 서비스업,사회복지 서비스업,비거주 복지시설 운영업,보육시설 운영업,보육시설 운영업,보건업 및 사회복지 서비스업,8/87/872/8721/87210, / 사회복지 서비스업 / 비거주 복지시설 운영업 / 보육시설 운영업 / 보육시설 운영업,HEALTHCARE,보건·사회복지,True,True,leaf_unit,False,,,,,,,,,,,,,,,
87291,직업재활원 운영업,직업재활원 운영업,직업재활원 운영업,subdetail,5,True,8729,8,87.0,872.0,8729.0,87291.0,보건업 및 사회복지 서비스업,사회복지 서비스업,비거주 복지시설 운영업,기타 비거주 복지 서비스업,직업재활원 운영업,보건업 및 사회복지 서비스업,8/87/872/8729/87291, / 사회복지 서비스업 / 비거주 복지시설 운영업 / 기타 비거주 복지 서비스업 / 직업재활원 운영업,HEALTHCARE,보건·사회복지,True,True,leaf_unit,False,,,,,,,,,,,,,,,
87292,종합복지관 운영업,종합복지관 운영업,종합복지관 운영업,subdetail,5,True,8729,8,87.0,872.0,8729.0,87292.0,보건업 및 사회복지 서비스업,사회복지 서비스업,비거주 복지시설 운영업,기타 비거주 복지 서비스업,종합복지관 운영업,보건업 및 사회복지 서비스업,8/87/872/8729/87292, / 사회복지 서비스업 / 비거주 복지시설 운영업 / 기타 비거주 복지 서비스업 / 종합복지관 운영업,HEALTHCARE,보건·사회복지,True,True,leaf_unit,False,,,,,,,,,,,,,,,
87293,방문 복지서비스 제공업,방문 복지서비스 제공업,방문 복지서비스 제공업,subdetail,5,True,8729,8,87.0,872.0,8729.0,87293.0,보건업 및 사회복지 서비스업,사회복지 서비스업,비거주 복지시설 운영업,기타 비거주 복지 서비스업,방문 복지서비스 제공업,보건업 및 사회복지 서비스업,8/87/872/8729/87293, / 사회복지 서비스업 / 비거주 복지시설 운영업 / 기타 비거주 복지 서비스업 / 방문 복지서비스 제공업,HEALTHCARE,보건·사회복지,True,True,leaf_unit,False,,,,,,,,,,,,,,,
87294,사회복지 상담서비스 제공업,사회복지 상담서비스 제공업,사회복지 상담서비스 제공업,subdetail,5,True,8729,8,87.0,872.0,8729.0,87294.0,보건업 및 사회복지 서비스업,사회복지 서비스업,비거주 복지시설 운영업,기타 비거주 복지 서비스업,사회복지 상담서비스 제공업,보건업 및 사회복지 서비스업,8/87/872/8729/87294, / 사회복지 서비스업 / 비거주 복지시설 운영업 / 기타 비거주 복지 서비스업 / 사회복지 상담서비스 제공업,HEALTHCARE,보건·사회복지,True,True,leaf_unit,False,,,,,,,,,,,,,,,
87299,그 외 기타 비거주 복지 서비스업,그 외 기타 비거주 복지 서비스업,그 외 기타 비거주 복지 서비스업,subdetail,5,True,8729,8,87.0,872.0,8729.0,87299.0,보건업 및 사회복지 서비스업,사회복지 서비스업,비거주 복지시설 운영업,기타 비거주 복지 서비스업,그 외 기타 비거주 복지 서비스업,보건업 및 사회복지 서비스업,8/87/872/8729/87299, / 사회복지 서비스업 / 비거주 복지시설 운영업 / 기타 비거주 복지 서비스업 / 그 외 기타 비거주 복지 서비스업,HEALTHCARE,보건·사회복지,True,True,leaf_unit,False,,,,,,,,,,,,,,,
90110,공연시설 운영업,공연시설 운영업,공연시설 운영업,subdetail,5,True,9011,9,90.0,901.0,9011.0,90110.0,"예술, 스포츠 및 여가관련 서비스업","창작, 예술 및 여가관련 서비스업",창작 및 예술관련 서비스업,공연시설 운영업,공연시설 운영업,"예술, 스포츠 및 여가관련 서비스업",9/90/901/9011/90110," / 창작, 예술 및 여가관련 서비스업 / 창작 및 예술관련 서비스업 / 공연시설 운영업 / 공연시설 운영업",ARTS_SPORTS,문화·예술·스포츠,True,False,leaf_unit,False,,,,,,,,,,,,,,,
90121,연극단체,연극단체,연극단체,subdetail,5,True,9012,9,90.0,901.0,9012.0,90121.0,"예술, 스포츠 및 여가관련 서비스업","창작, 예술 및 여가관련 서비스업",창작 및 예술관련 서비스업,공연단체,연극단체,"예술, 스포츠 및 여가관련 서비스업",9/90/901/9012/90121," / 창작, 예술 및 여가관련 서비스업 / 창작 및 예술관련 서비스업 / 공연단체 / 연극단체",ARTS_SPORTS,문화·예술·스포츠,True,False,leaf_unit,False,,,,,,,,,,,,,,,
90122,무용 및 음악단체,무용 및 음악단체,무용 및 음악단체,subdetail,5,True,9012,9,90.0,901.0,9012.0,90122.0,"예술, 스포츠 및 여가관련 서비스업","창작, 예술 및 여가관련 서비스업",창작 및 예술관련 서비스업,공연단체,무용 및 음악단체,"예술, 스포츠 및 여가관련 서비스업",9/90/901/9012/90122," / 창작, 예술 및 여가관련 서비스업 / 창작 및 예술관련 서비스업 / 공연단체 / 무용 및 음악단체",ARTS_SPORTS,문화·예술·스포츠,True,False,leaf_unit,False,,,,,,,,,,,,,,,
90123,기타 공연단체,기타 공연단체,기타 공연단체,subdetail,5,True,9012,9,90.0,901.0,9012.0,90123.0,"예술, 스포츠 및 여가관련 서비스업","창작, 예술 및 여가관련 서비스업",창작 및 예술관련 서비스업,공연단체,기타 공연단체,"예술, 스포츠 및 여가관련 서비스업",9/90/901/9012/90123," / 창작, 예술 및 여가관련 서비스업 / 창작 및 예술관련 서비스업 / 공연단체 / 기타 공연단체",ARTS_SPORTS,문화·예술·스포츠,True,False,leaf_unit,False,,,,,,,,,,,,,,,
90131,공연 예술가,공연 예술가,공연 예술가,subdetail,5,True,9013,9,90.0,901.0,9013.0,90131.0,"예술, 스포츠 및 여가관련 서비스업","창작, 예술 및 여가관련 서비스업",창작 및 예술관련 서비스업,자영 예술가,공연 예술가,"예술, 스포츠 및 여가관련 서비스업",9/90/901/9013/90131," / 창작, 예술 및 여가관련 서비스업 / 창작 및 예술관련 서비스업 / 자영 예술가 / 공연 예술가",ARTS_SPORTS,문화·예술·스포츠,True,False,leaf_unit,False,,,,,,,,,,,,,,,
90132,비공연 예술가,비공연 예술가,비공연 예술가,subdetail,5,True,9013,9,90.0,901.0,9013.0,90132.0,"예술, 스포츠 및 여가관련 서비스업","창작, 예술 및 여가관련 서비스업",창작 및 예술관련 서비스업,자영 예술가,비공연 예술가,"예술, 스포츠 및 여가관련 서비스업",9/90/901/9013/90132," / 창작, 예술 및 여가관련 서비스업 / 창작 및 예술관련 서비스업 / 자영 예술가 / 비공연 예술가",ARTS_SPORTS,문화·예술·스포츠,True,False,leaf_unit,False,,,,,,,,,,,,,,,
90191,공연 기획업,공연 기획업,공연 기획업,subdetail,5,True,9019,9,90.0,901.0,9019.0,90191.0,"예술, 스포츠 및 여가관련 서비스업","창작, 예술 및 여가관련 서비스업",창작 및 예술관련 서비스업,기타 창작 및 예술관련 서비스업,공연 기획업,"예술, 스포츠 및 여가관련 서비스업",9/90/901/9019/90191," / 창작, 예술 및 여가관련 서비스업 / 창작 및 예술관련 서비스업 / 기타 창작 및 예술관련 서비스업 / 공연 기획업",ARTS_SPORTS,문화·예술·스포츠,True,False,leaf_unit,False,,,,,,,,,,,,,,,
90199,그 외 기타 창작 및 예술관련 서비스업,그 외 기타 창작 및 예술관련 서비스업,그 외 기타 창작 및 예술관련 서비스업,subdetail,5,True,9019,9,90.0,901.0,9019.0,90199.0,"예술, 스포츠 및 여가관련 서비스업","창작, 예술 및 여가관련 서비스업",창작 및 예술관련 서비스업,기타 창작 및 예술관련 서비스업,그 외 기타 창작 및 예술관련 서비스업,"예술, 스포츠 및 여가관련 서비스업",9/90/901/9019/90199," / 창작, 예술 및 여가관련 서비스업 / 창작 및 예술관련 서비스업 / 기타 창작 및 예술관련 서비스업 / 그 외 기타 창작 및 예술관련 서비스업",ARTS_SPORTS,문화·예술·스포츠,True,False,leaf_unit,False,,,,,,,,,,,,,,,
90211,도서관 및 기록보존소 운영업,도서관 및 기록보존소 운영업,도서관 및 기록보존소 운영업,subdetail,5,True,9021,9,90.0,902.0,9021.0,90211.0,"예술, 스포츠 및 여가관련 서비스업","창작, 예술 및 여가관련 서비스업","도서관, 사적지 및 유사 여가관련 서비스업","도서관, 기록 보존소 및 독서실 운영업",도서관 및 기록보존소 운영업,"예술, 스포츠 및 여가관련 서비스업",9/90/902/9021/90211," / 창작, 예술 및 여가관련 서비스업 / 도서관, 사적지 및 유사 여가관련 서비스업 / 도서관, 기록 보존소 및 독서실 운영업 / 도서관 및 기록보존소 운영업",ARTS_SPORTS,문화·예술·스포츠,True,False,leaf_unit,False,,,,,,,,,,,,,,,
90212,독서실 운영업,독서실 운영업,독서실 운영업,subdetail,5,True,9021,9,90.0,902.0,9021.0,90212.0,"예술, 스포츠 및 여가관련 서비스업","창작, 예술 및 여가관련 서비스업","도서관, 사적지 및 유사 여가관련 서비스업","도서관, 기록 보존소 및 독서실 운영업",독서실 운영업,"예술, 스포츠 및 여가관련 서비스업",9/90/902/9021/90212," / 창작, 예술 및 여가관련 서비스업 / 도서관, 사적지 및 유사 여가관련 서비스업 / 도서관, 기록 보존소 및 독서실 운영업 / 독서실 운영업",ARTS_SPORTS,문화·예술·스포츠,True,False,leaf_unit,False,,,,,,,,,,,,,,,
90221,박물관 운영업,박물관 운영업,박물관 운영업,subdetail,5,True,9022,9,90.0,902.0,9022.0,90221.0,"예술, 스포츠 및 여가관련 서비스업","창작, 예술 및 여가관련 서비스업","도서관, 사적지 및 유사 여가관련 서비스업",박물관 및 사적지 관리 운영업,박물관 운영업,"예술, 스포츠 및 여가관련 서비스업",9/90/902/9022/90221," / 창작, 예술 및 여가관련 서비스업 / 도서관, 사적지 및 유사 여가관련 서비스업 / 박물관 및 사적지 관리 운영업 / 박물관 운영업",ARTS_SPORTS,문화·예술·스포츠,True,False,leaf_unit,False,,,,,,,,,,,,,,,
90222,사적지 관리 운영업,사적지 관리 운영업,사적지 관리 운영업,subdetail,5,True,9022,9,90.0,902.0,9022.0,90222.0,"예술, 스포츠 및 여가관련 서비스업","창작, 예술 및 여가관련 서비스업","도서관, 사적지 및 유사 여가관련 서비스업",박물관 및 사적지 관리 운영업,사적지 관리 운영업,"예술, 스포츠 및 여가관련 서비스업",9/90/902/9022/90222," / 창작, 예술 및 여가관련 서비스업 / 도서관, 사적지 및 유사 여가관련 서비스업 / 박물관 및 사적지 관리 운영업 / 사적지 관리 운영업",ARTS_SPORTS,문화·예술·스포츠,True,False,leaf_unit,False,,,,,,,,,,,,,,,
90231,식물원 및 동물원 운영업,식물원 및 동물원 운영업,식물원 및 동물원 운영업,subdetail,5,True,9023,9,90.0,902.0,9023.0,90231.0,"예술, 스포츠 및 여가관련 서비스업","창작, 예술 및 여가관련 서비스업","도서관, 사적지 및 유사 여가관련 서비스업","식물원, 동물원 및 자연공원 운영업",식물원 및 동물원 운영업,"예술, 스포츠 및 여가관련 서비스업",9/90/902/9023/90231," / 창작, 예술 및 여가관련 서비스업 / 도서관, 사적지 및 유사 여가관련 서비스업 / 식물원, 동물원 및 자연공원 운영업 / 식물원 및 동물원 운영업",ARTS_SPORTS,문화·예술·스포츠,True,False,leaf_unit,False,,,,,,,,,,,,,,,
90232,자연공원 운영업,자연공원 운영업,자연공원 운영업,subdetail,5,True,9023,9,90.0,902.0,9023.0,90232.0,"예술, 스포츠 및 여가관련 서비스업","창작, 예술 및 여가관련 서비스업","도서관, 사적지 및 유사 여가관련 서비스업","식물원, 동물원 및 자연공원 운영업",자연공원 운영업,"예술, 스포츠 및 여가관련 서비스업",9/90/902/9023/90232," / 창작, 예술 및 여가관련 서비스업 / 도서관, 사적지 및 유사 여가관련 서비스업 / 식물원, 동물원 및 자연공원 운영업 / 자연공원 운영업",ARTS_SPORTS,문화·예술·스포츠,True,False,leaf_unit,False,,,,,,,,,,,,,,,
90290,기타 유사 여가관련 서비스업,기타 유사 여가관련 서비스업,기타 유사 여가관련 서비스업,subdetail,5,True,9029,9,90.0,902.0,9029.0,90290.0,"예술, 스포츠 및 여가관련 서비스업","창작, 예술 및 여가관련 서비스업","도서관, 사적지 및 유사 여가관련 서비스업",기타 유사 여가관련 서비스업,기타 유사 여가관련 서비스업,"예술, 스포츠 및 여가관련 서비스업",9/90/902/9029/90290," / 창작, 예술 및 여가관련 서비스업 / 도서관, 사적지 및 유사 여가관련 서비스업 / 기타 유사 여가관련 서비스업 / 기타 유사 여가관련 서비스업",ARTS_SPORTS,문화·예술·스포츠,True,False,leaf_unit,False,,,,,,,,,,,,,,,
91111,실내 경기장 운영업,실내 경기장 운영업,실내 경기장 운영업,subdetail,5,True,9111,9,91.0,911.0,9111.0,91111.0,"예술, 스포츠 및 여가관련 서비스업",스포츠 및 오락관련 서비스업,스포츠 서비스업,경기장 운영업,실내 경기장 운영업,"예술, 스포츠 및 여가관련 서비스업",9/91/911/9111/91111, / 스포츠 및 오락관련 서비스업 / 스포츠 서비스업 / 경기장 운영업 / 실내 경기장 운영업,ARTS_SPORTS,문화·예술·스포츠,True,False,leaf_unit,False,,,,,,,,,,,,,,,
91112,실외 경기장 운영업,실외 경기장 운영업,실외 경기장 운영업,subdetail,5,True,9111,9,91.0,911.0,9111.0,91112.0,"예술, 스포츠 및 여가관련 서비스업",스포츠 및 오락관련 서비스업,스포츠 서비스업,경기장 운영업,실외 경기장 운영업,"예술, 스포츠 및 여가관련 서비스업",9/91/911/9111/91112, / 스포츠 및 오락관련 서비스업 / 스포츠 서비스업 / 경기장 운영업 / 실외 경기장 운영업,ARTS_SPORTS,문화·예술·스포츠,True,False,leaf_unit,False,,,,,,,,,,,,,,,
91113,경주장 및 동물 경기장 운영업,경주장 및 동물 경기장 운영업,경주장 및 동물 경기장 운영업,subdetail,5,True,9111,9,91.0,911.0,9111.0,91113.0,"예술, 스포츠 및 여가관련 서비스업",스포츠 및 오락관련 서비스업,스포츠 서비스업,경기장 운영업,경주장 및 동물 경기장 운영업,"예술, 스포츠 및 여가관련 서비스업",9/91/911/9111/91113, / 스포츠 및 오락관련 서비스업 / 스포츠 서비스업 / 경기장 운영업 / 경주장 및 동물 경기장 운영업,ARTS_SPORTS,문화·예술·스포츠,True,False,leaf_unit,False,,,,,,,,,,,,,,,
91121,골프장 운영업,골프장 운영업,골프장 운영업,subdetail,5,True,9112,9,91.0,911.0,9112.0,91121.0,"예술, 스포츠 및 여가관련 서비스업",스포츠 및 오락관련 서비스업,스포츠 서비스업,골프장 및 스키장 운영업,골프장 운영업,"예술, 스포츠 및 여가관련 서비스업",9/91/911/9112/91121, / 스포츠 및 오락관련 서비스업 / 스포츠 서비스업 / 골프장 및 스키장 운영업 / 골프장 운영업,ARTS_SPORTS,문화·예술·스포츠,True,False,leaf_unit,False,,,,,,,,,,,,,,,
91122,스키장 운영업,스키장 운영업,스키장 운영업,subdetail,5,True,9112,9,91.0,911.0,9112.0,91122.0,"예술, 스포츠 및 여가관련 서비스업",스포츠 및 오락관련 서비스업,스포츠 서비스업,골프장 및 스키장 운영업,스키장 운영업,"예술, 스포츠 및 여가관련 서비스업",9/91/911/9112/91122, / 스포츠 및 오락관련 서비스업 / 스포츠 서비스업 / 골프장 및 스키장 운영업 / 스키장 운영업,ARTS_SPORTS,문화·예술·스포츠,True,False,leaf_unit,False,,,,,,,,,,,,,,,
91131,종합 스포츠시설 운영업,종합 스포츠시설 운영업,종합 스포츠시설 운영업,subdetail,5,True,9113,9,91.0,911.0,9113.0,91131.0,"예술, 스포츠 및 여가관련 서비스업",스포츠 및 오락관련 서비스업,스포츠 서비스업,기타 스포츠시설 운영업,종합 스포츠시설 운영업,"예술, 스포츠 및 여가관련 서비스업",9/91/911/9113/91131, / 스포츠 및 오락관련 서비스업 / 스포츠 서비스업 / 기타 스포츠시설 운영업 / 종합 스포츠시설 운영업,ARTS_SPORTS,문화·예술·스포츠,True,False,leaf_unit,False,,,,,,,,,,,,,,,
91132,체력단련시설 운영업,체력단련시설 운영업,체력단련시설 운영업,subdetail,5,True,9113,9,91.0,911.0,9113.0,91132.0,"예술, 스포츠 및 여가관련 서비스업",스포츠 및 오락관련 서비스업,스포츠 서비스업,기타 스포츠시설 운영업,체력단련시설 운영업,"예술, 스포츠 및 여가관련 서비스업",9/91/911/9113/91132, / 스포츠 및 오락관련 서비스업 / 스포츠 서비스업 / 기타 스포츠시설 운영업 / 체력단련시설 운영업,ARTS_SPORTS,문화·예술·스포츠,True,False,leaf_unit,False,,,,,,,,,,,,,,,
91133,수영장 운영업,수영장 운영업,수영장 운영업,subdetail,5,True,9113,9,91.0,911.0,9113.0,91133.0,"예술, 스포츠 및 여가관련 서비스업",스포츠 및 오락관련 서비스업,스포츠 서비스업,기타 스포츠시설 운영업,수영장 운영업,"예술, 스포츠 및 여가관련 서비스업",9/91/911/9113/91133, / 스포츠 및 오락관련 서비스업 / 스포츠 서비스업 / 기타 스포츠시설 운영업 / 수영장 운영업,ARTS_SPORTS,문화·예술·스포츠,True,False,leaf_unit,False,,,,,,,,,,,,,,,
91134,볼링장 운영업,볼링장 운영업,볼링장 운영업,subdetail,5,True,9113,9,91.0,911.0,9113.0,91134.0,"예술, 스포츠 및 여가관련 서비스업",스포츠 및 오락관련 서비스업,스포츠 서비스업,기타 스포츠시설 운영업,볼링장 운영업,"예술, 스포츠 및 여가관련 서비스업",9/91/911/9113/91134, / 스포츠 및 오락관련 서비스업 / 스포츠 서비스업 / 기타 스포츠시설 운영업 / 볼링장 운영업,ARTS_SPORTS,문화·예술·스포츠,True,False,leaf_unit,False,,,,,,,,,,,,,,,
91135,당구장 운영업,당구장 운영업,당구장 운영업,subdetail,5,True,9113,9,91.0,911.0,9113.0,91135.0,"예술, 스포츠 및 여가관련 서비스업",스포츠 및 오락관련 서비스업,스포츠 서비스업,기타 스포츠시설 운영업,당구장 운영업,"예술, 스포츠 및 여가관련 서비스업",9/91/911/9113/91135, / 스포츠 및 오락관련 서비스업 / 스포츠 서비스업 / 기타 스포츠시설 운영업 / 당구장 운영업,ARTS_SPORTS,문화·예술·스포츠,True,False,leaf_unit,False,,,,,,,,,,,,,,,
91136,골프연습장 운영업,골프연습장 운영업,골프연습장 운영업,subdetail,5,True,9113,9,91.0,911.0,9113.0,91136.0,"예술, 스포츠 및 여가관련 서비스업",스포츠 및 오락관련 서비스업,스포츠 서비스업,기타 스포츠시설 운영업,골프연습장 운영업,"예술, 스포츠 및 여가관련 서비스업",9/91/911/9113/91136, / 스포츠 및 오락관련 서비스업 / 스포츠 서비스업 / 기타 스포츠시설 운영업 / 골프연습장 운영업,ARTS_SPORTS,문화·예술·스포츠,True,False,leaf_unit,False,,,,,,,,,,,,,,,
91139,그 외 기타 스포츠시설 운영업,그 외 기타 스포츠시설 운영업,그 외 기타 스포츠시설 운영업,subdetail,5,True,9113,9,91.0,911.0,9113.0,91139.0,"예술, 스포츠 및 여가관련 서비스업",스포츠 및 오락관련 서비스업,스포츠 서비스업,기타 스포츠시설 운영업,그 외 기타 스포츠시설 운영업,"예술, 스포츠 및 여가관련 서비스업",9/91/911/9113/91139, / 스포츠 및 오락관련 서비스업 / 스포츠 서비스업 / 기타 스포츠시설 운영업 / 그 외 기타 스포츠시설 운영업,ARTS_SPORTS,문화·예술·스포츠,True,False,leaf_unit,False,,,,,,,,,,,,,,,
91191,스포츠 클럽 운영업,스포츠 클럽 운영업,스포츠 클럽 운영업,subdetail,5,True,9119,9,91.0,911.0,9119.0,91191.0,"예술, 스포츠 및 여가관련 서비스업",스포츠 및 오락관련 서비스업,스포츠 서비스업,기타 스포츠 서비스업,스포츠 클럽 운영업,"예술, 스포츠 및 여가관련 서비스업",9/91/911/9119/91191, / 스포츠 및 오락관련 서비스업 / 스포츠 서비스업 / 기타 스포츠 서비스업 / 스포츠 클럽 운영업,ARTS_SPORTS,문화·예술·스포츠,True,False,leaf_unit,False,,,,,,,,,,,,,,,
91199,그 외 기타 스포츠 서비스업,그 외 기타 스포츠 서비스업,그 외 기타 스포츠 서비스업,subdetail,5,True,9119,9,91.0,911.0,9119.0,91199.0,"예술, 스포츠 및 여가관련 서비스업",스포츠 및 오락관련 서비스업,스포츠 서비스업,기타 스포츠 서비스업,그 외 기타 스포츠 서비스업,"예술, 스포츠 및 여가관련 서비스업",9/91/911/9119/91199, / 스포츠 및 오락관련 서비스업 / 스포츠 서비스업 / 기타 스포츠 서비스업 / 그 외 기타 스포츠 서비스업,ARTS_SPORTS,문화·예술·스포츠,True,False,leaf_unit,False,,,,,,,,,,,,,,,
91210,유원지 및 테마파크 운영업,유원지 및 테마파크 운영업,유원지 및 테마파크 운영업,subdetail,5,True,9121,9,91.0,912.0,9121.0,91210.0,"예술, 스포츠 및 여가관련 서비스업",스포츠 및 오락관련 서비스업,유원지 및 기타 오락관련 서비스업,유원지 및 테마파크 운영업,유원지 및 테마파크 운영업,"예술, 스포츠 및 여가관련 서비스업",9/91/912/9121/91210, / 스포츠 및 오락관련 서비스업 / 유원지 및 기타 오락관련 서비스업 / 유원지 및 테마파크 운영업 / 유원지 및 테마파크 운영업,ARTS_SPORTS,문화·예술·스포츠,True,False,leaf_unit,False,,,,,,,,,,,,,,,
91221,전자 게임장 운영업,전자 게임장 운영업,전자 게임장 운영업,subdetail,5,True,9122,9,91.0,912.0,9122.0,91221.0,"예술, 스포츠 및 여가관련 서비스업",스포츠 및 오락관련 서비스업,유원지 및 기타 오락관련 서비스업,오락장 운영업,전자 게임장 운영업,"예술, 스포츠 및 여가관련 서비스업",9/91/912/9122/91221, / 스포츠 및 오락관련 서비스업 / 유원지 및 기타 오락관련 서비스업 / 오락장 운영업 / 전자 게임장 운영업,ARTS_SPORTS,문화·예술·스포츠,True,False,leaf_unit,False,,,,,,,,,,,,,,,
91222,컴퓨터 게임방 운영업,컴퓨터 게임방 운영업,컴퓨터 게임방 운영업,subdetail,5,True,9122,9,91.0,912.0,9122.0,91222.0,"예술, 스포츠 및 여가관련 서비스업",스포츠 및 오락관련 서비스업,유원지 및 기타 오락관련 서비스업,오락장 운영업,컴퓨터 게임방 운영업,"예술, 스포츠 및 여가관련 서비스업",9/91/912/9122/91222, / 스포츠 및 오락관련 서비스업 / 유원지 및 기타 오락관련 서비스업 / 오락장 운영업 / 컴퓨터 게임방 운영업,ARTS_SPORTS,문화·예술·스포츠,True,False,leaf_unit,False,,,,,,,,,,,,,,,
91223,노래연습장 운영업,노래연습장 운영업,노래연습장 운영업,subdetail,5,True,9122,9,91.0,912.0,9122.0,91223.0,"예술, 스포츠 및 여가관련 서비스업",스포츠 및 오락관련 서비스업,유원지 및 기타 오락관련 서비스업,오락장 운영업,노래연습장 운영업,"예술, 스포츠 및 여가관련 서비스업",9/91/912/9122/91223, / 스포츠 및 오락관련 서비스업 / 유원지 및 기타 오락관련 서비스업 / 오락장 운영업 / 노래연습장 운영업,ARTS_SPORTS,문화·예술·스포츠,True,False,leaf_unit,False,,,,,,,,,,,,,,,
91229,기타 오락장 운영업,기타 오락장 운영업,기타 오락장 운영업,subdetail,5,True,9122,9,91.0,912.0,9122.0,91229.0,"예술, 스포츠 및 여가관련 서비스업",스포츠 및 오락관련 서비스업,유원지 및 기타 오락관련 서비스업,오락장 운영업,기타 오락장 운영업,"예술, 스포츠 및 여가관련 서비스업",9/91/912/9122/91229, / 스포츠 및 오락관련 서비스업 / 유원지 및 기타 오락관련 서비스업 / 오락장 운영업 / 기타 오락장 운영업,ARTS_SPORTS,문화·예술·스포츠,True,False,leaf_unit,False,,,,,,,,,,,,,,,
91231,낚시장 운영업,낚시장 운영업,낚시장 운영업,subdetail,5,True,9123,9,91.0,912.0,9123.0,91231.0,"예술, 스포츠 및 여가관련 서비스업",스포츠 및 오락관련 서비스업,유원지 및 기타 오락관련 서비스업,수상오락 서비스업,낚시장 운영업,"예술, 스포츠 및 여가관련 서비스업",9/91/912/9123/91231, / 스포츠 및 오락관련 서비스업 / 유원지 및 기타 오락관련 서비스업 / 수상오락 서비스업 / 낚시장 운영업,ARTS_SPORTS,문화·예술·스포츠,True,False,leaf_unit,False,,,,,,,,,,,,,,,
91239,기타 수상오락 서비스업,기타 수상오락 서비스업,기타 수상오락 서비스업,subdetail,5,True,9123,9,91.0,912.0,9123.0,91239.0,"예술, 스포츠 및 여가관련 서비스업",스포츠 및 오락관련 서비스업,유원지 및 기타 오락관련 서비스업,수상오락 서비스업,기타 수상오락 서비스업,"예술, 스포츠 및 여가관련 서비스업",9/91/912/9123/91239, / 스포츠 및 오락관련 서비스업 / 유원지 및 기타 오락관련 서비스업 / 수상오락 서비스업 / 기타 수상오락 서비스업,ARTS_SPORTS,문화·예술·스포츠,True,False,leaf_unit,False,,,,,,,,,,,,,,,
91241,복권발행 및 판매업,복권발행 및 판매업,복권발행 및 판매업,subdetail,5,True,9124,9,91.0,912.0,9124.0,91241.0,"예술, 스포츠 및 여가관련 서비스업",스포츠 및 오락관련 서비스업,유원지 및 기타 오락관련 서비스업,사행시설 관리 및 운영업,복권발행 및 판매업,"예술, 스포츠 및 여가관련 서비스업",9/91/912/9124/91241, / 스포츠 및 오락관련 서비스업 / 유원지 및 기타 오락관련 서비스업 / 사행시설 관리 및 운영업 / 복권발행 및 판매업,ARTS_SPORTS,문화·예술·스포츠,True,False,leaf_unit,False,,,,,,,,,,,,,,,
91242,카지노 운영업,카지노 운영업,카지노 운영업,subdetail,5,True,9124,9,91.0,912.0,9124.0,91242.0,"예술, 스포츠 및 여가관련 서비스업",스포츠 및 오락관련 서비스업,유원지 및 기타 오락관련 서비스업,사행시설 관리 및 운영업,카지노 운영업,"예술, 스포츠 및 여가관련 서비스업",9/91/912/9124/91242, / 스포츠 및 오락관련 서비스업 / 유원지 및 기타 오락관련 서비스업 / 사행시설 관리 및 운영업 / 카지노 운영업,ARTS_SPORTS,문화·예술·스포츠,True,False,leaf_unit,False,,,,,,,,,,,,,,,
91249,기타 사행시설 관리 및 운영업,기타 사행시설 관리 및 운영업,기타 사행시설 관리 및 운영업,subdetail,5,True,9124,9,91.0,912.0,9124.0,91249.0,"예술, 스포츠 및 여가관련 서비스업",스포츠 및 오락관련 서비스업,유원지 및 기타 오락관련 서비스업,사행시설 관리 및 운영업,기타 사행시설 관리 및 운영업,"예술, 스포츠 및 여가관련 서비스업",9/91/912/9124/91249, / 스포츠 및 오락관련 서비스업 / 유원지 및 기타 오락관련 서비스업 / 사행시설 관리 및 운영업 / 기타 사행시설 관리 및 운영업,ARTS_SPORTS,문화·예술·스포츠,True,False,leaf_unit,False,,,,,,,,,,,,,,,
91291,무도장 운영업,무도장 운영업,무도장 운영업,subdetail,5,True,9129,9,91.0,912.0,9129.0,91291.0,"예술, 스포츠 및 여가관련 서비스업",스포츠 및 오락관련 서비스업,유원지 및 기타 오락관련 서비스업,그 외 기타 오락관련 서비스업,무도장 운영업,"예술, 스포츠 및 여가관련 서비스업",9/91/912/9129/91291, / 스포츠 및 오락관련 서비스업 / 유원지 및 기타 오락관련 서비스업 / 그 외 기타 오락관련 서비스업 / 무도장 운영업,ARTS_SPORTS,문화·예술·스포츠,True,False,leaf_unit,False,,,,,,,,,,,,,,,
91292,체육공원 및 유사 공원 운영업,체육공원 및 유사 공원 운영업,체육공원 및 유사 공원 운영업,subdetail,5,True,9129,9,91.0,912.0,9129.0,91292.0,"예술, 스포츠 및 여가관련 서비스업",스포츠 및 오락관련 서비스업,유원지 및 기타 오락관련 서비스업,그 외 기타 오락관련 서비스업,체육공원 및 유사 공원 운영업,"예술, 스포츠 및 여가관련 서비스업",9/91/912/9129/91292, / 스포츠 및 오락관련 서비스업 / 유원지 및 기타 오락관련 서비스업 / 그 외 기타 오락관련 서비스업 / 체육공원 및 유사 공원 운영업,ARTS_SPORTS,문화·예술·스포츠,True,False,leaf_unit,False,,,,,,,,,,,,,,,
91293,기원 운영업,기원 운영업,기원 운영업,subdetail,5,True,9129,9,91.0,912.0,9129.0,91293.0,"예술, 스포츠 및 여가관련 서비스업",스포츠 및 오락관련 서비스업,유원지 및 기타 오락관련 서비스업,그 외 기타 오락관련 서비스업,기원 운영업,"예술, 스포츠 및 여가관련 서비스업",9/91/912/9129/91293, / 스포츠 및 오락관련 서비스업 / 유원지 및 기타 오락관련 서비스업 / 그 외 기타 오락관련 서비스업 / 기원 운영업,ARTS_SPORTS,문화·예술·스포츠,True,False,leaf_unit,False,,,,,,,,,,,,,,,
91299,그 외 기타 분류 안된 오락관련 서비스업,그 외 기타 분류 안된 오락관련 서비스업,그 외 기타 분류 안된 오락관련 서비스업,subdetail,5,True,9129,9,91.0,912.0,9129.0,91299.0,"예술, 스포츠 및 여가관련 서비스업",스포츠 및 오락관련 서비스업,유원지 및 기타 오락관련 서비스업,그 외 기타 오락관련 서비스업,그 외 기타 분류 안된 오락관련 서비스업,"예술, 스포츠 및 여가관련 서비스업",9/91/912/9129/91299, / 스포츠 및 오락관련 서비스업 / 유원지 및 기타 오락관련 서비스업 / 그 외 기타 오락관련 서비스업 / 그 외 기타 분류 안된 오락관련 서비스업,ARTS_SPORTS,문화·예술·스포츠,True,False,leaf_unit,False,,,,,,,,,,,,,,,
94110,산업 단체,산업 단체,산업 단체,subdetail,5,True,9411,9,94.0,941.0,9411.0,94110.0,"협회 및 단체, 수리 및 기타 개인 서비스업",협회 및 단체,산업 및 전문가 단체,산업 단체,산업 단체,"협회 및 단체, 수리 및 기타 개인 서비스업",9/94/941/9411/94110, / 협회 및 단체 / 산업 및 전문가 단체 / 산업 단체 / 산업 단체,ASSOC_ORG,협회·단체·종교·정치,True,False,leaf_unit,False,,,,,,,,,,,,,,,
94120,전문가 단체,전문가 단체,전문가 단체,subdetail,5,True,9412,9,94.0,941.0,9412.0,94120.0,"협회 및 단체, 수리 및 기타 개인 서비스업",협회 및 단체,산업 및 전문가 단체,전문가 단체,전문가 단체,"협회 및 단체, 수리 및 기타 개인 서비스업",9/94/941/9412/94120, / 협회 및 단체 / 산업 및 전문가 단체 / 전문가 단체 / 전문가 단체,ASSOC_ORG,협회·단체·종교·정치,True,False,leaf_unit,False,,,,,,,,,,,,,,,
94200,노동조합,노동조합,노동조합,subdetail,5,True,9420,9,94.0,942.0,9420.0,94200.0,"협회 및 단체, 수리 및 기타 개인 서비스업",협회 및 단체,노동조합,노동조합,노동조합,"협회 및 단체, 수리 및 기타 개인 서비스업",9/94/942/9420/94200, / 협회 및 단체 / 노동조합 / 노동조합 / 노동조합,ASSOC_ORG,협회·단체·종교·정치,True,False,leaf_unit,False,,,,,,,,,,,,,,,
94911,불교 단체,불교 단체,불교 단체,subdetail,5,True,9491,9,94.0,949.0,9491.0,94911.0,"협회 및 단체, 수리 및 기타 개인 서비스업",협회 및 단체,기타 협회 및 단체,종교 단체,불교 단체,"협회 및 단체, 수리 및 기타 개인 서비스업",9/94/949/9491/94911, / 협회 및 단체 / 기타 협회 및 단체 / 종교 단체 / 불교 단체,ASSOC_ORG,협회·단체·종교·정치,True,False,leaf_unit,False,,,,,,,,,,,,,,,
94912,기독교 단체,기독교 단체,기독교 단체,subdetail,5,True,9491,9,94.0,949.0,9491.0,94912.0,"협회 및 단체, 수리 및 기타 개인 서비스업",협회 및 단체,기타 협회 및 단체,종교 단체,기독교 단체,"협회 및 단체, 수리 및 기타 개인 서비스업",9/94/949/9491/94912, / 협회 및 단체 / 기타 협회 및 단체 / 종교 단체 / 기독교 단체,ASSOC_ORG,협회·단체·종교·정치,True,False,leaf_unit,False,,,,,,,,,,,,,,,
94913,천주교 단체,천주교 단체,천주교 단체,subdetail,5,True,9491,9,94.0,949.0,9491.0,94913.0,"협회 및 단체, 수리 및 기타 개인 서비스업",협회 및 단체,기타 협회 및 단체,종교 단체,천주교 단체,"협회 및 단체, 수리 및 기타 개인 서비스업",9/94/949/9491/94913, / 협회 및 단체 / 기타 협회 및 단체 / 종교 단체 / 천주교 단체,ASSOC_ORG,협회·단체·종교·정치,True,False,leaf_unit,False,,,,,,,,,,,,,,,
94914,민족종교 단체,민족종교 단체,민족종교 단체,subdetail,5,True,9491,9,94.0,949.0,9491.0,94914.0,"협회 및 단체, 수리 및 기타 개인 서비스업",협회 및 단체,기타 협회 및 단체,종교 단체,민족종교 단체,"협회 및 단체, 수리 및 기타 개인 서비스업",9/94/949/9491/94914, / 협회 및 단체 / 기타 협회 및 단체 / 종교 단체 / 민족종교 단체,ASSOC_ORG,협회·단체·종교·정치,True,False,leaf_unit,False,,,,,,,,,,,,,,,
94919,기타 종교 단체,기타 종교 단체,기타 종교 단체,subdetail,5,True,9491,9,94.0,949.0,9491.0,94919.0,"협회 및 단체, 수리 및 기타 개인 서비스업",협회 및 단체,기타 협회 및 단체,종교 단체,기타 종교 단체,"협회 및 단체, 수리 및 기타 개인 서비스업",9/94/949/9491/94919, / 협회 및 단체 / 기타 협회 및 단체 / 종교 단체 / 기타 종교 단체,ASSOC_ORG,협회·단체·종교·정치,True,False,leaf_unit,False,,,,,,,,,,,,,,,
94920,정치 단체,정치 단체,정치 단체,subdetail,5,True,9492,9,94.0,949.0,9492.0,94920.0,"협회 및 단체, 수리 및 기타 개인 서비스업",협회 및 단체,기타 협회 및 단체,정치 단체,정치 단체,"협회 및 단체, 수리 및 기타 개인 서비스업",9/94/949/9492/94920, / 협회 및 단체 / 기타 협회 및 단체 / 정치 단체 / 정치 단체,ASSOC_ORG,협회·단체·종교·정치,True,False,leaf_unit,False,,,,,,,,,,,,,,,
94931,환경운동 단체,환경운동 단체,환경운동 단체,subdetail,5,True,9493,9,94.0,949.0,9493.0,94931.0,"협회 및 단체, 수리 및 기타 개인 서비스업",협회 및 단체,기타 협회 및 단체,시민운동 단체,환경운동 단체,"협회 및 단체, 수리 및 기타 개인 서비스업",9/94/949/9493/94931, / 협회 및 단체 / 기타 협회 및 단체 / 시민운동 단체 / 환경운동 단체,ASSOC_ORG,협회·단체·종교·정치,True,False,leaf_unit,False,,,,,,,,,,,,,,,
94939,기타 시민운동 단체,기타 시민운동 단체,기타 시민운동 단체,subdetail,5,True,9493,9,94.0,949.0,9493.0,94939.0,"협회 및 단체, 수리 및 기타 개인 서비스업",협회 및 단체,기타 협회 및 단체,시민운동 단체,기타 시민운동 단체,"협회 및 단체, 수리 및 기타 개인 서비스업",9/94/949/9493/94939, / 협회 및 단체 / 기타 협회 및 단체 / 시민운동 단체 / 기타 시민운동 단체,ASSOC_ORG,협회·단체·종교·정치,True,False,leaf_unit,False,,,,,,,,,,,,,,,
94990,그 외 기타 협회 및 단체,그 외 기타 협회 및 단체,그 외 기타 협회 및 단체,subdetail,5,True,9499,9,94.0,949.0,9499.0,94990.0,"협회 및 단체, 수리 및 기타 개인 서비스업",협회 및 단체,기타 협회 및 단체,그 외 기타 협회 및 단체,그 외 기타 협회 및 단체,"협회 및 단체, 수리 및 기타 개인 서비스업",9/94/949/9499/94990, / 협회 및 단체 / 기타 협회 및 단체 / 그 외 기타 협회 및 단체 / 그 외 기타 협회 및 단체,ASSOC_ORG,협회·단체·종교·정치,True,False,leaf_unit,False,,,,,,,,,,,,,,,
95110,컴퓨터 및 주변 기기 수리업,컴퓨터 및 주변 기기 수리업,컴퓨터 및 주변 기기 수리업,subdetail,5,True,9511,9,95.0,951.0,9511.0,95110.0,"협회 및 단체, 수리 및 기타 개인 서비스업",개인 및 소비용품 수리업,컴퓨터 및 통신장비 수리업,컴퓨터 및 주변 기기 수리업,컴퓨터 및 주변 기기 수리업,"협회 및 단체, 수리 및 기타 개인 서비스업",9/95/951/9511/95110, / 개인 및 소비용품 수리업 / 컴퓨터 및 통신장비 수리업 / 컴퓨터 및 주변 기기 수리업 / 컴퓨터 및 주변 기기 수리업,OTHER_SVC,기타 서비스업,False,False,leaf_unit,True,,,,,,,,,,,,,,,
95120,통신장비 수리업,통신장비 수리업,통신장비 수리업,subdetail,5,True,9512,9,95.0,951.0,9512.0,95120.0,"협회 및 단체, 수리 및 기타 개인 서비스업",개인 및 소비용품 수리업,컴퓨터 및 통신장비 수리업,통신장비 수리업,통신장비 수리업,"협회 및 단체, 수리 및 기타 개인 서비스업",9/95/951/9512/95120, / 개인 및 소비용품 수리업 / 컴퓨터 및 통신장비 수리업 / 통신장비 수리업 / 통신장비 수리업,OTHER_SVC,기타 서비스업,False,False,leaf_unit,True,,,,,,,,,,,,,,,
95211,자동차 종합 수리업,자동차 종합 수리업,자동차 종합 수리업,subdetail,5,True,9521,9,95.0,952.0,9521.0,95211.0,"협회 및 단체, 수리 및 기타 개인 서비스업",개인 및 소비용품 수리업,자동차 및 모터사이클 수리업,자동차 수리 및 세차업,자동차 종합 수리업,"협회 및 단체, 수리 및 기타 개인 서비스업",9/95/952/9521/95211, / 개인 및 소비용품 수리업 / 자동차 및 모터사이클 수리업 / 자동차 수리 및 세차업 / 자동차 종합 수리업,OTHER_SVC,기타 서비스업,False,False,leaf_unit,True,,,,,,,,,,,,,,,
95212,자동차 전문 수리업,자동차 전문 수리업,자동차 전문 수리업,subdetail,5,True,9521,9,95.0,952.0,9521.0,95212.0,"협회 및 단체, 수리 및 기타 개인 서비스업",개인 및 소비용품 수리업,자동차 및 모터사이클 수리업,자동차 수리 및 세차업,자동차 전문 수리업,"협회 및 단체, 수리 및 기타 개인 서비스업",9/95/952/9521/95212, / 개인 및 소비용품 수리업 / 자동차 및 모터사이클 수리업 / 자동차 수리 및 세차업 / 자동차 전문 수리업,OTHER_SVC,기타 서비스업,False,False,leaf_unit,True,,,,,,,,,,,,,,,
95213,자동차 세차업,자동차 세차업,자동차 세차업,subdetail,5,True,9521,9,95.0,952.0,9521.0,95213.0,"협회 및 단체, 수리 및 기타 개인 서비스업",개인 및 소비용품 수리업,자동차 및 모터사이클 수리업,자동차 수리 및 세차업,자동차 세차업,"협회 및 단체, 수리 및 기타 개인 서비스업",9/95/952/9521/95213, / 개인 및 소비용품 수리업 / 자동차 및 모터사이클 수리업 / 자동차 수리 및 세차업 / 자동차 세차업,OTHER_SVC,기타 서비스업,False,False,leaf_unit,True,,,,,,,,,,,,,,,
95220,모터사이클 수리업,모터사이클 수리업,모터사이클 수리업,subdetail,5,True,9522,9,95.0,952.0,9522.0,95220.0,"협회 및 단체, 수리 및 기타 개인 서비스업",개인 및 소비용품 수리업,자동차 및 모터사이클 수리업,모터사이클 수리업,모터사이클 수리업,"협회 및 단체, 수리 및 기타 개인 서비스업",9/95/952/9522/95220, / 개인 및 소비용품 수리업 / 자동차 및 모터사이클 수리업 / 모터사이클 수리업 / 모터사이클 수리업,OTHER_SVC,기타 서비스업,False,False,leaf_unit,True,,,,,,,,,,,,,,,
95310,가전제품 수리업,가전제품 수리업,가전제품 수리업,subdetail,5,True,9531,9,95.0,953.0,9531.0,95310.0,"협회 및 단체, 수리 및 기타 개인 서비스업",개인 및 소비용품 수리업,개인 및 가정용품 수리업,가전제품 수리업,가전제품 수리업,"협회 및 단체, 수리 및 기타 개인 서비스업",9/95/953/9531/95310, / 개인 및 소비용품 수리업 / 개인 및 가정용품 수리업 / 가전제품 수리업 / 가전제품 수리업,OTHER_SVC,기타 서비스업,False,False,leaf_unit,True,,,,,,,,,,,,,,,
95391,의복 및 기타 가정용 직물제품 수리업,의복 및 기타 가정용 직물제품 수리업,의복 및 기타 가정용 직물제품 수리업,subdetail,5,True,9539,9,95.0,953.0,9539.0,95391.0,"협회 및 단체, 수리 및 기타 개인 서비스업",개인 및 소비용품 수리업,개인 및 가정용품 수리업,기타 개인 및 가정용품 수리업,의복 및 기타 가정용 직물제품 수리업,"협회 및 단체, 수리 및 기타 개인 서비스업",9/95/953/9539/95391, / 개인 및 소비용품 수리업 / 개인 및 가정용품 수리업 / 기타 개인 및 가정용품 수리업 / 의복 및 기타 가정용 직물제품 수리업,OTHER_SVC,기타 서비스업,False,False,leaf_unit,True,,,,,,,,,,,,,,,
95392,"가죽, 가방 및 신발 수리업","가죽, 가방 및 신발 수리업","가죽, 가방 및 신발 수리업",subdetail,5,True,9539,9,95.0,953.0,9539.0,95392.0,"협회 및 단체, 수리 및 기타 개인 서비스업",개인 및 소비용품 수리업,개인 및 가정용품 수리업,기타 개인 및 가정용품 수리업,"가죽, 가방 및 신발 수리업","협회 및 단체, 수리 및 기타 개인 서비스업",9/95/953/9539/95392," / 개인 및 소비용품 수리업 / 개인 및 가정용품 수리업 / 기타 개인 및 가정용품 수리업 / 가죽, 가방 및 신발 수리업",OTHER_SVC,기타 서비스업,False,False,leaf_unit,True,,,,,,,,,,,,,,,
95393,"시계, 귀금속 및 악기 수리업","시계, 귀금속 및 악기 수리업","시계, 귀금속 및 악기 수리업",subdetail,5,True,9539,9,95.0,953.0,9539.0,95393.0,"협회 및 단체, 수리 및 기타 개인 서비스업",개인 및 소비용품 수리업,개인 및 가정용품 수리업,기타 개인 및 가정용품 수리업,"시계, 귀금속 및 악기 수리업","협회 및 단체, 수리 및 기타 개인 서비스업",9/95/953/9539/95393," / 개인 및 소비용품 수리업 / 개인 및 가정용품 수리업 / 기타 개인 및 가정용품 수리업 / 시계, 귀금속 및 악기 수리업",OTHER_SVC,기타 서비스업,False,False,leaf_unit,True,,,,,,,,,,,,,,,
95399,그 외 기타 개인 및 가정용품 수리업,그 외 기타 개인 및 가정용품 수리업,그 외 기타 개인 및 가정용품 수리업,subdetail,5,True,9539,9,95.0,953.0,9539.0,95399.0,"협회 및 단체, 수리 및 기타 개인 서비스업",개인 및 소비용품 수리업,개인 및 가정용품 수리업,기타 개인 및 가정용품 수리업,그 외 기타 개인 및 가정용품 수리업,"협회 및 단체, 수리 및 기타 개인 서비스업",9/95/953/9539/95399, / 개인 및 소비용품 수리업 / 개인 및 가정용품 수리업 / 기타 개인 및 가정용품 수리업 / 그 외 기타 개인 및 가정용품 수리업,OTHER_SVC,기타 서비스업,False,False,leaf_unit,True,,,,,,,,,,,,,,,
96111,이용업,이용업,이용업,subdetail,5,True,9611,9,96.0,961.0,9611.0,96111.0,"협회 및 단체, 수리 및 기타 개인 서비스업",기타 개인 서비스업,"미용, 욕탕 및 유사 서비스업",이용 및 미용업,이용업,"협회 및 단체, 수리 및 기타 개인 서비스업",9/96/961/9611/96111," / 기타 개인 서비스업 / 미용, 욕탕 및 유사 서비스업 / 이용 및 미용업 / 이용업",OTHER_SVC,기타 서비스업,False,False,leaf_unit,True,,,,,,,,,,,,,,,
96112,두발 미용업,두발 미용업,두발 미용업,subdetail,5,True,9611,9,96.0,961.0,9611.0,96112.0,"협회 및 단체, 수리 및 기타 개인 서비스업",기타 개인 서비스업,"미용, 욕탕 및 유사 서비스업",이용 및 미용업,두발 미용업,"협회 및 단체, 수리 및 기타 개인 서비스업",9/96/961/9611/96112," / 기타 개인 서비스업 / 미용, 욕탕 및 유사 서비스업 / 이용 및 미용업 / 두발 미용업",OTHER_SVC,기타 서비스업,False,False,leaf_unit,True,,,,,,,,,,,,,,,
96113,피부 미용업,피부 미용업,피부 미용업,subdetail,5,True,9611,9,96.0,961.0,9611.0,96113.0,"협회 및 단체, 수리 및 기타 개인 서비스업",기타 개인 서비스업,"미용, 욕탕 및 유사 서비스업",이용 및 미용업,피부 미용업,"협회 및 단체, 수리 및 기타 개인 서비스업",9/96/961/9611/96113," / 기타 개인 서비스업 / 미용, 욕탕 및 유사 서비스업 / 이용 및 미용업 / 피부 미용업",OTHER_SVC,기타 서비스업,False,False,leaf_unit,True,,,,,,,,,,,,,,,
96119,기타 미용업,기타 미용업,기타 미용업,subdetail,5,True,9611,9,96.0,961.0,9611.0,96119.0,"협회 및 단체, 수리 및 기타 개인 서비스업",기타 개인 서비스업,"미용, 욕탕 및 유사 서비스업",이용 및 미용업,기타 미용업,"협회 및 단체, 수리 및 기타 개인 서비스업",9/96/961/9611/96119," / 기타 개인 서비스업 / 미용, 욕탕 및 유사 서비스업 / 이용 및 미용업 / 기타 미용업",OTHER_SVC,기타 서비스업,False,False,leaf_unit,True,,,,,,,,,,,,,,,
96121,욕탕업,욕탕업,욕탕업,subdetail,5,True,9612,9,96.0,961.0,9612.0,96121.0,"협회 및 단체, 수리 및 기타 개인 서비스업",기타 개인 서비스업,"미용, 욕탕 및 유사 서비스업","욕탕, 마사지 및 기타 신체 관리 서비스업",욕탕업,"협회 및 단체, 수리 및 기타 개인 서비스업",9/96/961/9612/96121," / 기타 개인 서비스업 / 미용, 욕탕 및 유사 서비스업 / 욕탕, 마사지 및 기타 신체 관리 서비스업 / 욕탕업",OTHER_SVC,기타 서비스업,False,False,leaf_unit,True,,,,,,,,,,,,,,,
96122,마사지업,마사지업,마사지업,subdetail,5,True,9612,9,96.0,961.0,9612.0,96122.0,"협회 및 단체, 수리 및 기타 개인 서비스업",기타 개인 서비스업,"미용, 욕탕 및 유사 서비스업","욕탕, 마사지 및 기타 신체 관리 서비스업",마사지업,"협회 및 단체, 수리 및 기타 개인 서비스업",9/96/961/9612/96122," / 기타 개인 서비스업 / 미용, 욕탕 및 유사 서비스업 / 욕탕, 마사지 및 기타 신체 관리 서비스업 / 마사지업",OTHER_SVC,기타 서비스업,False,False,leaf_unit,True,,,,,,,,,,,,,,,
96129,체형 등 기타 신체관리 서비스업,체형 등 기타 신체관리 서비스업,체형 등 기타 신체관리 서비스업,subdetail,5,True,9612,9,96.0,961.0,9612.0,96129.0,"협회 및 단체, 수리 및 기타 개인 서비스업",기타 개인 서비스업,"미용, 욕탕 및 유사 서비스업","욕탕, 마사지 및 기타 신체 관리 서비스업",체형 등 기타 신체관리 서비스업,"협회 및 단체, 수리 및 기타 개인 서비스업",9/96/961/9612/96129," / 기타 개인 서비스업 / 미용, 욕탕 및 유사 서비스업 / 욕탕, 마사지 및 기타 신체 관리 서비스업 / 체형 등 기타 신체관리 서비스업",OTHER_SVC,기타 서비스업,False,False,leaf_unit,True,,,,,,,,,,,,,,,
96911,산업용 세탁업,산업용 세탁업,산업용 세탁업,subdetail,5,True,9691,9,96.0,969.0,9691.0,96911.0,"협회 및 단체, 수리 및 기타 개인 서비스업",기타 개인 서비스업,그 외 기타 개인 서비스업,세탁업,산업용 세탁업,"협회 및 단체, 수리 및 기타 개인 서비스업",9/96/969/9691/96911, / 기타 개인 서비스업 / 그 외 기타 개인 서비스업 / 세탁업 / 산업용 세탁업,OTHER_SVC,기타 서비스업,False,False,leaf_unit,True,,,,,,,,,,,,,,,
96912,가정용 세탁업,가정용 세탁업,가정용 세탁업,subdetail,5,True,9691,9,96.0,969.0,9691.0,96912.0,"협회 및 단체, 수리 및 기타 개인 서비스업",기타 개인 서비스업,그 외 기타 개인 서비스업,세탁업,가정용 세탁업,"협회 및 단체, 수리 및 기타 개인 서비스업",9/96/969/9691/96912, / 기타 개인 서비스업 / 그 외 기타 개인 서비스업 / 세탁업 / 가정용 세탁업,OTHER_SVC,기타 서비스업,False,False,leaf_unit,True,,,,,,,,,,,,,,,
96913,세탁물 공급업,세탁물 공급업,세탁물 공급업,subdetail,5,True,9691,9,96.0,969.0,9691.0,96913.0,"협회 및 단체, 수리 및 기타 개인 서비스업",기타 개인 서비스업,그 외 기타 개인 서비스업,세탁업,세탁물 공급업,"협회 및 단체, 수리 및 기타 개인 서비스업",9/96/969/9691/96913, / 기타 개인 서비스업 / 그 외 기타 개인 서비스업 / 세탁업 / 세탁물 공급업,OTHER_SVC,기타 서비스업,False,False,leaf_unit,True,,,,,,,,,,,,,,,
96921,장례식장 및 장의관련 서비스업,장례식장 및 장의관련 서비스업,장례식장 및 장의관련 서비스업,subdetail,5,True,9692,9,96.0,969.0,9692.0,96921.0,"협회 및 단체, 수리 및 기타 개인 서비스업",기타 개인 서비스업,그 외 기타 개인 서비스업,장례식장 및 관련 서비스업,장례식장 및 장의관련 서비스업,"협회 및 단체, 수리 및 기타 개인 서비스업",9/96/969/9692/96921, / 기타 개인 서비스업 / 그 외 기타 개인 서비스업 / 장례식장 및 관련 서비스업 / 장례식장 및 장의관련 서비스업,OTHER_SVC,기타 서비스업,False,False,leaf_unit,True,,,,,,,,,,,,,,,
96922,"화장터 운영, 묘지 분양 및 관리업","화장터 운영, 묘지 분양 및 관리업","화장터 운영, 묘지 분양 및 관리업",subdetail,5,True,9692,9,96.0,969.0,9692.0,96922.0,"협회 및 단체, 수리 및 기타 개인 서비스업",기타 개인 서비스업,그 외 기타 개인 서비스업,장례식장 및 관련 서비스업,"화장터 운영, 묘지 분양 및 관리업","협회 및 단체, 수리 및 기타 개인 서비스업",9/96/969/9692/96922," / 기타 개인 서비스업 / 그 외 기타 개인 서비스업 / 장례식장 및 관련 서비스업 / 화장터 운영, 묘지 분양 및 관리업",OTHER_SVC,기타 서비스업,False,False,leaf_unit,True,,,,,,,,,,,,,,,
96991,예식장업,예식장업,예식장업,subdetail,5,True,9699,9,96.0,969.0,9699.0,96991.0,"협회 및 단체, 수리 및 기타 개인 서비스업",기타 개인 서비스업,그 외 기타 개인 서비스업,그 외 기타 분류 안된 개인 서비스업,예식장업,"협회 및 단체, 수리 및 기타 개인 서비스업",9/96/969/9699/96991, / 기타 개인 서비스업 / 그 외 기타 개인 서비스업 / 그 외 기타 분류 안된 개인 서비스업 / 예식장업,OTHER_SVC,기타 서비스업,False,False,leaf_unit,True,,,,,,,,,,,,,,,
96992,점술 및 유사 서비스업,점술 및 유사 서비스업,점술 및 유사 서비스업,subdetail,5,True,9699,9,96.0,969.0,9699.0,96992.0,"협회 및 단체, 수리 및 기타 개인 서비스업",기타 개인 서비스업,그 외 기타 개인 서비스업,그 외 기타 분류 안된 개인 서비스업,점술 및 유사 서비스업,"협회 및 단체, 수리 및 기타 개인 서비스업",9/96/969/9699/96992, / 기타 개인 서비스업 / 그 외 기타 개인 서비스업 / 그 외 기타 분류 안된 개인 서비스업 / 점술 및 유사 서비스업,OTHER_SVC,기타 서비스업,False,False,leaf_unit,True,,,,,,,,,,,,,,,
96993,개인 간병 및 유사 서비스업,개인 간병 및 유사 서비스업,개인 간병 및 유사 서비스업,subdetail,5,True,9699,9,96.0,969.0,9699.0,96993.0,"협회 및 단체, 수리 및 기타 개인 서비스업",기타 개인 서비스업,그 외 기타 개인 서비스업,그 외 기타 분류 안된 개인 서비스업,개인 간병 및 유사 서비스업,"협회 및 단체, 수리 및 기타 개인 서비스업",9/96/969/9699/96993, / 기타 개인 서비스업 / 그 외 기타 개인 서비스업 / 그 외 기타 분류 안된 개인 서비스업 / 개인 간병 및 유사 서비스업,OTHER_SVC,기타 서비스업,False,False,leaf_unit,True,,,,,,,,,,,,,,,
96994,결혼 상담 및 준비 서비스업,결혼 상담 및 준비 서비스업,결혼 상담 및 준비 서비스업,subdetail,5,True,9699,9,96.0,969.0,9699.0,96994.0,"협회 및 단체, 수리 및 기타 개인 서비스업",기타 개인 서비스업,그 외 기타 개인 서비스업,그 외 기타 분류 안된 개인 서비스업,결혼 상담 및 준비 서비스업,"협회 및 단체, 수리 및 기타 개인 서비스업",9/96/969/9699/96994, / 기타 개인 서비스업 / 그 외 기타 개인 서비스업 / 그 외 기타 분류 안된 개인 서비스업 / 결혼 상담 및 준비 서비스업,OTHER_SVC,기타 서비스업,False,False,leaf_unit,True,,,,,,,,,,,,,,,
96995,반려동물 장묘 및 보호 서비스업,반려동물 장묘 및 보호 서비스업,반려동물 장묘 및 보호 서비스업,subdetail,5,True,9699,9,96.0,969.0,9699.0,96995.0,"협회 및 단체, 수리 및 기타 개인 서비스업",기타 개인 서비스업,그 외 기타 개인 서비스업,그 외 기타 분류 안된 개인 서비스업,반려동물 장묘 및 보호 서비스업,"협회 및 단체, 수리 및 기타 개인 서비스업",9/96/969/9699/96995, / 기타 개인 서비스업 / 그 외 기타 개인 서비스업 / 그 외 기타 분류 안된 개인 서비스업 / 반려동물 장묘 및 보호 서비스업,OTHER_SVC,기타 서비스업,False,False,leaf_unit,True,,,,,,,,,,,,,,,
96999,그 외 기타 달리 분류되지 않은 개인 서비스업,그 외 기타 달리 분류되지 않은 개인 서비스업,그 외 기타 달리 분류되지 않은 개인 서비스업,subdetail,5,True,9699,9,96.0,969.0,9699.0,96999.0,"협회 및 단체, 수리 및 기타 개인 서비스업",기타 개인 서비스업,그 외 기타 개인 서비스업,그 외 기타 분류 안된 개인 서비스업,그 외 기타 달리 분류되지 않은 개인 서비스업,"협회 및 단체, 수리 및 기타 개인 서비스업",9/96/969/9699/96999, / 기타 개인 서비스업 / 그 외 기타 개인 서비스업 / 그 외 기타 분류 안된 개인 서비스업 / 그 외 기타 달리 분류되지 않은 개인 서비스업,OTHER_SVC,기타 서비스업,False,False,leaf_unit,True,,,,,,,,,,,,,,,
97000,가구 내 고용활동,가구 내 고용활동,가구 내 고용활동,subdetail,5,True,9700,9,97.0,970.0,9700.0,97000.0,가구 내 고용활동 및 달리 분류되지 않은 자가 소비 생산활동,가구 내 고용활동,가구 내 고용활동,가구 내 고용활동,가구 내 고용활동,가구 내 고용활동 및 달리 분류되지 않은 자가 소비 생산활동,9/97/970/9700/97000, / 가구 내 고용활동 / 가구 내 고용활동 / 가구 내 고용활동 / 가구 내 고용활동,HOUSEHOLD,가구 내 고용 활동,False,False,leaf_unit,True,,,,,,,,,,,,,,,
98100,자가 소비를 위한 가사 생산 활동,자가 소비를 위한 가사 생산 활동,자가 소비를 위한 가사 생산 활동,subdetail,5,True,9810,9,98.0,981.0,9810.0,98100.0,가구 내 고용활동 및 달리 분류되지 않은 자가 소비 생산활동,달리 분류되지 않은 자가 소비를 위한 가구의 재화 및 서비스 생산활동,자가 소비를 위한 가사 생산 활동,자가 소비를 위한 가사 생산 활동,자가 소비를 위한 가사 생산 활동,가구 내 고용활동 및 달리 분류되지 않은 자가 소비 생산활동,9/98/981/9810/98100, / 달리 분류되지 않은 자가 소비를 위한 가구의 재화 및 서비스 생산활동 / 자가 소비를 위한 가사 생산 활동 / 자가 소비를 위한 가사 생산 활동 / 자가 소비를 위한 가사 생산 활동,HOUSEHOLD,가구 내 고용 활동,False,False,leaf_unit,True,,,,,,,,,,,,,,,
98200,자가 소비를 위한 가사 서비스 활동,자가 소비를 위한 가사 서비스 활동,자가 소비를 위한 가사 서비스 활동,subdetail,5,True,9820,9,98.0,982.0,9820.0,98200.0,가구 내 고용활동 및 달리 분류되지 않은 자가 소비 생산활동,달리 분류되지 않은 자가 소비를 위한 가구의 재화 및 서비스 생산활동,자가 소비를 위한 가사 서비스 활동,자가 소비를 위한 가사 서비스 활동,자가 소비를 위한 가사 서비스 활동,가구 내 고용활동 및 달리 분류되지 않은 자가 소비 생산활동,9/98/982/9820/98200, / 달리 분류되지 않은 자가 소비를 위한 가구의 재화 및 서비스 생산활동 / 자가 소비를 위한 가사 서비스 활동 / 자가 소비를 위한 가사 서비스 활동 / 자가 소비를 위한 가사 서비스 활동,HOUSEHOLD,가구 내 고용 활동,False,False,leaf_unit,True,,,,,,,,,,,,,,,
99001,주한 외국공관,주한 외국공관,주한 외국공관,subdetail,5,True,9900,9,99.0,990.0,9900.0,99001.0,국제 및 외국기관,국제 및 외국기관,국제 및 외국기관,국제 및 외국기관,주한 외국공관,국제 및 외국기관,9/99/990/9900/99001, / 국제 및 외국기관 / 국제 및 외국기관 / 국제 및 외국기관 / 주한 외국공관,INTERNATIONAL,국제·외국기관,False,False,leaf_unit,True,,,,,,,,,,,,,,,
99009,기타 국제 및 외국기관,기타 국제 및 외국기관,기타 국제 및 외국기관,subdetail,5,True,9900,9,99.0,990.0,9900.0,99009.0,국제 및 외국기관,국제 및 외국기관,국제 및 외국기관,국제 및 외국기관,기타 국제 및 외국기관,국제 및 외국기관,9/99/990/9900/99009, / 국제 및 외국기관 / 국제 및 외국기관 / 국제 및 외국기관 / 기타 국제 및 외국기관,INTERNATIONAL,국제·외국기관,False,False,leaf_unit,True,,,,,,,,,,,,,,,
