code,name,level,level_num,parent_code,name_official,name_clean,major_code,middle_code,small_code,detail_code,major_name,middle_name,small_name,detail_name,path_codes,path_names,child_count,is_leaf,source_system,source_version,effective_from,status,loaded_at,keco_code,version,updated_at,keco_major_code,keco_middle_code,keco_small_code,keco_detail_code
0,경영·사무·금융·보험직,major,1,,경영·사무·금융·보험직,경영·사무·금융·보험직,0,,,,경영·사무·금융·보험직,,,,0,경영·사무·금융·보험직,3,False,KECO,2025 개정,2025-01-01,active,2026-03-11 04:54:09,0,v2,2026-03-18,0,,,
1,관리직(임원·부서장),middle,2,0.0,관리직(임원·부서장),관리직,0,1.0,,,경영·사무·금융·보험직,관리직(임원·부서장),,,0|01,경영·사무·금융·보험직|관리직(임원·부서장),6,False,KECO,2025 개정,2025-01-01,active,2026-03-11 04:54:09,01,v2,2026-03-18,0,01,,
11,의회의원·고위공무원 및 기업 고위임원,small,3,1.0,의회의원·고위공무원 및 기업 고위임원,의회의원·고위공무원 및 기업 고위임원,0,1.0,11.0,,경영·사무·금융·보험직,관리직(임원·부서장),의회의원·고위공무원 및 기업 고위임원,,0|01|011,경영·사무·금융·보험직|관리직(임원·부서장)|의회의원·고위공무원 및 기업 고위임원,3,False,KECO,2025 개정,2025-01-01,active,2026-03-11 04:54:09,011,v2,2026-03-18,0,011,011,
111,의회 의원,detail,4,11.0,의회 의원,의회 의원,0,1.0,11.0,111.0,경영·사무·금융·보험직,관리직(임원·부서장),의회의원·고위공무원 및 기업 고위임원,의회 의원,0|01|011|0111,경영·사무·금융·보험직|관리직(임원·부서장)|의회의원·고위공무원 및 기업 고위임원|의회 의원,0,True,KECO,2025 개정,2025-01-01,active,2026-03-11 04:54:09,0111,v2,2026-03-18,0,011,0111,0111
112,고위 공무원 및 정당·특수 단체 임원,detail,4,11.0,고위 공무원 및 정당·특수 단체 임원,고위 공무원 및 정당·특수 단체 임원,0,1.0,11.0,112.0,경영·사무·금융·보험직,관리직(임원·부서장),의회의원·고위공무원 및 기업 고위임원,고위 공무원 및 정당·특수 단체 임원,0|01|011|0112,경영·사무·금융·보험직|관리직(임원·부서장)|의회의원·고위공무원 및 기업 고위임원|고위 공무원 및 정당·특수 단체 임원,0,True,KECO,2025 개정,2025-01-01,active,2026-03-11 04:54:09,0112,v2,2026-03-18,0,011,0112,0112
113,기업 대표 및 기업 고위 임원,detail,4,11.0,기업 대표 및 기업 고위 임원,기업 대표 및 기업 고위 임원,0,1.0,11.0,113.0,경영·사무·금융·보험직,관리직(임원·부서장),의회의원·고위공무원 및 기업 고위임원,기업 대표 및 기업 고위 임원,0|01|011|0113,경영·사무·금융·보험직|관리직(임원·부서장)|의회의원·고위공무원 및 기업 고위임원|기업 대표 및 기업 고위 임원,0,True,KECO,2025 개정,2025-01-01,active,2026-03-11 04:54:09,0113,v2,2026-03-18,0,011,0113,0113
12,행정·경영·금융·보험 관리자,small,3,1.0,행정·경영·금융·보험 관리자,행정·경영·금융·보험 관리자,0,1.0,12.0,,경영·사무·금융·보험직,관리직(임원·부서장),행정·경영·금융·보험 관리자,,0|01|012,경영·사무·금융·보험직|관리직(임원·부서장)|행정·경영·금융·보험 관리자,4,False,KECO,2025 개정,2025-01-01,active,2026-03-11 04:54:09,012,v2,2026-03-18,0,012,012,
121,정부 행정 관리자,detail,4,12.0,정부 행정 관리자,정부 행정 관리자,0,1.0,12.0,121.0,경영·사무·금융·보험직,관리직(임원·부서장),행정·경영·금융·보험 관리자,정부 행정 관리자,0|01|012|0121,경영·사무·금융·보험직|관리직(임원·부서장)|행정·경영·금융·보험 관리자|정부 행정 관리자,0,True,KECO,2025 개정,2025-01-01,active,2026-03-11 04:54:09,0121,v2,2026-03-18,0,012,0121,0121
122,경영 지원 관리자,detail,4,12.0,경영 지원 관리자,경영 지원 관리자,0,1.0,12.0,122.0,경영·사무·금융·보험직,관리직(임원·부서장),행정·경영·금융·보험 관리자,경영 지원 관리자,0|01|012|0122,경영·사무·금융·보험직|관리직(임원·부서장)|행정·경영·금융·보험 관리자|경영 지원 관리자,0,True,KECO,2025 개정,2025-01-01,active,2026-03-11 04:54:09,0122,v2,2026-03-18,0,012,0122,0122
123,마케팅 및 광고·홍보 관리자,detail,4,12.0,마케팅 및 광고·홍보 관리자,마케팅 및 광고·홍보 관리자,0,1.0,12.0,123.0,경영·사무·금융·보험직,관리직(임원·부서장),행정·경영·금융·보험 관리자,마케팅 및 광고·홍보 관리자,0|01|012|0123,경영·사무·금융·보험직|관리직(임원·부서장)|행정·경영·금융·보험 관리자|마케팅 및 광고·홍보 관리자,0,True,KECO,2025 개정,2025-01-01,active,2026-03-11 04:54:09,0123,v2,2026-03-18,0,012,0123,0123
124,금융 및 보험 관리자,detail,4,12.0,금융 및 보험 관리자,금융 및 보험 관리자,0,1.0,12.0,124.0,경영·사무·금융·보험직,관리직(임원·부서장),행정·경영·금융·보험 관리자,금융 및 보험 관리자,0|01|012|0124,경영·사무·금융·보험직|관리직(임원·부서장)|행정·경영·금융·보험 관리자|금융 및 보험 관리자,0,True,KECO,2025 개정,2025-01-01,active,2026-03-11 04:54:09,0124,v2,2026-03-18,0,012,0124,0124
13,전문서비스 관리자,small,3,1.0,전문서비스 관리자,전문서비스 관리자,0,1.0,13.0,,경영·사무·금융·보험직,관리직(임원·부서장),전문서비스 관리자,,0|01|013,경영·사무·금융·보험직|관리직(임원·부서장)|전문서비스 관리자,8,False,KECO,2025 개정,2025-01-01,active,2026-03-11 04:54:09,013,v2,2026-03-18,0,013,013,
131,연구 관리자,detail,4,13.0,연구 관리자,연구 관리자,0,1.0,13.0,131.0,경영·사무·금융·보험직,관리직(임원·부서장),전문서비스 관리자,연구 관리자,0|01|013|0131,경영·사무·금융·보험직|관리직(임원·부서장)|전문서비스 관리자|연구 관리자,0,True,KECO,2025 개정,2025-01-01,active,2026-03-11 04:54:09,0131,v2,2026-03-18,0,013,0131,0131
132,교육 관리자,detail,4,13.0,교육 관리자,교육 관리자,0,1.0,13.0,132.0,경영·사무·금융·보험직,관리직(임원·부서장),전문서비스 관리자,교육 관리자,0|01|013|0132,경영·사무·금융·보험직|관리직(임원·부서장)|전문서비스 관리자|교육 관리자,0,True,KECO,2025 개정,2025-01-01,active,2026-03-11 04:54:09,0132,v2,2026-03-18,0,013,0132,0132
133,법률·경찰·소방 및 교도 관리자,detail,4,13.0,법률·경찰·소방 및 교도 관리자,법률·경찰·소방 및 교도 관리자,0,1.0,13.0,133.0,경영·사무·금융·보험직,관리직(임원·부서장),전문서비스 관리자,법률·경찰·소방 및 교도 관리자,0|01|013|0133,경영·사무·금융·보험직|관리직(임원·부서장)|전문서비스 관리자|법률·경찰·소방 및 교도 관리자,0,True,KECO,2025 개정,2025-01-01,active,2026-03-11 04:54:09,0133,v2,2026-03-18,0,013,0133,0133
134,보건 의료 관련 관리자,detail,4,13.0,보건 의료 관련 관리자,보건 의료 관련 관리자,0,1.0,13.0,134.0,경영·사무·금융·보험직,관리직(임원·부서장),전문서비스 관리자,보건 의료 관련 관리자,0|01|013|0134,경영·사무·금융·보험직|관리직(임원·부서장)|전문서비스 관리자|보건 의료 관련 관리자,0,True,KECO,2025 개정,2025-01-01,active,2026-03-11 04:54:09,0134,v2,2026-03-18,0,013,0134,0134
135,사회복지 관련 관리자,detail,4,13.0,사회복지 관련 관리자,사회복지 관련 관리자,0,1.0,13.0,135.0,경영·사무·금융·보험직,관리직(임원·부서장),전문서비스 관리자,사회복지 관련 관리자,0|01|013|0135,경영·사무·금융·보험직|관리직(임원·부서장)|전문서비스 관리자|사회복지 관련 관리자,0,True,KECO,2025 개정,2025-01-01,active,2026-03-11 04:54:09,0135,v2,2026-03-18,0,013,0135,0135
136,문화·예술 관련 관리자,detail,4,13.0,문화·예술 관련 관리자,문화·예술 관련 관리자,0,1.0,13.0,136.0,경영·사무·금융·보험직,관리직(임원·부서장),전문서비스 관리자,문화·예술 관련 관리자,0|01|013|0136,경영·사무·금융·보험직|관리직(임원·부서장)|전문서비스 관리자|문화·예술 관련 관리자,0,True,KECO,2025 개정,2025-01-01,active,2026-03-11 04:54:09,0136,v2,2026-03-18,0,013,0136,0136
137,정보 통신 관련 관리자,detail,4,13.0,정보 통신 관련 관리자,정보 통신 관련 관리자,0,1.0,13.0,137.0,경영·사무·금융·보험직,관리직(임원·부서장),전문서비스 관리자,정보 통신 관련 관리자,0|01|013|0137,경영·사무·금융·보험직|관리직(임원·부서장)|전문서비스 관리자|정보 통신 관련 관리자,0,True,KECO,2025 개정,2025-01-01,active,2026-03-11 04:54:09,0137,v2,2026-03-18,0,013,0137,0137
139,기타 전문 서비스 관리자,detail,4,13.0,기타 전문 서비스 관리자,기타 전문 서비스 관리자,0,1.0,13.0,139.0,경영·사무·금융·보험직,관리직(임원·부서장),전문서비스 관리자,기타 전문 서비스 관리자,0|01|013|0139,경영·사무·금융·보험직|관리직(임원·부서장)|전문서비스 관리자|기타 전문 서비스 관리자,0,True,KECO,2025 개정,2025-01-01,active,2026-03-11 04:54:09,0139,v2,2026-03-18,0,013,0139,0139
14,미용·여행·숙박·음식·경비·청소 관리자,small,3,1.0,미용·여행·숙박·음식·경비·청소 관리자,미용·여행·숙박·음식·경비·청소 관리자,0,1.0,14.0,,경영·사무·금융·보험직,관리직(임원·부서장),미용·여행·숙박·음식·경비·청소 관리자,,0|01|014,경영·사무·금융·보험직|관리직(임원·부서장)|미용·여행·숙박·음식·경비·청소 관리자,3,False,KECO,2025 개정,2025-01-01,active,2026-03-11 04:54:09,014,v2,2026-03-18,0,014,014,
141,숙박·여행·오락 및 스포츠 관련 관리자,detail,4,14.0,숙박·여행·오락 및 스포츠 관련 관리자,숙박·여행·오락 및 스포츠 관련 관리자,0,1.0,14.0,141.0,경영·사무·금융·보험직,관리직(임원·부서장),미용·여행·숙박·음식·경비·청소 관리자,숙박·여행·오락 및 스포츠 관련 관리자,0|01|014|0141,경영·사무·금융·보험직|관리직(임원·부서장)|미용·여행·숙박·음식·경비·청소 관리자|숙박·여행·오락 및 스포츠 관련 관리자,0,True,KECO,2025 개정,2025-01-01,active,2026-03-11 04:54:09,0141,v2,2026-03-18,0,014,0141,0141
142,음식 서비스 관련 관리자,detail,4,14.0,음식 서비스 관련 관리자,음식 서비스 관련 관리자,0,1.0,14.0,142.0,경영·사무·금융·보험직,관리직(임원·부서장),미용·여행·숙박·음식·경비·청소 관리자,음식 서비스 관련 관리자,0|01|014|0142,경영·사무·금융·보험직|관리직(임원·부서장)|미용·여행·숙박·음식·경비·청소 관리자|음식 서비스 관련 관리자,0,True,KECO,2025 개정,2025-01-01,active,2026-03-11 04:54:09,0142,v2,2026-03-18,0,014,0142,0142
143,환경·청소 및 경비 관련 관리자,detail,4,14.0,환경·청소 및 경비 관련 관리자,환경·청소 및 경비 관련 관리자,0,1.0,14.0,143.0,경영·사무·금융·보험직,관리직(임원·부서장),미용·여행·숙박·음식·경비·청소 관리자,환경·청소 및 경비 관련 관리자,0|01|014|0143,경영·사무·금융·보험직|관리직(임원·부서장)|미용·여행·숙박·음식·경비·청소 관리자|환경·청소 및 경비 관련 관리자,0,True,KECO,2025 개정,2025-01-01,active,2026-03-11 04:54:09,0143,v2,2026-03-18,0,014,0143,0143
15,영업·판매·운송 관리자,small,3,1.0,영업·판매·운송 관리자,영업·판매·운송 관리자,0,1.0,15.0,,경영·사무·금융·보험직,관리직(임원·부서장),영업·판매·운송 관리자,,0|01|015,경영·사무·금융·보험직|관리직(임원·부서장)|영업·판매·운송 관리자,3,False,KECO,2025 개정,2025-01-01,active,2026-03-11 04:54:09,015,v2,2026-03-18,0,015,015,
151,영업 및 판매 관련 관리자,detail,4,15.0,영업 및 판매 관련 관리자,영업 및 판매 관련 관리자,0,1.0,15.0,151.0,경영·사무·금융·보험직,관리직(임원·부서장),영업·판매·운송 관리자,영업 및 판매 관련 관리자,0|01|015|0151,경영·사무·금융·보험직|관리직(임원·부서장)|영업·판매·운송 관리자|영업 및 판매 관련 관리자,0,True,KECO,2025 개정,2025-01-01,active,2026-03-11 04:54:09,0151,v2,2026-03-18,0,015,0151,0151
152,운송 관련 관리자,detail,4,15.0,운송 관련 관리자,운송 관련 관리자,0,1.0,15.0,152.0,경영·사무·금융·보험직,관리직(임원·부서장),영업·판매·운송 관리자,운송 관련 관리자,0|01|015|0152,경영·사무·금융·보험직|관리직(임원·부서장)|영업·판매·운송 관리자|운송 관련 관리자,0,True,KECO,2025 개정,2025-01-01,active,2026-03-11 04:54:09,0152,v2,2026-03-18,0,015,0152,0152
159,기타 판매 및 고객 서비스 관리자,detail,4,15.0,기타 판매 및 고객 서비스 관리자,기타 판매 및 고객 서비스 관리자,0,1.0,15.0,159.0,경영·사무·금융·보험직,관리직(임원·부서장),영업·판매·운송 관리자,기타 판매 및 고객 서비스 관리자,0|01|015|0159,경영·사무·금융·보험직|관리직(임원·부서장)|영업·판매·운송 관리자|기타 판매 및 고객 서비스 관리자,0,True,KECO,2025 개정,2025-01-01,active,2026-03-11 04:54:09,0159,v2,2026-03-18,0,015,0159,0159
16,건설·채굴·제조·생산 관리자,small,3,1.0,건설·채굴·제조·생산 관리자,건설·채굴·제조·생산 관리자,0,1.0,16.0,,경영·사무·금융·보험직,관리직(임원·부서장),건설·채굴·제조·생산 관리자,,0|01|016,경영·사무·금융·보험직|관리직(임원·부서장)|건설·채굴·제조·생산 관리자,4,False,KECO,2025 개정,2025-01-01,active,2026-03-11 04:54:09,016,v2,2026-03-18,0,016,016,
161,건설 및 광업 관련 관리자,detail,4,16.0,건설 및 광업 관련 관리자,건설 및 광업 관련 관리자,0,1.0,16.0,161.0,경영·사무·금융·보험직,관리직(임원·부서장),건설·채굴·제조·생산 관리자,건설 및 광업 관련 관리자,0|01|016|0161,경영·사무·금융·보험직|관리직(임원·부서장)|건설·채굴·제조·생산 관리자|건설 및 광업 관련 관리자,0,True,KECO,2025 개정,2025-01-01,active,2026-03-11 04:54:09,0161,v2,2026-03-18,0,016,0161,0161
162,전기·가스 및 수도 관련 관리자,detail,4,16.0,전기·가스 및 수도 관련 관리자,전기·가스 및 수도 관련 관리자,0,1.0,16.0,162.0,경영·사무·금융·보험직,관리직(임원·부서장),건설·채굴·제조·생산 관리자,전기·가스 및 수도 관련 관리자,0|01|016|0162,경영·사무·금융·보험직|관리직(임원·부서장)|건설·채굴·제조·생산 관리자|전기·가스 및 수도 관련 관리자,0,True,KECO,2025 개정,2025-01-01,active,2026-03-11 04:54:09,0162,v2,2026-03-18,0,016,0162,0162
163,제품 생산 관련 관리자,detail,4,16.0,제품 생산 관련 관리자,제품 생산 관련 관리자,0,1.0,16.0,163.0,경영·사무·금융·보험직,관리직(임원·부서장),건설·채굴·제조·생산 관리자,제품 생산 관련 관리자,0|01|016|0163,경영·사무·금융·보험직|관리직(임원·부서장)|건설·채굴·제조·생산 관리자|제품 생산 관련 관리자,0,True,KECO,2025 개정,2025-01-01,active,2026-03-11 04:54:09,0163,v2,2026-03-18,0,016,0163,0163
169,기타 건설·전기 및 생산 관련 관리자,detail,4,16.0,기타 건설·전기 및 생산 관련 관리자,기타 건설·전기 및 생산 관련 관리자,0,1.0,16.0,169.0,경영·사무·금융·보험직,관리직(임원·부서장),건설·채굴·제조·생산 관리자,기타 건설·전기 및 생산 관련 관리자,0|01|016|0169,경영·사무·금융·보험직|관리직(임원·부서장)|건설·채굴·제조·생산 관리자|기타 건설·전기 및 생산 관련 관리자,0,True,KECO,2025 개정,2025-01-01,active,2026-03-11 04:54:09,0169,v2,2026-03-18,0,016,0169,0169
2,경영·행정·사무직,middle,2,0.0,경영·행정·사무직,경영·행정·사무직,0,2.0,,,경영·사무·금융·보험직,경영·행정·사무직,,,0|02,경영·사무·금융·보험직|경영·행정·사무직,9,False,KECO,2025 개정,2025-01-01,active,2026-03-11 04:54:09,02,v2,2026-03-18,0,02,,
21,정부행정 전문가 및 관련 종사자,small,3,2.0,정부행정 전문가 및 관련 종사자,정부행정 전문가 및 관련 종사자,0,2.0,21.0,,경영·사무·금융·보험직,경영·행정·사무직,정부행정 전문가 및 관련 종사자,,0|02|021,경영·사무·금융·보험직|경영·행정·사무직|정부행정 전문가 및 관련 종사자,2,False,KECO,2025 개정,2025-01-01,active,2026-03-11 04:54:09,021,v2,2026-03-18,0,021,021,
211,정부 행정 전문가,detail,4,21.0,정부 행정 전문가,정부 행정 전문가,0,2.0,21.0,211.0,경영·사무·금융·보험직,경영·행정·사무직,정부행정 전문가 및 관련 종사자,정부 행정 전문가,0|02|021|0211,경영·사무·금융·보험직|경영·행정·사무직|정부행정 전문가 및 관련 종사자|정부 행정 전문가,0,True,KECO,2025 개정,2025-01-01,active,2026-03-11 04:54:09,0211,v2,2026-03-18,0,021,0211,0211
212,행정사,detail,4,21.0,행정사,행정사,0,2.0,21.0,212.0,경영·사무·금융·보험직,경영·행정·사무직,정부행정 전문가 및 관련 종사자,행정사,0|02|021|0212,경영·사무·금융·보험직|경영·행정·사무직|정부행정 전문가 및 관련 종사자|행정사,0,True,KECO,2025 개정,2025-01-01,active,2026-03-11 04:54:09,0212,v2,2026-03-18,0,021,0212,0212
22,경영·인사 전문가,small,3,2.0,경영·인사 전문가,경영·인사 전문가,0,2.0,22.0,,경영·사무·금융·보험직,경영·행정·사무직,경영·인사 전문가,,0|02|022,경영·사무·금융·보험직|경영·행정·사무직|경영·인사 전문가,2,False,KECO,2025 개정,2025-01-01,active,2026-03-11 04:54:09,022,v2,2026-03-18,0,022,022,
221,경영 및 진단 전문가,detail,4,22.0,경영 및 진단 전문가,경영 및 진단 전문가,0,2.0,22.0,221.0,경영·사무·금융·보험직,경영·행정·사무직,경영·인사 전문가,경영 및 진단 전문가,0|02|022|0221,경영·사무·금융·보험직|경영·행정·사무직|경영·인사 전문가|경영 및 진단 전문가,0,True,KECO,2025 개정,2025-01-01,active,2026-03-11 04:54:09,0221,v2,2026-03-18,0,022,0221,0221
222,인사 및 노사 관련 전문가,detail,4,22.0,인사 및 노사 관련 전문가,인사 및 노사 관련 전문가,0,2.0,22.0,222.0,경영·사무·금융·보험직,경영·행정·사무직,경영·인사 전문가,인사 및 노사 관련 전문가,0|02|022|0222,경영·사무·금융·보험직|경영·행정·사무직|경영·인사 전문가|인사 및 노사 관련 전문가,0,True,KECO,2025 개정,2025-01-01,active,2026-03-11 04:54:09,0222,v2,2026-03-18,0,022,0222,0222
23,회계·세무·감정 전문가,small,3,2.0,회계·세무·감정 전문가,회계·세무·감정 전문가,0,2.0,23.0,,경영·사무·금융·보험직,경영·행정·사무직,회계·세무·감정 전문가,,0|02|023,경영·사무·금융·보험직|경영·행정·사무직|회계·세무·감정 전문가,4,False,KECO,2025 개정,2025-01-01,active,2026-03-11 04:54:09,023,v2,2026-03-18,0,023,023,
231,회계사,detail,4,23.0,회계사,회계사,0,2.0,23.0,231.0,경영·사무·금융·보험직,경영·행정·사무직,회계·세무·감정 전문가,회계사,0|02|023|0231,경영·사무·금융·보험직|경영·행정·사무직|회계·세무·감정 전문가|회계사,0,True,KECO,2025 개정,2025-01-01,active,2026-03-11 04:54:09,0231,v2,2026-03-18,0,023,0231,0231
232,세무사,detail,4,23.0,세무사,세무사,0,2.0,23.0,232.0,경영·사무·금융·보험직,경영·행정·사무직,회계·세무·감정 전문가,세무사,0|02|023|0232,경영·사무·금융·보험직|경영·행정·사무직|회계·세무·감정 전문가|세무사,0,True,KECO,2025 개정,2025-01-01,active,2026-03-11 04:54:09,0232,v2,2026-03-18,0,023,0232,0232
233,관세사,detail,4,23.0,관세사,관세사,0,2.0,23.0,233.0,경영·사무·금융·보험직,경영·행정·사무직,회계·세무·감정 전문가,관세사,0|02|023|0233,경영·사무·금융·보험직|경영·행정·사무직|회계·세무·감정 전문가|관세사,0,True,KECO,2025 개정,2025-01-01,active,2026-03-11 04:54:09,0233,v2,2026-03-18,0,023,0233,0233
234,감정 관련 전문가,detail,4,23.0,감정 관련 전문가,감정 관련 전문가,0,2.0,23.0,234.0,경영·사무·금융·보험직,경영·행정·사무직,회계·세무·감정 전문가,감정 관련 전문가,0|02|023|0234,경영·사무·금융·보험직|경영·행정·사무직|회계·세무·감정 전문가|감정 관련 전문가,0,True,KECO,2025 개정,2025-01-01,active,2026-03-11 04:54:09,0234,v2,2026-03-18,0,023,0234,0234
24,광고·조사·상품기획·행사기획 전문가,small,3,2.0,광고·조사·상품기획·행사기획 전문가,광고·조사·상품기획·행사기획 전문가,0,2.0,24.0,,경영·사무·금융·보험직,경영·행정·사무직,광고·조사·상품기획·행사기획 전문가,,0|02|024,경영·사무·금융·보험직|경영·행정·사무직|광고·조사·상품기획·행사기획 전문가,4,False,KECO,2025 개정,2025-01-01,active,2026-03-11 04:54:09,024,v2,2026-03-18,0,024,024,
241,광고 및 홍보 전문가,detail,4,24.0,광고 및 홍보 전문가,광고 및 홍보 전문가,0,2.0,24.0,241.0,경영·사무·금융·보험직,경영·행정·사무직,광고·조사·상품기획·행사기획 전문가,광고 및 홍보 전문가,0|02|024|0241,경영·사무·금융·보험직|경영·행정·사무직|광고·조사·상품기획·행사기획 전문가|광고 및 홍보 전문가,0,True,KECO,2025 개정,2025-01-01,active,2026-03-11 04:54:09,0241,v2,2026-03-18,0,024,0241,0241
242,조사 전문가,detail,4,24.0,조사 전문가,조사 전문가,0,2.0,24.0,242.0,경영·사무·금융·보험직,경영·행정·사무직,광고·조사·상품기획·행사기획 전문가,조사 전문가,0|02|024|0242,경영·사무·금융·보험직|경영·행정·사무직|광고·조사·상품기획·행사기획 전문가|조사 전문가,0,True,KECO,2025 개정,2025-01-01,active,2026-03-11 04:54:09,0242,v2,2026-03-18,0,024,0242,0242
243,상품 기획 전문가,detail,4,24.0,상품 기획 전문가,상품 기획 전문가,0,2.0,24.0,243.0,경영·사무·금융·보험직,경영·행정·사무직,광고·조사·상품기획·행사기획 전문가,상품 기획 전문가,0|02|024|0243,경영·사무·금융·보험직|경영·행정·사무직|광고·조사·상품기획·행사기획 전문가|상품 기획 전문가,0,True,KECO,2025 개정,2025-01-01,active,2026-03-11 04:54:09,0243,v2,2026-03-18,0,024,0243,0243
244,행사·전시 및 회의 기획자,detail,4,24.0,행사·전시 및 회의 기획자,행사·전시 및 회의 기획자,0,2.0,24.0,244.0,경영·사무·금융·보험직,경영·행정·사무직,광고·조사·상품기획·행사기획 전문가,행사·전시 및 회의 기획자,0|02|024|0244,경영·사무·금융·보험직|경영·행정·사무직|광고·조사·상품기획·행사기획 전문가|행사·전시 및 회의 기획자,0,True,KECO,2025 개정,2025-01-01,active,2026-03-11 04:54:09,0244,v2,2026-03-18,0,024,0244,0244
25,정부행정 사무원,small,3,2.0,정부행정 사무원,정부행정 사무원,0,2.0,25.0,,경영·사무·금융·보험직,경영·행정·사무직,정부행정 사무원,,0|02|025,경영·사무·금융·보험직|경영·행정·사무직|정부행정 사무원,4,False,KECO,2025 개정,2025-01-01,active,2026-03-11 04:54:09,025,v2,2026-03-18,0,025,025,
251,조세 행정 사무원,detail,4,25.0,조세 행정 사무원,조세 행정 사무원,0,2.0,25.0,251.0,경영·사무·금융·보험직,경영·행정·사무직,정부행정 사무원,조세 행정 사무원,0|02|025|0251,경영·사무·금융·보험직|경영·행정·사무직|정부행정 사무원|조세 행정 사무원,0,True,KECO,2025 개정,2025-01-01,active,2026-03-11 04:54:09,0251,v2,2026-03-18,0,025,0251,0251
252,관세 행정 사무원,detail,4,25.0,관세 행정 사무원,관세 행정 사무원,0,2.0,25.0,252.0,경영·사무·금융·보험직,경영·행정·사무직,정부행정 사무원,관세 행정 사무원,0|02|025|0252,경영·사무·금융·보험직|경영·행정·사무직|정부행정 사무원|관세 행정 사무원,0,True,KECO,2025 개정,2025-01-01,active,2026-03-11 04:54:09,0252,v2,2026-03-18,0,025,0252,0252
253,병무 행정 사무원,detail,4,25.0,병무 행정 사무원,병무 행정 사무원,0,2.0,25.0,253.0,경영·사무·금융·보험직,경영·행정·사무직,정부행정 사무원,병무 행정 사무원,0|02|025|0253,경영·사무·금융·보험직|경영·행정·사무직|정부행정 사무원|병무 행정 사무원,0,True,KECO,2025 개정,2025-01-01,active,2026-03-11 04:54:09,0253,v2,2026-03-18,0,025,0253,0253
259,기타 정부 행정 사무원,detail,4,25.0,기타 정부 행정 사무원,기타 정부 행정 사무원,0,2.0,25.0,259.0,경영·사무·금융·보험직,경영·행정·사무직,정부행정 사무원,기타 정부 행정 사무원,0|02|025|0259,경영·사무·금융·보험직|경영·행정·사무직|정부행정 사무원|기타 정부 행정 사무원,0,True,KECO,2025 개정,2025-01-01,active,2026-03-11 04:54:09,0259,v2,2026-03-18,0,025,0259,0259
26,경영지원 사무원,small,3,2.0,경영지원 사무원,경영지원 사무원,0,2.0,26.0,,경영·사무·금융·보험직,경영·행정·사무직,경영지원 사무원,,0|02|026,경영·사무·금융·보험직|경영·행정·사무직|경영지원 사무원,6,False,KECO,2025 개정,2025-01-01,active,2026-03-11 04:54:09,026,v2,2026-03-18,0,026,026,
261,경영 기획 사무원,detail,4,26.0,경영 기획 사무원,경영 기획 사무원,0,2.0,26.0,261.0,경영·사무·금융·보험직,경영·행정·사무직,경영지원 사무원,경영 기획 사무원,0|02|026|0261,경영·사무·금융·보험직|경영·행정·사무직|경영지원 사무원|경영 기획 사무원,0,True,KECO,2025 개정,2025-01-01,active,2026-03-11 04:54:09,0261,v2,2026-03-18,0,026,0261,0261
262,영업 및 마케팅 사무원,detail,4,26.0,영업 및 마케팅 사무원,영업 및 마케팅 사무원,0,2.0,26.0,262.0,경영·사무·금융·보험직,경영·행정·사무직,경영지원 사무원,영업 및 마케팅 사무원,0|02|026|0262,경영·사무·금융·보험직|경영·행정·사무직|경영지원 사무원|영업 및 마케팅 사무원,0,True,KECO,2025 개정,2025-01-01,active,2026-03-11 04:54:09,0262,v2,2026-03-18,0,026,0262,0262
263,인사 및 노무 사무원,detail,4,26.0,인사 및 노무 사무원,인사 및 노무 사무원,0,2.0,26.0,263.0,경영·사무·금융·보험직,경영·행정·사무직,경영지원 사무원,인사 및 노무 사무원,0|02|026|0263,경영·사무·금융·보험직|경영·행정·사무직|경영지원 사무원|인사 및 노무 사무원,0,True,KECO,2025 개정,2025-01-01,active,2026-03-11 04:54:09,0263,v2,2026-03-18,0,026,0263,0263
264,교육 및 훈련 사무원,detail,4,26.0,교육 및 훈련 사무원,교육 및 훈련 사무원,0,2.0,26.0,264.0,경영·사무·금융·보험직,경영·행정·사무직,경영지원 사무원,교육 및 훈련 사무원,0|02|026|0264,경영·사무·금융·보험직|경영·행정·사무직|경영지원 사무원|교육 및 훈련 사무원,0,True,KECO,2025 개정,2025-01-01,active,2026-03-11 04:54:09,0264,v2,2026-03-18,0,026,0264,0264
265,총무 사무원 및 대학 행정조교,detail,4,26.0,총무 사무원 및 대학 행정조교,총무 사무원 및 대학 행정조교,0,2.0,26.0,265.0,경영·사무·금융·보험직,경영·행정·사무직,경영지원 사무원,총무 사무원 및 대학 행정조교,0|02|026|0265,경영·사무·금융·보험직|경영·행정·사무직|경영지원 사무원|총무 사무원 및 대학 행정조교,0,True,KECO,2025 개정,2025-01-01,active,2026-03-11 04:54:09,0265,v2,2026-03-18,0,026,0265,0265
266,감사 사무원,detail,4,26.0,감사 사무원,감사 사무원,0,2.0,26.0,266.0,경영·사무·금융·보험직,경영·행정·사무직,경영지원 사무원,감사 사무원,0|02|026|0266,경영·사무·금융·보험직|경영·행정·사무직|경영지원 사무원|감사 사무원,0,True,KECO,2025 개정,2025-01-01,active,2026-03-11 04:54:09,0266,v2,2026-03-18,0,026,0266,0266
27,회계·경리 사무원,small,3,2.0,회계·경리 사무원,회계·경리 사무원,0,2.0,27.0,,경영·사무·금융·보험직,경영·행정·사무직,회계·경리 사무원,,0|02|027,경영·사무·금융·보험직|경영·행정·사무직|회계·경리 사무원,2,False,KECO,2025 개정,2025-01-01,active,2026-03-11 04:54:09,027,v2,2026-03-18,0,027,027,
271,회계 사무원,detail,4,27.0,회계 사무원,회계 사무원,0,2.0,27.0,271.0,경영·사무·금융·보험직,경영·행정·사무직,회계·경리 사무원,회계 사무원,0|02|027|0271,경영·사무·금융·보험직|경영·행정·사무직|회계·경리 사무원|회계 사무원,0,True,KECO,2025 개정,2025-01-01,active,2026-03-11 04:54:09,0271,v2,2026-03-18,0,027,0271,0271
272,경리 사무원,detail,4,27.0,경리 사무원,경리 사무원,0,2.0,27.0,272.0,경영·사무·금융·보험직,경영·행정·사무직,회계·경리 사무원,경리 사무원,0|02|027|0272,경영·사무·금융·보험직|경영·행정·사무직|회계·경리 사무원|경리 사무원,0,True,KECO,2025 개정,2025-01-01,active,2026-03-11 04:54:09,0272,v2,2026-03-18,0,027,0272,0272
28,무역·운송·생산·품질 사무원,small,3,2.0,무역·운송·생산·품질 사무원,무역·운송·생산·품질 사무원,0,2.0,28.0,,경영·사무·금융·보험직,경영·행정·사무직,무역·운송·생산·품질 사무원,,0|02|028,경영·사무·금융·보험직|경영·행정·사무직|무역·운송·생산·품질 사무원,6,False,KECO,2025 개정,2025-01-01,active,2026-03-11 04:54:09,028,v2,2026-03-18,0,028,028,
281,무역 사무원,detail,4,28.0,무역 사무원,무역 사무원,0,2.0,28.0,281.0,경영·사무·금융·보험직,경영·행정·사무직,무역·운송·생산·품질 사무원,무역 사무원,0|02|028|0281,경영·사무·금융·보험직|경영·행정·사무직|무역·운송·생산·품질 사무원|무역 사무원,0,True,KECO,2025 개정,2025-01-01,active,2026-03-11 04:54:09,0281,v2,2026-03-18,0,028,0281,0281
282,도로 및 철도운송 사무원,detail,4,28.0,도로 및 철도운송 사무원,도로 및 철도운송 사무원,0,2.0,28.0,282.0,경영·사무·금융·보험직,경영·행정·사무직,무역·운송·생산·품질 사무원,도로 및 철도운송 사무원,0|02|028|0282,경영·사무·금융·보험직|경영·행정·사무직|무역·운송·생산·품질 사무원|도로 및 철도운송 사무원,0,True,KECO,2025 개정,2025-01-01,active,2026-03-11 04:54:09,0282,v2,2026-03-18,0,028,0282,0282
283,수상 및 항공운송 사무원,detail,4,28.0,수상 및 항공운송 사무원,수상 및 항공운송 사무원,0,2.0,28.0,283.0,경영·사무·금융·보험직,경영·행정·사무직,무역·운송·생산·품질 사무원,수상 및 항공운송 사무원,0|02|028|0283,경영·사무·금융·보험직|경영·행정·사무직|무역·운송·생산·품질 사무원|수상 및 항공운송 사무원,0,True,KECO,2025 개정,2025-01-01,active,2026-03-11 04:54:09,0283,v2,2026-03-18,0,028,0283,0283
284,자재관리 사무원,detail,4,28.0,자재관리 사무원,자재관리 사무원,0,2.0,28.0,284.0,경영·사무·금융·보험직,경영·행정·사무직,무역·운송·생산·품질 사무원,자재관리 사무원,0|02|028|0284,경영·사무·금융·보험직|경영·행정·사무직|무역·운송·생산·품질 사무원|자재관리 사무원,0,True,KECO,2025 개정,2025-01-01,active,2026-03-11 04:54:09,0284,v2,2026-03-18,0,028,0284,0284
285,생산 및 품질관리 사무원,detail,4,28.0,생산 및 품질관리 사무원,생산 및 품질관리 사무원,0,2.0,28.0,285.0,경영·사무·금융·보험직,경영·행정·사무직,무역·운송·생산·품질 사무원,생산 및 품질관리 사무원,0|02|028|0285,경영·사무·금융·보험직|경영·행정·사무직|무역·운송·생산·품질 사무원|생산 및 품질관리 사무원,0,True,KECO,2025 개정,2025-01-01,active,2026-03-11 04:54:09,0285,v2,2026-03-18,0,028,0285,0285
289,기타 운송 및 무역 사무원,detail,4,28.0,기타 운송 및 무역 사무원,기타 운송 및 무역 사무원,0,2.0,28.0,289.0,경영·사무·금융·보험직,경영·행정·사무직,무역·운송·생산·품질 사무원,기타 운송 및 무역 사무원,0|02|028|0289,경영·사무·금융·보험직|경영·행정·사무직|무역·운송·생산·품질 사무원|기타 운송 및 무역 사무원,0,True,KECO,2025 개정,2025-01-01,active,2026-03-11 04:54:09,0289,v2,2026-03-18,0,028,0289,0289
29,안내·고객상담·통계·비서 및 기타 사무원,small,3,2.0,안내·고객상담·통계·비서 및 기타 사무원,안내·고객상담·통계·비서 및 기타 사무원,0,2.0,29.0,,경영·사무·금융·보험직,경영·행정·사무직,안내·고객상담·통계·비서 및 기타 사무원,,0|02|029,경영·사무·금융·보험직|경영·행정·사무직|안내·고객상담·통계·비서 및 기타 사무원,8,False,KECO,2025 개정,2025-01-01,active,2026-03-11 04:54:09,029,v2,2026-03-18,0,029,029,
291,안내·접수원 및 전화교환원,detail,4,29.0,안내·접수원 및 전화교환원,안내·접수원 및 전화교환원,0,2.0,29.0,291.0,경영·사무·금융·보험직,경영·행정·사무직,안내·고객상담·통계·비서 및 기타 사무원,안내·접수원 및 전화교환원,0|02|029|0291,경영·사무·금융·보험직|경영·행정·사무직|안내·고객상담·통계·비서 및 기타 사무원|안내·접수원 및 전화교환원,0,True,KECO,2025 개정,2025-01-01,active,2026-03-11 04:54:09,0291,v2,2026-03-18,0,029,0291,0291
292,고객 상담 및 모니터 요원,detail,4,29.0,고객 상담 및 모니터 요원,고객 상담 및 모니터 요원,0,2.0,29.0,292.0,경영·사무·금융·보험직,경영·행정·사무직,안내·고객상담·통계·비서 및 기타 사무원,고객 상담 및 모니터 요원,0|02|029|0292,경영·사무·금융·보험직|경영·행정·사무직|안내·고객상담·통계·비서 및 기타 사무원|고객 상담 및 모니터 요원,0,True,KECO,2025 개정,2025-01-01,active,2026-03-11 04:54:09,0292,v2,2026-03-18,0,029,0292,0292
293,통계·데이터 관련 사무원,detail,4,29.0,통계·데이터 관련 사무원,통계·데이터 관련 사무원,0,2.0,29.0,293.0,경영·사무·금융·보험직,경영·행정·사무직,안내·고객상담·통계·비서 및 기타 사무원,통계·데이터 관련 사무원,0|02|029|0293,경영·사무·금융·보험직|경영·행정·사무직|안내·고객상담·통계·비서 및 기타 사무원|통계·데이터 관련 사무원,0,True,KECO,2025 개정,2025-01-01,active,2026-03-11 04:54:09,0293,v2,2026-03-18,0,029,0293,0293
294,비서,detail,4,29.0,비서,비서,0,2.0,29.0,294.0,경영·사무·금융·보험직,경영·행정·사무직,안내·고객상담·통계·비서 및 기타 사무원,비서,0|02|029|0294,경영·사무·금융·보험직|경영·행정·사무직|안내·고객상담·통계·비서 및 기타 사무원|비서,0,True,KECO,2025 개정,2025-01-01,active,2026-03-11 04:54:09,0294,v2,2026-03-18,0,029,0294,0294
295,전산 자료 입력원,detail,4,29.0,전산 자료 입력원,전산 자료 입력원,0,2.0,29.0,295.0,경영·사무·금융·보험직,경영·행정·사무직,안내·고객상담·통계·비서 및 기타 사무원,전산 자료 입력원,0|02|029|0295,경영·사무·금융·보험직|경영·행정·사무직|안내·고객상담·통계·비서 및 기타 사무원|전산 자료 입력원,0,True,KECO,2025 개정,2025-01-01,active,2026-03-11 04:54:09,0295,v2,2026-03-18,0,029,0295,0295
296,속기사,detail,4,29.0,속기사,속기사,0,2.0,29.0,296.0,경영·사무·금융·보험직,경영·행정·사무직,안내·고객상담·통계·비서 및 기타 사무원,속기사,0|02|029|0296,경영·사무·금융·보험직|경영·행정·사무직|안내·고객상담·통계·비서 및 기타 사무원|속기사,0,True,KECO,2025 개정,2025-01-01,active,2026-03-11 04:54:09,0296,v2,2026-03-18,0,029,0296,0296
297,자원봉사 관리원,detail,4,29.0,자원봉사 관리원,자원봉사 관리원,0,2.0,29.0,297.0,경영·사무·금융·보험직,경영·행정·사무직,안내·고객상담·통계·비서 및 기타 사무원,자원봉사 관리원,0|02|029|0297,경영·사무·금융·보험직|경영·행정·사무직|안내·고객상담·통계·비서 및 기타 사무원|자원봉사 관리원,0,True,KECO,2025 개정,2025-01-01,active,2026-03-11 04:54:09,0297,v2,2026-03-18,0,029,0297,0297
299,기타 사무 지원 종사원,detail,4,29.0,기타 사무 지원 종사원,기타 사무 지원 종사원,0,2.0,29.0,299.0,경영·사무·금융·보험직,경영·행정·사무직,안내·고객상담·통계·비서 및 기타 사무원,기타 사무 지원 종사원,0|02|029|0299,경영·사무·금융·보험직|경영·행정·사무직|안내·고객상담·통계·비서 및 기타 사무원|기타 사무 지원 종사원,0,True,KECO,2025 개정,2025-01-01,active,2026-03-11 04:54:09,0299,v2,2026-03-18,0,029,0299,0299
3,금융·보험직,middle,2,0.0,금융·보험직,금융·보험직,0,3.0,,,경영·사무·금융·보험직,금융·보험직,,,0|03,경영·사무·금융·보험직|금융·보험직,3,False,KECO,2025 개정,2025-01-01,active,2026-03-11 04:54:09,03,v2,2026-03-18,0,03,,
31,금융·보험 전문가,small,3,3.0,금융·보험 전문가,금융·보험 전문가,0,3.0,31.0,,경영·사무·금융·보험직,금융·보험직,금융·보험 전문가,,0|03|031,경영·사무·금융·보험직|금융·보험직|금융·보험 전문가,6,False,KECO,2025 개정,2025-01-01,active,2026-03-11 04:54:09,031,v2,2026-03-18,0,031,031,
311,투자 및 신용 분석가,detail,4,31.0,투자 및 신용 분석가,투자 및 신용 분석가,0,3.0,31.0,311.0,경영·사무·금융·보험직,금융·보험직,금융·보험 전문가,투자 및 신용 분석가,0|03|031|0311,경영·사무·금융·보험직|금융·보험직|금융·보험 전문가|투자 및 신용 분석가,0,True,KECO,2025 개정,2025-01-01,active,2026-03-11 04:54:09,0311,v2,2026-03-18,0,031,0311,0311
312,자산 운용가,detail,4,31.0,자산 운용가,자산 운용가,0,3.0,31.0,312.0,경영·사무·금융·보험직,금융·보험직,금융·보험 전문가,자산 운용가,0|03|031|0312,경영·사무·금융·보험직|금융·보험직|금융·보험 전문가|자산 운용가,0,True,KECO,2025 개정,2025-01-01,active,2026-03-11 04:54:09,0312,v2,2026-03-18,0,031,0312,0312
313,금융 및 보험 상품 개발자,detail,4,31.0,금융 및 보험 상품 개발자,금융 및 보험 상품 개발자,0,3.0,31.0,313.0,경영·사무·금융·보험직,금융·보험직,금융·보험 전문가,금융 및 보험 상품 개발자,0|03|031|0313,경영·사무·금융·보험직|금융·보험직|금융·보험 전문가|금융 및 보험 상품 개발자,0,True,KECO,2025 개정,2025-01-01,active,2026-03-11 04:54:09,0313,v2,2026-03-18,0,031,0313,0313
314,증권 및 외환 딜러,detail,4,31.0,증권 및 외환 딜러,증권 및 외환 딜러,0,3.0,31.0,314.0,경영·사무·금융·보험직,금융·보험직,금융·보험 전문가,증권 및 외환 딜러,0|03|031|0314,경영·사무·금융·보험직|금융·보험직|금융·보험 전문가|증권 및 외환 딜러,0,True,KECO,2025 개정,2025-01-01,active,2026-03-11 04:54:09,0314,v2,2026-03-18,0,031,0314,0314
315,손해 사정사,detail,4,31.0,손해 사정사,손해 사정사,0,3.0,31.0,315.0,경영·사무·금융·보험직,금융·보험직,금융·보험 전문가,손해 사정사,0|03|031|0315,경영·사무·금융·보험직|금융·보험직|금융·보험 전문가|손해 사정사,0,True,KECO,2025 개정,2025-01-01,active,2026-03-11 04:54:09,0315,v2,2026-03-18,0,031,0315,0315
319,기타 금융 및 보험 관련 전문가,detail,4,31.0,기타 금융 및 보험 관련 전문가,기타 금융 및 보험 관련 전문가,0,3.0,31.0,319.0,경영·사무·금융·보험직,금융·보험직,금융·보험 전문가,기타 금융 및 보험 관련 전문가,0|03|031|0319,경영·사무·금융·보험직|금융·보험직|금융·보험 전문가|기타 금융 및 보험 관련 전문가,0,True,KECO,2025 개정,2025-01-01,active,2026-03-11 04:54:09,0319,v2,2026-03-18,0,031,0319,0319
32,금융·보험 사무원,small,3,3.0,금융·보험 사무원,금융·보험 사무원,0,3.0,32.0,,경영·사무·금융·보험직,금융·보험직,금융·보험 사무원,,0|03|032,경영·사무·금융·보험직|금융·보험직|금융·보험 사무원,6,False,KECO,2025 개정,2025-01-01,active,2026-03-11 04:54:09,032,v2,2026-03-18,0,032,032,
321,은행 사무원,detail,4,32.0,은행 사무원,은행 사무원,0,3.0,32.0,321.0,경영·사무·금융·보험직,금융·보험직,금융·보험 사무원,은행 사무원,0|03|032|0321,경영·사무·금융·보험직|금융·보험직|금융·보험 사무원|은행 사무원,0,True,KECO,2025 개정,2025-01-01,active,2026-03-11 04:54:09,0321,v2,2026-03-18,0,032,0321,0321
322,증권 사무원,detail,4,32.0,증권 사무원,증권 사무원,0,3.0,32.0,322.0,경영·사무·금융·보험직,금융·보험직,금융·보험 사무원,증권 사무원,0|03|032|0322,경영·사무·금융·보험직|금융·보험직|금융·보험 사무원|증권 사무원,0,True,KECO,2025 개정,2025-01-01,active,2026-03-11 04:54:09,0322,v2,2026-03-18,0,032,0322,0322
323,보험 심사원 및 사무원,detail,4,32.0,보험 심사원 및 사무원,보험 심사원 및 사무원,0,3.0,32.0,323.0,경영·사무·금융·보험직,금융·보험직,금융·보험 사무원,보험 심사원 및 사무원,0|03|032|0323,경영·사무·금융·보험직|금융·보험직|금융·보험 사무원|보험 심사원 및 사무원,0,True,KECO,2025 개정,2025-01-01,active,2026-03-11 04:54:09,0323,v2,2026-03-18,0,032,0323,0323
324,출납 창구 사무원,detail,4,32.0,출납 창구 사무원,출납 창구 사무원,0,3.0,32.0,324.0,경영·사무·금융·보험직,금융·보험직,금융·보험 사무원,출납 창구 사무원,0|03|032|0324,경영·사무·금융·보험직|금융·보험직|금융·보험 사무원|출납 창구 사무원,0,True,KECO,2025 개정,2025-01-01,active,2026-03-11 04:54:09,0324,v2,2026-03-18,0,032,0324,0324
325,수금원 및 신용 추심원,detail,4,32.0,수금원 및 신용 추심원,수금원 및 신용 추심원,0,3.0,32.0,325.0,경영·사무·금융·보험직,금융·보험직,금융·보험 사무원,수금원 및 신용 추심원,0|03|032|0325,경영·사무·금융·보험직|금융·보험직|금융·보험 사무원|수금원 및 신용 추심원,0,True,KECO,2025 개정,2025-01-01,active,2026-03-11 04:54:09,0325,v2,2026-03-18,0,032,0325,0325
329,기타 금융 사무원,detail,4,32.0,기타 금융 사무원,기타 금융 사무원,0,3.0,32.0,329.0,경영·사무·금융·보험직,금융·보험직,금융·보험 사무원,기타 금융 사무원,0|03|032|0329,경영·사무·금융·보험직|금융·보험직|금융·보험 사무원|기타 금융 사무원,0,True,KECO,2025 개정,2025-01-01,active,2026-03-11 04:54:09,0329,v2,2026-03-18,0,032,0329,0329
33,금융·보험 영업원,small,3,3.0,금융·보험 영업원,금융·보험 영업원,0,3.0,33.0,,경영·사무·금융·보험직,금융·보험직,금융·보험 영업원,,0|03|033,경영·사무·금융·보험직|금융·보험직|금융·보험 영업원,2,False,KECO,2025 개정,2025-01-01,active,2026-03-11 04:54:09,033,v2,2026-03-18,0,033,033,
331,대출 및 신용카드 모집인,detail,4,33.0,대출 및 신용카드 모집인,대출 및 신용카드 모집인,0,3.0,33.0,331.0,경영·사무·금융·보험직,금융·보험직,금융·보험 영업원,대출 및 신용카드 모집인,0|03|033|0331,경영·사무·금융·보험직|금융·보험직|금융·보험 영업원|대출 및 신용카드 모집인,0,True,KECO,2025 개정,2025-01-01,active,2026-03-11 04:54:09,0331,v2,2026-03-18,0,033,0331,0331
332,보험 모집인 및 투자 권유 대행인,detail,4,33.0,보험 모집인 및 투자 권유 대행인,보험 모집인 및 투자 권유 대행인,0,3.0,33.0,332.0,경영·사무·금융·보험직,금융·보험직,금융·보험 영업원,보험 모집인 및 투자 권유 대행인,0|03|033|0332,경영·사무·금융·보험직|금융·보험직|금융·보험 영업원|보험 모집인 및 투자 권유 대행인,0,True,KECO,2025 개정,2025-01-01,active,2026-03-11 04:54:09,0332,v2,2026-03-18,0,033,0332,0332
1,연구직 및 공학 기술직,major,1,,연구직 및 공학 기술직,연구직 및 공학 기술직,1,,,,연구직 및 공학 기술직,,,,1,연구직 및 공학 기술직,5,False,KECO,2025 개정,2025-01-01,active,2026-03-11 04:54:09,1,v2,2026-03-18,1,,,
11,인문·사회과학 연구직,middle,2,1.0,인문·사회과학 연구직,인문·사회과학 연구직,1,11.0,,,연구직 및 공학 기술직,인문·사회과학 연구직,,,1|11,연구직 및 공학 기술직|인문·사회과학 연구직,1,False,KECO,2025 개정,2025-01-01,active,2026-03-11 04:54:09,11,v2,2026-03-18,1,11,,
110,인문·사회과학 연구원,small,3,11.0,인문·사회과학 연구원,인문·사회과학 연구원,1,11.0,110.0,,연구직 및 공학 기술직,인문·사회과학 연구직,인문·사회과학 연구원,,1|11|110,연구직 및 공학 기술직|인문·사회과학 연구직|인문·사회과학 연구원,2,False,KECO,2025 개정,2025-01-01,active,2026-03-11 04:54:09,110,v2,2026-03-18,1,110,110,
1101,인문과학 연구원,detail,4,110.0,인문과학 연구원,인문과학 연구원,1,11.0,110.0,1101.0,연구직 및 공학 기술직,인문·사회과학 연구직,인문·사회과학 연구원,인문과학 연구원,1|11|110|1101,연구직 및 공학 기술직|인문·사회과학 연구직|인문·사회과학 연구원|인문과학 연구원,0,True,KECO,2025 개정,2025-01-01,active,2026-03-11 04:54:09,1101,v2,2026-03-18,1,110,1101,1101
1102,사회과학 연구원,detail,4,110.0,사회과학 연구원,사회과학 연구원,1,11.0,110.0,1102.0,연구직 및 공학 기술직,인문·사회과학 연구직,인문·사회과학 연구원,사회과학 연구원,1|11|110|1102,연구직 및 공학 기술직|인문·사회과학 연구직|인문·사회과학 연구원|사회과학 연구원,0,True,KECO,2025 개정,2025-01-01,active,2026-03-11 04:54:09,1102,v2,2026-03-18,1,110,1102,1102
12,자연·생명과학 연구직,middle,2,1.0,자연·생명과학 연구직,자연·생명과학 연구직,1,12.0,,,연구직 및 공학 기술직,자연·생명과학 연구직,,,1|12,연구직 및 공학 기술직|자연·생명과학 연구직,2,False,KECO,2025 개정,2025-01-01,active,2026-03-11 04:54:09,12,v2,2026-03-18,1,12,,
121,자연과학 연구원 및 시험원,small,3,12.0,자연과학 연구원 및 시험원,자연과학 연구원 및 시험원,1,12.0,121.0,,연구직 및 공학 기술직,자연·생명과학 연구직,자연과학 연구원 및 시험원,,1|12|121,연구직 및 공학 기술직|자연·생명과학 연구직|자연과학 연구원 및 시험원,2,False,KECO,2025 개정,2025-01-01,active,2026-03-11 04:54:09,121,v2,2026-03-18,1,121,121,
1211,자연과학 연구원,detail,4,121.0,자연과학 연구원,자연과학 연구원,1,12.0,121.0,1211.0,연구직 및 공학 기술직,자연·생명과학 연구직,자연과학 연구원 및 시험원,자연과학 연구원,1|12|121|1211,연구직 및 공학 기술직|자연·생명과학 연구직|자연과학 연구원 및 시험원|자연과학 연구원,0,True,KECO,2025 개정,2025-01-01,active,2026-03-11 04:54:09,1211,v2,2026-03-18,1,121,1211,1211
1212,자연과학 시험원,detail,4,121.0,자연과학 시험원,자연과학 시험원,1,12.0,121.0,1212.0,연구직 및 공학 기술직,자연·생명과학 연구직,자연과학 연구원 및 시험원,자연과학 시험원,1|12|121|1212,연구직 및 공학 기술직|자연·생명과학 연구직|자연과학 연구원 및 시험원|자연과학 시험원,0,True,KECO,2025 개정,2025-01-01,active,2026-03-11 04:54:09,1212,v2,2026-03-18,1,121,1212,1212
122,생명과학 연구원 및 시험원,small,3,12.0,생명과학 연구원 및 시험원,생명과학 연구원 및 시험원,1,12.0,122.0,,연구직 및 공학 기술직,자연·생명과학 연구직,생명과학 연구원 및 시험원,,1|12|122,연구직 및 공학 기술직|자연·생명과학 연구직|생명과학 연구원 및 시험원,3,False,KECO,2025 개정,2025-01-01,active,2026-03-11 04:54:09,122,v2,2026-03-18,1,122,122,
1221,생명과학 연구원,detail,4,122.0,생명과학 연구원,생명과학 연구원,1,12.0,122.0,1221.0,연구직 및 공학 기술직,자연·생명과학 연구직,생명과학 연구원 및 시험원,생명과학 연구원,1|12|122|1221,연구직 및 공학 기술직|자연·생명과학 연구직|생명과학 연구원 및 시험원|생명과학 연구원,0,True,KECO,2025 개정,2025-01-01,active,2026-03-11 04:54:09,1221,v2,2026-03-18,1,122,1221,1221
1222,생명과학 시험원,detail,4,122.0,생명과학 시험원,생명과학 시험원,1,12.0,122.0,1222.0,연구직 및 공학 기술직,자연·생명과학 연구직,생명과학 연구원 및 시험원,생명과학 시험원,1|12|122|1222,연구직 및 공학 기술직|자연·생명과학 연구직|생명과학 연구원 및 시험원|생명과학 시험원,0,True,KECO,2025 개정,2025-01-01,active,2026-03-11 04:54:09,1222,v2,2026-03-18,1,122,1222,1222
1223,농림어업 관련 시험원,detail,4,122.0,농림어업 관련 시험원,농림어업 관련 시험원,1,12.0,122.0,1223.0,연구직 및 공학 기술직,자연·생명과학 연구직,생명과학 연구원 및 시험원,농림어업 관련 시험원,1|12|122|1223,연구직 및 공학 기술직|자연·생명과학 연구직|생명과학 연구원 및 시험원|농림어업 관련 시험원,0,True,KECO,2025 개정,2025-01-01,active,2026-03-11 04:54:09,1223,v2,2026-03-18,1,122,1223,1223
13,정보통신 연구개발직 및 공학기술직,middle,2,1.0,정보통신 연구개발직 및 공학기술직,정보통신 연구개발직 및 공학기술직,1,13.0,,,연구직 및 공학 기술직,정보통신 연구개발직 및 공학기술직,,,1|13,연구직 및 공학 기술직|정보통신 연구개발직 및 공학기술직,7,False,KECO,2025 개정,2025-01-01,active,2026-03-11 04:54:09,13,v2,2026-03-18,1,13,,
131,컴퓨터하드웨어·통신공학 기술자,small,3,13.0,컴퓨터하드웨어·통신공학 기술자,컴퓨터하드웨어·통신공학 기술자,1,13.0,131.0,,연구직 및 공학 기술직,정보통신 연구개발직 및 공학기술직,컴퓨터하드웨어·통신공학 기술자,,1|13|131,연구직 및 공학 기술직|정보통신 연구개발직 및 공학기술직|컴퓨터하드웨어·통신공학 기술자,2,False,KECO,2025 개정,2025-01-01,active,2026-03-11 04:54:09,131,v2,2026-03-18,1,131,131,
1311,컴퓨터 하드웨어 기술자 및 연구원,detail,4,131.0,컴퓨터 하드웨어 기술자 및 연구원,컴퓨터 하드웨어 기술자 및 연구원,1,13.0,131.0,1311.0,연구직 및 공학 기술직,정보통신 연구개발직 및 공학기술직,컴퓨터하드웨어·통신공학 기술자,컴퓨터 하드웨어 기술자 및 연구원,1|13|131|1311,연구직 및 공학 기술직|정보통신 연구개발직 및 공학기술직|컴퓨터하드웨어·통신공학 기술자|컴퓨터 하드웨어 기술자 및 연구원,0,True,KECO,2025 개정,2025-01-01,active,2026-03-11 04:54:09,1311,v2,2026-03-18,1,131,1311,1311
1312,통신공학 기술자 및 연구원,detail,4,131.0,통신공학 기술자 및 연구원,통신공학 기술자 및 연구원,1,13.0,131.0,1312.0,연구직 및 공학 기술직,정보통신 연구개발직 및 공학기술직,컴퓨터하드웨어·통신공학 기술자,통신공학 기술자 및 연구원,1|13|131|1312,연구직 및 공학 기술직|정보통신 연구개발직 및 공학기술직|컴퓨터하드웨어·통신공학 기술자|통신공학 기술자 및 연구원,0,True,KECO,2025 개정,2025-01-01,active,2026-03-11 04:54:09,1312,v2,2026-03-18,1,131,1312,1312
132,컴퓨터시스템 전문가,small,3,13.0,컴퓨터시스템 전문가,컴퓨터시스템 전문가,1,13.0,132.0,,연구직 및 공학 기술직,정보통신 연구개발직 및 공학기술직,컴퓨터시스템 전문가,,1|13|132,연구직 및 공학 기술직|정보통신 연구개발직 및 공학기술직|컴퓨터시스템 전문가,1,False,KECO,2025 개정,2025-01-01,active,2026-03-11 04:54:09,132,v2,2026-03-18,1,132,132,
1320,컴퓨터시스템 전문가,detail,4,132.0,컴퓨터시스템 전문가,컴퓨터시스템 전문가,1,13.0,132.0,1320.0,연구직 및 공학 기술직,정보통신 연구개발직 및 공학기술직,컴퓨터시스템 전문가,컴퓨터시스템 전문가,1|13|132|1320,연구직 및 공학 기술직|정보통신 연구개발직 및 공학기술직|컴퓨터시스템 전문가|컴퓨터시스템 전문가,0,True,KECO,2025 개정,2025-01-01,active,2026-03-11 04:54:09,1320,v2,2026-03-18,1,132,1320,1320
133,소프트웨어 개발자,small,3,13.0,소프트웨어 개발자,소프트웨어 개발자,1,13.0,133.0,,연구직 및 공학 기술직,정보통신 연구개발직 및 공학기술직,소프트웨어 개발자,,1|13|133,연구직 및 공학 기술직|정보통신 연구개발직 및 공학기술직|소프트웨어 개발자,4,False,KECO,2025 개정,2025-01-01,active,2026-03-11 04:54:09,133,v2,2026-03-18,1,133,133,
1331,시스템 소프트웨어 개발자,detail,4,133.0,시스템 소프트웨어 개발자,시스템 소프트웨어 개발자,1,13.0,133.0,1331.0,연구직 및 공학 기술직,정보통신 연구개발직 및 공학기술직,소프트웨어 개발자,시스템 소프트웨어 개발자,1|13|133|1331,연구직 및 공학 기술직|정보통신 연구개발직 및 공학기술직|소프트웨어 개발자|시스템 소프트웨어 개발자,0,True,KECO,2025 개정,2025-01-01,active,2026-03-11 04:54:09,1331,v2,2026-03-18,1,133,1331,1331
1332,응용 소프트웨어 개발자,detail,4,133.0,응용 소프트웨어 개발자,응용 소프트웨어 개발자,1,13.0,133.0,1332.0,연구직 및 공학 기술직,정보통신 연구개발직 및 공학기술직,소프트웨어 개발자,응용 소프트웨어 개발자,1|13|133|1332,연구직 및 공학 기술직|정보통신 연구개발직 및 공학기술직|소프트웨어 개발자|응용 소프트웨어 개발자,0,True,KECO,2025 개정,2025-01-01,active,2026-03-11 04:54:09,1332,v2,2026-03-18,1,133,1332,1332
1333,웹 개발자,detail,4,133.0,웹 개발자,웹 개발자,1,13.0,133.0,1333.0,연구직 및 공학 기술직,정보통신 연구개발직 및 공학기술직,소프트웨어 개발자,웹 개발자,1|13|133|1333,연구직 및 공학 기술직|정보통신 연구개발직 및 공학기술직|소프트웨어 개발자|웹 개발자,0,True,KECO,2025 개정,2025-01-01,active,2026-03-11 04:54:09,1333,v2,2026-03-18,1,133,1333,1333
1339,기타 컴퓨터 시스템 및 소프트웨어 전문가,detail,4,133.0,기타 컴퓨터 시스템 및 소프트웨어 전문가,기타 컴퓨터 시스템 및 소프트웨어 전문가,1,13.0,133.0,1339.0,연구직 및 공학 기술직,정보통신 연구개발직 및 공학기술직,소프트웨어 개발자,기타 컴퓨터 시스템 및 소프트웨어 전문가,1|13|133|1339,연구직 및 공학 기술직|정보통신 연구개발직 및 공학기술직|소프트웨어 개발자|기타 컴퓨터 시스템 및 소프트웨어 전문가,0,True,KECO,2025 개정,2025-01-01,active,2026-03-11 04:54:09,1339,v2,2026-03-18,1,133,1339,1339
134,네트워크 시스템 개발자 및 정보보안 전문가,small,3,13.0,네트워크 시스템 개발자 및 정보보안 전문가,네트워크 시스템 개발자 및 정보보안 전문가,1,13.0,134.0,,연구직 및 공학 기술직,정보통신 연구개발직 및 공학기술직,네트워크 시스템 개발자 및 정보보안 전문가,,1|13|134,연구직 및 공학 기술직|정보통신 연구개발직 및 공학기술직|네트워크 시스템 개발자 및 정보보안 전문가,3,False,KECO,2025 개정,2025-01-01,active,2026-03-11 04:54:09,134,v2,2026-03-18,1,134,134,
1341,네트워크 시스템 개발자,detail,4,134.0,네트워크 시스템 개발자,네트워크 시스템 개발자,1,13.0,134.0,1341.0,연구직 및 공학 기술직,정보통신 연구개발직 및 공학기술직,네트워크 시스템 개발자 및 정보보안 전문가,네트워크 시스템 개발자,1|13|134|1341,연구직 및 공학 기술직|정보통신 연구개발직 및 공학기술직|네트워크 시스템 개발자 및 정보보안 전문가|네트워크 시스템 개발자,0,True,KECO,2025 개정,2025-01-01,active,2026-03-11 04:54:09,1341,v2,2026-03-18,1,134,1341,1341
1342,정보 보안 전문가,detail,4,134.0,정보 보안 전문가,정보 보안 전문가,1,13.0,134.0,1342.0,연구직 및 공학 기술직,정보통신 연구개발직 및 공학기술직,네트워크 시스템 개발자 및 정보보안 전문가,정보 보안 전문가,1|13|134|1342,연구직 및 공학 기술직|정보통신 연구개발직 및 공학기술직|네트워크 시스템 개발자 및 정보보안 전문가|정보 보안 전문가,0,True,KECO,2025 개정,2025-01-01,active,2026-03-11 04:54:09,1342,v2,2026-03-18,1,134,1342,1342
1349,기타 네트워크 및 정보 보안 전문가,detail,4,134.0,기타 네트워크 및 정보 보안 전문가,기타 네트워크 및 정보 보안 전문가,1,13.0,134.0,1349.0,연구직 및 공학 기술직,정보통신 연구개발직 및 공학기술직,네트워크 시스템 개발자 및 정보보안 전문가,기타 네트워크 및 정보 보안 전문가,1|13|134|1349,연구직 및 공학 기술직|정보통신 연구개발직 및 공학기술직|네트워크 시스템 개발자 및 정보보안 전문가|기타 네트워크 및 정보 보안 전문가,0,True,KECO,2025 개정,2025-01-01,active,2026-03-11 04:54:09,1349,v2,2026-03-18,1,134,1349,1349
135,데이터 전문가,small,3,13.0,데이터 전문가,데이터 전문가,1,13.0,135.0,,연구직 및 공학 기술직,정보통신 연구개발직 및 공학기술직,데이터 전문가,,1|13|135,연구직 및 공학 기술직|정보통신 연구개발직 및 공학기술직|데이터 전문가,2,False,KECO,2025 개정,2025-01-01,active,2026-03-11 04:54:09,135,v2,2026-03-18,1,135,135,
1351,데이터 시스템 전문가,detail,4,135.0,데이터 시스템 전문가,데이터 시스템 전문가,1,13.0,135.0,1351.0,연구직 및 공학 기술직,정보통신 연구개발직 및 공학기술직,데이터 전문가,데이터 시스템 전문가,1|13|135|1351,연구직 및 공학 기술직|정보통신 연구개발직 및 공학기술직|데이터 전문가|데이터 시스템 전문가,0,True,KECO,2025 개정,2025-01-01,active,2026-03-11 04:54:09,1351,v2,2026-03-18,1,135,1351,1351
1352,데이터 분석가,detail,4,135.0,데이터 분석가,데이터 분석가,1,13.0,135.0,1352.0,연구직 및 공학 기술직,정보통신 연구개발직 및 공학기술직,데이터 전문가,데이터 분석가,1|13|135|1352,연구직 및 공학 기술직|정보통신 연구개발직 및 공학기술직|데이터 전문가|데이터 분석가,0,True,KECO,2025 개정,2025-01-01,active,2026-03-11 04:54:09,1352,v2,2026-03-18,1,135,1352,1352
136,정보시스템 및 웹 운영자,small,3,13.0,정보시스템 및 웹 운영자,정보시스템 및 웹 운영자,1,13.0,136.0,,연구직 및 공학 기술직,정보통신 연구개발직 및 공학기술직,정보시스템 및 웹 운영자,,1|13|136,연구직 및 공학 기술직|정보통신 연구개발직 및 공학기술직|정보시스템 및 웹 운영자,2,False,KECO,2025 개정,2025-01-01,active,2026-03-11 04:54:09,136,v2,2026-03-18,1,136,136,
1361,정보 시스템 운영자,detail,4,136.0,정보 시스템 운영자,정보 시스템 운영자,1,13.0,136.0,1361.0,연구직 및 공학 기술직,정보통신 연구개발직 및 공학기술직,정보시스템 및 웹 운영자,정보 시스템 운영자,1|13|136|1361,연구직 및 공학 기술직|정보통신 연구개발직 및 공학기술직|정보시스템 및 웹 운영자|정보 시스템 운영자,0,True,KECO,2025 개정,2025-01-01,active,2026-03-11 04:54:09,1361,v2,2026-03-18,1,136,1361,1361
1362,웹 운영자,detail,4,136.0,웹 운영자,웹 운영자,1,13.0,136.0,1362.0,연구직 및 공학 기술직,정보통신 연구개발직 및 공학기술직,정보시스템 및 웹 운영자,웹 운영자,1|13|136|1362,연구직 및 공학 기술직|정보통신 연구개발직 및 공학기술직|정보시스템 및 웹 운영자|웹 운영자,0,True,KECO,2025 개정,2025-01-01,active,2026-03-11 04:54:09,1362,v2,2026-03-18,1,136,1362,1362
137,통신·방송송출 장비 기사,small,3,13.0,통신·방송송출 장비 기사,통신·방송송출 장비 기사,1,13.0,137.0,,연구직 및 공학 기술직,정보통신 연구개발직 및 공학기술직,통신·방송송출 장비 기사,,1|13|137,연구직 및 공학 기술직|정보통신 연구개발직 및 공학기술직|통신·방송송출 장비 기사,1,False,KECO,2025 개정,2025-01-01,active,2026-03-11 04:54:09,137,v2,2026-03-18,1,137,137,
1370,통신 및 방송 송출 장비 기사,detail,4,137.0,통신 및 방송 송출 장비 기사,통신 및 방송 송출 장비 기사,1,13.0,137.0,1370.0,연구직 및 공학 기술직,정보통신 연구개발직 및 공학기술직,통신·방송송출 장비 기사,통신 및 방송 송출 장비 기사,1|13|137|1370,연구직 및 공학 기술직|정보통신 연구개발직 및 공학기술직|통신·방송송출 장비 기사|통신 및 방송 송출 장비 기사,0,True,KECO,2025 개정,2025-01-01,active,2026-03-11 04:54:09,1370,v2,2026-03-18,1,137,1370,1370
14,건설·채굴 연구개발직 및 공학기술직,middle,2,1.0,건설·채굴 연구개발직 및 공학기술직,건설·채굴 연구개발직 및 공학기술직,1,14.0,,,연구직 및 공학 기술직,건설·채굴 연구개발직 및 공학기술직,,,1|14,연구직 및 공학 기술직|건설·채굴 연구개발직 및 공학기술직,1,False,KECO,2025 개정,2025-01-01,active,2026-03-11 04:54:09,14,v2,2026-03-18,1,14,,
140,건축·토목공학 기술자 및 시험원,small,3,14.0,건축·토목공학 기술자 및 시험원,건축·토목공학 기술자 및 시험원,1,14.0,140.0,,연구직 및 공학 기술직,건설·채굴 연구개발직 및 공학기술직,건축·토목공학 기술자 및 시험원,,1|14|140,연구직 및 공학 기술직|건설·채굴 연구개발직 및 공학기술직|건축·토목공학 기술자 및 시험원,7,False,KECO,2025 개정,2025-01-01,active,2026-03-11 04:54:09,140,v2,2026-03-18,1,140,140,
1401,건축가,detail,4,140.0,건축가,건축가,1,14.0,140.0,1401.0,연구직 및 공학 기술직,건설·채굴 연구개발직 및 공학기술직,건축·토목공학 기술자 및 시험원,건축가,1|14|140|1401,연구직 및 공학 기술직|건설·채굴 연구개발직 및 공학기술직|건축·토목공학 기술자 및 시험원|건축가,0,True,KECO,2025 개정,2025-01-01,active,2026-03-11 04:54:09,1401,v2,2026-03-18,1,140,1401,1401
1402,건축공학 기술자,detail,4,140.0,건축공학 기술자,건축공학 기술자,1,14.0,140.0,1402.0,연구직 및 공학 기술직,건설·채굴 연구개발직 및 공학기술직,건축·토목공학 기술자 및 시험원,건축공학 기술자,1|14|140|1402,연구직 및 공학 기술직|건설·채굴 연구개발직 및 공학기술직|건축·토목공학 기술자 및 시험원|건축공학 기술자,0,True,KECO,2025 개정,2025-01-01,active,2026-03-11 04:54:09,1402,v2,2026-03-18,1,140,1402,1402
1403,토목공학 기술자,detail,4,140.0,토목공학 기술자,토목공학 기술자,1,14.0,140.0,1403.0,연구직 및 공학 기술직,건설·채굴 연구개발직 및 공학기술직,건축·토목공학 기술자 및 시험원,토목공학 기술자,1|14|140|1403,연구직 및 공학 기술직|건설·채굴 연구개발직 및 공학기술직|건축·토목공학 기술자 및 시험원|토목공학 기술자,0,True,KECO,2025 개정,2025-01-01,active,2026-03-11 04:54:09,1403,v2,2026-03-18,1,140,1403,1403
1404,조경 기술자,detail,4,140.0,조경 기술자,조경 기술자,1,14.0,140.0,1404.0,연구직 및 공학 기술직,건설·채굴 연구개발직 및 공학기술직,건축·토목공학 기술자 및 시험원,조경 기술자,1|14|140|1404,연구직 및 공학 기술직|건설·채굴 연구개발직 및 공학기술직|건축·토목공학 기술자 및 시험원|조경 기술자,0,True,KECO,2025 개정,2025-01-01,active,2026-03-11 04:54:09,1404,v2,2026-03-18,1,140,1404,1404
1405,도시 및 교통 관련 전문가,detail,4,140.0,도시 및 교통 관련 전문가,도시 및 교통 관련 전문가,1,14.0,140.0,1405.0,연구직 및 공학 기술직,건설·채굴 연구개발직 및 공학기술직,건축·토목공학 기술자 및 시험원,도시 및 교통 관련 전문가,1|14|140|1405,연구직 및 공학 기술직|건설·채굴 연구개발직 및 공학기술직|건축·토목공학 기술자 및 시험원|도시 및 교통 관련 전문가,0,True,KECO,2025 개정,2025-01-01,active,2026-03-11 04:54:09,1405,v2,2026-03-18,1,140,1405,1405
1406,측량 및 공간정보 전문가,detail,4,140.0,측량 및 공간정보 전문가,측량 및 공간정보 전문가,1,14.0,140.0,1406.0,연구직 및 공학 기술직,건설·채굴 연구개발직 및 공학기술직,건축·토목공학 기술자 및 시험원,측량 및 공간정보 전문가,1|14|140|1406,연구직 및 공학 기술직|건설·채굴 연구개발직 및 공학기술직|건축·토목공학 기술자 및 시험원|측량 및 공간정보 전문가,0,True,KECO,2025 개정,2025-01-01,active,2026-03-11 04:54:09,1406,v2,2026-03-18,1,140,1406,1406
1407,건설자재 시험원,detail,4,140.0,건설자재 시험원,건설자재 시험원,1,14.0,140.0,1407.0,연구직 및 공학 기술직,건설·채굴 연구개발직 및 공학기술직,건축·토목공학 기술자 및 시험원,건설자재 시험원,1|14|140|1407,연구직 및 공학 기술직|건설·채굴 연구개발직 및 공학기술직|건축·토목공학 기술자 및 시험원|건설자재 시험원,0,True,KECO,2025 개정,2025-01-01,active,2026-03-11 04:54:09,1407,v2,2026-03-18,1,140,1407,1407
15,제조 연구개발직 및 공학기술직,middle,2,1.0,제조 연구개발직 및 공학기술직,제조 연구개발직 및 공학기술직,1,15.0,,,연구직 및 공학 기술직,제조 연구개발직 및 공학기술직,,,1|15,연구직 및 공학 기술직|제조 연구개발직 및 공학기술직,9,False,KECO,2025 개정,2025-01-01,active,2026-03-11 04:54:09,15,v2,2026-03-18,1,15,,
151,기계·로봇공학 기술자 및 시험원,small,3,15.0,기계·로봇공학 기술자 및 시험원,기계·로봇공학 기술자 및 시험원,1,15.0,151.0,,연구직 및 공학 기술직,제조 연구개발직 및 공학기술직,기계·로봇공학 기술자 및 시험원,,1|15|151,연구직 및 공학 기술직|제조 연구개발직 및 공학기술직|기계·로봇공학 기술자 및 시험원,3,False,KECO,2025 개정,2025-01-01,active,2026-03-11 04:54:09,151,v2,2026-03-18,1,151,151,
1511,기계공학 기술자 및 연구원,detail,4,151.0,기계공학 기술자 및 연구원,기계공학 기술자 및 연구원,1,15.0,151.0,1511.0,연구직 및 공학 기술직,제조 연구개발직 및 공학기술직,기계·로봇공학 기술자 및 시험원,기계공학 기술자 및 연구원,1|15|151|1511,연구직 및 공학 기술직|제조 연구개발직 및 공학기술직|기계·로봇공학 기술자 및 시험원|기계공학 기술자 및 연구원,0,True,KECO,2025 개정,2025-01-01,active,2026-03-11 04:54:09,1511,v2,2026-03-18,1,151,1511,1511
1512,로봇공학 기술자 및 연구원,detail,4,151.0,로봇공학 기술자 및 연구원,로봇공학 기술자 및 연구원,1,15.0,151.0,1512.0,연구직 및 공학 기술직,제조 연구개발직 및 공학기술직,기계·로봇공학 기술자 및 시험원,로봇공학 기술자 및 연구원,1|15|151|1512,연구직 및 공학 기술직|제조 연구개발직 및 공학기술직|기계·로봇공학 기술자 및 시험원|로봇공학 기술자 및 연구원,0,True,KECO,2025 개정,2025-01-01,active,2026-03-11 04:54:09,1512,v2,2026-03-18,1,151,1512,1512
1513,기계 및 로봇공학 시험원,detail,4,151.0,기계 및 로봇공학 시험원,기계 및 로봇공학 시험원,1,15.0,151.0,1513.0,연구직 및 공학 기술직,제조 연구개발직 및 공학기술직,기계·로봇공학 기술자 및 시험원,기계 및 로봇공학 시험원,1|15|151|1513,연구직 및 공학 기술직|제조 연구개발직 및 공학기술직|기계·로봇공학 기술자 및 시험원|기계 및 로봇공학 시험원,0,True,KECO,2025 개정,2025-01-01,active,2026-03-11 04:54:09,1513,v2,2026-03-18,1,151,1513,1513
152,금속·재료공학 기술자 및 시험원,small,3,15.0,금속·재료공학 기술자 및 시험원,금속·재료공학 기술자 및 시험원,1,15.0,152.0,,연구직 및 공학 기술직,제조 연구개발직 및 공학기술직,금속·재료공학 기술자 및 시험원,,1|15|152,연구직 및 공학 기술직|제조 연구개발직 및 공학기술직|금속·재료공학 기술자 및 시험원,2,False,KECO,2025 개정,2025-01-01,active,2026-03-11 04:54:09,152,v2,2026-03-18,1,152,152,
1521,금속·재료공학 기술자 및 연구원,detail,4,152.0,금속·재료공학 기술자 및 연구원,금속·재료공학 기술자 및 연구원,1,15.0,152.0,1521.0,연구직 및 공학 기술직,제조 연구개발직 및 공학기술직,금속·재료공학 기술자 및 시험원,금속·재료공학 기술자 및 연구원,1|15|152|1521,연구직 및 공학 기술직|제조 연구개발직 및 공학기술직|금속·재료공학 기술자 및 시험원|금속·재료공학 기술자 및 연구원,0,True,KECO,2025 개정,2025-01-01,active,2026-03-11 04:54:09,1521,v2,2026-03-18,1,152,1521,1521
1522,금속 및 재료공학 시험원,detail,4,152.0,금속 및 재료공학 시험원,금속 및 재료공학 시험원,1,15.0,152.0,1522.0,연구직 및 공학 기술직,제조 연구개발직 및 공학기술직,금속·재료공학 기술자 및 시험원,금속 및 재료공학 시험원,1|15|152|1522,연구직 및 공학 기술직|제조 연구개발직 및 공학기술직|금속·재료공학 기술자 및 시험원|금속 및 재료공학 시험원,0,True,KECO,2025 개정,2025-01-01,active,2026-03-11 04:54:09,1522,v2,2026-03-18,1,152,1522,1522
153,전기·전자공학 기술자 및 시험원,small,3,15.0,전기·전자공학 기술자 및 시험원,전기·전자공학 기술자 및 시험원,1,15.0,153.0,,연구직 및 공학 기술직,제조 연구개발직 및 공학기술직,전기·전자공학 기술자 및 시험원,,1|15|153,연구직 및 공학 기술직|제조 연구개발직 및 공학기술직|전기·전자공학 기술자 및 시험원,4,False,KECO,2025 개정,2025-01-01,active,2026-03-11 04:54:09,153,v2,2026-03-18,1,153,153,
1531,전기공학 기술자 및 연구원,detail,4,153.0,전기공학 기술자 및 연구원,전기공학 기술자 및 연구원,1,15.0,153.0,1531.0,연구직 및 공학 기술직,제조 연구개발직 및 공학기술직,전기·전자공학 기술자 및 시험원,전기공학 기술자 및 연구원,1|15|153|1531,연구직 및 공학 기술직|제조 연구개발직 및 공학기술직|전기·전자공학 기술자 및 시험원|전기공학 기술자 및 연구원,0,True,KECO,2025 개정,2025-01-01,active,2026-03-11 04:54:09,1531,v2,2026-03-18,1,153,1531,1531
1532,반도체공학 기술자 및 연구원,detail,4,153.0,반도체공학 기술자 및 연구원,반도체공학 기술자 및 연구원,1,15.0,153.0,1532.0,연구직 및 공학 기술직,제조 연구개발직 및 공학기술직,전기·전자공학 기술자 및 시험원,반도체공학 기술자 및 연구원,1|15|153|1532,연구직 및 공학 기술직|제조 연구개발직 및 공학기술직|전기·전자공학 기술자 및 시험원|반도체공학 기술자 및 연구원,0,True,KECO,2025 개정,2025-01-01,active,2026-03-11 04:54:09,1532,v2,2026-03-18,1,153,1532,1532
1533,전자공학 기술자 및 연구원,detail,4,153.0,전자공학 기술자 및 연구원,전자공학 기술자 및 연구원,1,15.0,153.0,1533.0,연구직 및 공학 기술직,제조 연구개발직 및 공학기술직,전기·전자공학 기술자 및 시험원,전자공학 기술자 및 연구원,1|15|153|1533,연구직 및 공학 기술직|제조 연구개발직 및 공학기술직|전기·전자공학 기술자 및 시험원|전자공학 기술자 및 연구원,0,True,KECO,2025 개정,2025-01-01,active,2026-03-11 04:54:09,1533,v2,2026-03-18,1,153,1533,1533
1534,전기 및 전자공학 시험원,detail,4,153.0,전기 및 전자공학 시험원,전기 및 전자공학 시험원,1,15.0,153.0,1534.0,연구직 및 공학 기술직,제조 연구개발직 및 공학기술직,전기·전자공학 기술자 및 시험원,전기 및 전자공학 시험원,1|15|153|1534,연구직 및 공학 기술직|제조 연구개발직 및 공학기술직|전기·전자공학 기술자 및 시험원|전기 및 전자공학 시험원,0,True,KECO,2025 개정,2025-01-01,active,2026-03-11 04:54:09,1534,v2,2026-03-18,1,153,1534,1534
154,화학공학 기술자 및 시험원,small,3,15.0,화학공학 기술자 및 시험원,화학공학 기술자 및 시험원,1,15.0,154.0,,연구직 및 공학 기술직,제조 연구개발직 및 공학기술직,화학공학 기술자 및 시험원,,1|15|154,연구직 및 공학 기술직|제조 연구개발직 및 공학기술직|화학공학 기술자 및 시험원,2,False,KECO,2025 개정,2025-01-01,active,2026-03-11 04:54:09,154,v2,2026-03-18,1,154,154,
1541,화학공학 기술자 및 연구원,detail,4,154.0,화학공학 기술자 및 연구원,화학공학 기술자 및 연구원,1,15.0,154.0,1541.0,연구직 및 공학 기술직,제조 연구개발직 및 공학기술직,화학공학 기술자 및 시험원,화학공학 기술자 및 연구원,1|15|154|1541,연구직 및 공학 기술직|제조 연구개발직 및 공학기술직|화학공학 기술자 및 시험원|화학공학 기술자 및 연구원,0,True,KECO,2025 개정,2025-01-01,active,2026-03-11 04:54:09,1541,v2,2026-03-18,1,154,1541,1541
1542,화학공학 시험원,detail,4,154.0,화학공학 시험원,화학공학 시험원,1,15.0,154.0,1542.0,연구직 및 공학 기술직,제조 연구개발직 및 공학기술직,화학공학 기술자 및 시험원,화학공학 시험원,1|15|154|1542,연구직 및 공학 기술직|제조 연구개발직 및 공학기술직|화학공학 기술자 및 시험원|화학공학 시험원,0,True,KECO,2025 개정,2025-01-01,active,2026-03-11 04:54:09,1542,v2,2026-03-18,1,154,1542,1542
155,에너지·환경공학 기술자 및 시험원,small,3,15.0,에너지·환경공학 기술자 및 시험원,에너지·환경공학 기술자 및 시험원,1,15.0,155.0,,연구직 및 공학 기술직,제조 연구개발직 및 공학기술직,에너지·환경공학 기술자 및 시험원,,1|15|155,연구직 및 공학 기술직|제조 연구개발직 및 공학기술직|에너지·환경공학 기술자 및 시험원,7,False,KECO,2025 개정,2025-01-01,active,2026-03-11 04:54:09,155,v2,2026-03-18,1,155,155,
1551,가스·에너지 기술자 및 연구원,detail,4,155.0,가스·에너지 기술자 및 연구원,가스·에너지 기술자 및 연구원,1,15.0,155.0,1551.0,연구직 및 공학 기술직,제조 연구개발직 및 공학기술직,에너지·환경공학 기술자 및 시험원,가스·에너지 기술자 및 연구원,1|15|155|1551,연구직 및 공학 기술직|제조 연구개발직 및 공학기술직|에너지·환경공학 기술자 및 시험원|가스·에너지 기술자 및 연구원,0,True,KECO,2025 개정,2025-01-01,active,2026-03-11 04:54:09,1551,v2,2026-03-18,1,155,1551,1551
1552,가스 및 에너지 시험원,detail,4,155.0,가스 및 에너지 시험원,가스 및 에너지 시험원,1,15.0,155.0,1552.0,연구직 및 공학 기술직,제조 연구개발직 및 공학기술직,에너지·환경공학 기술자 및 시험원,가스 및 에너지 시험원,1|15|155|1552,연구직 및 공학 기술직|제조 연구개발직 및 공학기술직|에너지·환경공학 기술자 및 시험원|가스 및 에너지 시험원,0,True,KECO,2025 개정,2025-01-01,active,2026-03-11 04:54:09,1552,v2,2026-03-18,1,155,1552,1552
1553,신재생에너지 기술자 및 연구원,detail,4,155.0,신재생에너지 기술자 및 연구원,신재생에너지 기술자 및 연구원,1,15.0,155.0,1553.0,연구직 및 공학 기술직,제조 연구개발직 및 공학기술직,에너지·환경공학 기술자 및 시험원,신재생에너지 기술자 및 연구원,1|15|155|1553,연구직 및 공학 기술직|제조 연구개발직 및 공학기술직|에너지·환경공학 기술자 및 시험원|신재생에너지 기술자 및 연구원,0,True,KECO,2025 개정,2025-01-01,active,2026-03-11 04:54:09,1553,v2,2026-03-18,1,155,1553,1553
1554,신재생에너지 시험원,detail,4,155.0,신재생에너지 시험원,신재생에너지 시험원,1,15.0,155.0,1554.0,연구직 및 공학 기술직,제조 연구개발직 및 공학기술직,에너지·환경공학 기술자 및 시험원,신재생에너지 시험원,1|15|155|1554,연구직 및 공학 기술직|제조 연구개발직 및 공학기술직|에너지·환경공학 기술자 및 시험원|신재생에너지 시험원,0,True,KECO,2025 개정,2025-01-01,active,2026-03-11 04:54:09,1554,v2,2026-03-18,1,155,1554,1554
1555,환경공학 기술자 및 연구원,detail,4,155.0,환경공학 기술자 및 연구원,환경공학 기술자 및 연구원,1,15.0,155.0,1555.0,연구직 및 공학 기술직,제조 연구개발직 및 공학기술직,에너지·환경공학 기술자 및 시험원,환경공학 기술자 및 연구원,1|15|155|1555,연구직 및 공학 기술직|제조 연구개발직 및 공학기술직|에너지·환경공학 기술자 및 시험원|환경공학 기술자 및 연구원,0,True,KECO,2025 개정,2025-01-01,active,2026-03-11 04:54:09,1555,v2,2026-03-18,1,155,1555,1555
1556,환경공학 시험원,detail,4,155.0,환경공학 시험원,환경공학 시험원,1,15.0,155.0,1556.0,연구직 및 공학 기술직,제조 연구개발직 및 공학기술직,에너지·환경공학 기술자 및 시험원,환경공학 시험원,1|15|155|1556,연구직 및 공학 기술직|제조 연구개발직 및 공학기술직|에너지·환경공학 기술자 및 시험원|환경공학 시험원,0,True,KECO,2025 개정,2025-01-01,active,2026-03-11 04:54:09,1556,v2,2026-03-18,1,155,1556,1556
1557,산업보건 및 산업환경 관리 기술자,detail,4,155.0,산업보건 및 산업환경 관리 기술자,산업보건 및 산업환경 관리 기술자,1,15.0,155.0,1557.0,연구직 및 공학 기술직,제조 연구개발직 및 공학기술직,에너지·환경공학 기술자 및 시험원,산업보건 및 산업환경 관리 기술자,1|15|155|1557,연구직 및 공학 기술직|제조 연구개발직 및 공학기술직|에너지·환경공학 기술자 및 시험원|산업보건 및 산업환경 관리 기술자,0,True,KECO,2025 개정,2025-01-01,active,2026-03-11 04:54:09,1557,v2,2026-03-18,1,155,1557,1557
156,섬유공학 기술자 및 시험원,small,3,15.0,섬유공학 기술자 및 시험원,섬유공학 기술자 및 시험원,1,15.0,156.0,,연구직 및 공학 기술직,제조 연구개발직 및 공학기술직,섬유공학 기술자 및 시험원,,1|15|156,연구직 및 공학 기술직|제조 연구개발직 및 공학기술직|섬유공학 기술자 및 시험원,2,False,KECO,2025 개정,2025-01-01,active,2026-03-11 04:54:09,156,v2,2026-03-18,1,156,156,
1561,섬유공학 기술자 및 연구원,detail,4,156.0,섬유공학 기술자 및 연구원,섬유공학 기술자 및 연구원,1,15.0,156.0,1561.0,연구직 및 공학 기술직,제조 연구개발직 및 공학기술직,섬유공학 기술자 및 시험원,섬유공학 기술자 및 연구원,1|15|156|1561,연구직 및 공학 기술직|제조 연구개발직 및 공학기술직|섬유공학 기술자 및 시험원|섬유공학 기술자 및 연구원,0,True,KECO,2025 개정,2025-01-01,active,2026-03-11 04:54:09,1561,v2,2026-03-18,1,156,1561,1561
1562,섬유공학 시험원,detail,4,156.0,섬유공학 시험원,섬유공학 시험원,1,15.0,156.0,1562.0,연구직 및 공학 기술직,제조 연구개발직 및 공학기술직,섬유공학 기술자 및 시험원,섬유공학 시험원,1|15|156|1562,연구직 및 공학 기술직|제조 연구개발직 및 공학기술직|섬유공학 기술자 및 시험원|섬유공학 시험원,0,True,KECO,2025 개정,2025-01-01,active,2026-03-11 04:54:09,1562,v2,2026-03-18,1,156,1562,1562
157,식품공학 기술자 및 시험원,small,3,15.0,식품공학 기술자 및 시험원,식품공학 기술자 및 시험원,1,15.0,157.0,,연구직 및 공학 기술직,제조 연구개발직 및 공학기술직,식품공학 기술자 및 시험원,,1|15|157,연구직 및 공학 기술직|제조 연구개발직 및 공학기술직|식품공학 기술자 및 시험원,2,False,KECO,2025 개정,2025-01-01,active,2026-03-11 04:54:09,157,v2,2026-03-18,1,157,157,
1571,식품공학 기술자 및 연구원,detail,4,157.0,식품공학 기술자 및 연구원,식품공학 기술자 및 연구원,1,15.0,157.0,1571.0,연구직 및 공학 기술직,제조 연구개발직 및 공학기술직,식품공학 기술자 및 시험원,식품공학 기술자 및 연구원,1|15|157|1571,연구직 및 공학 기술직|제조 연구개발직 및 공학기술직|식품공학 기술자 및 시험원|식품공학 기술자 및 연구원,0,True,KECO,2025 개정,2025-01-01,active,2026-03-11 04:54:09,1571,v2,2026-03-18,1,157,1571,1571
1572,식품공학 시험원,detail,4,157.0,식품공학 시험원,식품공학 시험원,1,15.0,157.0,1572.0,연구직 및 공학 기술직,제조 연구개발직 및 공학기술직,식품공학 기술자 및 시험원,식품공학 시험원,1|15|157|1572,연구직 및 공학 기술직|제조 연구개발직 및 공학기술직|식품공학 기술자 및 시험원|식품공학 시험원,0,True,KECO,2025 개정,2025-01-01,active,2026-03-11 04:54:09,1572,v2,2026-03-18,1,157,1572,1572
158,소방·방재·산업안전·비파괴 기술자,small,3,15.0,소방·방재·산업안전·비파괴 기술자,소방·방재·산업안전·비파괴 기술자,1,15.0,158.0,,연구직 및 공학 기술직,제조 연구개발직 및 공학기술직,소방·방재·산업안전·비파괴 기술자,,1|15|158,연구직 및 공학 기술직|제조 연구개발직 및 공학기술직|소방·방재·산업안전·비파괴 기술자,4,False,KECO,2025 개정,2025-01-01,active,2026-03-11 04:54:09,158,v2,2026-03-18,1,158,158,
1581,소방공학 기술자 및 연구원,detail,4,158.0,소방공학 기술자 및 연구원,소방공학 기술자 및 연구원,1,15.0,158.0,1581.0,연구직 및 공학 기술직,제조 연구개발직 및 공학기술직,소방·방재·산업안전·비파괴 기술자,소방공학 기술자 및 연구원,1|15|158|1581,연구직 및 공학 기술직|제조 연구개발직 및 공학기술직|소방·방재·산업안전·비파괴 기술자|소방공학 기술자 및 연구원,0,True,KECO,2025 개정,2025-01-01,active,2026-03-11 04:54:09,1581,v2,2026-03-18,1,158,1581,1581
1582,방재 기술자 및 연구원,detail,4,158.0,방재 기술자 및 연구원,방재 기술자 및 연구원,1,15.0,158.0,1582.0,연구직 및 공학 기술직,제조 연구개발직 및 공학기술직,소방·방재·산업안전·비파괴 기술자,방재 기술자 및 연구원,1|15|158|1582,연구직 및 공학 기술직|제조 연구개발직 및 공학기술직|소방·방재·산업안전·비파괴 기술자|방재 기술자 및 연구원,0,True,KECO,2025 개정,2025-01-01,active,2026-03-11 04:54:09,1582,v2,2026-03-18,1,158,1582,1582
1583,소방·방재 및 산업안전 시험원,detail,4,158.0,소방·방재 및 산업안전 시험원,소방·방재 및 산업안전 시험원,1,15.0,158.0,1583.0,연구직 및 공학 기술직,제조 연구개발직 및 공학기술직,소방·방재·산업안전·비파괴 기술자,소방·방재 및 산업안전 시험원,1|15|158|1583,연구직 및 공학 기술직|제조 연구개발직 및 공학기술직|소방·방재·산업안전·비파괴 기술자|소방·방재 및 산업안전 시험원,0,True,KECO,2025 개정,2025-01-01,active,2026-03-11 04:54:09,1583,v2,2026-03-18,1,158,1583,1583
1584,산업안전 및 산업위험 관리 기술자,detail,4,158.0,산업안전 및 산업위험 관리 기술자,산업안전 및 산업위험 관리 기술자,1,15.0,158.0,1584.0,연구직 및 공학 기술직,제조 연구개발직 및 공학기술직,소방·방재·산업안전·비파괴 기술자,산업안전 및 산업위험 관리 기술자,1|15|158|1584,연구직 및 공학 기술직|제조 연구개발직 및 공학기술직|소방·방재·산업안전·비파괴 기술자|산업안전 및 산업위험 관리 기술자,0,True,KECO,2025 개정,2025-01-01,active,2026-03-11 04:54:09,1584,v2,2026-03-18,1,158,1584,1584
159,제도사 및 기타 공학 기술자 및 시험원,small,3,15.0,제도사 및 기타 공학 기술자 및 시험원,제도사 및 기타 공학 기술자 및 시험원,1,15.0,159.0,,연구직 및 공학 기술직,제조 연구개발직 및 공학기술직,제도사 및 기타 공학 기술자 및 시험원,,1|15|159,연구직 및 공학 기술직|제조 연구개발직 및 공학기술직|제도사 및 기타 공학 기술자 및 시험원,2,False,KECO,2025 개정,2025-01-01,active,2026-03-11 04:54:09,159,v2,2026-03-18,1,159,159,
1591,제도사,detail,4,159.0,제도사,제도사,1,15.0,159.0,1591.0,연구직 및 공학 기술직,제조 연구개발직 및 공학기술직,제도사 및 기타 공학 기술자 및 시험원,제도사,1|15|159|1591,연구직 및 공학 기술직|제조 연구개발직 및 공학기술직|제도사 및 기타 공학 기술자 및 시험원|제도사,0,True,KECO,2025 개정,2025-01-01,active,2026-03-11 04:54:09,1591,v2,2026-03-18,1,159,1591,1591
1599,기타 공학 관련 기술자 및 시험원,detail,4,159.0,기타 공학 관련 기술자 및 시험원,기타 공학 관련 기술자 및 시험원,1,15.0,159.0,1599.0,연구직 및 공학 기술직,제조 연구개발직 및 공학기술직,제도사 및 기타 공학 기술자 및 시험원,기타 공학 관련 기술자 및 시험원,1|15|159|1599,연구직 및 공학 기술직|제조 연구개발직 및 공학기술직|제도사 및 기타 공학 기술자 및 시험원|기타 공학 관련 기술자 및 시험원,0,True,KECO,2025 개정,2025-01-01,active,2026-03-11 04:54:09,1599,v2,2026-03-18,1,159,1599,1599
2,교육·법률·사회복지·경찰·소방직 및 군인,major,1,,교육·법률·사회복지·경찰·소방직 및 군인,교육·법률·사회복지·경찰·소방직 및 군인,2,,,,교육·법률·사회복지·경찰·소방직 및 군인,,,,2,교육·법률·사회복지·경찰·소방직 및 군인,5,False,KECO,2025 개정,2025-01-01,active,2026-03-11 04:54:09,2,v2,2026-03-18,2,,,
21,교육직,middle,2,2.0,교육직,교육직,2,21.0,,,교육·법률·사회복지·경찰·소방직 및 군인,교육직,,,2|21,교육·법률·사회복지·경찰·소방직 및 군인|교육직,5,False,KECO,2025 개정,2025-01-01,active,2026-03-11 04:54:09,21,v2,2026-03-18,2,21,,
211,대학 교수 및 강사,small,3,21.0,대학 교수 및 강사,대학 교수 및 강사,2,21.0,211.0,,교육·법률·사회복지·경찰·소방직 및 군인,교육직,대학 교수 및 강사,,2|21|211,교육·법률·사회복지·경찰·소방직 및 군인|교육직|대학 교수 및 강사,2,False,KECO,2025 개정,2025-01-01,active,2026-03-11 04:54:09,211,v2,2026-03-18,2,211,211,
2111,대학 교수,detail,4,211.0,대학 교수,대학 교수,2,21.0,211.0,2111.0,교육·법률·사회복지·경찰·소방직 및 군인,교육직,대학 교수 및 강사,대학 교수,2|21|211|2111,교육·법률·사회복지·경찰·소방직 및 군인|교육직|대학 교수 및 강사|대학 교수,0,True,KECO,2025 개정,2025-01-01,active,2026-03-11 04:54:09,2111,v2,2026-03-18,2,211,2111,2111
2112,대학 강사,detail,4,211.0,대학 강사,대학 강사,2,21.0,211.0,2112.0,교육·법률·사회복지·경찰·소방직 및 군인,교육직,대학 교수 및 강사,대학 강사,2|21|211|2112,교육·법률·사회복지·경찰·소방직 및 군인|교육직|대학 교수 및 강사|대학 강사,0,True,KECO,2025 개정,2025-01-01,active,2026-03-11 04:54:09,2112,v2,2026-03-18,2,211,2112,2112
212,학교 교사,small,3,21.0,학교 교사,학교 교사,2,21.0,212.0,,교육·법률·사회복지·경찰·소방직 및 군인,교육직,학교 교사,,2|21|212,교육·법률·사회복지·경찰·소방직 및 군인|교육직|학교 교사,4,False,KECO,2025 개정,2025-01-01,active,2026-03-11 04:54:09,212,v2,2026-03-18,2,212,212,
2121,중·고등학교 교사,detail,4,212.0,중·고등학교 교사,중·고등학교 교사,2,21.0,212.0,2121.0,교육·법률·사회복지·경찰·소방직 및 군인,교육직,학교 교사,중·고등학교 교사,2|21|212|2121,교육·법률·사회복지·경찰·소방직 및 군인|교육직|학교 교사|중·고등학교 교사,0,True,KECO,2025 개정,2025-01-01,active,2026-03-11 04:54:09,2121,v2,2026-03-18,2,212,2121,2121
2122,초등학교 교사,detail,4,212.0,초등학교 교사,초등학교 교사,2,21.0,212.0,2122.0,교육·법률·사회복지·경찰·소방직 및 군인,교육직,학교 교사,초등학교 교사,2|21|212|2122,교육·법률·사회복지·경찰·소방직 및 군인|교육직|학교 교사|초등학교 교사,0,True,KECO,2025 개정,2025-01-01,active,2026-03-11 04:54:09,2122,v2,2026-03-18,2,212,2122,2122
2123,특수교육 교사,detail,4,212.0,특수교육 교사,특수교육 교사,2,21.0,212.0,2123.0,교육·법률·사회복지·경찰·소방직 및 군인,교육직,학교 교사,특수교육 교사,2|21|212|2123,교육·법률·사회복지·경찰·소방직 및 군인|교육직|학교 교사|특수교육 교사,0,True,KECO,2025 개정,2025-01-01,active,2026-03-11 04:54:09,2123,v2,2026-03-18,2,212,2123,2123
2129,기타 교사,detail,4,212.0,기타 교사,기타 교사,2,21.0,212.0,2129.0,교육·법률·사회복지·경찰·소방직 및 군인,교육직,학교 교사,기타 교사,2|21|212|2129,교육·법률·사회복지·경찰·소방직 및 군인|교육직|학교 교사|기타 교사,0,True,KECO,2025 개정,2025-01-01,active,2026-03-11 04:54:09,2129,v2,2026-03-18,2,212,2129,2129
213,유치원 교사,small,3,21.0,유치원 교사,유치원 교사,2,21.0,213.0,,교육·법률·사회복지·경찰·소방직 및 군인,교육직,유치원 교사,,2|21|213,교육·법률·사회복지·경찰·소방직 및 군인|교육직|유치원 교사,1,False,KECO,2025 개정,2025-01-01,active,2026-03-11 04:54:09,213,v2,2026-03-18,2,213,213,
2130,유치원 교사,detail,4,213.0,유치원 교사,유치원 교사,2,21.0,213.0,2130.0,교육·법률·사회복지·경찰·소방직 및 군인,교육직,유치원 교사,유치원 교사,2|21|213|2130,교육·법률·사회복지·경찰·소방직 및 군인|교육직|유치원 교사|유치원 교사,0,True,KECO,2025 개정,2025-01-01,active,2026-03-11 04:54:09,2130,v2,2026-03-18,2,213,2130,2130
214,문리·기술·예능 강사,small,3,21.0,문리·기술·예능 강사,문리·기술·예능 강사,2,21.0,214.0,,교육·법률·사회복지·경찰·소방직 및 군인,교육직,문리·기술·예능 강사,,2|21|214,교육·법률·사회복지·경찰·소방직 및 군인|교육직|문리·기술·예능 강사,9,False,KECO,2025 개정,2025-01-01,active,2026-03-11 04:54:09,214,v2,2026-03-18,2,214,214,
2141,외국어 강사,detail,4,214.0,외국어 강사,외국어 강사,2,21.0,214.0,2141.0,교육·법률·사회복지·경찰·소방직 및 군인,교육직,문리·기술·예능 강사,외국어 강사,2|21|214|2141,교육·법률·사회복지·경찰·소방직 및 군인|교육직|문리·기술·예능 강사|외국어 강사,0,True,KECO,2025 개정,2025-01-01,active,2026-03-11 04:54:09,2141,v2,2026-03-18,2,214,2141,2141
2142,문리 강사,detail,4,214.0,문리 강사,문리 강사,2,21.0,214.0,2142.0,교육·법률·사회복지·경찰·소방직 및 군인,교육직,문리·기술·예능 강사,문리 강사,2|21|214|2142,교육·법률·사회복지·경찰·소방직 및 군인|교육직|문리·기술·예능 강사|문리 강사,0,True,KECO,2025 개정,2025-01-01,active,2026-03-11 04:54:09,2142,v2,2026-03-18,2,214,2142,2142
2143,정보통신기술 강사,detail,4,214.0,정보통신기술 강사,정보통신기술 강사,2,21.0,214.0,2143.0,교육·법률·사회복지·경찰·소방직 및 군인,교육직,문리·기술·예능 강사,정보통신기술 강사,2|21|214|2143,교육·법률·사회복지·경찰·소방직 및 군인|교육직|문리·기술·예능 강사|정보통신기술 강사,0,True,KECO,2025 개정,2025-01-01,active,2026-03-11 04:54:09,2143,v2,2026-03-18,2,214,2143,2143
2144,기술 및 기능계 강사,detail,4,214.0,기술 및 기능계 강사,기술 및 기능계 강사,2,21.0,214.0,2144.0,교육·법률·사회복지·경찰·소방직 및 군인,교육직,문리·기술·예능 강사,기술 및 기능계 강사,2|21|214|2144,교육·법률·사회복지·경찰·소방직 및 군인|교육직|문리·기술·예능 강사|기술 및 기능계 강사,0,True,KECO,2025 개정,2025-01-01,active,2026-03-11 04:54:09,2144,v2,2026-03-18,2,214,2144,2144
2145,간호조무 및 요양보호 강사,detail,4,214.0,간호조무 및 요양보호 강사,간호조무 및 요양보호 강사,2,21.0,214.0,2145.0,교육·법률·사회복지·경찰·소방직 및 군인,교육직,문리·기술·예능 강사,간호조무 및 요양보호 강사,2|21|214|2145,교육·법률·사회복지·경찰·소방직 및 군인|교육직|문리·기술·예능 강사|간호조무 및 요양보호 강사,0,True,KECO,2025 개정,2025-01-01,active,2026-03-11 04:54:09,2145,v2,2026-03-18,2,214,2145,2145
2146,자동차 운전 강사,detail,4,214.0,자동차 운전 강사,자동차 운전 강사,2,21.0,214.0,2146.0,교육·법률·사회복지·경찰·소방직 및 군인,교육직,문리·기술·예능 강사,자동차 운전 강사,2|21|214|2146,교육·법률·사회복지·경찰·소방직 및 군인|교육직|문리·기술·예능 강사|자동차 운전 강사,0,True,KECO,2025 개정,2025-01-01,active,2026-03-11 04:54:09,2146,v2,2026-03-18,2,214,2146,2146
2147,예능 강사,detail,4,214.0,예능 강사,예능 강사,2,21.0,214.0,2147.0,교육·법률·사회복지·경찰·소방직 및 군인,교육직,문리·기술·예능 강사,예능 강사,2|21|214|2147,교육·법률·사회복지·경찰·소방직 및 군인|교육직|문리·기술·예능 강사|예능 강사,0,True,KECO,2025 개정,2025-01-01,active,2026-03-11 04:54:09,2147,v2,2026-03-18,2,214,2147,2147
2148,학습·교구 관련 방문강사,detail,4,214.0,학습·교구 관련 방문강사,학습·교구 관련 방문강사,2,21.0,214.0,2148.0,교육·법률·사회복지·경찰·소방직 및 군인,교육직,문리·기술·예능 강사,학습·교구 관련 방문강사,2|21|214|2148,교육·법률·사회복지·경찰·소방직 및 군인|교육직|문리·기술·예능 강사|학습·교구 관련 방문강사,0,True,KECO,2025 개정,2025-01-01,active,2026-03-11 04:54:09,2148,v2,2026-03-18,2,214,2148,2148
2149,기타 문리·기술 및 예능 강사,detail,4,214.0,기타 문리·기술 및 예능 강사,기타 문리·기술 및 예능 강사,2,21.0,214.0,2149.0,교육·법률·사회복지·경찰·소방직 및 군인,교육직,문리·기술·예능 강사,기타 문리·기술 및 예능 강사,2|21|214|2149,교육·법률·사회복지·경찰·소방직 및 군인|교육직|문리·기술·예능 강사|기타 문리·기술 및 예능 강사,0,True,KECO,2025 개정,2025-01-01,active,2026-03-11 04:54:09,2149,v2,2026-03-18,2,214,2149,2149
215,장학관 및 기타 교육 종사자,small,3,21.0,장학관 및 기타 교육 종사자,장학관 및 기타 교육 종사자,2,21.0,215.0,,교육·법률·사회복지·경찰·소방직 및 군인,교육직,장학관 및 기타 교육 종사자,,2|21|215,교육·법률·사회복지·경찰·소방직 및 군인|교육직|장학관 및 기타 교육 종사자,4,False,KECO,2025 개정,2025-01-01,active,2026-03-11 04:54:09,215,v2,2026-03-18,2,215,215,
2151,장학관·연구관 및 교육 관련 전문가,detail,4,215.0,장학관·연구관 및 교육 관련 전문가,장학관·연구관 및 교육 관련 전문가,2,21.0,215.0,2151.0,교육·법률·사회복지·경찰·소방직 및 군인,교육직,장학관 및 기타 교육 종사자,장학관·연구관 및 교육 관련 전문가,2|21|215|2151,교육·법률·사회복지·경찰·소방직 및 군인|교육직|장학관 및 기타 교육 종사자|장학관·연구관 및 교육 관련 전문가,0,True,KECO,2025 개정,2025-01-01,active,2026-03-11 04:54:09,2151,v2,2026-03-18,2,215,2151,2151
2152,대학 교육 조교,detail,4,215.0,대학 교육 조교,대학 교육 조교,2,21.0,215.0,2152.0,교육·법률·사회복지·경찰·소방직 및 군인,교육직,장학관 및 기타 교육 종사자,대학 교육 조교,2|21|215|2152,교육·법률·사회복지·경찰·소방직 및 군인|교육직|장학관 및 기타 교육 종사자|대학 교육 조교,0,True,KECO,2025 개정,2025-01-01,active,2026-03-11 04:54:09,2152,v2,2026-03-18,2,215,2152,2152
2153,교사보조 및 관련 종사원,detail,4,215.0,교사보조 및 관련 종사원,교사보조 및 관련 종사원,2,21.0,215.0,2153.0,교육·법률·사회복지·경찰·소방직 및 군인,교육직,장학관 및 기타 교육 종사자,교사보조 및 관련 종사원,2|21|215|2153,교육·법률·사회복지·경찰·소방직 및 군인|교육직|장학관 및 기타 교육 종사자|교사보조 및 관련 종사원,0,True,KECO,2025 개정,2025-01-01,active,2026-03-11 04:54:09,2153,v2,2026-03-18,2,215,2153,2153
2159,기타 교사보조 및 아동돌봄 종사원,detail,4,215.0,기타 교사보조 및 아동돌봄 종사원,기타 교사보조 및 아동돌봄 종사원,2,21.0,215.0,2159.0,교육·법률·사회복지·경찰·소방직 및 군인,교육직,장학관 및 기타 교육 종사자,기타 교사보조 및 아동돌봄 종사원,2|21|215|2159,교육·법률·사회복지·경찰·소방직 및 군인|교육직|장학관 및 기타 교육 종사자|기타 교사보조 및 아동돌봄 종사원,0,True,KECO,2025 개정,2025-01-01,active,2026-03-11 04:54:09,2159,v2,2026-03-18,2,215,2159,2159
22,법률직,middle,2,2.0,법률직,법률직,2,22.0,,,교육·법률·사회복지·경찰·소방직 및 군인,법률직,,,2|22,교육·법률·사회복지·경찰·소방직 및 군인|법률직,2,False,KECO,2025 개정,2025-01-01,active,2026-03-11 04:54:09,22,v2,2026-03-18,2,22,,
221,법률 전문가,small,3,22.0,법률 전문가,법률 전문가,2,22.0,221.0,,교육·법률·사회복지·경찰·소방직 및 군인,법률직,법률 전문가,,2|22|221,교육·법률·사회복지·경찰·소방직 및 군인|법률직|법률 전문가,5,False,KECO,2025 개정,2025-01-01,active,2026-03-11 04:54:09,221,v2,2026-03-18,2,221,221,
2211,판사 및 검사,detail,4,221.0,판사 및 검사,판사 및 검사,2,22.0,221.0,2211.0,교육·법률·사회복지·경찰·소방직 및 군인,법률직,법률 전문가,판사 및 검사,2|22|221|2211,교육·법률·사회복지·경찰·소방직 및 군인|법률직|법률 전문가|판사 및 검사,0,True,KECO,2025 개정,2025-01-01,active,2026-03-11 04:54:09,2211,v2,2026-03-18,2,221,2211,2211
2212,변호사,detail,4,221.0,변호사,변호사,2,22.0,221.0,2212.0,교육·법률·사회복지·경찰·소방직 및 군인,법률직,법률 전문가,변호사,2|22|221|2212,교육·법률·사회복지·경찰·소방직 및 군인|법률직|법률 전문가|변호사,0,True,KECO,2025 개정,2025-01-01,active,2026-03-11 04:54:09,2212,v2,2026-03-18,2,221,2212,2212
2213,법무사 및 집행관,detail,4,221.0,법무사 및 집행관,법무사 및 집행관,2,22.0,221.0,2213.0,교육·법률·사회복지·경찰·소방직 및 군인,법률직,법률 전문가,법무사 및 집행관,2|22|221|2213,교육·법률·사회복지·경찰·소방직 및 군인|법률직|법률 전문가|법무사 및 집행관,0,True,KECO,2025 개정,2025-01-01,active,2026-03-11 04:54:09,2213,v2,2026-03-18,2,221,2213,2213
2214,변리사,detail,4,221.0,변리사,변리사,2,22.0,221.0,2214.0,교육·법률·사회복지·경찰·소방직 및 군인,법률직,법률 전문가,변리사,2|22|221|2214,교육·법률·사회복지·경찰·소방직 및 군인|법률직|법률 전문가|변리사,0,True,KECO,2025 개정,2025-01-01,active,2026-03-11 04:54:09,2214,v2,2026-03-18,2,221,2214,2214
2219,기타 법률 전문가,detail,4,221.0,기타 법률 전문가,기타 법률 전문가,2,22.0,221.0,2219.0,교육·법률·사회복지·경찰·소방직 및 군인,법률직,법률 전문가,기타 법률 전문가,2|22|221|2219,교육·법률·사회복지·경찰·소방직 및 군인|법률직|법률 전문가|기타 법률 전문가,0,True,KECO,2025 개정,2025-01-01,active,2026-03-11 04:54:09,2219,v2,2026-03-18,2,221,2219,2219
222,법률 사무원,small,3,22.0,법률 사무원,법률 사무원,2,22.0,222.0,,교육·법률·사회복지·경찰·소방직 및 군인,법률직,법률 사무원,,2|22|222,교육·법률·사회복지·경찰·소방직 및 군인|법률직|법률 사무원,1,False,KECO,2025 개정,2025-01-01,active,2026-03-11 04:54:09,222,v2,2026-03-18,2,222,222,
2220,법률 관련 사무원,detail,4,222.0,법률 관련 사무원,법률 관련 사무원,2,22.0,222.0,2220.0,교육·법률·사회복지·경찰·소방직 및 군인,법률직,법률 사무원,법률 관련 사무원,2|22|222|2220,교육·법률·사회복지·경찰·소방직 및 군인|법률직|법률 사무원|법률 관련 사무원,0,True,KECO,2025 개정,2025-01-01,active,2026-03-11 04:54:09,2220,v2,2026-03-18,2,222,2220,2220
23,사회복지·종교직,middle,2,2.0,사회복지·종교직,사회복지·종교직,2,23.0,,,교육·법률·사회복지·경찰·소방직 및 군인,사회복지·종교직,,,2|23,교육·법률·사회복지·경찰·소방직 및 군인|사회복지·종교직,3,False,KECO,2025 개정,2025-01-01,active,2026-03-11 04:54:09,23,v2,2026-03-18,2,23,,
231,사회복지사 및 상담사,small,3,23.0,사회복지사 및 상담사,사회복지사 및 상담사,2,23.0,231.0,,교육·법률·사회복지·경찰·소방직 및 군인,사회복지·종교직,사회복지사 및 상담사,,2|23|231,교육·법률·사회복지·경찰·소방직 및 군인|사회복지·종교직|사회복지사 및 상담사,5,False,KECO,2025 개정,2025-01-01,active,2026-03-11 04:54:09,231,v2,2026-03-18,2,231,231,
2311,사회복지사,detail,4,231.0,사회복지사,사회복지사,2,23.0,231.0,2311.0,교육·법률·사회복지·경찰·소방직 및 군인,사회복지·종교직,사회복지사 및 상담사,사회복지사,2|23|231|2311,교육·법률·사회복지·경찰·소방직 및 군인|사회복지·종교직|사회복지사 및 상담사|사회복지사,0,True,KECO,2025 개정,2025-01-01,active,2026-03-11 04:54:09,2311,v2,2026-03-18,2,231,2311,2311
2312,상담 전문가,detail,4,231.0,상담 전문가,상담 전문가,2,23.0,231.0,2312.0,교육·법률·사회복지·경찰·소방직 및 군인,사회복지·종교직,사회복지사 및 상담사,상담 전문가,2|23|231|2312,교육·법률·사회복지·경찰·소방직 및 군인|사회복지·종교직|사회복지사 및 상담사|상담 전문가,0,True,KECO,2025 개정,2025-01-01,active,2026-03-11 04:54:09,2312,v2,2026-03-18,2,231,2312,2312
2313,청소년 지도사,detail,4,231.0,청소년 지도사,청소년 지도사,2,23.0,231.0,2313.0,교육·법률·사회복지·경찰·소방직 및 군인,사회복지·종교직,사회복지사 및 상담사,청소년 지도사,2|23|231|2313,교육·법률·사회복지·경찰·소방직 및 군인|사회복지·종교직|사회복지사 및 상담사|청소년 지도사,0,True,KECO,2025 개정,2025-01-01,active,2026-03-11 04:54:09,2313,v2,2026-03-18,2,231,2313,2313
2314,직업 관련 상담사,detail,4,231.0,직업 관련 상담사,직업 관련 상담사,2,23.0,231.0,2314.0,교육·법률·사회복지·경찰·소방직 및 군인,사회복지·종교직,사회복지사 및 상담사,직업 관련 상담사,2|23|231|2314,교육·법률·사회복지·경찰·소방직 및 군인|사회복지·종교직|사회복지사 및 상담사|직업 관련 상담사,0,True,KECO,2025 개정,2025-01-01,active,2026-03-11 04:54:09,2314,v2,2026-03-18,2,231,2314,2314
2315,시민사회 활동가,detail,4,231.0,시민사회 활동가,시민사회 활동가,2,23.0,231.0,2315.0,교육·법률·사회복지·경찰·소방직 및 군인,사회복지·종교직,사회복지사 및 상담사,시민사회 활동가,2|23|231|2315,교육·법률·사회복지·경찰·소방직 및 군인|사회복지·종교직|사회복지사 및 상담사|시민사회 활동가,0,True,KECO,2025 개정,2025-01-01,active,2026-03-11 04:54:09,2315,v2,2026-03-18,2,231,2315,2315
232,보육교사 및 기타 사회복지 종사자,small,3,23.0,보육교사 및 기타 사회복지 종사자,보육교사 및 기타 사회복지 종사자,2,23.0,232.0,,교육·법률·사회복지·경찰·소방직 및 군인,사회복지·종교직,보육교사 및 기타 사회복지 종사자,,2|23|232,교육·법률·사회복지·경찰·소방직 및 군인|사회복지·종교직|보육교사 및 기타 사회복지 종사자,3,False,KECO,2025 개정,2025-01-01,active,2026-03-11 04:54:09,232,v2,2026-03-18,2,232,232,
2321,보육교사,detail,4,232.0,보육교사,보육교사,2,23.0,232.0,2321.0,교육·법률·사회복지·경찰·소방직 및 군인,사회복지·종교직,보육교사 및 기타 사회복지 종사자,보육교사,2|23|232|2321,교육·법률·사회복지·경찰·소방직 및 군인|사회복지·종교직|보육교사 및 기타 사회복지 종사자|보육교사,0,True,KECO,2025 개정,2025-01-01,active,2026-03-11 04:54:09,2321,v2,2026-03-18,2,232,2321,2321
2322,보육 관련 시설 돌봄 종사원,detail,4,232.0,보육 관련 시설 돌봄 종사원,보육 관련 시설 돌봄 종사원,2,23.0,232.0,2322.0,교육·법률·사회복지·경찰·소방직 및 군인,사회복지·종교직,보육교사 및 기타 사회복지 종사자,보육 관련 시설 돌봄 종사원,2|23|232|2322,교육·법률·사회복지·경찰·소방직 및 군인|사회복지·종교직|보육교사 및 기타 사회복지 종사자|보육 관련 시설 돌봄 종사원,0,True,KECO,2025 개정,2025-01-01,active,2026-03-11 04:54:09,2322,v2,2026-03-18,2,232,2322,2322
2329,기타 사회복지 전문가 및 관련 종사원,detail,4,232.0,기타 사회복지 전문가 및 관련 종사원,기타 사회복지 전문가 및 관련 종사원,2,23.0,232.0,2329.0,교육·법률·사회복지·경찰·소방직 및 군인,사회복지·종교직,보육교사 및 기타 사회복지 종사자,기타 사회복지 전문가 및 관련 종사원,2|23|232|2329,교육·법률·사회복지·경찰·소방직 및 군인|사회복지·종교직|보육교사 및 기타 사회복지 종사자|기타 사회복지 전문가 및 관련 종사원,0,True,KECO,2025 개정,2025-01-01,active,2026-03-11 04:54:09,2329,v2,2026-03-18,2,232,2329,2329
233,성직자 및 기타 종교 종사자,small,3,23.0,성직자 및 기타 종교 종사자,성직자 및 기타 종교 종사자,2,23.0,233.0,,교육·법률·사회복지·경찰·소방직 및 군인,사회복지·종교직,성직자 및 기타 종교 종사자,,2|23|233,교육·법률·사회복지·경찰·소방직 및 군인|사회복지·종교직|성직자 및 기타 종교 종사자,2,False,KECO,2025 개정,2025-01-01,active,2026-03-11 04:54:09,233,v2,2026-03-18,2,233,233,
2331,성직자,detail,4,233.0,성직자,성직자,2,23.0,233.0,2331.0,교육·법률·사회복지·경찰·소방직 및 군인,사회복지·종교직,성직자 및 기타 종교 종사자,성직자,2|23|233|2331,교육·법률·사회복지·경찰·소방직 및 군인|사회복지·종교직|성직자 및 기타 종교 종사자|성직자,0,True,KECO,2025 개정,2025-01-01,active,2026-03-11 04:54:09,2331,v2,2026-03-18,2,233,2331,2331
2339,기타 종교 관련 종사원,detail,4,233.0,기타 종교 관련 종사원,기타 종교 관련 종사원,2,23.0,233.0,2339.0,교육·법률·사회복지·경찰·소방직 및 군인,사회복지·종교직,성직자 및 기타 종교 종사자,기타 종교 관련 종사원,2|23|233|2339,교육·법률·사회복지·경찰·소방직 및 군인|사회복지·종교직|성직자 및 기타 종교 종사자|기타 종교 관련 종사원,0,True,KECO,2025 개정,2025-01-01,active,2026-03-11 04:54:09,2339,v2,2026-03-18,2,233,2339,2339
24,경찰·소방·교도직,middle,2,2.0,경찰·소방·교도직,경찰·소방·교도직,2,24.0,,,교육·법률·사회복지·경찰·소방직 및 군인,경찰·소방·교도직,,,2|24,교육·법률·사회복지·경찰·소방직 및 군인|경찰·소방·교도직,1,False,KECO,2025 개정,2025-01-01,active,2026-03-11 04:54:09,24,v2,2026-03-18,2,24,,
240,"경찰관, 소방관 및 교도관",small,3,24.0,"경찰관, 소방관 및 교도관","경찰관, 소방관 및 교도관",2,24.0,240.0,,교육·법률·사회복지·경찰·소방직 및 군인,경찰·소방·교도직,"경찰관, 소방관 및 교도관",,2|24|240,"교육·법률·사회복지·경찰·소방직 및 군인|경찰·소방·교도직|경찰관, 소방관 및 교도관",3,False,KECO,2025 개정,2025-01-01,active,2026-03-11 04:54:09,240,v2,2026-03-18,2,240,240,
2401,경찰관 및 수사관,detail,4,240.0,경찰관 및 수사관,경찰관 및 수사관,2,24.0,240.0,2401.0,교육·법률·사회복지·경찰·소방직 및 군인,경찰·소방·교도직,"경찰관, 소방관 및 교도관",경찰관 및 수사관,2|24|240|2401,"교육·법률·사회복지·경찰·소방직 및 군인|경찰·소방·교도직|경찰관, 소방관 및 교도관|경찰관 및 수사관",0,True,KECO,2025 개정,2025-01-01,active,2026-03-11 04:54:09,2401,v2,2026-03-18,2,240,2401,2401
2402,소방관,detail,4,240.0,소방관,소방관,2,24.0,240.0,2402.0,교육·법률·사회복지·경찰·소방직 및 군인,경찰·소방·교도직,"경찰관, 소방관 및 교도관",소방관,2|24|240|2402,"교육·법률·사회복지·경찰·소방직 및 군인|경찰·소방·교도직|경찰관, 소방관 및 교도관|소방관",0,True,KECO,2025 개정,2025-01-01,active,2026-03-11 04:54:09,2402,v2,2026-03-18,2,240,2402,2402
2403,소년원 학교 교사 및 교도관,detail,4,240.0,소년원 학교 교사 및 교도관,소년원 학교 교사 및 교도관,2,24.0,240.0,2403.0,교육·법률·사회복지·경찰·소방직 및 군인,경찰·소방·교도직,"경찰관, 소방관 및 교도관",소년원 학교 교사 및 교도관,2|24|240|2403,"교육·법률·사회복지·경찰·소방직 및 군인|경찰·소방·교도직|경찰관, 소방관 및 교도관|소년원 학교 교사 및 교도관",0,True,KECO,2025 개정,2025-01-01,active,2026-03-11 04:54:09,2403,v2,2026-03-18,2,240,2403,2403
25,군인,middle,2,2.0,군인,군인,2,25.0,,,교육·법률·사회복지·경찰·소방직 및 군인,군인,,,2|25,교육·법률·사회복지·경찰·소방직 및 군인|군인,1,False,KECO,2025 개정,2025-01-01,active,2026-03-11 04:54:09,25,v2,2026-03-18,2,25,,
250,군인,small,3,25.0,군인,군인,2,25.0,250.0,,교육·법률·사회복지·경찰·소방직 및 군인,군인,군인,,2|25|250,교육·법률·사회복지·경찰·소방직 및 군인|군인|군인,5,False,KECO,2025 개정,2025-01-01,active,2026-03-11 04:54:09,250,v2,2026-03-18,2,250,250,
2501,영관급 이상 장교,detail,4,250.0,영관급 이상 장교,영관급 이상 장교,2,25.0,250.0,2501.0,교육·법률·사회복지·경찰·소방직 및 군인,군인,군인,영관급 이상 장교,2|25|250|2501,교육·법률·사회복지·경찰·소방직 및 군인|군인|군인|영관급 이상 장교,0,True,KECO,2025 개정,2025-01-01,active,2026-03-11 04:54:09,2501,v2,2026-03-18,2,250,2501,2501
2502,위관급 장교,detail,4,250.0,위관급 장교,위관급 장교,2,25.0,250.0,2502.0,교육·법률·사회복지·경찰·소방직 및 군인,군인,군인,위관급 장교,2|25|250|2502,교육·법률·사회복지·경찰·소방직 및 군인|군인|군인|위관급 장교,0,True,KECO,2025 개정,2025-01-01,active,2026-03-11 04:54:09,2502,v2,2026-03-18,2,250,2502,2502
2503,준사관,detail,4,250.0,준사관,준사관,2,25.0,250.0,2503.0,교육·법률·사회복지·경찰·소방직 및 군인,군인,군인,준사관,2|25|250|2503,교육·법률·사회복지·경찰·소방직 및 군인|군인|군인|준사관,0,True,KECO,2025 개정,2025-01-01,active,2026-03-11 04:54:09,2503,v2,2026-03-18,2,250,2503,2503
2504,부사관,detail,4,250.0,부사관,부사관,2,25.0,250.0,2504.0,교육·법률·사회복지·경찰·소방직 및 군인,군인,군인,부사관,2|25|250|2504,교육·법률·사회복지·경찰·소방직 및 군인|군인|군인|부사관,0,True,KECO,2025 개정,2025-01-01,active,2026-03-11 04:54:09,2504,v2,2026-03-18,2,250,2504,2504
2509,기타 군인,detail,4,250.0,기타 군인,기타 군인,2,25.0,250.0,2509.0,교육·법률·사회복지·경찰·소방직 및 군인,군인,군인,기타 군인,2|25|250|2509,교육·법률·사회복지·경찰·소방직 및 군인|군인|군인|기타 군인,0,True,KECO,2025 개정,2025-01-01,active,2026-03-11 04:54:09,2509,v2,2026-03-18,2,250,2509,2509
3,보건·의료직,major,1,,보건·의료직,보건·의료직,3,,,,보건·의료직,,,,3,보건·의료직,1,False,KECO,2025 개정,2025-01-01,active,2026-03-11 04:54:09,3,v2,2026-03-18,3,,,
30,보건·의료직,middle,2,3.0,보건·의료직,보건·의료직,3,30.0,,,보건·의료직,보건·의료직,,,3|30,보건·의료직|보건·의료직,7,False,KECO,2025 개정,2025-01-01,active,2026-03-11 04:54:09,30,v2,2026-03-18,3,30,,
301,"의사, 한의사 및 치과의사",small,3,30.0,"의사, 한의사 및 치과의사","의사, 한의사 및 치과의사",3,30.0,301.0,,보건·의료직,보건·의료직,"의사, 한의사 및 치과의사",,3|30|301,"보건·의료직|보건·의료직|의사, 한의사 및 치과의사",4,False,KECO,2025 개정,2025-01-01,active,2026-03-11 04:54:09,301,v2,2026-03-18,3,301,301,
3011,전문 의사,detail,4,301.0,전문 의사,전문 의사,3,30.0,301.0,3011.0,보건·의료직,보건·의료직,"의사, 한의사 및 치과의사",전문 의사,3|30|301|3011,"보건·의료직|보건·의료직|의사, 한의사 및 치과의사|전문 의사",0,True,KECO,2025 개정,2025-01-01,active,2026-03-11 04:54:09,3011,v2,2026-03-18,3,301,3011,3011
3012,일반 의사,detail,4,301.0,일반 의사,일반 의사,3,30.0,301.0,3012.0,보건·의료직,보건·의료직,"의사, 한의사 및 치과의사",일반 의사,3|30|301|3012,"보건·의료직|보건·의료직|의사, 한의사 및 치과의사|일반 의사",0,True,KECO,2025 개정,2025-01-01,active,2026-03-11 04:54:09,3012,v2,2026-03-18,3,301,3012,3012
3013,한의사,detail,4,301.0,한의사,한의사,3,30.0,301.0,3013.0,보건·의료직,보건·의료직,"의사, 한의사 및 치과의사",한의사,3|30|301|3013,"보건·의료직|보건·의료직|의사, 한의사 및 치과의사|한의사",0,True,KECO,2025 개정,2025-01-01,active,2026-03-11 04:54:09,3013,v2,2026-03-18,3,301,3013,3013
3014,치과의사,detail,4,301.0,치과의사,치과의사,3,30.0,301.0,3014.0,보건·의료직,보건·의료직,"의사, 한의사 및 치과의사",치과의사,3|30|301|3014,"보건·의료직|보건·의료직|의사, 한의사 및 치과의사|치과의사",0,True,KECO,2025 개정,2025-01-01,active,2026-03-11 04:54:09,3014,v2,2026-03-18,3,301,3014,3014
302,수의사,small,3,30.0,수의사,수의사,3,30.0,302.0,,보건·의료직,보건·의료직,수의사,,3|30|302,보건·의료직|보건·의료직|수의사,1,False,KECO,2025 개정,2025-01-01,active,2026-03-11 04:54:09,302,v2,2026-03-18,3,302,302,
3020,수의사,detail,4,302.0,수의사,수의사,3,30.0,302.0,3020.0,보건·의료직,보건·의료직,수의사,수의사,3|30|302|3020,보건·의료직|보건·의료직|수의사|수의사,0,True,KECO,2025 개정,2025-01-01,active,2026-03-11 04:54:09,3020,v2,2026-03-18,3,302,3020,3020
303,약사 및 한약사,small,3,30.0,약사 및 한약사,약사 및 한약사,3,30.0,303.0,,보건·의료직,보건·의료직,약사 및 한약사,,3|30|303,보건·의료직|보건·의료직|약사 및 한약사,2,False,KECO,2025 개정,2025-01-01,active,2026-03-11 04:54:09,303,v2,2026-03-18,3,303,303,
3031,약사,detail,4,303.0,약사,약사,3,30.0,303.0,3031.0,보건·의료직,보건·의료직,약사 및 한약사,약사,3|30|303|3031,보건·의료직|보건·의료직|약사 및 한약사|약사,0,True,KECO,2025 개정,2025-01-01,active,2026-03-11 04:54:09,3031,v2,2026-03-18,3,303,3031,3031
3032,한약사,detail,4,303.0,한약사,한약사,3,30.0,303.0,3032.0,보건·의료직,보건·의료직,약사 및 한약사,한약사,3|30|303|3032,보건·의료직|보건·의료직|약사 및 한약사|한약사,0,True,KECO,2025 개정,2025-01-01,active,2026-03-11 04:54:09,3032,v2,2026-03-18,3,303,3032,3032
304,간호사,small,3,30.0,간호사,간호사,3,30.0,304.0,,보건·의료직,보건·의료직,간호사,,3|30|304,보건·의료직|보건·의료직|간호사,1,False,KECO,2025 개정,2025-01-01,active,2026-03-11 04:54:09,304,v2,2026-03-18,3,304,304,
3040,간호사,detail,4,304.0,간호사,간호사,3,30.0,304.0,3040.0,보건·의료직,보건·의료직,간호사,간호사,3|30|304|3040,보건·의료직|보건·의료직|간호사|간호사,0,True,KECO,2025 개정,2025-01-01,active,2026-03-11 04:54:09,3040,v2,2026-03-18,3,304,3040,3040
305,영양사,small,3,30.0,영양사,영양사,3,30.0,305.0,,보건·의료직,보건·의료직,영양사,,3|30|305,보건·의료직|보건·의료직|영양사,1,False,KECO,2025 개정,2025-01-01,active,2026-03-11 04:54:09,305,v2,2026-03-18,3,305,305,
3050,영양사,detail,4,305.0,영양사,영양사,3,30.0,305.0,3050.0,보건·의료직,보건·의료직,영양사,영양사,3|30|305|3050,보건·의료직|보건·의료직|영양사|영양사,0,True,KECO,2025 개정,2025-01-01,active,2026-03-11 04:54:09,3050,v2,2026-03-18,3,305,3050,3050
306,의료기사·치료사·재활사,small,3,30.0,의료기사·치료사·재활사,의료기사·치료사·재활사,3,30.0,306.0,,보건·의료직,보건·의료직,의료기사·치료사·재활사,,3|30|306,보건·의료직|보건·의료직|의료기사·치료사·재활사,9,False,KECO,2025 개정,2025-01-01,active,2026-03-11 04:54:09,306,v2,2026-03-18,3,306,306,
3061,임상병리사,detail,4,306.0,임상병리사,임상병리사,3,30.0,306.0,3061.0,보건·의료직,보건·의료직,의료기사·치료사·재활사,임상병리사,3|30|306|3061,보건·의료직|보건·의료직|의료기사·치료사·재활사|임상병리사,0,True,KECO,2025 개정,2025-01-01,active,2026-03-11 04:54:09,3061,v2,2026-03-18,3,306,3061,3061
3062,방사선사,detail,4,306.0,방사선사,방사선사,3,30.0,306.0,3062.0,보건·의료직,보건·의료직,의료기사·치료사·재활사,방사선사,3|30|306|3062,보건·의료직|보건·의료직|의료기사·치료사·재활사|방사선사,0,True,KECO,2025 개정,2025-01-01,active,2026-03-11 04:54:09,3062,v2,2026-03-18,3,306,3062,3062
3063,치과기공사,detail,4,306.0,치과기공사,치과기공사,3,30.0,306.0,3063.0,보건·의료직,보건·의료직,의료기사·치료사·재활사,치과기공사,3|30|306|3063,보건·의료직|보건·의료직|의료기사·치료사·재활사|치과기공사,0,True,KECO,2025 개정,2025-01-01,active,2026-03-11 04:54:09,3063,v2,2026-03-18,3,306,3063,3063
3064,치과위생사,detail,4,306.0,치과위생사,치과위생사,3,30.0,306.0,3064.0,보건·의료직,보건·의료직,의료기사·치료사·재활사,치과위생사,3|30|306|3064,보건·의료직|보건·의료직|의료기사·치료사·재활사|치과위생사,0,True,KECO,2025 개정,2025-01-01,active,2026-03-11 04:54:09,3064,v2,2026-03-18,3,306,3064,3064
3065,물리 및 작업 치료사,detail,4,306.0,물리 및 작업 치료사,물리 및 작업 치료사,3,30.0,306.0,3065.0,보건·의료직,보건·의료직,의료기사·치료사·재활사,물리 및 작업 치료사,3|30|306|3065,보건·의료직|보건·의료직|의료기사·치료사·재활사|물리 및 작업 치료사,0,True,KECO,2025 개정,2025-01-01,active,2026-03-11 04:54:09,3065,v2,2026-03-18,3,306,3065,3065
3066,임상심리사,detail,4,306.0,임상심리사,임상심리사,3,30.0,306.0,3066.0,보건·의료직,보건·의료직,의료기사·치료사·재활사,임상심리사,3|30|306|3066,보건·의료직|보건·의료직|의료기사·치료사·재활사|임상심리사,0,True,KECO,2025 개정,2025-01-01,active,2026-03-11 04:54:09,3066,v2,2026-03-18,3,306,3066,3066
3067,재활공학 기사,detail,4,306.0,재활공학 기사,재활공학 기사,3,30.0,306.0,3067.0,보건·의료직,보건·의료직,의료기사·치료사·재활사,재활공학 기사,3|30|306|3067,보건·의료직|보건·의료직|의료기사·치료사·재활사|재활공학 기사,0,True,KECO,2025 개정,2025-01-01,active,2026-03-11 04:54:09,3067,v2,2026-03-18,3,306,3067,3067
3068,언어 및 청각능력 재활사,detail,4,306.0,언어 및 청각능력 재활사,언어 및 청각능력 재활사,3,30.0,306.0,3068.0,보건·의료직,보건·의료직,의료기사·치료사·재활사,언어 및 청각능력 재활사,3|30|306|3068,보건·의료직|보건·의료직|의료기사·치료사·재활사|언어 및 청각능력 재활사,0,True,KECO,2025 개정,2025-01-01,active,2026-03-11 04:54:09,3068,v2,2026-03-18,3,306,3068,3068
3069,기타 치료·재활사 및 의료기사,detail,4,306.0,기타 치료·재활사 및 의료기사,기타 치료·재활사 및 의료기사,3,30.0,306.0,3069.0,보건·의료직,보건·의료직,의료기사·치료사·재활사,기타 치료·재활사 및 의료기사,3|30|306|3069,보건·의료직|보건·의료직|의료기사·치료사·재활사|기타 치료·재활사 및 의료기사,0,True,KECO,2025 개정,2025-01-01,active,2026-03-11 04:54:09,3069,v2,2026-03-18,3,306,3069,3069
307,보건·의료 종사자,small,3,30.0,보건·의료 종사자,보건·의료 종사자,3,30.0,307.0,,보건·의료직,보건·의료직,보건·의료 종사자,,3|30|307,보건·의료직|보건·의료직|보건·의료 종사자,9,False,KECO,2025 개정,2025-01-01,active,2026-03-11 04:54:09,307,v2,2026-03-18,3,307,307,
3071,응급 구조사,detail,4,307.0,응급 구조사,응급 구조사,3,30.0,307.0,3071.0,보건·의료직,보건·의료직,보건·의료 종사자,응급 구조사,3|30|307|3071,보건·의료직|보건·의료직|보건·의료 종사자|응급 구조사,0,True,KECO,2025 개정,2025-01-01,active,2026-03-11 04:54:09,3071,v2,2026-03-18,3,307,3071,3071
3072,위생사,detail,4,307.0,위생사,위생사,3,30.0,307.0,3072.0,보건·의료직,보건·의료직,보건·의료 종사자,위생사,3|30|307|3072,보건·의료직|보건·의료직|보건·의료 종사자|위생사,0,True,KECO,2025 개정,2025-01-01,active,2026-03-11 04:54:09,3072,v2,2026-03-18,3,307,3072,3072
3073,안경사,detail,4,307.0,안경사,안경사,3,30.0,307.0,3073.0,보건·의료직,보건·의료직,보건·의료 종사자,안경사,3|30|307|3073,보건·의료직|보건·의료직|보건·의료 종사자|안경사,0,True,KECO,2025 개정,2025-01-01,active,2026-03-11 04:54:09,3073,v2,2026-03-18,3,307,3073,3073
3074,보건의료정보 관리사,detail,4,307.0,보건의료정보 관리사,보건의료정보 관리사,3,30.0,307.0,3074.0,보건·의료직,보건·의료직,보건·의료 종사자,보건의료정보 관리사,3|30|307|3074,보건·의료직|보건·의료직|보건·의료 종사자|보건의료정보 관리사,0,True,KECO,2025 개정,2025-01-01,active,2026-03-11 04:54:09,3074,v2,2026-03-18,3,307,3074,3074
3075,간호조무사,detail,4,307.0,간호조무사,간호조무사,3,30.0,307.0,3075.0,보건·의료직,보건·의료직,보건·의료 종사자,간호조무사,3|30|307|3075,보건·의료직|보건·의료직|보건·의료 종사자|간호조무사,0,True,KECO,2025 개정,2025-01-01,active,2026-03-11 04:54:09,3075,v2,2026-03-18,3,307,3075,3075
3076,환자안전 관리사,detail,4,307.0,환자안전 관리사,환자안전 관리사,3,30.0,307.0,3076.0,보건·의료직,보건·의료직,보건·의료 종사자,환자안전 관리사,3|30|307|3076,보건·의료직|보건·의료직|보건·의료 종사자|환자안전 관리사,0,True,KECO,2025 개정,2025-01-01,active,2026-03-11 04:54:09,3076,v2,2026-03-18,3,307,3076,3076
3077,수의사 보조원,detail,4,307.0,수의사 보조원,수의사 보조원,3,30.0,307.0,3077.0,보건·의료직,보건·의료직,보건·의료 종사자,수의사 보조원,3|30|307|3077,보건·의료직|보건·의료직|보건·의료 종사자|수의사 보조원,0,True,KECO,2025 개정,2025-01-01,active,2026-03-11 04:54:09,3077,v2,2026-03-18,3,307,3077,3077
3078,안마사,detail,4,307.0,안마사,안마사,3,30.0,307.0,3078.0,보건·의료직,보건·의료직,보건·의료 종사자,안마사,3|30|307|3078,보건·의료직|보건·의료직|보건·의료 종사자|안마사,0,True,KECO,2025 개정,2025-01-01,active,2026-03-11 04:54:09,3078,v2,2026-03-18,3,307,3078,3078
3079,기타 돌봄 및 보건 서비스 종사원,detail,4,307.0,기타 돌봄 및 보건 서비스 종사원,기타 돌봄 및 보건 서비스 종사원,3,30.0,307.0,3079.0,보건·의료직,보건·의료직,보건·의료 종사자,기타 돌봄 및 보건 서비스 종사원,3|30|307|3079,보건·의료직|보건·의료직|보건·의료 종사자|기타 돌봄 및 보건 서비스 종사원,0,True,KECO,2025 개정,2025-01-01,active,2026-03-11 04:54:09,3079,v2,2026-03-18,3,307,3079,3079
4,예술·디자인·방송·스포츠직,major,1,,예술·디자인·방송·스포츠직,예술·디자인·방송·스포츠직,4,,,,예술·디자인·방송·스포츠직,,,,4,예술·디자인·방송·스포츠직,2,False,KECO,2025 개정,2025-01-01,active,2026-03-11 04:54:09,4,v2,2026-03-18,4,,,
41,예술·디자인·방송직,middle,2,4.0,예술·디자인·방송직,예술·디자인·방송직,4,41.0,,,예술·디자인·방송·스포츠직,예술·디자인·방송직,,,4|41,예술·디자인·방송·스포츠직|예술·디자인·방송직,7,False,KECO,2025 개정,2025-01-01,active,2026-03-11 04:54:09,41,v2,2026-03-18,4,41,,
411,작가·통번역가,small,3,41.0,작가·통번역가,작가·통번역가,4,41.0,411.0,,예술·디자인·방송·스포츠직,예술·디자인·방송직,작가·통번역가,,4|41|411,예술·디자인·방송·스포츠직|예술·디자인·방송직|작가·통번역가,3,False,KECO,2025 개정,2025-01-01,active,2026-03-11 04:54:09,411,v2,2026-03-18,4,411,411,
4111,작가,detail,4,411.0,작가,작가,4,41.0,411.0,4111.0,예술·디자인·방송·스포츠직,예술·디자인·방송직,작가·통번역가,작가,4|41|411|4111,예술·디자인·방송·스포츠직|예술·디자인·방송직|작가·통번역가|작가,0,True,KECO,2025 개정,2025-01-01,active,2026-03-11 04:54:09,4111,v2,2026-03-18,4,411,4111,4111
4112,번역가 및 통역가,detail,4,411.0,번역가 및 통역가,번역가 및 통역가,4,41.0,411.0,4112.0,예술·디자인·방송·스포츠직,예술·디자인·방송직,작가·통번역가,번역가 및 통역가,4|41|411|4112,예술·디자인·방송·스포츠직|예술·디자인·방송직|작가·통번역가|번역가 및 통역가,0,True,KECO,2025 개정,2025-01-01,active,2026-03-11 04:54:09,4112,v2,2026-03-18,4,411,4112,4112
4113,출판물 전문가,detail,4,411.0,출판물 전문가,출판물 전문가,4,41.0,411.0,4113.0,예술·디자인·방송·스포츠직,예술·디자인·방송직,작가·통번역가,출판물 전문가,4|41|411|4113,예술·디자인·방송·스포츠직|예술·디자인·방송직|작가·통번역가|출판물 전문가,0,True,KECO,2025 개정,2025-01-01,active,2026-03-11 04:54:09,4113,v2,2026-03-18,4,411,4113,4113
412,기자 및 언론 전문가,small,3,41.0,기자 및 언론 전문가,기자 및 언론 전문가,4,41.0,412.0,,예술·디자인·방송·스포츠직,예술·디자인·방송직,기자 및 언론 전문가,,4|41|412,예술·디자인·방송·스포츠직|예술·디자인·방송직|기자 및 언론 전문가,1,False,KECO,2025 개정,2025-01-01,active,2026-03-11 04:54:09,412,v2,2026-03-18,4,412,412,
4120,기자 및 언론 관련 전문가,detail,4,412.0,기자 및 언론 관련 전문가,기자 및 언론 관련 전문가,4,41.0,412.0,4120.0,예술·디자인·방송·스포츠직,예술·디자인·방송직,기자 및 언론 전문가,기자 및 언론 관련 전문가,4|41|412|4120,예술·디자인·방송·스포츠직|예술·디자인·방송직|기자 및 언론 전문가|기자 및 언론 관련 전문가,0,True,KECO,2025 개정,2025-01-01,active,2026-03-11 04:54:09,4120,v2,2026-03-18,4,412,4120,4120
413,학예사·사서·기록물관리사,small,3,41.0,학예사·사서·기록물관리사,학예사·사서·기록물관리사,4,41.0,413.0,,예술·디자인·방송·스포츠직,예술·디자인·방송직,학예사·사서·기록물관리사,,4|41|413,예술·디자인·방송·스포츠직|예술·디자인·방송직|학예사·사서·기록물관리사,2,False,KECO,2025 개정,2025-01-01,active,2026-03-11 04:54:09,413,v2,2026-03-18,4,413,413,
4131,학예사 및 문화재 보존원,detail,4,413.0,학예사 및 문화재 보존원,학예사 및 문화재 보존원,4,41.0,413.0,4131.0,예술·디자인·방송·스포츠직,예술·디자인·방송직,학예사·사서·기록물관리사,학예사 및 문화재 보존원,4|41|413|4131,예술·디자인·방송·스포츠직|예술·디자인·방송직|학예사·사서·기록물관리사|학예사 및 문화재 보존원,0,True,KECO,2025 개정,2025-01-01,active,2026-03-11 04:54:09,4131,v2,2026-03-18,4,413,4131,4131
4132,사서 및 기록물관리사,detail,4,413.0,사서 및 기록물관리사,사서 및 기록물관리사,4,41.0,413.0,4132.0,예술·디자인·방송·스포츠직,예술·디자인·방송직,학예사·사서·기록물관리사,사서 및 기록물관리사,4|41|413|4132,예술·디자인·방송·스포츠직|예술·디자인·방송직|학예사·사서·기록물관리사|사서 및 기록물관리사,0,True,KECO,2025 개정,2025-01-01,active,2026-03-11 04:54:09,4132,v2,2026-03-18,4,413,4132,4132
414,"창작·공연 전문가(작가, 연극 제외)",small,3,41.0,"창작·공연 전문가(작가, 연극 제외)",창작·공연 전문가,4,41.0,414.0,,예술·디자인·방송·스포츠직,예술·디자인·방송직,"창작·공연 전문가(작가, 연극 제외)",,4|41|414,"예술·디자인·방송·스포츠직|예술·디자인·방송직|창작·공연 전문가(작가, 연극 제외)",8,False,KECO,2025 개정,2025-01-01,active,2026-03-11 04:54:09,414,v2,2026-03-18,4,414,414,
4141,화가 및 조각가,detail,4,414.0,화가 및 조각가,화가 및 조각가,4,41.0,414.0,4141.0,예술·디자인·방송·스포츠직,예술·디자인·방송직,"창작·공연 전문가(작가, 연극 제외)",화가 및 조각가,4|41|414|4141,"예술·디자인·방송·스포츠직|예술·디자인·방송직|창작·공연 전문가(작가, 연극 제외)|화가 및 조각가",0,True,KECO,2025 개정,2025-01-01,active,2026-03-11 04:54:09,4141,v2,2026-03-18,4,414,4141,4141
4142,사진기자 및 사진사,detail,4,414.0,사진기자 및 사진사,사진기자 및 사진사,4,41.0,414.0,4142.0,예술·디자인·방송·스포츠직,예술·디자인·방송직,"창작·공연 전문가(작가, 연극 제외)",사진기자 및 사진사,4|41|414|4142,"예술·디자인·방송·스포츠직|예술·디자인·방송직|창작·공연 전문가(작가, 연극 제외)|사진기자 및 사진사",0,True,KECO,2025 개정,2025-01-01,active,2026-03-11 04:54:09,4142,v2,2026-03-18,4,414,4142,4142
4143,만화가 및 만화영화 작가,detail,4,414.0,만화가 및 만화영화 작가,만화가 및 만화영화 작가,4,41.0,414.0,4143.0,예술·디자인·방송·스포츠직,예술·디자인·방송직,"창작·공연 전문가(작가, 연극 제외)",만화가 및 만화영화 작가,4|41|414|4143,"예술·디자인·방송·스포츠직|예술·디자인·방송직|창작·공연 전문가(작가, 연극 제외)|만화가 및 만화영화 작가",0,True,KECO,2025 개정,2025-01-01,active,2026-03-11 04:54:09,4143,v2,2026-03-18,4,414,4143,4143
4144,국악 및 전통 예능인,detail,4,414.0,국악 및 전통 예능인,국악 및 전통 예능인,4,41.0,414.0,4144.0,예술·디자인·방송·스포츠직,예술·디자인·방송직,"창작·공연 전문가(작가, 연극 제외)",국악 및 전통 예능인,4|41|414|4144,"예술·디자인·방송·스포츠직|예술·디자인·방송직|창작·공연 전문가(작가, 연극 제외)|국악 및 전통 예능인",0,True,KECO,2025 개정,2025-01-01,active,2026-03-11 04:54:09,4144,v2,2026-03-18,4,414,4144,4144
4145,지휘자·작곡가 및 연주가,detail,4,414.0,지휘자·작곡가 및 연주가,지휘자·작곡가 및 연주가,4,41.0,414.0,4145.0,예술·디자인·방송·스포츠직,예술·디자인·방송직,"창작·공연 전문가(작가, 연극 제외)",지휘자·작곡가 및 연주가,4|41|414|4145,"예술·디자인·방송·스포츠직|예술·디자인·방송직|창작·공연 전문가(작가, 연극 제외)|지휘자·작곡가 및 연주가",0,True,KECO,2025 개정,2025-01-01,active,2026-03-11 04:54:09,4145,v2,2026-03-18,4,414,4145,4145
4146,가수 및 성악가,detail,4,414.0,가수 및 성악가,가수 및 성악가,4,41.0,414.0,4146.0,예술·디자인·방송·스포츠직,예술·디자인·방송직,"창작·공연 전문가(작가, 연극 제외)",가수 및 성악가,4|41|414|4146,"예술·디자인·방송·스포츠직|예술·디자인·방송직|창작·공연 전문가(작가, 연극 제외)|가수 및 성악가",0,True,KECO,2025 개정,2025-01-01,active,2026-03-11 04:54:09,4146,v2,2026-03-18,4,414,4146,4146
4147,무용가 및 안무가,detail,4,414.0,무용가 및 안무가,무용가 및 안무가,4,41.0,414.0,4147.0,예술·디자인·방송·스포츠직,예술·디자인·방송직,"창작·공연 전문가(작가, 연극 제외)",무용가 및 안무가,4|41|414|4147,"예술·디자인·방송·스포츠직|예술·디자인·방송직|창작·공연 전문가(작가, 연극 제외)|무용가 및 안무가",0,True,KECO,2025 개정,2025-01-01,active,2026-03-11 04:54:09,4147,v2,2026-03-18,4,414,4147,4147
4149,기타 시각 및 공연 예술가,detail,4,414.0,기타 시각 및 공연 예술가,기타 시각 및 공연 예술가,4,41.0,414.0,4149.0,예술·디자인·방송·스포츠직,예술·디자인·방송직,"창작·공연 전문가(작가, 연극 제외)",기타 시각 및 공연 예술가,4|41|414|4149,"예술·디자인·방송·스포츠직|예술·디자인·방송직|창작·공연 전문가(작가, 연극 제외)|기타 시각 및 공연 예술가",0,True,KECO,2025 개정,2025-01-01,active,2026-03-11 04:54:09,4149,v2,2026-03-18,4,414,4149,4149
415,디자이너,small,3,41.0,디자이너,디자이너,4,41.0,415.0,,예술·디자인·방송·스포츠직,예술·디자인·방송직,디자이너,,4|41|415,예술·디자인·방송·스포츠직|예술·디자인·방송직|디자이너,5,False,KECO,2025 개정,2025-01-01,active,2026-03-11 04:54:09,415,v2,2026-03-18,4,415,415,
4151,제품 디자이너,detail,4,415.0,제품 디자이너,제품 디자이너,4,41.0,415.0,4151.0,예술·디자인·방송·스포츠직,예술·디자인·방송직,디자이너,제품 디자이너,4|41|415|4151,예술·디자인·방송·스포츠직|예술·디자인·방송직|디자이너|제품 디자이너,0,True,KECO,2025 개정,2025-01-01,active,2026-03-11 04:54:09,4151,v2,2026-03-18,4,415,4151,4151
4152,패션 디자이너,detail,4,415.0,패션 디자이너,패션 디자이너,4,41.0,415.0,4152.0,예술·디자인·방송·스포츠직,예술·디자인·방송직,디자이너,패션 디자이너,4|41|415|4152,예술·디자인·방송·스포츠직|예술·디자인·방송직|디자이너|패션 디자이너,0,True,KECO,2025 개정,2025-01-01,active,2026-03-11 04:54:09,4152,v2,2026-03-18,4,415,4152,4152
4153,실내장식 디자이너,detail,4,415.0,실내장식 디자이너,실내장식 디자이너,4,41.0,415.0,4153.0,예술·디자인·방송·스포츠직,예술·디자인·방송직,디자이너,실내장식 디자이너,4|41|415|4153,예술·디자인·방송·스포츠직|예술·디자인·방송직|디자이너|실내장식 디자이너,0,True,KECO,2025 개정,2025-01-01,active,2026-03-11 04:54:09,4153,v2,2026-03-18,4,415,4153,4153
4154,시각 디자이너,detail,4,415.0,시각 디자이너,시각 디자이너,4,41.0,415.0,4154.0,예술·디자인·방송·스포츠직,예술·디자인·방송직,디자이너,시각 디자이너,4|41|415|4154,예술·디자인·방송·스포츠직|예술·디자인·방송직|디자이너|시각 디자이너,0,True,KECO,2025 개정,2025-01-01,active,2026-03-11 04:54:09,4154,v2,2026-03-18,4,415,4154,4154
4155,미디어 콘텐츠 디자이너,detail,4,415.0,미디어 콘텐츠 디자이너,미디어 콘텐츠 디자이너,4,41.0,415.0,4155.0,예술·디자인·방송·스포츠직,예술·디자인·방송직,디자이너,미디어 콘텐츠 디자이너,4|41|415|4155,예술·디자인·방송·스포츠직|예술·디자인·방송직|디자이너|미디어 콘텐츠 디자이너,0,True,KECO,2025 개정,2025-01-01,active,2026-03-11 04:54:09,4155,v2,2026-03-18,4,415,4155,4155
416,연극·영화·방송 전문가,small,3,41.0,연극·영화·방송 전문가,연극·영화·방송 전문가,4,41.0,416.0,,예술·디자인·방송·스포츠직,예술·디자인·방송직,연극·영화·방송 전문가,,4|41|416,예술·디자인·방송·스포츠직|예술·디자인·방송직|연극·영화·방송 전문가,9,False,KECO,2025 개정,2025-01-01,active,2026-03-11 04:54:09,416,v2,2026-03-18,4,416,416,
4161,감독 및 기술 감독,detail,4,416.0,감독 및 기술 감독,감독 및 기술 감독,4,41.0,416.0,4161.0,예술·디자인·방송·스포츠직,예술·디자인·방송직,연극·영화·방송 전문가,감독 및 기술 감독,4|41|416|4161,예술·디자인·방송·스포츠직|예술·디자인·방송직|연극·영화·방송 전문가|감독 및 기술 감독,0,True,KECO,2025 개정,2025-01-01,active,2026-03-11 04:54:09,4161,v2,2026-03-18,4,416,4161,4161
4162,배우 및 모델,detail,4,416.0,배우 및 모델,배우 및 모델,4,41.0,416.0,4162.0,예술·디자인·방송·스포츠직,예술·디자인·방송직,연극·영화·방송 전문가,배우 및 모델,4|41|416|4162,예술·디자인·방송·스포츠직|예술·디자인·방송직|연극·영화·방송 전문가|배우 및 모델,0,True,KECO,2025 개정,2025-01-01,active,2026-03-11 04:54:09,4162,v2,2026-03-18,4,416,4162,4162
4163,아나운서 및 리포터,detail,4,416.0,아나운서 및 리포터,아나운서 및 리포터,4,41.0,416.0,4163.0,예술·디자인·방송·스포츠직,예술·디자인·방송직,연극·영화·방송 전문가,아나운서 및 리포터,4|41|416|4163,예술·디자인·방송·스포츠직|예술·디자인·방송직|연극·영화·방송 전문가|아나운서 및 리포터,0,True,KECO,2025 개정,2025-01-01,active,2026-03-11 04:54:09,4163,v2,2026-03-18,4,416,4163,4163
4164,촬영기사,detail,4,416.0,촬영기사,촬영기사,4,41.0,416.0,4164.0,예술·디자인·방송·스포츠직,예술·디자인·방송직,연극·영화·방송 전문가,촬영기사,4|41|416|4164,예술·디자인·방송·스포츠직|예술·디자인·방송직|연극·영화·방송 전문가|촬영기사,0,True,KECO,2025 개정,2025-01-01,active,2026-03-11 04:54:09,4164,v2,2026-03-18,4,416,4164,4164
4165,음향 및 녹음 기사,detail,4,416.0,음향 및 녹음 기사,음향 및 녹음 기사,4,41.0,416.0,4165.0,예술·디자인·방송·스포츠직,예술·디자인·방송직,연극·영화·방송 전문가,음향 및 녹음 기사,4|41|416|4165,예술·디자인·방송·스포츠직|예술·디자인·방송직|연극·영화·방송 전문가|음향 및 녹음 기사,0,True,KECO,2025 개정,2025-01-01,active,2026-03-11 04:54:09,4165,v2,2026-03-18,4,416,4165,4165
4166,영상·녹화 및 편집 기사,detail,4,416.0,영상·녹화 및 편집 기사,영상·녹화 및 편집 기사,4,41.0,416.0,4166.0,예술·디자인·방송·스포츠직,예술·디자인·방송직,연극·영화·방송 전문가,영상·녹화 및 편집 기사,4|41|416|4166,예술·디자인·방송·스포츠직|예술·디자인·방송직|연극·영화·방송 전문가|영상·녹화 및 편집 기사,0,True,KECO,2025 개정,2025-01-01,active,2026-03-11 04:54:09,4166,v2,2026-03-18,4,416,4166,4166
4167,조명기사 및 영사기사,detail,4,416.0,조명기사 및 영사기사,조명기사 및 영사기사,4,41.0,416.0,4167.0,예술·디자인·방송·스포츠직,예술·디자인·방송직,연극·영화·방송 전문가,조명기사 및 영사기사,4|41|416|4167,예술·디자인·방송·스포츠직|예술·디자인·방송직|연극·영화·방송 전문가|조명기사 및 영사기사,0,True,KECO,2025 개정,2025-01-01,active,2026-03-11 04:54:09,4167,v2,2026-03-18,4,416,4167,4167
4168,미디어 콘텐츠 창작자,detail,4,416.0,미디어 콘텐츠 창작자,미디어 콘텐츠 창작자,4,41.0,416.0,4168.0,예술·디자인·방송·스포츠직,예술·디자인·방송직,연극·영화·방송 전문가,미디어 콘텐츠 창작자,4|41|416|4168,예술·디자인·방송·스포츠직|예술·디자인·방송직|연극·영화·방송 전문가|미디어 콘텐츠 창작자,0,True,KECO,2025 개정,2025-01-01,active,2026-03-11 04:54:09,4168,v2,2026-03-18,4,416,4168,4168
4169,기타 연극·영화 및 영상 관련 종사원,detail,4,416.0,기타 연극·영화 및 영상 관련 종사원,기타 연극·영화 및 영상 관련 종사원,4,41.0,416.0,4169.0,예술·디자인·방송·스포츠직,예술·디자인·방송직,연극·영화·방송 전문가,기타 연극·영화 및 영상 관련 종사원,4|41|416|4169,예술·디자인·방송·스포츠직|예술·디자인·방송직|연극·영화·방송 전문가|기타 연극·영화 및 영상 관련 종사원,0,True,KECO,2025 개정,2025-01-01,active,2026-03-11 04:54:09,4169,v2,2026-03-18,4,416,4169,4169
417,문화·예술 기획자 및 매니저,small,3,41.0,문화·예술 기획자 및 매니저,문화·예술 기획자 및 매니저,4,41.0,417.0,,예술·디자인·방송·스포츠직,예술·디자인·방송직,문화·예술 기획자 및 매니저,,4|41|417,예술·디자인·방송·스포츠직|예술·디자인·방송직|문화·예술 기획자 및 매니저,3,False,KECO,2025 개정,2025-01-01,active,2026-03-11 04:54:09,417,v2,2026-03-18,4,417,417,
4171,공연 및 시각예술 기획자,detail,4,417.0,공연 및 시각예술 기획자,공연 및 시각예술 기획자,4,41.0,417.0,4171.0,예술·디자인·방송·스포츠직,예술·디자인·방송직,문화·예술 기획자 및 매니저,공연 및 시각예술 기획자,4|41|417|4171,예술·디자인·방송·스포츠직|예술·디자인·방송직|문화·예술 기획자 및 매니저|공연 및 시각예술 기획자,0,True,KECO,2025 개정,2025-01-01,active,2026-03-11 04:54:09,4171,v2,2026-03-18,4,417,4171,4171
4172,영화 및 음반 기획자,detail,4,417.0,영화 및 음반 기획자,영화 및 음반 기획자,4,41.0,417.0,4172.0,예술·디자인·방송·스포츠직,예술·디자인·방송직,문화·예술 기획자 및 매니저,영화 및 음반 기획자,4|41|417|4172,예술·디자인·방송·스포츠직|예술·디자인·방송직|문화·예술 기획자 및 매니저|영화 및 음반 기획자,0,True,KECO,2025 개정,2025-01-01,active,2026-03-11 04:54:09,4172,v2,2026-03-18,4,417,4172,4172
4173,연예인 및 스포츠 매니저,detail,4,417.0,연예인 및 스포츠 매니저,연예인 및 스포츠 매니저,4,41.0,417.0,4173.0,예술·디자인·방송·스포츠직,예술·디자인·방송직,문화·예술 기획자 및 매니저,연예인 및 스포츠 매니저,4|41|417|4173,예술·디자인·방송·스포츠직|예술·디자인·방송직|문화·예술 기획자 및 매니저|연예인 및 스포츠 매니저,0,True,KECO,2025 개정,2025-01-01,active,2026-03-11 04:54:09,4173,v2,2026-03-18,4,417,4173,4173
42,스포츠·레크리에이션직,middle,2,4.0,스포츠·레크리에이션직,스포츠·레크리에이션직,4,42.0,,,예술·디자인·방송·스포츠직,스포츠·레크리에이션직,,,4|42,예술·디자인·방송·스포츠직|스포츠·레크리에이션직,1,False,KECO,2025 개정,2025-01-01,active,2026-03-11 04:54:09,42,v2,2026-03-18,4,42,,
420,스포츠·레크리에이션 종사자,small,3,42.0,스포츠·레크리에이션 종사자,스포츠·레크리에이션 종사자,4,42.0,420.0,,예술·디자인·방송·스포츠직,스포츠·레크리에이션직,스포츠·레크리에이션 종사자,,4|42|420,예술·디자인·방송·스포츠직|스포츠·레크리에이션직|스포츠·레크리에이션 종사자,6,False,KECO,2025 개정,2025-01-01,active,2026-03-11 04:54:09,420,v2,2026-03-18,4,420,420,
4201,스포츠 감독 및 코치,detail,4,420.0,스포츠 감독 및 코치,스포츠 감독 및 코치,4,42.0,420.0,4201.0,예술·디자인·방송·스포츠직,스포츠·레크리에이션직,스포츠·레크리에이션 종사자,스포츠 감독 및 코치,4|42|420|4201,예술·디자인·방송·스포츠직|스포츠·레크리에이션직|스포츠·레크리에이션 종사자|스포츠 감독 및 코치,0,True,KECO,2025 개정,2025-01-01,active,2026-03-11 04:54:09,4201,v2,2026-03-18,4,420,4201,4201
4202,직업 운동선수,detail,4,420.0,직업 운동선수,직업 운동선수,4,42.0,420.0,4202.0,예술·디자인·방송·스포츠직,스포츠·레크리에이션직,스포츠·레크리에이션 종사자,직업 운동선수,4|42|420|4202,예술·디자인·방송·스포츠직|스포츠·레크리에이션직|스포츠·레크리에이션 종사자|직업 운동선수,0,True,KECO,2025 개정,2025-01-01,active,2026-03-11 04:54:09,4202,v2,2026-03-18,4,420,4202,4202
4203,경기 심판 및 경기 기록원,detail,4,420.0,경기 심판 및 경기 기록원,경기 심판 및 경기 기록원,4,42.0,420.0,4203.0,예술·디자인·방송·스포츠직,스포츠·레크리에이션직,스포츠·레크리에이션 종사자,경기 심판 및 경기 기록원,4|42|420|4203,예술·디자인·방송·스포츠직|스포츠·레크리에이션직|스포츠·레크리에이션 종사자|경기 심판 및 경기 기록원,0,True,KECO,2025 개정,2025-01-01,active,2026-03-11 04:54:09,4203,v2,2026-03-18,4,420,4203,4203
4204,스포츠 강사 및 트레이너,detail,4,420.0,스포츠 강사 및 트레이너,스포츠 강사 및 트레이너,4,42.0,420.0,4204.0,예술·디자인·방송·스포츠직,스포츠·레크리에이션직,스포츠·레크리에이션 종사자,스포츠 강사 및 트레이너,4|42|420|4204,예술·디자인·방송·스포츠직|스포츠·레크리에이션직|스포츠·레크리에이션 종사자|스포츠 강사 및 트레이너,0,True,KECO,2025 개정,2025-01-01,active,2026-03-11 04:54:09,4204,v2,2026-03-18,4,420,4204,4204
4205,기타 스포츠 및 레크리에이션 관련 전문가,detail,4,420.0,기타 스포츠 및 레크리에이션 관련 전문가,기타 스포츠 및 레크리에이션 관련 전문가,4,42.0,420.0,4205.0,예술·디자인·방송·스포츠직,스포츠·레크리에이션직,스포츠·레크리에이션 종사자,기타 스포츠 및 레크리에이션 관련 전문가,4|42|420|4205,예술·디자인·방송·스포츠직|스포츠·레크리에이션직|스포츠·레크리에이션 종사자|기타 스포츠 및 레크리에이션 관련 전문가,0,True,KECO,2025 개정,2025-01-01,active,2026-03-11 04:54:09,4205,v2,2026-03-18,4,420,4205,4205
4209,기타 여가 서비스 종사원,detail,4,420.0,기타 여가 서비스 종사원,기타 여가 서비스 종사원,4,42.0,420.0,4209.0,예술·디자인·방송·스포츠직,스포츠·레크리에이션직,스포츠·레크리에이션 종사자,기타 여가 서비스 종사원,4|42|420|4209,예술·디자인·방송·스포츠직|스포츠·레크리에이션직|스포츠·레크리에이션 종사자|기타 여가 서비스 종사원,0,True,KECO,2025 개정,2025-01-01,active,2026-03-11 04:54:09,4209,v2,2026-03-18,4,420,4209,4209
5,미용·여행·숙박·음식·경비·청소직,major,1,,미용·여행·숙박·음식·경비·청소직,미용·여행·숙박·음식·경비·청소직,5,,,,미용·여행·숙박·음식·경비·청소직,,,,5,미용·여행·숙박·음식·경비·청소직,6,False,KECO,2025 개정,2025-01-01,active,2026-03-11 04:54:09,5,v2,2026-03-18,5,,,
51,미용·예식 및 반려동물 서비스직,middle,2,5.0,미용·예식 및 반려동물 서비스직,미용·예식 및 반려동물 서비스직,5,51.0,,,미용·여행·숙박·음식·경비·청소직,미용·예식 및 반려동물 서비스직,,,5|51,미용·여행·숙박·음식·경비·청소직|미용·예식 및 반려동물 서비스직,3,False,KECO,2025 개정,2025-01-01,active,2026-03-11 04:54:09,51,v2,2026-03-18,5,51,,
511,미용 서비스원,small,3,51.0,미용 서비스원,미용 서비스원,5,51.0,511.0,,미용·여행·숙박·음식·경비·청소직,미용·예식 및 반려동물 서비스직,미용 서비스원,,5|51|511,미용·여행·숙박·음식·경비·청소직|미용·예식 및 반려동물 서비스직|미용 서비스원,6,False,KECO,2025 개정,2025-01-01,active,2026-03-11 04:54:09,511,v2,2026-03-18,5,511,511,
5111,이용사,detail,4,511.0,이용사,이용사,5,51.0,511.0,5111.0,미용·여행·숙박·음식·경비·청소직,미용·예식 및 반려동물 서비스직,미용 서비스원,이용사,5|51|511|5111,미용·여행·숙박·음식·경비·청소직|미용·예식 및 반려동물 서비스직|미용 서비스원|이용사,0,True,KECO,2025 개정,2025-01-01,active,2026-03-11 04:54:09,5111,v2,2026-03-18,5,511,5111,5111
5112,미용사,detail,4,511.0,미용사,미용사,5,51.0,511.0,5112.0,미용·여행·숙박·음식·경비·청소직,미용·예식 및 반려동물 서비스직,미용 서비스원,미용사,5|51|511|5112,미용·여행·숙박·음식·경비·청소직|미용·예식 및 반려동물 서비스직|미용 서비스원|미용사,0,True,KECO,2025 개정,2025-01-01,active,2026-03-11 04:54:09,5112,v2,2026-03-18,5,511,5112,5112
5113,네일 관리사,detail,4,511.0,네일 관리사,네일 관리사,5,51.0,511.0,5113.0,미용·여행·숙박·음식·경비·청소직,미용·예식 및 반려동물 서비스직,미용 서비스원,네일 관리사,5|51|511|5113,미용·여행·숙박·음식·경비·청소직|미용·예식 및 반려동물 서비스직|미용 서비스원|네일 관리사,0,True,KECO,2025 개정,2025-01-01,active,2026-03-11 04:54:09,5113,v2,2026-03-18,5,511,5113,5113
5114,피부 및 체형 관리사,detail,4,511.0,피부 및 체형 관리사,피부 및 체형 관리사,5,51.0,511.0,5114.0,미용·여행·숙박·음식·경비·청소직,미용·예식 및 반려동물 서비스직,미용 서비스원,피부 및 체형 관리사,5|51|511|5114,미용·여행·숙박·음식·경비·청소직|미용·예식 및 반려동물 서비스직|미용 서비스원|피부 및 체형 관리사,0,True,KECO,2025 개정,2025-01-01,active,2026-03-11 04:54:09,5114,v2,2026-03-18,5,511,5114,5114
5115,메이크업 아티스트 및 분장사,detail,4,511.0,메이크업 아티스트 및 분장사,메이크업 아티스트 및 분장사,5,51.0,511.0,5115.0,미용·여행·숙박·음식·경비·청소직,미용·예식 및 반려동물 서비스직,미용 서비스원,메이크업 아티스트 및 분장사,5|51|511|5115,미용·여행·숙박·음식·경비·청소직|미용·예식 및 반려동물 서비스직|미용 서비스원|메이크업 아티스트 및 분장사,0,True,KECO,2025 개정,2025-01-01,active,2026-03-11 04:54:09,5115,v2,2026-03-18,5,511,5115,5115
5119,기타 미용 관련 서비스 종사원,detail,4,511.0,기타 미용 관련 서비스 종사원,기타 미용 관련 서비스 종사원,5,51.0,511.0,5119.0,미용·여행·숙박·음식·경비·청소직,미용·예식 및 반려동물 서비스직,미용 서비스원,기타 미용 관련 서비스 종사원,5|51|511|5119,미용·여행·숙박·음식·경비·청소직|미용·예식 및 반려동물 서비스직|미용 서비스원|기타 미용 관련 서비스 종사원,0,True,KECO,2025 개정,2025-01-01,active,2026-03-11 04:54:09,5119,v2,2026-03-18,5,511,5119,5119
512,결혼·장례 등 예식 서비스원,small,3,51.0,결혼·장례 등 예식 서비스원,결혼·장례 등 예식 서비스원,5,51.0,512.0,,미용·여행·숙박·음식·경비·청소직,미용·예식 및 반려동물 서비스직,결혼·장례 등 예식 서비스원,,5|51|512,미용·여행·숙박·음식·경비·청소직|미용·예식 및 반려동물 서비스직|결혼·장례 등 예식 서비스원,5,False,KECO,2025 개정,2025-01-01,active,2026-03-11 04:54:09,512,v2,2026-03-18,5,512,512,
5121,결혼 상담원 및 웨딩플래너,detail,4,512.0,결혼 상담원 및 웨딩플래너,결혼 상담원 및 웨딩플래너,5,51.0,512.0,5121.0,미용·여행·숙박·음식·경비·청소직,미용·예식 및 반려동물 서비스직,결혼·장례 등 예식 서비스원,결혼 상담원 및 웨딩플래너,5|51|512|5121,미용·여행·숙박·음식·경비·청소직|미용·예식 및 반려동물 서비스직|결혼·장례 등 예식 서비스원|결혼 상담원 및 웨딩플래너,0,True,KECO,2025 개정,2025-01-01,active,2026-03-11 04:54:09,5121,v2,2026-03-18,5,512,5121,5121
5122,혼례 종사원,detail,4,512.0,혼례 종사원,혼례 종사원,5,51.0,512.0,5122.0,미용·여행·숙박·음식·경비·청소직,미용·예식 및 반려동물 서비스직,결혼·장례 등 예식 서비스원,혼례 종사원,5|51|512|5122,미용·여행·숙박·음식·경비·청소직|미용·예식 및 반려동물 서비스직|결혼·장례 등 예식 서비스원|혼례 종사원,0,True,KECO,2025 개정,2025-01-01,active,2026-03-11 04:54:09,5122,v2,2026-03-18,5,512,5122,5122
5123,장례 지도사 및 장례 상담원,detail,4,512.0,장례 지도사 및 장례 상담원,장례 지도사 및 장례 상담원,5,51.0,512.0,5123.0,미용·여행·숙박·음식·경비·청소직,미용·예식 및 반려동물 서비스직,결혼·장례 등 예식 서비스원,장례 지도사 및 장례 상담원,5|51|512|5123,미용·여행·숙박·음식·경비·청소직|미용·예식 및 반려동물 서비스직|결혼·장례 등 예식 서비스원|장례 지도사 및 장례 상담원,0,True,KECO,2025 개정,2025-01-01,active,2026-03-11 04:54:09,5123,v2,2026-03-18,5,512,5123,5123
5124,점술가 및 민속신앙 종사원,detail,4,512.0,점술가 및 민속신앙 종사원,점술가 및 민속신앙 종사원,5,51.0,512.0,5124.0,미용·여행·숙박·음식·경비·청소직,미용·예식 및 반려동물 서비스직,결혼·장례 등 예식 서비스원,점술가 및 민속신앙 종사원,5|51|512|5124,미용·여행·숙박·음식·경비·청소직|미용·예식 및 반려동물 서비스직|결혼·장례 등 예식 서비스원|점술가 및 민속신앙 종사원,0,True,KECO,2025 개정,2025-01-01,active,2026-03-11 04:54:09,5124,v2,2026-03-18,5,512,5124,5124
5129,기타 개인 생활 서비스 종사원,detail,4,512.0,기타 개인 생활 서비스 종사원,기타 개인 생활 서비스 종사원,5,51.0,512.0,5129.0,미용·여행·숙박·음식·경비·청소직,미용·예식 및 반려동물 서비스직,결혼·장례 등 예식 서비스원,기타 개인 생활 서비스 종사원,5|51|512|5129,미용·여행·숙박·음식·경비·청소직|미용·예식 및 반려동물 서비스직|결혼·장례 등 예식 서비스원|기타 개인 생활 서비스 종사원,0,True,KECO,2025 개정,2025-01-01,active,2026-03-11 04:54:09,5129,v2,2026-03-18,5,512,5129,5129
513,반려동물 서비스원,small,3,51.0,반려동물 서비스원,반려동물 서비스원,5,51.0,513.0,,미용·여행·숙박·음식·경비·청소직,미용·예식 및 반려동물 서비스직,반려동물 서비스원,,5|51|513,미용·여행·숙박·음식·경비·청소직|미용·예식 및 반려동물 서비스직|반려동물 서비스원,2,False,KECO,2025 개정,2025-01-01,active,2026-03-11 04:54:09,513,v2,2026-03-18,5,513,513,
5131,반려동물 훈련사 및 행동 상담사,detail,4,513.0,반려동물 훈련사 및 행동 상담사,반려동물 훈련사 및 행동 상담사,5,51.0,513.0,5131.0,미용·여행·숙박·음식·경비·청소직,미용·예식 및 반려동물 서비스직,반려동물 서비스원,반려동물 훈련사 및 행동 상담사,5|51|513|5131,미용·여행·숙박·음식·경비·청소직|미용·예식 및 반려동물 서비스직|반려동물 서비스원|반려동물 훈련사 및 행동 상담사,0,True,KECO,2025 개정,2025-01-01,active,2026-03-11 04:54:09,5131,v2,2026-03-18,5,513,5131,5131
5132,반려동물 관리 종사원,detail,4,513.0,반려동물 관리 종사원,반려동물 관리 종사원,5,51.0,513.0,5132.0,미용·여행·숙박·음식·경비·청소직,미용·예식 및 반려동물 서비스직,반려동물 서비스원,반려동물 관리 종사원,5|51|513|5132,미용·여행·숙박·음식·경비·청소직|미용·예식 및 반려동물 서비스직|반려동물 서비스원|반려동물 관리 종사원,0,True,KECO,2025 개정,2025-01-01,active,2026-03-11 04:54:09,5132,v2,2026-03-18,5,513,5132,5132
52,여행·숙박·오락 서비스직,middle,2,5.0,여행·숙박·오락 서비스직,여행·숙박·오락 서비스직,5,52.0,,,미용·여행·숙박·음식·경비·청소직,여행·숙박·오락 서비스직,,,5|52,미용·여행·숙박·음식·경비·청소직|여행·숙박·오락 서비스직,4,False,KECO,2025 개정,2025-01-01,active,2026-03-11 04:54:09,52,v2,2026-03-18,5,52,,
521,여행 서비스원,small,3,52.0,여행 서비스원,여행 서비스원,5,52.0,521.0,,미용·여행·숙박·음식·경비·청소직,여행·숙박·오락 서비스직,여행 서비스원,,5|52|521,미용·여행·숙박·음식·경비·청소직|여행·숙박·오락 서비스직|여행 서비스원,3,False,KECO,2025 개정,2025-01-01,active,2026-03-11 04:54:09,521,v2,2026-03-18,5,521,521,
5211,여행 상품 개발자,detail,4,521.0,여행 상품 개발자,여행 상품 개발자,5,52.0,521.0,5211.0,미용·여행·숙박·음식·경비·청소직,여행·숙박·오락 서비스직,여행 서비스원,여행 상품 개발자,5|52|521|5211,미용·여행·숙박·음식·경비·청소직|여행·숙박·오락 서비스직|여행 서비스원|여행 상품 개발자,0,True,KECO,2025 개정,2025-01-01,active,2026-03-11 04:54:09,5211,v2,2026-03-18,5,521,5211,5211
5212,여행 사무원,detail,4,521.0,여행 사무원,여행 사무원,5,52.0,521.0,5212.0,미용·여행·숙박·음식·경비·청소직,여행·숙박·오락 서비스직,여행 서비스원,여행 사무원,5|52|521|5212,미용·여행·숙박·음식·경비·청소직|여행·숙박·오락 서비스직|여행 서비스원|여행 사무원,0,True,KECO,2025 개정,2025-01-01,active,2026-03-11 04:54:09,5212,v2,2026-03-18,5,521,5212,5212
5213,관광 서비스 종사원,detail,4,521.0,관광 서비스 종사원,관광 서비스 종사원,5,52.0,521.0,5213.0,미용·여행·숙박·음식·경비·청소직,여행·숙박·오락 서비스직,여행 서비스원,관광 서비스 종사원,5|52|521|5213,미용·여행·숙박·음식·경비·청소직|여행·숙박·오락 서비스직|여행 서비스원|관광 서비스 종사원,0,True,KECO,2025 개정,2025-01-01,active,2026-03-11 04:54:09,5213,v2,2026-03-18,5,521,5213,5213
522,항공기·선박·열차 객실승무원,small,3,52.0,항공기·선박·열차 객실승무원,항공기·선박·열차 객실승무원,5,52.0,522.0,,미용·여행·숙박·음식·경비·청소직,여행·숙박·오락 서비스직,항공기·선박·열차 객실승무원,,5|52|522,미용·여행·숙박·음식·경비·청소직|여행·숙박·오락 서비스직|항공기·선박·열차 객실승무원,2,False,KECO,2025 개정,2025-01-01,active,2026-03-11 04:54:09,522,v2,2026-03-18,5,522,522,
5221,항공기 객실 승무원,detail,4,522.0,항공기 객실 승무원,항공기 객실 승무원,5,52.0,522.0,5221.0,미용·여행·숙박·음식·경비·청소직,여행·숙박·오락 서비스직,항공기·선박·열차 객실승무원,항공기 객실 승무원,5|52|522|5221,미용·여행·숙박·음식·경비·청소직|여행·숙박·오락 서비스직|항공기·선박·열차 객실승무원|항공기 객실 승무원,0,True,KECO,2025 개정,2025-01-01,active,2026-03-11 04:54:09,5221,v2,2026-03-18,5,522,5221,5221
5222,선박 및 열차 객실 승무원,detail,4,522.0,선박 및 열차 객실 승무원,선박 및 열차 객실 승무원,5,52.0,522.0,5222.0,미용·여행·숙박·음식·경비·청소직,여행·숙박·오락 서비스직,항공기·선박·열차 객실승무원,선박 및 열차 객실 승무원,5|52|522|5222,미용·여행·숙박·음식·경비·청소직|여행·숙박·오락 서비스직|항공기·선박·열차 객실승무원|선박 및 열차 객실 승무원,0,True,KECO,2025 개정,2025-01-01,active,2026-03-11 04:54:09,5222,v2,2026-03-18,5,522,5222,5222
523,숙박시설 서비스원,small,3,52.0,숙박시설 서비스원,숙박시설 서비스원,5,52.0,523.0,,미용·여행·숙박·음식·경비·청소직,여행·숙박·오락 서비스직,숙박시설 서비스원,,5|52|523,미용·여행·숙박·음식·경비·청소직|여행·숙박·오락 서비스직|숙박시설 서비스원,1,False,KECO,2025 개정,2025-01-01,active,2026-03-11 04:54:09,523,v2,2026-03-18,5,523,523,
5230,숙박시설 서비스 종사원,detail,4,523.0,숙박시설 서비스 종사원,숙박시설 서비스 종사원,5,52.0,523.0,5230.0,미용·여행·숙박·음식·경비·청소직,여행·숙박·오락 서비스직,숙박시설 서비스원,숙박시설 서비스 종사원,5|52|523|5230,미용·여행·숙박·음식·경비·청소직|여행·숙박·오락 서비스직|숙박시설 서비스원|숙박시설 서비스 종사원,0,True,KECO,2025 개정,2025-01-01,active,2026-03-11 04:54:09,5230,v2,2026-03-18,5,523,5230,5230
524,오락시설 서비스원,small,3,52.0,오락시설 서비스원,오락시설 서비스원,5,52.0,524.0,,미용·여행·숙박·음식·경비·청소직,여행·숙박·오락 서비스직,오락시설 서비스원,,5|52|524,미용·여행·숙박·음식·경비·청소직|여행·숙박·오락 서비스직|오락시설 서비스원,1,False,KECO,2025 개정,2025-01-01,active,2026-03-11 04:54:09,524,v2,2026-03-18,5,524,524,
5240,오락시설 서비스 종사원,detail,4,524.0,오락시설 서비스 종사원,오락시설 서비스 종사원,5,52.0,524.0,5240.0,미용·여행·숙박·음식·경비·청소직,여행·숙박·오락 서비스직,오락시설 서비스원,오락시설 서비스 종사원,5|52|524|5240,미용·여행·숙박·음식·경비·청소직|여행·숙박·오락 서비스직|오락시설 서비스원|오락시설 서비스 종사원,0,True,KECO,2025 개정,2025-01-01,active,2026-03-11 04:54:09,5240,v2,2026-03-18,5,524,5240,5240
53,음식 서비스직,middle,2,5.0,음식 서비스직,음식 서비스직,5,53.0,,,미용·여행·숙박·음식·경비·청소직,음식 서비스직,,,5|53,미용·여행·숙박·음식·경비·청소직|음식 서비스직,2,False,KECO,2025 개정,2025-01-01,active,2026-03-11 04:54:09,53,v2,2026-03-18,5,53,,
531,주방장 및 조리사,small,3,53.0,주방장 및 조리사,주방장 및 조리사,5,53.0,531.0,,미용·여행·숙박·음식·경비·청소직,음식 서비스직,주방장 및 조리사,,5|53|531,미용·여행·숙박·음식·경비·청소직|음식 서비스직|주방장 및 조리사,9,False,KECO,2025 개정,2025-01-01,active,2026-03-11 04:54:09,531,v2,2026-03-18,5,531,531,
5311,주방장 및 요리 연구가,detail,4,531.0,주방장 및 요리 연구가,주방장 및 요리 연구가,5,53.0,531.0,5311.0,미용·여행·숙박·음식·경비·청소직,음식 서비스직,주방장 및 조리사,주방장 및 요리 연구가,5|53|531|5311,미용·여행·숙박·음식·경비·청소직|음식 서비스직|주방장 및 조리사|주방장 및 요리 연구가,0,True,KECO,2025 개정,2025-01-01,active,2026-03-11 04:54:09,5311,v2,2026-03-18,5,531,5311,5311
5312,한식 조리사,detail,4,531.0,한식 조리사,한식 조리사,5,53.0,531.0,5312.0,미용·여행·숙박·음식·경비·청소직,음식 서비스직,주방장 및 조리사,한식 조리사,5|53|531|5312,미용·여행·숙박·음식·경비·청소직|음식 서비스직|주방장 및 조리사|한식 조리사,0,True,KECO,2025 개정,2025-01-01,active,2026-03-11 04:54:09,5312,v2,2026-03-18,5,531,5312,5312
5313,중식 조리사,detail,4,531.0,중식 조리사,중식 조리사,5,53.0,531.0,5313.0,미용·여행·숙박·음식·경비·청소직,음식 서비스직,주방장 및 조리사,중식 조리사,5|53|531|5313,미용·여행·숙박·음식·경비·청소직|음식 서비스직|주방장 및 조리사|중식 조리사,0,True,KECO,2025 개정,2025-01-01,active,2026-03-11 04:54:09,5313,v2,2026-03-18,5,531,5313,5313
5314,양식 조리사,detail,4,531.0,양식 조리사,양식 조리사,5,53.0,531.0,5314.0,미용·여행·숙박·음식·경비·청소직,음식 서비스직,주방장 및 조리사,양식 조리사,5|53|531|5314,미용·여행·숙박·음식·경비·청소직|음식 서비스직|주방장 및 조리사|양식 조리사,0,True,KECO,2025 개정,2025-01-01,active,2026-03-11 04:54:09,5314,v2,2026-03-18,5,531,5314,5314
5315,일식 조리사,detail,4,531.0,일식 조리사,일식 조리사,5,53.0,531.0,5315.0,미용·여행·숙박·음식·경비·청소직,음식 서비스직,주방장 및 조리사,일식 조리사,5|53|531|5315,미용·여행·숙박·음식·경비·청소직|음식 서비스직|주방장 및 조리사|일식 조리사,0,True,KECO,2025 개정,2025-01-01,active,2026-03-11 04:54:09,5315,v2,2026-03-18,5,531,5315,5315
5316,바텐더,detail,4,531.0,바텐더,바텐더,5,53.0,531.0,5316.0,미용·여행·숙박·음식·경비·청소직,음식 서비스직,주방장 및 조리사,바텐더,5|53|531|5316,미용·여행·숙박·음식·경비·청소직|음식 서비스직|주방장 및 조리사|바텐더,0,True,KECO,2025 개정,2025-01-01,active,2026-03-11 04:54:09,5316,v2,2026-03-18,5,531,5316,5316
5317,음료 조리원,detail,4,531.0,음료 조리원,음료 조리원,5,53.0,531.0,5317.0,미용·여행·숙박·음식·경비·청소직,음식 서비스직,주방장 및 조리사,음료 조리원,5|53|531|5317,미용·여행·숙박·음식·경비·청소직|음식 서비스직|주방장 및 조리사|음료 조리원,0,True,KECO,2025 개정,2025-01-01,active,2026-03-11 04:54:09,5317,v2,2026-03-18,5,531,5317,5317
5318,단체급식 조리사,detail,4,531.0,단체급식 조리사,단체급식 조리사,5,53.0,531.0,5318.0,미용·여행·숙박·음식·경비·청소직,음식 서비스직,주방장 및 조리사,단체급식 조리사,5|53|531|5318,미용·여행·숙박·음식·경비·청소직|음식 서비스직|주방장 및 조리사|단체급식 조리사,0,True,KECO,2025 개정,2025-01-01,active,2026-03-11 04:54:09,5318,v2,2026-03-18,5,531,5318,5318
5319,기타 조리사,detail,4,531.0,기타 조리사,기타 조리사,5,53.0,531.0,5319.0,미용·여행·숙박·음식·경비·청소직,음식 서비스직,주방장 및 조리사,기타 조리사,5|53|531|5319,미용·여행·숙박·음식·경비·청소직|음식 서비스직|주방장 및 조리사|기타 조리사,0,True,KECO,2025 개정,2025-01-01,active,2026-03-11 04:54:09,5319,v2,2026-03-18,5,531,5319,5319
532,식당 서비스원,small,3,53.0,식당 서비스원,식당 서비스원,5,53.0,532.0,,미용·여행·숙박·음식·경비·청소직,음식 서비스직,식당 서비스원,,5|53|532,미용·여행·숙박·음식·경비·청소직|음식 서비스직|식당 서비스원,4,False,KECO,2025 개정,2025-01-01,active,2026-03-11 04:54:09,532,v2,2026-03-18,5,532,532,
5321,패스트푸드 준비원,detail,4,532.0,패스트푸드 준비원,패스트푸드 준비원,5,53.0,532.0,5321.0,미용·여행·숙박·음식·경비·청소직,음식 서비스직,식당 서비스원,패스트푸드 준비원,5|53|532|5321,미용·여행·숙박·음식·경비·청소직|음식 서비스직|식당 서비스원|패스트푸드 준비원,0,True,KECO,2025 개정,2025-01-01,active,2026-03-11 04:54:09,5321,v2,2026-03-18,5,532,5321,5321
5322,식음료 서비스 종사원,detail,4,532.0,식음료 서비스 종사원,식음료 서비스 종사원,5,53.0,532.0,5322.0,미용·여행·숙박·음식·경비·청소직,음식 서비스직,식당 서비스원,식음료 서비스 종사원,5|53|532|5322,미용·여행·숙박·음식·경비·청소직|음식 서비스직|식당 서비스원|식음료 서비스 종사원,0,True,KECO,2025 개정,2025-01-01,active,2026-03-11 04:54:09,5322,v2,2026-03-18,5,532,5322,5322
5323,주방 보조원,detail,4,532.0,주방 보조원,주방 보조원,5,53.0,532.0,5323.0,미용·여행·숙박·음식·경비·청소직,음식 서비스직,식당 서비스원,주방 보조원,5|53|532|5323,미용·여행·숙박·음식·경비·청소직|음식 서비스직|식당 서비스원|주방 보조원,0,True,KECO,2025 개정,2025-01-01,active,2026-03-11 04:54:09,5323,v2,2026-03-18,5,532,5323,5323
5329,기타 식음료 서비스 종사원,detail,4,532.0,기타 식음료 서비스 종사원,기타 식음료 서비스 종사원,5,53.0,532.0,5329.0,미용·여행·숙박·음식·경비·청소직,음식 서비스직,식당 서비스원,기타 식음료 서비스 종사원,5|53|532|5329,미용·여행·숙박·음식·경비·청소직|음식 서비스직|식당 서비스원|기타 식음료 서비스 종사원,0,True,KECO,2025 개정,2025-01-01,active,2026-03-11 04:54:09,5329,v2,2026-03-18,5,532,5329,5329
54,경호·경비직,middle,2,5.0,경호·경비직,경호·경비직,5,54.0,,,미용·여행·숙박·음식·경비·청소직,경호·경비직,,,5|54,미용·여행·숙박·음식·경비·청소직|경호·경비직,2,False,KECO,2025 개정,2025-01-01,active,2026-03-11 04:54:09,54,v2,2026-03-18,5,54,,
541,경호·보안 종사자,small,3,54.0,경호·보안 종사자,경호·보안 종사자,5,54.0,541.0,,미용·여행·숙박·음식·경비·청소직,경호·경비직,경호·보안 종사자,,5|54|541,미용·여행·숙박·음식·경비·청소직|경호·경비직|경호·보안 종사자,5,False,KECO,2025 개정,2025-01-01,active,2026-03-11 04:54:09,541,v2,2026-03-18,5,541,541,
5411,경호원,detail,4,541.0,경호원,경호원,5,54.0,541.0,5411.0,미용·여행·숙박·음식·경비·청소직,경호·경비직,경호·보안 종사자,경호원,5|54|541|5411,미용·여행·숙박·음식·경비·청소직|경호·경비직|경호·보안 종사자|경호원,0,True,KECO,2025 개정,2025-01-01,active,2026-03-11 04:54:09,5411,v2,2026-03-18,5,541,5411,5411
5412,청원경찰,detail,4,541.0,청원경찰,청원경찰,5,54.0,541.0,5412.0,미용·여행·숙박·음식·경비·청소직,경호·경비직,경호·보안 종사자,청원경찰,5|54|541|5412,미용·여행·숙박·음식·경비·청소직|경호·경비직|경호·보안 종사자|청원경찰,0,True,KECO,2025 개정,2025-01-01,active,2026-03-11 04:54:09,5412,v2,2026-03-18,5,541,5412,5412
5413,시설 및 특수 경비원,detail,4,541.0,시설 및 특수 경비원,시설 및 특수 경비원,5,54.0,541.0,5413.0,미용·여행·숙박·음식·경비·청소직,경호·경비직,경호·보안 종사자,시설 및 특수 경비원,5|54|541|5413,미용·여행·숙박·음식·경비·청소직|경호·경비직|경호·보안 종사자|시설 및 특수 경비원,0,True,KECO,2025 개정,2025-01-01,active,2026-03-11 04:54:09,5413,v2,2026-03-18,5,541,5413,5413
5414,보안 관제원,detail,4,541.0,보안 관제원,보안 관제원,5,54.0,541.0,5414.0,미용·여행·숙박·음식·경비·청소직,경호·경비직,경호·보안 종사자,보안 관제원,5|54|541|5414,미용·여행·숙박·음식·경비·청소직|경호·경비직|경호·보안 종사자|보안 관제원,0,True,KECO,2025 개정,2025-01-01,active,2026-03-11 04:54:09,5414,v2,2026-03-18,5,541,5414,5414
5419,기타 경호 및 보안 관련 종사원,detail,4,541.0,기타 경호 및 보안 관련 종사원,기타 경호 및 보안 관련 종사원,5,54.0,541.0,5419.0,미용·여행·숙박·음식·경비·청소직,경호·경비직,경호·보안 종사자,기타 경호 및 보안 관련 종사원,5|54|541|5419,미용·여행·숙박·음식·경비·청소직|경호·경비직|경호·보안 종사자|기타 경호 및 보안 관련 종사원,0,True,KECO,2025 개정,2025-01-01,active,2026-03-11 04:54:09,5419,v2,2026-03-18,5,541,5419,5419
542,경비원,small,3,54.0,경비원,경비원,5,54.0,542.0,,미용·여행·숙박·음식·경비·청소직,경호·경비직,경비원,,5|54|542,미용·여행·숙박·음식·경비·청소직|경호·경비직|경비원,1,False,KECO,2025 개정,2025-01-01,active,2026-03-11 04:54:09,542,v2,2026-03-18,5,542,542,
5420,건물 관리원,detail,4,542.0,건물 관리원,건물 관리원,5,54.0,542.0,5420.0,미용·여행·숙박·음식·경비·청소직,경호·경비직,경비원,건물 관리원,5|54|542|5420,미용·여행·숙박·음식·경비·청소직|경호·경비직|경비원|건물 관리원,0,True,KECO,2025 개정,2025-01-01,active,2026-03-11 04:54:09,5420,v2,2026-03-18,5,542,5420,5420
55,돌봄 서비스직(간병·육아),middle,2,5.0,돌봄 서비스직(간병·육아),돌봄 서비스직,5,55.0,,,미용·여행·숙박·음식·경비·청소직,돌봄 서비스직(간병·육아),,,5|55,미용·여행·숙박·음식·경비·청소직|돌봄 서비스직(간병·육아),1,False,KECO,2025 개정,2025-01-01,active,2026-03-11 04:54:09,55,v2,2026-03-18,5,55,,
550,돌봄 서비스 종사자,small,3,55.0,돌봄 서비스 종사자,돌봄 서비스 종사자,5,55.0,550.0,,미용·여행·숙박·음식·경비·청소직,돌봄 서비스직(간병·육아),돌봄 서비스 종사자,,5|55|550,미용·여행·숙박·음식·경비·청소직|돌봄 서비스직(간병·육아)|돌봄 서비스 종사자,5,False,KECO,2025 개정,2025-01-01,active,2026-03-11 04:54:09,550,v2,2026-03-18,5,550,550,
5501,요양보호사,detail,4,550.0,요양보호사,요양보호사,5,55.0,550.0,5501.0,미용·여행·숙박·음식·경비·청소직,돌봄 서비스직(간병·육아),돌봄 서비스 종사자,요양보호사,5|55|550|5501,미용·여행·숙박·음식·경비·청소직|돌봄 서비스직(간병·육아)|돌봄 서비스 종사자|요양보호사,0,True,KECO,2025 개정,2025-01-01,active,2026-03-11 04:54:09,5501,v2,2026-03-18,5,550,5501,5501
5502,간병인,detail,4,550.0,간병인,간병인,5,55.0,550.0,5502.0,미용·여행·숙박·음식·경비·청소직,돌봄 서비스직(간병·육아),돌봄 서비스 종사자,간병인,5|55|550|5502,미용·여행·숙박·음식·경비·청소직|돌봄 서비스직(간병·육아)|돌봄 서비스 종사자|간병인,0,True,KECO,2025 개정,2025-01-01,active,2026-03-11 04:54:09,5502,v2,2026-03-18,5,550,5502,5502
5503,노인 돌봄 종사원,detail,4,550.0,노인 돌봄 종사원,노인 돌봄 종사원,5,55.0,550.0,5503.0,미용·여행·숙박·음식·경비·청소직,돌봄 서비스직(간병·육아),돌봄 서비스 종사자,노인 돌봄 종사원,5|55|550|5503,미용·여행·숙박·음식·경비·청소직|돌봄 서비스직(간병·육아)|돌봄 서비스 종사자|노인 돌봄 종사원,0,True,KECO,2025 개정,2025-01-01,active,2026-03-11 04:54:09,5503,v2,2026-03-18,5,550,5503,5503
5504,장애인 돌봄 종사원,detail,4,550.0,장애인 돌봄 종사원,장애인 돌봄 종사원,5,55.0,550.0,5504.0,미용·여행·숙박·음식·경비·청소직,돌봄 서비스직(간병·육아),돌봄 서비스 종사자,장애인 돌봄 종사원,5|55|550|5504,미용·여행·숙박·음식·경비·청소직|돌봄 서비스직(간병·육아)|돌봄 서비스 종사자|장애인 돌봄 종사원,0,True,KECO,2025 개정,2025-01-01,active,2026-03-11 04:54:09,5504,v2,2026-03-18,5,550,5504,5504
5505,육아 도우미,detail,4,550.0,육아 도우미,육아 도우미,5,55.0,550.0,5505.0,미용·여행·숙박·음식·경비·청소직,돌봄 서비스직(간병·육아),돌봄 서비스 종사자,육아 도우미,5|55|550|5505,미용·여행·숙박·음식·경비·청소직|돌봄 서비스직(간병·육아)|돌봄 서비스 종사자|육아 도우미,0,True,KECO,2025 개정,2025-01-01,active,2026-03-11 04:54:09,5505,v2,2026-03-18,5,550,5505,5505
56,청소 및 기타 개인서비스직,middle,2,5.0,청소 및 기타 개인서비스직,청소 및 기타 개인서비스직,5,56.0,,,미용·여행·숙박·음식·경비·청소직,청소 및 기타 개인서비스직,,,5|56,미용·여행·숙박·음식·경비·청소직|청소 및 기타 개인서비스직,4,False,KECO,2025 개정,2025-01-01,active,2026-03-11 04:54:09,56,v2,2026-03-18,5,56,,
561,청소 종사자,small,3,56.0,청소 종사자,청소 종사자,5,56.0,561.0,,미용·여행·숙박·음식·경비·청소직,청소 및 기타 개인서비스직,청소 종사자,,5|56|561,미용·여행·숙박·음식·경비·청소직|청소 및 기타 개인서비스직|청소 종사자,5,False,KECO,2025 개정,2025-01-01,active,2026-03-11 04:54:09,561,v2,2026-03-18,5,561,561,
5611,건물 청소원,detail,4,561.0,건물 청소원,건물 청소원,5,56.0,561.0,5611.0,미용·여행·숙박·음식·경비·청소직,청소 및 기타 개인서비스직,청소 종사자,건물 청소원,5|56|561|5611,미용·여행·숙박·음식·경비·청소직|청소 및 기타 개인서비스직|청소 종사자|건물 청소원,0,True,KECO,2025 개정,2025-01-01,active,2026-03-11 04:54:09,5611,v2,2026-03-18,5,561,5611,5611
5612,운송 및 시설장비 청소원,detail,4,561.0,운송 및 시설장비 청소원,운송 및 시설장비 청소원,5,56.0,561.0,5612.0,미용·여행·숙박·음식·경비·청소직,청소 및 기타 개인서비스직,청소 종사자,운송 및 시설장비 청소원,5|56|561|5612,미용·여행·숙박·음식·경비·청소직|청소 및 기타 개인서비스직|청소 종사자|운송 및 시설장비 청소원,0,True,KECO,2025 개정,2025-01-01,active,2026-03-11 04:54:09,5612,v2,2026-03-18,5,561,5612,5612
5613,거리 및 공공장소 청소원,detail,4,561.0,거리 및 공공장소 청소원,거리 및 공공장소 청소원,5,56.0,561.0,5613.0,미용·여행·숙박·음식·경비·청소직,청소 및 기타 개인서비스직,청소 종사자,거리 및 공공장소 청소원,5|56|561|5613,미용·여행·숙박·음식·경비·청소직|청소 및 기타 개인서비스직|청소 종사자|거리 및 공공장소 청소원,0,True,KECO,2025 개정,2025-01-01,active,2026-03-11 04:54:09,5613,v2,2026-03-18,5,561,5613,5613
5614,재활용품 및 쓰레기 수거원,detail,4,561.0,재활용품 및 쓰레기 수거원,재활용품 및 쓰레기 수거원,5,56.0,561.0,5614.0,미용·여행·숙박·음식·경비·청소직,청소 및 기타 개인서비스직,청소 종사자,재활용품 및 쓰레기 수거원,5|56|561|5614,미용·여행·숙박·음식·경비·청소직|청소 및 기타 개인서비스직|청소 종사자|재활용품 및 쓰레기 수거원,0,True,KECO,2025 개정,2025-01-01,active,2026-03-11 04:54:09,5614,v2,2026-03-18,5,561,5614,5614
5619,기타 청소 관련 종사원,detail,4,561.0,기타 청소 관련 종사원,기타 청소 관련 종사원,5,56.0,561.0,5619.0,미용·여행·숙박·음식·경비·청소직,청소 및 기타 개인서비스직,청소 종사자,기타 청소 관련 종사원,5|56|561|5619,미용·여행·숙박·음식·경비·청소직|청소 및 기타 개인서비스직|청소 종사자|기타 청소 관련 종사원,0,True,KECO,2025 개정,2025-01-01,active,2026-03-11 04:54:09,5619,v2,2026-03-18,5,561,5619,5619
562,세정원 및 방역원,small,3,56.0,세정원 및 방역원,세정원 및 방역원,5,56.0,562.0,,미용·여행·숙박·음식·경비·청소직,청소 및 기타 개인서비스직,세정원 및 방역원,,5|56|562,미용·여행·숙박·음식·경비·청소직|청소 및 기타 개인서비스직|세정원 및 방역원,2,False,KECO,2025 개정,2025-01-01,active,2026-03-11 04:54:09,562,v2,2026-03-18,5,562,562,
5621,세정원,detail,4,562.0,세정원,세정원,5,56.0,562.0,5621.0,미용·여행·숙박·음식·경비·청소직,청소 및 기타 개인서비스직,세정원 및 방역원,세정원,5|56|562|5621,미용·여행·숙박·음식·경비·청소직|청소 및 기타 개인서비스직|세정원 및 방역원|세정원,0,True,KECO,2025 개정,2025-01-01,active,2026-03-11 04:54:09,5621,v2,2026-03-18,5,562,5621,5621
5622,방역원,detail,4,562.0,방역원,방역원,5,56.0,562.0,5622.0,미용·여행·숙박·음식·경비·청소직,청소 및 기타 개인서비스직,세정원 및 방역원,방역원,5|56|562|5622,미용·여행·숙박·음식·경비·청소직|청소 및 기타 개인서비스직|세정원 및 방역원|방역원,0,True,KECO,2025 개정,2025-01-01,active,2026-03-11 04:54:09,5622,v2,2026-03-18,5,562,5622,5622
563,가사 서비스원,small,3,56.0,가사 서비스원,가사 서비스원,5,56.0,563.0,,미용·여행·숙박·음식·경비·청소직,청소 및 기타 개인서비스직,가사 서비스원,,5|56|563,미용·여행·숙박·음식·경비·청소직|청소 및 기타 개인서비스직|가사 서비스원,3,False,KECO,2025 개정,2025-01-01,active,2026-03-11 04:54:09,563,v2,2026-03-18,5,563,563,
5631,구두 미화원,detail,4,563.0,구두 미화원,구두 미화원,5,56.0,563.0,5631.0,미용·여행·숙박·음식·경비·청소직,청소 및 기타 개인서비스직,가사 서비스원,구두 미화원,5|56|563|5631,미용·여행·숙박·음식·경비·청소직|청소 및 기타 개인서비스직|가사 서비스원|구두 미화원,0,True,KECO,2025 개정,2025-01-01,active,2026-03-11 04:54:09,5631,v2,2026-03-18,5,563,5631,5631
5632,세탁원 및 다림질원,detail,4,563.0,세탁원 및 다림질원,세탁원 및 다림질원,5,56.0,563.0,5632.0,미용·여행·숙박·음식·경비·청소직,청소 및 기타 개인서비스직,가사 서비스원,세탁원 및 다림질원,5|56|563|5632,미용·여행·숙박·음식·경비·청소직|청소 및 기타 개인서비스직|가사 서비스원|세탁원 및 다림질원,0,True,KECO,2025 개정,2025-01-01,active,2026-03-11 04:54:09,5632,v2,2026-03-18,5,563,5632,5632
5633,가사 도우미,detail,4,563.0,가사 도우미,가사 도우미,5,56.0,563.0,5633.0,미용·여행·숙박·음식·경비·청소직,청소 및 기타 개인서비스직,가사 서비스원,가사 도우미,5|56|563|5633,미용·여행·숙박·음식·경비·청소직|청소 및 기타 개인서비스직|가사 서비스원|가사 도우미,0,True,KECO,2025 개정,2025-01-01,active,2026-03-11 04:54:09,5633,v2,2026-03-18,5,563,5633,5633
564,검침·주차관리 및 기타 서비스 단순 종사자,small,3,56.0,검침·주차관리 및 기타 서비스 단순 종사자,검침·주차관리 및 기타 서비스 단순 종사자,5,56.0,564.0,,미용·여행·숙박·음식·경비·청소직,청소 및 기타 개인서비스직,검침·주차관리 및 기타 서비스 단순 종사자,,5|56|564,미용·여행·숙박·음식·경비·청소직|청소 및 기타 개인서비스직|검침·주차관리 및 기타 서비스 단순 종사자,6,False,KECO,2025 개정,2025-01-01,active,2026-03-11 04:54:09,564,v2,2026-03-18,5,564,564,
5641,계기 검침원 및 가스 점검원,detail,4,564.0,계기 검침원 및 가스 점검원,계기 검침원 및 가스 점검원,5,56.0,564.0,5641.0,미용·여행·숙박·음식·경비·청소직,청소 및 기타 개인서비스직,검침·주차관리 및 기타 서비스 단순 종사자,계기 검침원 및 가스 점검원,5|56|564|5641,미용·여행·숙박·음식·경비·청소직|청소 및 기타 개인서비스직|검침·주차관리 및 기타 서비스 단순 종사자|계기 검침원 및 가스 점검원,0,True,KECO,2025 개정,2025-01-01,active,2026-03-11 04:54:09,5641,v2,2026-03-18,5,564,5641,5641
5642,자동판매기 관리원,detail,4,564.0,자동판매기 관리원,자동판매기 관리원,5,56.0,564.0,5642.0,미용·여행·숙박·음식·경비·청소직,청소 및 기타 개인서비스직,검침·주차관리 및 기타 서비스 단순 종사자,자동판매기 관리원,5|56|564|5642,미용·여행·숙박·음식·경비·청소직|청소 및 기타 개인서비스직|검침·주차관리 및 기타 서비스 단순 종사자|자동판매기 관리원,0,True,KECO,2025 개정,2025-01-01,active,2026-03-11 04:54:09,5642,v2,2026-03-18,5,564,5642,5642
5643,주차 관리원 및 안내원,detail,4,564.0,주차 관리원 및 안내원,주차 관리원 및 안내원,5,56.0,564.0,5643.0,미용·여행·숙박·음식·경비·청소직,청소 및 기타 개인서비스직,검침·주차관리 및 기타 서비스 단순 종사자,주차 관리원 및 안내원,5|56|564|5643,미용·여행·숙박·음식·경비·청소직|청소 및 기타 개인서비스직|검침·주차관리 및 기타 서비스 단순 종사자|주차 관리원 및 안내원,0,True,KECO,2025 개정,2025-01-01,active,2026-03-11 04:54:09,5643,v2,2026-03-18,5,564,5643,5643
5644,검표원,detail,4,564.0,검표원,검표원,5,56.0,564.0,5644.0,미용·여행·숙박·음식·경비·청소직,청소 및 기타 개인서비스직,검침·주차관리 및 기타 서비스 단순 종사자,검표원,5|56|564|5644,미용·여행·숙박·음식·경비·청소직|청소 및 기타 개인서비스직|검침·주차관리 및 기타 서비스 단순 종사자|검표원,0,True,KECO,2025 개정,2025-01-01,active,2026-03-11 04:54:09,5644,v2,2026-03-18,5,564,5644,5644
5645,대여 제품 방문 점검원,detail,4,564.0,대여 제품 방문 점검원,대여 제품 방문 점검원,5,56.0,564.0,5645.0,미용·여행·숙박·음식·경비·청소직,청소 및 기타 개인서비스직,검침·주차관리 및 기타 서비스 단순 종사자,대여 제품 방문 점검원,5|56|564|5645,미용·여행·숙박·음식·경비·청소직|청소 및 기타 개인서비스직|검침·주차관리 및 기타 서비스 단순 종사자|대여 제품 방문 점검원,0,True,KECO,2025 개정,2025-01-01,active,2026-03-11 04:54:09,5645,v2,2026-03-18,5,564,5645,5645
5649,기타 서비스 관련 단순 종사원,detail,4,564.0,기타 서비스 관련 단순 종사원,기타 서비스 관련 단순 종사원,5,56.0,564.0,5649.0,미용·여행·숙박·음식·경비·청소직,청소 및 기타 개인서비스직,검침·주차관리 및 기타 서비스 단순 종사자,기타 서비스 관련 단순 종사원,5|56|564|5649,미용·여행·숙박·음식·경비·청소직|청소 및 기타 개인서비스직|검침·주차관리 및 기타 서비스 단순 종사자|기타 서비스 관련 단순 종사원,0,True,KECO,2025 개정,2025-01-01,active,2026-03-11 04:54:09,5649,v2,2026-03-18,5,564,5649,5649
6,영업·판매·운전·운송직,major,1,,영업·판매·운전·운송직,영업·판매·운전·운송직,6,,,,영업·판매·운전·운송직,,,,6,영업·판매·운전·운송직,2,False,KECO,2025 개정,2025-01-01,active,2026-03-11 04:54:09,6,v2,2026-03-18,6,,,
61,영업·판매직,middle,2,6.0,영업·판매직,영업·판매직,6,61.0,,,영업·판매·운전·운송직,영업·판매직,,,6|61,영업·판매·운전·운송직|영업·판매직,7,False,KECO,2025 개정,2025-01-01,active,2026-03-11 04:54:09,61,v2,2026-03-18,6,61,,
611,부동산 컨설턴트 및 중개사,small,3,61.0,부동산 컨설턴트 및 중개사,부동산 컨설턴트 및 중개사,6,61.0,611.0,,영업·판매·운전·운송직,영업·판매직,부동산 컨설턴트 및 중개사,,6|61|611,영업·판매·운전·운송직|영업·판매직|부동산 컨설턴트 및 중개사,1,False,KECO,2025 개정,2025-01-01,active,2026-03-11 04:54:09,611,v2,2026-03-18,6,611,611,
6110,부동산 컨설턴트 및 중개사,detail,4,611.0,부동산 컨설턴트 및 중개사,부동산 컨설턴트 및 중개사,6,61.0,611.0,6110.0,영업·판매·운전·운송직,영업·판매직,부동산 컨설턴트 및 중개사,부동산 컨설턴트 및 중개사,6|61|611|6110,영업·판매·운전·운송직|영업·판매직|부동산 컨설턴트 및 중개사|부동산 컨설턴트 및 중개사,0,True,KECO,2025 개정,2025-01-01,active,2026-03-11 04:54:09,6110,v2,2026-03-18,6,611,6110,6110
612,기술·해외 영업원 및 상품중개인,small,3,61.0,기술·해외 영업원 및 상품중개인,기술·해외 영업원 및 상품중개인,6,61.0,612.0,,영업·판매·운전·운송직,영업·판매직,기술·해외 영업원 및 상품중개인,,6|61|612,영업·판매·운전·운송직|영업·판매직|기술·해외 영업원 및 상품중개인,4,False,KECO,2025 개정,2025-01-01,active,2026-03-11 04:54:09,612,v2,2026-03-18,6,612,612,
6121,기술 영업원,detail,4,612.0,기술 영업원,기술 영업원,6,61.0,612.0,6121.0,영업·판매·운전·운송직,영업·판매직,기술·해외 영업원 및 상품중개인,기술 영업원,6|61|612|6121,영업·판매·운전·운송직|영업·판매직|기술·해외 영업원 및 상품중개인|기술 영업원,0,True,KECO,2025 개정,2025-01-01,active,2026-03-11 04:54:09,6121,v2,2026-03-18,6,612,6121,6121
6122,해외 영업원,detail,4,612.0,해외 영업원,해외 영업원,6,61.0,612.0,6122.0,영업·판매·운전·운송직,영업·판매직,기술·해외 영업원 및 상품중개인,해외 영업원,6|61|612|6122,영업·판매·운전·운송직|영업·판매직|기술·해외 영업원 및 상품중개인|해외 영업원,0,True,KECO,2025 개정,2025-01-01,active,2026-03-11 04:54:09,6122,v2,2026-03-18,6,612,6122,6122
6123,상품중개인 및 경매사,detail,4,612.0,상품중개인 및 경매사,상품중개인 및 경매사,6,61.0,612.0,6123.0,영업·판매·운전·운송직,영업·판매직,기술·해외 영업원 및 상품중개인,상품중개인 및 경매사,6|61|612|6123,영업·판매·운전·운송직|영업·판매직|기술·해외 영업원 및 상품중개인|상품중개인 및 경매사,0,True,KECO,2025 개정,2025-01-01,active,2026-03-11 04:54:09,6123,v2,2026-03-18,6,612,6123,6123
6129,기타 기술 영업 및 중개 관련 종사원,detail,4,612.0,기타 기술 영업 및 중개 관련 종사원,기타 기술 영업 및 중개 관련 종사원,6,61.0,612.0,6129.0,영업·판매·운전·운송직,영업·판매직,기술·해외 영업원 및 상품중개인,기타 기술 영업 및 중개 관련 종사원,6|61|612|6129,영업·판매·운전·운송직|영업·판매직|기술·해외 영업원 및 상품중개인|기타 기술 영업 및 중개 관련 종사원,0,True,KECO,2025 개정,2025-01-01,active,2026-03-11 04:54:09,6129,v2,2026-03-18,6,612,6129,6129
613,자동차 및 제품 영업원,small,3,61.0,자동차 및 제품 영업원,자동차 및 제품 영업원,6,61.0,613.0,,영업·판매·운전·운송직,영업·판매직,자동차 및 제품 영업원,,6|61|613,영업·판매·운전·운송직|영업·판매직|자동차 및 제품 영업원,3,False,KECO,2025 개정,2025-01-01,active,2026-03-11 04:54:09,613,v2,2026-03-18,6,613,613,
6131,자동차 영업원,detail,4,613.0,자동차 영업원,자동차 영업원,6,61.0,613.0,6131.0,영업·판매·운전·운송직,영업·판매직,자동차 및 제품 영업원,자동차 영업원,6|61|613|6131,영업·판매·운전·운송직|영업·판매직|자동차 및 제품 영업원|자동차 영업원,0,True,KECO,2025 개정,2025-01-01,active,2026-03-11 04:54:09,6131,v2,2026-03-18,6,613,6131,6131
6132,제품 영업원,detail,4,613.0,제품 영업원,제품 영업원,6,61.0,613.0,6132.0,영업·판매·운전·운송직,영업·판매직,자동차 및 제품 영업원,제품 영업원,6|61|613|6132,영업·판매·운전·운송직|영업·판매직|자동차 및 제품 영업원|제품 영업원,0,True,KECO,2025 개정,2025-01-01,active,2026-03-11 04:54:09,6132,v2,2026-03-18,6,613,6132,6132
6139,기타 영업원,detail,4,613.0,기타 영업원,기타 영업원,6,61.0,613.0,6139.0,영업·판매·운전·운송직,영업·판매직,자동차 및 제품 영업원,기타 영업원,6|61|613|6139,영업·판매·운전·운송직|영업·판매직|자동차 및 제품 영업원|기타 영업원,0,True,KECO,2025 개정,2025-01-01,active,2026-03-11 04:54:09,6139,v2,2026-03-18,6,613,6139,6139
614,텔레마케터,small,3,61.0,텔레마케터,텔레마케터,6,61.0,614.0,,영업·판매·운전·운송직,영업·판매직,텔레마케터,,6|61|614,영업·판매·운전·운송직|영업·판매직|텔레마케터,1,False,KECO,2025 개정,2025-01-01,active,2026-03-11 04:54:09,614,v2,2026-03-18,6,614,614,
6140,텔레마케터,detail,4,614.0,텔레마케터,텔레마케터,6,61.0,614.0,6140.0,영업·판매·운전·운송직,영업·판매직,텔레마케터,텔레마케터,6|61|614|6140,영업·판매·운전·운송직|영업·판매직|텔레마케터|텔레마케터,0,True,KECO,2025 개정,2025-01-01,active,2026-03-11 04:54:09,6140,v2,2026-03-18,6,614,6140,6140
615,판매 종사자,small,3,61.0,판매 종사자,판매 종사자,6,61.0,615.0,,영업·판매·운전·운송직,영업·판매직,판매 종사자,,6|61|615,영업·판매·운전·운송직|영업·판매직|판매 종사자,8,False,KECO,2025 개정,2025-01-01,active,2026-03-11 04:54:09,615,v2,2026-03-18,6,615,615,
6151,소규모 상점 경영 및 일선 관리 종사원,detail,4,615.0,소규모 상점 경영 및 일선 관리 종사원,소규모 상점 경영 및 일선 관리 종사원,6,61.0,615.0,6151.0,영업·판매·운전·운송직,영업·판매직,판매 종사자,소규모 상점 경영 및 일선 관리 종사원,6|61|615|6151,영업·판매·운전·운송직|영업·판매직|판매 종사자|소규모 상점 경영 및 일선 관리 종사원,0,True,KECO,2025 개정,2025-01-01,active,2026-03-11 04:54:09,6151,v2,2026-03-18,6,615,6151,6151
6152,상점 판매원,detail,4,615.0,상점 판매원,상점 판매원,6,61.0,615.0,6152.0,영업·판매·운전·운송직,영업·판매직,판매 종사자,상점 판매원,6|61|615|6152,영업·판매·운전·운송직|영업·판매직|판매 종사자|상점 판매원,0,True,KECO,2025 개정,2025-01-01,active,2026-03-11 04:54:09,6152,v2,2026-03-18,6,615,6152,6152
6153,단말기 및 통신 서비스 판매원,detail,4,615.0,단말기 및 통신 서비스 판매원,단말기 및 통신 서비스 판매원,6,61.0,615.0,6153.0,영업·판매·운전·운송직,영업·판매직,판매 종사자,단말기 및 통신 서비스 판매원,6|61|615|6153,영업·판매·운전·운송직|영업·판매직|판매 종사자|단말기 및 통신 서비스 판매원,0,True,KECO,2025 개정,2025-01-01,active,2026-03-11 04:54:09,6153,v2,2026-03-18,6,615,6153,6153
6154,온라인 쇼핑 판매원,detail,4,615.0,온라인 쇼핑 판매원,온라인 쇼핑 판매원,6,61.0,615.0,6154.0,영업·판매·운전·운송직,영업·판매직,판매 종사자,온라인 쇼핑 판매원,6|61|615|6154,영업·판매·운전·운송직|영업·판매직|판매 종사자|온라인 쇼핑 판매원,0,True,KECO,2025 개정,2025-01-01,active,2026-03-11 04:54:09,6154,v2,2026-03-18,6,615,6154,6154
6155,상품 대여원,detail,4,615.0,상품 대여원,상품 대여원,6,61.0,615.0,6155.0,영업·판매·운전·운송직,영업·판매직,판매 종사자,상품 대여원,6|61|615|6155,영업·판매·운전·운송직|영업·판매직|판매 종사자|상품 대여원,0,True,KECO,2025 개정,2025-01-01,active,2026-03-11 04:54:09,6155,v2,2026-03-18,6,615,6155,6155
6156,노점 및 이동 판매원,detail,4,615.0,노점 및 이동 판매원,노점 및 이동 판매원,6,61.0,615.0,6156.0,영업·판매·운전·운송직,영업·판매직,판매 종사자,노점 및 이동 판매원,6|61|615|6156,영업·판매·운전·운송직|영업·판매직|판매 종사자|노점 및 이동 판매원,0,True,KECO,2025 개정,2025-01-01,active,2026-03-11 04:54:09,6156,v2,2026-03-18,6,615,6156,6156
6157,방문 판매원,detail,4,615.0,방문 판매원,방문 판매원,6,61.0,615.0,6157.0,영업·판매·운전·운송직,영업·판매직,판매 종사자,방문 판매원,6|61|615|6157,영업·판매·운전·운송직|영업·판매직|판매 종사자|방문 판매원,0,True,KECO,2025 개정,2025-01-01,active,2026-03-11 04:54:09,6157,v2,2026-03-18,6,615,6157,6157
6158,주유원,detail,4,615.0,주유원,주유원,6,61.0,615.0,6158.0,영업·판매·운전·운송직,영업·판매직,판매 종사자,주유원,6|61|615|6158,영업·판매·운전·운송직|영업·판매직|판매 종사자|주유원,0,True,KECO,2025 개정,2025-01-01,active,2026-03-11 04:54:09,6158,v2,2026-03-18,6,615,6158,6158
616,매장 계산원 및 매표원,small,3,61.0,매장 계산원 및 매표원,매장 계산원 및 매표원,6,61.0,616.0,,영업·판매·운전·운송직,영업·판매직,매장 계산원 및 매표원,,6|61|616,영업·판매·운전·운송직|영업·판매직|매장 계산원 및 매표원,2,False,KECO,2025 개정,2025-01-01,active,2026-03-11 04:54:09,616,v2,2026-03-18,6,616,616,
6161,매장 계산원 및 요금 정산원,detail,4,616.0,매장 계산원 및 요금 정산원,매장 계산원 및 요금 정산원,6,61.0,616.0,6161.0,영업·판매·운전·운송직,영업·판매직,매장 계산원 및 매표원,매장 계산원 및 요금 정산원,6|61|616|6161,영업·판매·운전·운송직|영업·판매직|매장 계산원 및 매표원|매장 계산원 및 요금 정산원,0,True,KECO,2025 개정,2025-01-01,active,2026-03-11 04:54:09,6161,v2,2026-03-18,6,616,6161,6161
6162,매표원 및 복권 판매원,detail,4,616.0,매표원 및 복권 판매원,매표원 및 복권 판매원,6,61.0,616.0,6162.0,영업·판매·운전·운송직,영업·판매직,매장 계산원 및 매표원,매표원 및 복권 판매원,6|61|616|6162,영업·판매·운전·운송직|영업·판매직|매장 계산원 및 매표원|매표원 및 복권 판매원,0,True,KECO,2025 개정,2025-01-01,active,2026-03-11 04:54:09,6162,v2,2026-03-18,6,616,6162,6162
617,판촉 및 기타 판매 단순 종사자,small,3,61.0,판촉 및 기타 판매 단순 종사자,판촉 및 기타 판매 단순 종사자,6,61.0,617.0,,영업·판매·운전·운송직,영업·판매직,판촉 및 기타 판매 단순 종사자,,6|61|617,영업·판매·운전·운송직|영업·판매직|판촉 및 기타 판매 단순 종사자,2,False,KECO,2025 개정,2025-01-01,active,2026-03-11 04:54:09,617,v2,2026-03-18,6,617,617,
6171,홍보 도우미 및 판촉원,detail,4,617.0,홍보 도우미 및 판촉원,홍보 도우미 및 판촉원,6,61.0,617.0,6171.0,영업·판매·운전·운송직,영업·판매직,판촉 및 기타 판매 단순 종사자,홍보 도우미 및 판촉원,6|61|617|6171,영업·판매·운전·운송직|영업·판매직|판촉 및 기타 판매 단순 종사자|홍보 도우미 및 판촉원,0,True,KECO,2025 개정,2025-01-01,active,2026-03-11 04:54:09,6171,v2,2026-03-18,6,617,6171,6171
6179,기타 판매 관련 단순 종사원,detail,4,617.0,기타 판매 관련 단순 종사원,기타 판매 관련 단순 종사원,6,61.0,617.0,6179.0,영업·판매·운전·운송직,영업·판매직,판촉 및 기타 판매 단순 종사자,기타 판매 관련 단순 종사원,6|61|617|6179,영업·판매·운전·운송직|영업·판매직|판촉 및 기타 판매 단순 종사자|기타 판매 관련 단순 종사원,0,True,KECO,2025 개정,2025-01-01,active,2026-03-11 04:54:09,6179,v2,2026-03-18,6,617,6179,6179
62,운전·운송직,middle,2,6.0,운전·운송직,운전·운송직,6,62.0,,,영업·판매·운전·운송직,운전·운송직,,,6|62,영업·판매·운전·운송직|운전·운송직,4,False,KECO,2025 개정,2025-01-01,active,2026-03-11 04:54:09,62,v2,2026-03-18,6,62,,
621,항공기·선박·철도 조종사 및 관제사,small,3,62.0,항공기·선박·철도 조종사 및 관제사,항공기·선박·철도 조종사 및 관제사,6,62.0,621.0,,영업·판매·운전·운송직,운전·운송직,항공기·선박·철도 조종사 및 관제사,,6|62|621,영업·판매·운전·운송직|운전·운송직|항공기·선박·철도 조종사 및 관제사,5,False,KECO,2025 개정,2025-01-01,active,2026-03-11 04:54:09,621,v2,2026-03-18,6,621,621,
6211,항공기 조종사,detail,4,621.0,항공기 조종사,항공기 조종사,6,62.0,621.0,6211.0,영업·판매·운전·운송직,운전·운송직,항공기·선박·철도 조종사 및 관제사,항공기 조종사,6|62|621|6211,영업·판매·운전·운송직|운전·운송직|항공기·선박·철도 조종사 및 관제사|항공기 조종사,0,True,KECO,2025 개정,2025-01-01,active,2026-03-11 04:54:09,6211,v2,2026-03-18,6,621,6211,6211
6212,선장 및 항해사·도선사,detail,4,621.0,선장 및 항해사·도선사,선장 및 항해사·도선사,6,62.0,621.0,6212.0,영업·판매·운전·운송직,운전·운송직,항공기·선박·철도 조종사 및 관제사,선장 및 항해사·도선사,6|62|621|6212,영업·판매·운전·운송직|운전·운송직|항공기·선박·철도 조종사 및 관제사|선장 및 항해사·도선사,0,True,KECO,2025 개정,2025-01-01,active,2026-03-11 04:54:09,6212,v2,2026-03-18,6,621,6212,6212
6213,철도 및 전동차 기관사,detail,4,621.0,철도 및 전동차 기관사,철도 및 전동차 기관사,6,62.0,621.0,6213.0,영업·판매·운전·운송직,운전·운송직,항공기·선박·철도 조종사 및 관제사,철도 및 전동차 기관사,6|62|621|6213,영업·판매·운전·운송직|운전·운송직|항공기·선박·철도 조종사 및 관제사|철도 및 전동차 기관사,0,True,KECO,2025 개정,2025-01-01,active,2026-03-11 04:54:09,6213,v2,2026-03-18,6,621,6213,6213
6214,관제사,detail,4,621.0,관제사,관제사,6,62.0,621.0,6214.0,영업·판매·운전·운송직,운전·운송직,항공기·선박·철도 조종사 및 관제사,관제사,6|62|621|6214,영업·판매·운전·운송직|운전·운송직|항공기·선박·철도 조종사 및 관제사|관제사,0,True,KECO,2025 개정,2025-01-01,active,2026-03-11 04:54:09,6214,v2,2026-03-18,6,621,6214,6214
6219,철도운송 관련 종사원,detail,4,621.0,철도운송 관련 종사원,철도운송 관련 종사원,6,62.0,621.0,6219.0,영업·판매·운전·운송직,운전·운송직,항공기·선박·철도 조종사 및 관제사,철도운송 관련 종사원,6|62|621|6219,영업·판매·운전·운송직|운전·운송직|항공기·선박·철도 조종사 및 관제사|철도운송 관련 종사원,0,True,KECO,2025 개정,2025-01-01,active,2026-03-11 04:54:09,6219,v2,2026-03-18,6,621,6219,6219
622,자동차 운전원,small,3,62.0,자동차 운전원,자동차 운전원,6,62.0,622.0,,영업·판매·운전·운송직,운전·운송직,자동차 운전원,,6|62|622,영업·판매·운전·운송직|운전·운송직|자동차 운전원,4,False,KECO,2025 개정,2025-01-01,active,2026-03-11 04:54:09,622,v2,2026-03-18,6,622,622,
6221,택시 운전원,detail,4,622.0,택시 운전원,택시 운전원,6,62.0,622.0,6221.0,영업·판매·운전·운송직,운전·운송직,자동차 운전원,택시 운전원,6|62|622|6221,영업·판매·운전·운송직|운전·운송직|자동차 운전원|택시 운전원,0,True,KECO,2025 개정,2025-01-01,active,2026-03-11 04:54:09,6221,v2,2026-03-18,6,622,6221,6221
6222,버스 운전원,detail,4,622.0,버스 운전원,버스 운전원,6,62.0,622.0,6222.0,영업·판매·운전·운송직,운전·운송직,자동차 운전원,버스 운전원,6|62|622|6222,영업·판매·운전·운송직|운전·운송직|자동차 운전원|버스 운전원,0,True,KECO,2025 개정,2025-01-01,active,2026-03-11 04:54:09,6222,v2,2026-03-18,6,622,6222,6222
6223,화물차 및 특수차 운전원,detail,4,622.0,화물차 및 특수차 운전원,화물차 및 특수차 운전원,6,62.0,622.0,6223.0,영업·판매·운전·운송직,운전·운송직,자동차 운전원,화물차 및 특수차 운전원,6|62|622|6223,영업·판매·운전·운송직|운전·운송직|자동차 운전원|화물차 및 특수차 운전원,0,True,KECO,2025 개정,2025-01-01,active,2026-03-11 04:54:09,6223,v2,2026-03-18,6,622,6223,6223
6229,기타 자동차 운전원,detail,4,622.0,기타 자동차 운전원,기타 자동차 운전원,6,62.0,622.0,6229.0,영업·판매·운전·운송직,운전·운송직,자동차 운전원,기타 자동차 운전원,6|62|622|6229,영업·판매·운전·운송직|운전·운송직|자동차 운전원|기타 자동차 운전원,0,True,KECO,2025 개정,2025-01-01,active,2026-03-11 04:54:09,6229,v2,2026-03-18,6,622,6229,6229
623,물품이동장비 조작원(크레인·호이스트·지게차),small,3,62.0,물품이동장비 조작원(크레인·호이스트·지게차),물품이동장비 조작원,6,62.0,623.0,,영업·판매·운전·운송직,운전·운송직,물품이동장비 조작원(크레인·호이스트·지게차),,6|62|623,영업·판매·운전·운송직|운전·운송직|물품이동장비 조작원(크레인·호이스트·지게차),1,False,KECO,2025 개정,2025-01-01,active,2026-03-11 04:54:09,623,v2,2026-03-18,6,623,623,
6230,물품 이동 장비 조작원,detail,4,623.0,물품 이동 장비 조작원,물품 이동 장비 조작원,6,62.0,623.0,6230.0,영업·판매·운전·운송직,운전·운송직,물품이동장비 조작원(크레인·호이스트·지게차),물품 이동 장비 조작원,6|62|623|6230,영업·판매·운전·운송직|운전·운송직|물품이동장비 조작원(크레인·호이스트·지게차)|물품 이동 장비 조작원,0,True,KECO,2025 개정,2025-01-01,active,2026-03-11 04:54:09,6230,v2,2026-03-18,6,623,6230,6230
624,택배원 및 기타 운송 종사자,small,3,62.0,택배원 및 기타 운송 종사자,택배원 및 기타 운송 종사자,6,62.0,624.0,,영업·판매·운전·운송직,운전·운송직,택배원 및 기타 운송 종사자,,6|62|624,영업·판매·운전·운송직|운전·운송직|택배원 및 기타 운송 종사자,8,False,KECO,2025 개정,2025-01-01,active,2026-03-11 04:54:09,624,v2,2026-03-18,6,624,624,
6241,택배원,detail,4,624.0,택배원,택배원,6,62.0,624.0,6241.0,영업·판매·운전·운송직,운전·운송직,택배원 및 기타 운송 종사자,택배원,6|62|624|6241,영업·판매·운전·운송직|운전·운송직|택배원 및 기타 운송 종사자|택배원,0,True,KECO,2025 개정,2025-01-01,active,2026-03-11 04:54:09,6241,v2,2026-03-18,6,624,6241,6241
6242,늘찬배달원,detail,4,624.0,늘찬배달원,늘찬배달원,6,62.0,624.0,6242.0,영업·판매·운전·운송직,운전·운송직,택배원 및 기타 운송 종사자,늘찬배달원,6|62|624|6242,영업·판매·운전·운송직|운전·운송직|택배원 및 기타 운송 종사자|늘찬배달원,0,True,KECO,2025 개정,2025-01-01,active,2026-03-11 04:54:09,6242,v2,2026-03-18,6,624,6242,6242
6243,우편집배원,detail,4,624.0,우편집배원,우편집배원,6,62.0,624.0,6243.0,영업·판매·운전·운송직,운전·운송직,택배원 및 기타 운송 종사자,우편집배원,6|62|624|6243,영업·판매·운전·운송직|운전·운송직|택배원 및 기타 운송 종사자|우편집배원,0,True,KECO,2025 개정,2025-01-01,active,2026-03-11 04:54:09,6243,v2,2026-03-18,6,624,6243,6243
6244,선박 승무원 및 관련 종사원,detail,4,624.0,선박 승무원 및 관련 종사원,선박 승무원 및 관련 종사원,6,62.0,624.0,6244.0,영업·판매·운전·운송직,운전·운송직,택배원 및 기타 운송 종사자,선박 승무원 및 관련 종사원,6|62|624|6244,영업·판매·운전·운송직|운전·운송직|택배원 및 기타 운송 종사자|선박 승무원 및 관련 종사원,0,True,KECO,2025 개정,2025-01-01,active,2026-03-11 04:54:09,6244,v2,2026-03-18,6,624,6244,6244
6245,하역 및 적재 단순 종사원,detail,4,624.0,하역 및 적재 단순 종사원,하역 및 적재 단순 종사원,6,62.0,624.0,6245.0,영업·판매·운전·운송직,운전·운송직,택배원 및 기타 운송 종사자,하역 및 적재 단순 종사원,6|62|624|6245,영업·판매·운전·운송직|운전·운송직|택배원 및 기타 운송 종사자|하역 및 적재 단순 종사원,0,True,KECO,2025 개정,2025-01-01,active,2026-03-11 04:54:09,6245,v2,2026-03-18,6,624,6245,6245
6246,화물 분류원,detail,4,624.0,화물 분류원,화물 분류원,6,62.0,624.0,6246.0,영업·판매·운전·운송직,운전·운송직,택배원 및 기타 운송 종사자,화물 분류원,6|62|624|6246,영업·판매·운전·운송직|운전·운송직|택배원 및 기타 운송 종사자|화물 분류원,0,True,KECO,2025 개정,2025-01-01,active,2026-03-11 04:54:09,6246,v2,2026-03-18,6,624,6246,6246
6247,정기배달원,detail,4,624.0,정기배달원,정기배달원,6,62.0,624.0,6247.0,영업·판매·운전·운송직,운전·운송직,택배원 및 기타 운송 종사자,정기배달원,6|62|624|6247,영업·판매·운전·운송직|운전·운송직|택배원 및 기타 운송 종사자|정기배달원,0,True,KECO,2025 개정,2025-01-01,active,2026-03-11 04:54:09,6247,v2,2026-03-18,6,624,6247,6247
6249,기타 배달원,detail,4,624.0,기타 배달원,기타 배달원,6,62.0,624.0,6249.0,영업·판매·운전·운송직,운전·운송직,택배원 및 기타 운송 종사자,기타 배달원,6|62|624|6249,영업·판매·운전·운송직|운전·운송직|택배원 및 기타 운송 종사자|기타 배달원,0,True,KECO,2025 개정,2025-01-01,active,2026-03-11 04:54:09,6249,v2,2026-03-18,6,624,6249,6249
7,건설·채굴직,major,1,,건설·채굴직,건설·채굴직,7,,,,건설·채굴직,,,,7,건설·채굴직,1,False,KECO,2025 개정,2025-01-01,active,2026-03-11 04:54:09,7,v2,2026-03-18,7,,,
70,건설·채굴직,middle,2,7.0,건설·채굴직,건설·채굴직,7,70.0,,,건설·채굴직,건설·채굴직,,,7|70,건설·채굴직|건설·채굴직,6,False,KECO,2025 개정,2025-01-01,active,2026-03-11 04:54:09,70,v2,2026-03-18,7,70,,
701,건설구조 기능원,small,3,70.0,건설구조 기능원,건설구조 기능원,7,70.0,701.0,,건설·채굴직,건설·채굴직,건설구조 기능원,,7|70|701,건설·채굴직|건설·채굴직|건설구조 기능원,8,False,KECO,2025 개정,2025-01-01,active,2026-03-11 04:54:09,701,v2,2026-03-18,7,701,701,
7011,강구조물 가공원 및 건립원,detail,4,701.0,강구조물 가공원 및 건립원,강구조물 가공원 및 건립원,7,70.0,701.0,7011.0,건설·채굴직,건설·채굴직,건설구조 기능원,강구조물 가공원 및 건립원,7|70|701|7011,건설·채굴직|건설·채굴직|건설구조 기능원|강구조물 가공원 및 건립원,0,True,KECO,2025 개정,2025-01-01,active,2026-03-11 04:54:09,7011,v2,2026-03-18,7,701,7011,7011
7012,경량 철골공,detail,4,701.0,경량 철골공,경량 철골공,7,70.0,701.0,7012.0,건설·채굴직,건설·채굴직,건설구조 기능원,경량 철골공,7|70|701|7012,건설·채굴직|건설·채굴직|건설구조 기능원|경량 철골공,0,True,KECO,2025 개정,2025-01-01,active,2026-03-11 04:54:09,7012,v2,2026-03-18,7,701,7012,7012
7013,철근공,detail,4,701.0,철근공,철근공,7,70.0,701.0,7013.0,건설·채굴직,건설·채굴직,건설구조 기능원,철근공,7|70|701|7013,건설·채굴직|건설·채굴직|건설구조 기능원|철근공,0,True,KECO,2025 개정,2025-01-01,active,2026-03-11 04:54:09,7013,v2,2026-03-18,7,701,7013,7013
7014,콘크리트공,detail,4,701.0,콘크리트공,콘크리트공,7,70.0,701.0,7014.0,건설·채굴직,건설·채굴직,건설구조 기능원,콘크리트공,7|70|701|7014,건설·채굴직|건설·채굴직|건설구조 기능원|콘크리트공,0,True,KECO,2025 개정,2025-01-01,active,2026-03-11 04:54:09,7014,v2,2026-03-18,7,701,7014,7014
7015,건축 석공,detail,4,701.0,건축 석공,건축 석공,7,70.0,701.0,7015.0,건설·채굴직,건설·채굴직,건설구조 기능원,건축 석공,7|70|701|7015,건설·채굴직|건설·채굴직|건설구조 기능원|건축 석공,0,True,KECO,2025 개정,2025-01-01,active,2026-03-11 04:54:09,7015,v2,2026-03-18,7,701,7015,7015
7016,건축 목공,detail,4,701.0,건축 목공,건축 목공,7,70.0,701.0,7016.0,건설·채굴직,건설·채굴직,건설구조 기능원,건축 목공,7|70|701|7016,건설·채굴직|건설·채굴직|건설구조 기능원|건축 목공,0,True,KECO,2025 개정,2025-01-01,active,2026-03-11 04:54:09,7016,v2,2026-03-18,7,701,7016,7016
7017,조적공 및 석재 부설원,detail,4,701.0,조적공 및 석재 부설원,조적공 및 석재 부설원,7,70.0,701.0,7017.0,건설·채굴직,건설·채굴직,건설구조 기능원,조적공 및 석재 부설원,7|70|701|7017,건설·채굴직|건설·채굴직|건설구조 기능원|조적공 및 석재 부설원,0,True,KECO,2025 개정,2025-01-01,active,2026-03-11 04:54:09,7017,v2,2026-03-18,7,701,7017,7017
7019,기타 건설 관련 기능 종사원,detail,4,701.0,기타 건설 관련 기능 종사원,기타 건설 관련 기능 종사원,7,70.0,701.0,7019.0,건설·채굴직,건설·채굴직,건설구조 기능원,기타 건설 관련 기능 종사원,7|70|701|7019,건설·채굴직|건설·채굴직|건설구조 기능원|기타 건설 관련 기능 종사원,0,True,KECO,2025 개정,2025-01-01,active,2026-03-11 04:54:09,7019,v2,2026-03-18,7,701,7019,7019
702,건축마감 기능원,small,3,70.0,건축마감 기능원,건축마감 기능원,7,70.0,702.0,,건설·채굴직,건설·채굴직,건축마감 기능원,,7|70|702,건설·채굴직|건설·채굴직|건축마감 기능원,8,False,KECO,2025 개정,2025-01-01,active,2026-03-11 04:54:09,702,v2,2026-03-18,7,702,702,
7021,미장공,detail,4,702.0,미장공,미장공,7,70.0,702.0,7021.0,건설·채굴직,건설·채굴직,건축마감 기능원,미장공,7|70|702|7021,건설·채굴직|건설·채굴직|건축마감 기능원|미장공,0,True,KECO,2025 개정,2025-01-01,active,2026-03-11 04:54:09,7021,v2,2026-03-18,7,702,7021,7021
7022,방수공,detail,4,702.0,방수공,방수공,7,70.0,702.0,7022.0,건설·채굴직,건설·채굴직,건축마감 기능원,방수공,7|70|702|7022,건설·채굴직|건설·채굴직|건축마감 기능원|방수공,0,True,KECO,2025 개정,2025-01-01,active,2026-03-11 04:54:09,7022,v2,2026-03-18,7,702,7022,7022
7023,단열공,detail,4,702.0,단열공,단열공,7,70.0,702.0,7023.0,건설·채굴직,건설·채굴직,건축마감 기능원,단열공,7|70|702|7023,건설·채굴직|건설·채굴직|건축마감 기능원|단열공,0,True,KECO,2025 개정,2025-01-01,active,2026-03-11 04:54:09,7023,v2,2026-03-18,7,702,7023,7023
7024,바닥재 시공원,detail,4,702.0,바닥재 시공원,바닥재 시공원,7,70.0,702.0,7024.0,건설·채굴직,건설·채굴직,건축마감 기능원,바닥재 시공원,7|70|702|7024,건설·채굴직|건설·채굴직|건축마감 기능원|바닥재 시공원,0,True,KECO,2025 개정,2025-01-01,active,2026-03-11 04:54:09,7024,v2,2026-03-18,7,702,7024,7024
7025,도배공 및 유리 부착원,detail,4,702.0,도배공 및 유리 부착원,도배공 및 유리 부착원,7,70.0,702.0,7025.0,건설·채굴직,건설·채굴직,건축마감 기능원,도배공 및 유리 부착원,7|70|702|7025,건설·채굴직|건설·채굴직|건축마감 기능원|도배공 및 유리 부착원,0,True,KECO,2025 개정,2025-01-01,active,2026-03-11 04:54:09,7025,v2,2026-03-18,7,702,7025,7025
7026,건축 도장공,detail,4,702.0,건축 도장공,건축 도장공,7,70.0,702.0,7026.0,건설·채굴직,건설·채굴직,건축마감 기능원,건축 도장공,7|70|702|7026,건설·채굴직|건설·채굴직|건축마감 기능원|건축 도장공,0,True,KECO,2025 개정,2025-01-01,active,2026-03-11 04:54:09,7026,v2,2026-03-18,7,702,7026,7026
7027,새시 조립 및 설치원,detail,4,702.0,새시 조립 및 설치원,새시 조립 및 설치원,7,70.0,702.0,7027.0,건설·채굴직,건설·채굴직,건축마감 기능원,새시 조립 및 설치원,7|70|702|7027,건설·채굴직|건설·채굴직|건축마감 기능원|새시 조립 및 설치원,0,True,KECO,2025 개정,2025-01-01,active,2026-03-11 04:54:09,7027,v2,2026-03-18,7,702,7027,7027
7029,기타 건축 마감 관련 기능 종사원,detail,4,702.0,기타 건축 마감 관련 기능 종사원,기타 건축 마감 관련 기능 종사원,7,70.0,702.0,7029.0,건설·채굴직,건설·채굴직,건축마감 기능원,기타 건축 마감 관련 기능 종사원,7|70|702|7029,건설·채굴직|건설·채굴직|건축마감 기능원|기타 건축 마감 관련 기능 종사원,0,True,KECO,2025 개정,2025-01-01,active,2026-03-11 04:54:09,7029,v2,2026-03-18,7,702,7029,7029
703,배관공,small,3,70.0,배관공,배관공,7,70.0,703.0,,건설·채굴직,건설·채굴직,배관공,,7|70|703,건설·채굴직|건설·채굴직|배관공,3,False,KECO,2025 개정,2025-01-01,active,2026-03-11 04:54:09,703,v2,2026-03-18,7,703,703,
7031,건설 배관공,detail,4,703.0,건설 배관공,건설 배관공,7,70.0,703.0,7031.0,건설·채굴직,건설·채굴직,배관공,건설 배관공,7|70|703|7031,건설·채굴직|건설·채굴직|배관공|건설 배관공,0,True,KECO,2025 개정,2025-01-01,active,2026-03-11 04:54:09,7031,v2,2026-03-18,7,703,7031,7031
7032,공업 배관공,detail,4,703.0,공업 배관공,공업 배관공,7,70.0,703.0,7032.0,건설·채굴직,건설·채굴직,배관공,공업 배관공,7|70|703|7032,건설·채굴직|건설·채굴직|배관공|공업 배관공,0,True,KECO,2025 개정,2025-01-01,active,2026-03-11 04:54:09,7032,v2,2026-03-18,7,703,7032,7032
7039,기타 배관공,detail,4,703.0,기타 배관공,기타 배관공,7,70.0,703.0,7039.0,건설·채굴직,건설·채굴직,배관공,기타 배관공,7|70|703|7039,건설·채굴직|건설·채굴직|배관공|기타 배관공,0,True,KECO,2025 개정,2025-01-01,active,2026-03-11 04:54:09,7039,v2,2026-03-18,7,703,7039,7039
704,건설·채굴 기계 운전원,small,3,70.0,건설·채굴 기계 운전원,건설·채굴 기계 운전원,7,70.0,704.0,,건설·채굴직,건설·채굴직,건설·채굴 기계 운전원,,7|70|704,건설·채굴직|건설·채굴직|건설·채굴 기계 운전원,1,False,KECO,2025 개정,2025-01-01,active,2026-03-11 04:54:09,704,v2,2026-03-18,7,704,704,
7040,건설 및 채굴기계 운전원,detail,4,704.0,건설 및 채굴기계 운전원,건설 및 채굴기계 운전원,7,70.0,704.0,7040.0,건설·채굴직,건설·채굴직,건설·채굴 기계 운전원,건설 및 채굴기계 운전원,7|70|704|7040,건설·채굴직|건설·채굴직|건설·채굴 기계 운전원|건설 및 채굴기계 운전원,0,True,KECO,2025 개정,2025-01-01,active,2026-03-11 04:54:09,7040,v2,2026-03-18,7,704,7040,7040
705,기타 건설 기능원(채굴포함),small,3,70.0,기타 건설 기능원(채굴포함),기타 건설 기능원,7,70.0,705.0,,건설·채굴직,건설·채굴직,기타 건설 기능원(채굴포함),,7|70|705,건설·채굴직|건설·채굴직|기타 건설 기능원(채굴포함),3,False,KECO,2025 개정,2025-01-01,active,2026-03-11 04:54:09,705,v2,2026-03-18,7,705,705,
7051,광원·채석원 및 석재 절단원,detail,4,705.0,광원·채석원 및 석재 절단원,광원·채석원 및 석재 절단원,7,70.0,705.0,7051.0,건설·채굴직,건설·채굴직,기타 건설 기능원(채굴포함),광원·채석원 및 석재 절단원,7|70|705|7051,건설·채굴직|건설·채굴직|기타 건설 기능원(채굴포함)|광원·채석원 및 석재 절단원,0,True,KECO,2025 개정,2025-01-01,active,2026-03-11 04:54:09,7051,v2,2026-03-18,7,705,7051,7051
7052,철로 설치 및 보수원,detail,4,705.0,철로 설치 및 보수원,철로 설치 및 보수원,7,70.0,705.0,7052.0,건설·채굴직,건설·채굴직,기타 건설 기능원(채굴포함),철로 설치 및 보수원,7|70|705|7052,건설·채굴직|건설·채굴직|기타 건설 기능원(채굴포함)|철로 설치 및 보수원,0,True,KECO,2025 개정,2025-01-01,active,2026-03-11 04:54:09,7052,v2,2026-03-18,7,705,7052,7052
7059,기타 채굴 및 토목 관련 종사원,detail,4,705.0,기타 채굴 및 토목 관련 종사원,기타 채굴 및 토목 관련 종사원,7,70.0,705.0,7059.0,건설·채굴직,건설·채굴직,기타 건설 기능원(채굴포함),기타 채굴 및 토목 관련 종사원,7|70|705|7059,건설·채굴직|건설·채굴직|기타 건설 기능원(채굴포함)|기타 채굴 및 토목 관련 종사원,0,True,KECO,2025 개정,2025-01-01,active,2026-03-11 04:54:09,7059,v2,2026-03-18,7,705,7059,7059
706,건설·채굴 단순 종사자,small,3,70.0,건설·채굴 단순 종사자,건설·채굴 단순 종사자,7,70.0,706.0,,건설·채굴직,건설·채굴직,건설·채굴 단순 종사자,,7|70|706,건설·채굴직|건설·채굴직|건설·채굴 단순 종사자,1,False,KECO,2025 개정,2025-01-01,active,2026-03-11 04:54:09,706,v2,2026-03-18,7,706,706,
7060,건설 및 광업 단순 종사원,detail,4,706.0,건설 및 광업 단순 종사원,건설 및 광업 단순 종사원,7,70.0,706.0,7060.0,건설·채굴직,건설·채굴직,건설·채굴 단순 종사자,건설 및 광업 단순 종사원,7|70|706|7060,건설·채굴직|건설·채굴직|건설·채굴 단순 종사자|건설 및 광업 단순 종사원,0,True,KECO,2025 개정,2025-01-01,active,2026-03-11 04:54:09,7060,v2,2026-03-18,7,706,7060,7060
8,설치·정비·생산직,major,1,,설치·정비·생산직,설치·정비·생산직,8,,,,설치·정비·생산직,,,,8,설치·정비·생산직,9,False,KECO,2025 개정,2025-01-01,active,2026-03-11 04:54:09,8,v2,2026-03-18,8,,,
81,기계 설치·정비·생산직,middle,2,8.0,기계 설치·정비·생산직,기계 설치·정비·생산직,8,81.0,,,설치·정비·생산직,기계 설치·정비·생산직,,,8|81,설치·정비·생산직|기계 설치·정비·생산직,7,False,KECO,2025 개정,2025-01-01,active,2026-03-11 04:54:09,81,v2,2026-03-18,8,81,,
811,기계장비 설치·정비원(운송장비 제외),small,3,81.0,기계장비 설치·정비원(운송장비 제외),기계장비 설치·정비원,8,81.0,811.0,,설치·정비·생산직,기계 설치·정비·생산직,기계장비 설치·정비원(운송장비 제외),,8|81|811,설치·정비·생산직|기계 설치·정비·생산직|기계장비 설치·정비원(운송장비 제외),8,False,KECO,2025 개정,2025-01-01,active,2026-03-11 04:54:09,811,v2,2026-03-18,8,811,811,
8111,로봇 설치 및 정비원,detail,4,811.0,로봇 설치 및 정비원,로봇 설치 및 정비원,8,81.0,811.0,8111.0,설치·정비·생산직,기계 설치·정비·생산직,기계장비 설치·정비원(운송장비 제외),로봇 설치 및 정비원,8|81|811|8111,설치·정비·생산직|기계 설치·정비·생산직|기계장비 설치·정비원(운송장비 제외)|로봇 설치 및 정비원,0,True,KECO,2025 개정,2025-01-01,active,2026-03-11 04:54:09,8111,v2,2026-03-18,8,811,8111,8111
8112,공업기계 설치 및 정비원,detail,4,811.0,공업기계 설치 및 정비원,공업기계 설치 및 정비원,8,81.0,811.0,8112.0,설치·정비·생산직,기계 설치·정비·생산직,기계장비 설치·정비원(운송장비 제외),공업기계 설치 및 정비원,8|81|811|8112,설치·정비·생산직|기계 설치·정비·생산직|기계장비 설치·정비원(운송장비 제외)|공업기계 설치 및 정비원,0,True,KECO,2025 개정,2025-01-01,active,2026-03-11 04:54:09,8112,v2,2026-03-18,8,811,8112,8112
8113,승강기 설치 및 정비원,detail,4,811.0,승강기 설치 및 정비원,승강기 설치 및 정비원,8,81.0,811.0,8113.0,설치·정비·생산직,기계 설치·정비·생산직,기계장비 설치·정비원(운송장비 제외),승강기 설치 및 정비원,8|81|811|8113,설치·정비·생산직|기계 설치·정비·생산직|기계장비 설치·정비원(운송장비 제외)|승강기 설치 및 정비원,0,True,KECO,2025 개정,2025-01-01,active,2026-03-11 04:54:09,8113,v2,2026-03-18,8,811,8113,8113
8114,물품 이동 장비 설치 및 정비원,detail,4,811.0,물품 이동 장비 설치 및 정비원,물품 이동 장비 설치 및 정비원,8,81.0,811.0,8114.0,설치·정비·생산직,기계 설치·정비·생산직,기계장비 설치·정비원(운송장비 제외),물품 이동 장비 설치 및 정비원,8|81|811|8114,설치·정비·생산직|기계 설치·정비·생산직|기계장비 설치·정비원(운송장비 제외)|물품 이동 장비 설치 및 정비원,0,True,KECO,2025 개정,2025-01-01,active,2026-03-11 04:54:09,8114,v2,2026-03-18,8,811,8114,8114
8115,냉동·냉장·공조기 설치 및 정비원,detail,4,811.0,냉동·냉장·공조기 설치 및 정비원,냉동·냉장·공조기 설치 및 정비원,8,81.0,811.0,8115.0,설치·정비·생산직,기계 설치·정비·생산직,기계장비 설치·정비원(운송장비 제외),냉동·냉장·공조기 설치 및 정비원,8|81|811|8115,설치·정비·생산직|기계 설치·정비·생산직|기계장비 설치·정비원(운송장비 제외)|냉동·냉장·공조기 설치 및 정비원,0,True,KECO,2025 개정,2025-01-01,active,2026-03-11 04:54:09,8115,v2,2026-03-18,8,811,8115,8115
8116,보일러 설치 및 정비원,detail,4,811.0,보일러 설치 및 정비원,보일러 설치 및 정비원,8,81.0,811.0,8116.0,설치·정비·생산직,기계 설치·정비·생산직,기계장비 설치·정비원(운송장비 제외),보일러 설치 및 정비원,8|81|811|8116,설치·정비·생산직|기계 설치·정비·생산직|기계장비 설치·정비원(운송장비 제외)|보일러 설치 및 정비원,0,True,KECO,2025 개정,2025-01-01,active,2026-03-11 04:54:09,8116,v2,2026-03-18,8,811,8116,8116
8117,건설·광업기계 설치 및 정비원,detail,4,811.0,건설·광업기계 설치 및 정비원,건설·광업기계 설치 및 정비원,8,81.0,811.0,8117.0,설치·정비·생산직,기계 설치·정비·생산직,기계장비 설치·정비원(운송장비 제외),건설·광업기계 설치 및 정비원,8|81|811|8117,설치·정비·생산직|기계 설치·정비·생산직|기계장비 설치·정비원(운송장비 제외)|건설·광업기계 설치 및 정비원,0,True,KECO,2025 개정,2025-01-01,active,2026-03-11 04:54:09,8117,v2,2026-03-18,8,811,8117,8117
8119,농업용·기타 기계장비 설치 및 정비원,detail,4,811.0,농업용·기타 기계장비 설치 및 정비원,농업용·기타 기계장비 설치 및 정비원,8,81.0,811.0,8119.0,설치·정비·생산직,기계 설치·정비·생산직,기계장비 설치·정비원(운송장비 제외),농업용·기타 기계장비 설치 및 정비원,8|81|811|8119,설치·정비·생산직|기계 설치·정비·생산직|기계장비 설치·정비원(운송장비 제외)|농업용·기타 기계장비 설치 및 정비원,0,True,KECO,2025 개정,2025-01-01,active,2026-03-11 04:54:09,8119,v2,2026-03-18,8,811,8119,8119
812,운송장비 정비원,small,3,81.0,운송장비 정비원,운송장비 정비원,8,81.0,812.0,,설치·정비·생산직,기계 설치·정비·생산직,운송장비 정비원,,8|81|812,설치·정비·생산직|기계 설치·정비·생산직|운송장비 정비원,5,False,KECO,2025 개정,2025-01-01,active,2026-03-11 04:54:09,812,v2,2026-03-18,8,812,812,
8121,항공기 정비원,detail,4,812.0,항공기 정비원,항공기 정비원,8,81.0,812.0,8121.0,설치·정비·생산직,기계 설치·정비·생산직,운송장비 정비원,항공기 정비원,8|81|812|8121,설치·정비·생산직|기계 설치·정비·생산직|운송장비 정비원|항공기 정비원,0,True,KECO,2025 개정,2025-01-01,active,2026-03-11 04:54:09,8121,v2,2026-03-18,8,812,8121,8121
8122,선박 정비원,detail,4,812.0,선박 정비원,선박 정비원,8,81.0,812.0,8122.0,설치·정비·생산직,기계 설치·정비·생산직,운송장비 정비원,선박 정비원,8|81|812|8122,설치·정비·생산직|기계 설치·정비·생산직|운송장비 정비원|선박 정비원,0,True,KECO,2025 개정,2025-01-01,active,2026-03-11 04:54:09,8122,v2,2026-03-18,8,812,8122,8122
8123,철도 기관차 및 전동차 정비원,detail,4,812.0,철도 기관차 및 전동차 정비원,철도 기관차 및 전동차 정비원,8,81.0,812.0,8123.0,설치·정비·생산직,기계 설치·정비·생산직,운송장비 정비원,철도 기관차 및 전동차 정비원,8|81|812|8123,설치·정비·생산직|기계 설치·정비·생산직|운송장비 정비원|철도 기관차 및 전동차 정비원,0,True,KECO,2025 개정,2025-01-01,active,2026-03-11 04:54:09,8123,v2,2026-03-18,8,812,8123,8123
8124,자동차 정비원,detail,4,812.0,자동차 정비원,자동차 정비원,8,81.0,812.0,8124.0,설치·정비·생산직,기계 설치·정비·생산직,운송장비 정비원,자동차 정비원,8|81|812|8124,설치·정비·생산직|기계 설치·정비·생산직|운송장비 정비원|자동차 정비원,0,True,KECO,2025 개정,2025-01-01,active,2026-03-11 04:54:09,8124,v2,2026-03-18,8,812,8124,8124
8129,기타 운송장비 정비원,detail,4,812.0,기타 운송장비 정비원,기타 운송장비 정비원,8,81.0,812.0,8129.0,설치·정비·생산직,기계 설치·정비·생산직,운송장비 정비원,기타 운송장비 정비원,8|81|812|8129,설치·정비·생산직|기계 설치·정비·생산직|운송장비 정비원|기타 운송장비 정비원,0,True,KECO,2025 개정,2025-01-01,active,2026-03-11 04:54:09,8129,v2,2026-03-18,8,812,8129,8129
813,금형원 및 공작기계 조작원,small,3,81.0,금형원 및 공작기계 조작원,금형원 및 공작기계 조작원,8,81.0,813.0,,설치·정비·생산직,기계 설치·정비·생산직,금형원 및 공작기계 조작원,,8|81|813,설치·정비·생산직|기계 설치·정비·생산직|금형원 및 공작기계 조작원,2,False,KECO,2025 개정,2025-01-01,active,2026-03-11 04:54:09,813,v2,2026-03-18,8,813,813,
8131,금형원,detail,4,813.0,금형원,금형원,8,81.0,813.0,8131.0,설치·정비·생산직,기계 설치·정비·생산직,금형원 및 공작기계 조작원,금형원,8|81|813|8131,설치·정비·생산직|기계 설치·정비·생산직|금형원 및 공작기계 조작원|금형원,0,True,KECO,2025 개정,2025-01-01,active,2026-03-11 04:54:09,8131,v2,2026-03-18,8,813,8131,8131
8132,금속 공작기계 조작원,detail,4,813.0,금속 공작기계 조작원,금속 공작기계 조작원,8,81.0,813.0,8132.0,설치·정비·생산직,기계 설치·정비·생산직,금형원 및 공작기계 조작원,금속 공작기계 조작원,8|81|813|8132,설치·정비·생산직|기계 설치·정비·생산직|금형원 및 공작기계 조작원|금속 공작기계 조작원,0,True,KECO,2025 개정,2025-01-01,active,2026-03-11 04:54:09,8132,v2,2026-03-18,8,813,8132,8132
814,냉·난방 설비 조작원,small,3,81.0,냉·난방 설비 조작원,냉·난방 설비 조작원,8,81.0,814.0,,설치·정비·생산직,기계 설치·정비·생산직,냉·난방 설비 조작원,,8|81|814,설치·정비·생산직|기계 설치·정비·생산직|냉·난방 설비 조작원,1,False,KECO,2025 개정,2025-01-01,active,2026-03-11 04:54:09,814,v2,2026-03-18,8,814,814,
8140,냉·난방 관련 설비 조작원,detail,4,814.0,냉·난방 관련 설비 조작원,냉·난방 관련 설비 조작원,8,81.0,814.0,8140.0,설치·정비·생산직,기계 설치·정비·생산직,냉·난방 설비 조작원,냉·난방 관련 설비 조작원,8|81|814|8140,설치·정비·생산직|기계 설치·정비·생산직|냉·난방 설비 조작원|냉·난방 관련 설비 조작원,0,True,KECO,2025 개정,2025-01-01,active,2026-03-11 04:54:09,8140,v2,2026-03-18,8,814,8140,8140
815,자동조립라인·산업용로봇 조작원,small,3,81.0,자동조립라인·산업용로봇 조작원,자동조립라인·산업용로봇 조작원,8,81.0,815.0,,설치·정비·생산직,기계 설치·정비·생산직,자동조립라인·산업용로봇 조작원,,8|81|815,설치·정비·생산직|기계 설치·정비·생산직|자동조립라인·산업용로봇 조작원,1,False,KECO,2025 개정,2025-01-01,active,2026-03-11 04:54:09,815,v2,2026-03-18,8,815,815,
8150,자동조립라인 및 산업용로봇 조작원,detail,4,815.0,자동조립라인 및 산업용로봇 조작원,자동조립라인 및 산업용로봇 조작원,8,81.0,815.0,8150.0,설치·정비·생산직,기계 설치·정비·생산직,자동조립라인·산업용로봇 조작원,자동조립라인 및 산업용로봇 조작원,8|81|815|8150,설치·정비·생산직|기계 설치·정비·생산직|자동조립라인·산업용로봇 조작원|자동조립라인 및 산업용로봇 조작원,0,True,KECO,2025 개정,2025-01-01,active,2026-03-11 04:54:09,8150,v2,2026-03-18,8,815,8150,8150
816,기계 조립원(운송장비 제외),small,3,81.0,기계 조립원(운송장비 제외),기계 조립원,8,81.0,816.0,,설치·정비·생산직,기계 설치·정비·생산직,기계 조립원(운송장비 제외),,8|81|816,설치·정비·생산직|기계 설치·정비·생산직|기계 조립원(운송장비 제외),2,False,KECO,2025 개정,2025-01-01,active,2026-03-11 04:54:09,816,v2,2026-03-18,8,816,816,
8161,일반기계 조립원,detail,4,816.0,일반기계 조립원,일반기계 조립원,8,81.0,816.0,8161.0,설치·정비·생산직,기계 설치·정비·생산직,기계 조립원(운송장비 제외),일반기계 조립원,8|81|816|8161,설치·정비·생산직|기계 설치·정비·생산직|기계 조립원(운송장비 제외)|일반기계 조립원,0,True,KECO,2025 개정,2025-01-01,active,2026-03-11 04:54:09,8161,v2,2026-03-18,8,816,8161,8161
8162,기계 부품 조립원,detail,4,816.0,기계 부품 조립원,기계 부품 조립원,8,81.0,816.0,8162.0,설치·정비·생산직,기계 설치·정비·생산직,기계 조립원(운송장비 제외),기계 부품 조립원,8|81|816|8162,설치·정비·생산직|기계 설치·정비·생산직|기계 조립원(운송장비 제외)|기계 부품 조립원,0,True,KECO,2025 개정,2025-01-01,active,2026-03-11 04:54:09,8162,v2,2026-03-18,8,816,8162,8162
817,운송장비 조립원,small,3,81.0,운송장비 조립원,운송장비 조립원,8,81.0,817.0,,설치·정비·생산직,기계 설치·정비·생산직,운송장비 조립원,,8|81|817,설치·정비·생산직|기계 설치·정비·생산직|운송장비 조립원,3,False,KECO,2025 개정,2025-01-01,active,2026-03-11 04:54:09,817,v2,2026-03-18,8,817,817,
8171,자동차 조립원,detail,4,817.0,자동차 조립원,자동차 조립원,8,81.0,817.0,8171.0,설치·정비·생산직,기계 설치·정비·생산직,운송장비 조립원,자동차 조립원,8|81|817|8171,설치·정비·생산직|기계 설치·정비·생산직|운송장비 조립원|자동차 조립원,0,True,KECO,2025 개정,2025-01-01,active,2026-03-11 04:54:09,8171,v2,2026-03-18,8,817,8171,8171
8172,자동차 부품 조립원,detail,4,817.0,자동차 부품 조립원,자동차 부품 조립원,8,81.0,817.0,8172.0,설치·정비·생산직,기계 설치·정비·생산직,운송장비 조립원,자동차 부품 조립원,8|81|817|8172,설치·정비·생산직|기계 설치·정비·생산직|운송장비 조립원|자동차 부품 조립원,0,True,KECO,2025 개정,2025-01-01,active,2026-03-11 04:54:09,8172,v2,2026-03-18,8,817,8172,8172
8173,운송장비 조립원,detail,4,817.0,운송장비 조립원,운송장비 조립원,8,81.0,817.0,8173.0,설치·정비·생산직,기계 설치·정비·생산직,운송장비 조립원,운송장비 조립원,8|81|817|8173,설치·정비·생산직|기계 설치·정비·생산직|운송장비 조립원|운송장비 조립원,0,True,KECO,2025 개정,2025-01-01,active,2026-03-11 04:54:09,8173,v2,2026-03-18,8,817,8173,8173
82,금속·재료 설치·정비·생산직(판금·단조·주조·용접·도장 등),middle,2,8.0,금속·재료 설치·정비·생산직(판금·단조·주조·용접·도장 등),금속·재료 설치·정비·생산직,8,82.0,,,설치·정비·생산직,금속·재료 설치·정비·생산직(판금·단조·주조·용접·도장 등),,,8|82,설치·정비·생산직|금속·재료 설치·정비·생산직(판금·단조·주조·용접·도장 등),6,False,KECO,2025 개정,2025-01-01,active,2026-03-11 04:54:09,82,v2,2026-03-18,8,82,,
821,금속관련 기계·설비 조작원,small,3,82.0,금속관련 기계·설비 조작원,금속관련 기계·설비 조작원,8,82.0,821.0,,설치·정비·생산직,금속·재료 설치·정비·생산직(판금·단조·주조·용접·도장 등),금속관련 기계·설비 조작원,,8|82|821,설치·정비·생산직|금속·재료 설치·정비·생산직(판금·단조·주조·용접·도장 등)|금속관련 기계·설비 조작원,2,False,KECO,2025 개정,2025-01-01,active,2026-03-11 04:54:09,821,v2,2026-03-18,8,821,821,
8211,금속가공 관련 제어 장치 조작원,detail,4,821.0,금속가공 관련 제어 장치 조작원,금속가공 관련 제어 장치 조작원,8,82.0,821.0,8211.0,설치·정비·생산직,금속·재료 설치·정비·생산직(판금·단조·주조·용접·도장 등),금속관련 기계·설비 조작원,금속가공 관련 제어 장치 조작원,8|82|821|8211,설치·정비·생산직|금속·재료 설치·정비·생산직(판금·단조·주조·용접·도장 등)|금속관련 기계·설비 조작원|금속가공 관련 제어 장치 조작원,0,True,KECO,2025 개정,2025-01-01,active,2026-03-11 04:54:09,8211,v2,2026-03-18,8,821,8211,8211
8212,금속가공 기계 조작원,detail,4,821.0,금속가공 기계 조작원,금속가공 기계 조작원,8,82.0,821.0,8212.0,설치·정비·생산직,금속·재료 설치·정비·생산직(판금·단조·주조·용접·도장 등),금속관련 기계·설비 조작원,금속가공 기계 조작원,8|82|821|8212,설치·정비·생산직|금속·재료 설치·정비·생산직(판금·단조·주조·용접·도장 등)|금속관련 기계·설비 조작원|금속가공 기계 조작원,0,True,KECO,2025 개정,2025-01-01,active,2026-03-11 04:54:09,8212,v2,2026-03-18,8,821,8212,8212
822,판금원 및 제관원,small,3,82.0,판금원 및 제관원,판금원 및 제관원,8,82.0,822.0,,설치·정비·생산직,금속·재료 설치·정비·생산직(판금·단조·주조·용접·도장 등),판금원 및 제관원,,8|82|822,설치·정비·생산직|금속·재료 설치·정비·생산직(판금·단조·주조·용접·도장 등)|판금원 및 제관원,4,False,KECO,2025 개정,2025-01-01,active,2026-03-11 04:54:09,822,v2,2026-03-18,8,822,822,
8221,판금원,detail,4,822.0,판금원,판금원,8,82.0,822.0,8221.0,설치·정비·생산직,금속·재료 설치·정비·생산직(판금·단조·주조·용접·도장 등),판금원 및 제관원,판금원,8|82|822|8221,설치·정비·생산직|금속·재료 설치·정비·생산직(판금·단조·주조·용접·도장 등)|판금원 및 제관원|판금원,0,True,KECO,2025 개정,2025-01-01,active,2026-03-11 04:54:09,8221,v2,2026-03-18,8,822,8221,8221
8222,판금기 조작원,detail,4,822.0,판금기 조작원,판금기 조작원,8,82.0,822.0,8222.0,설치·정비·생산직,금속·재료 설치·정비·생산직(판금·단조·주조·용접·도장 등),판금원 및 제관원,판금기 조작원,8|82|822|8222,설치·정비·생산직|금속·재료 설치·정비·생산직(판금·단조·주조·용접·도장 등)|판금원 및 제관원|판금기 조작원,0,True,KECO,2025 개정,2025-01-01,active,2026-03-11 04:54:09,8222,v2,2026-03-18,8,822,8222,8222
8223,제관원,detail,4,822.0,제관원,제관원,8,82.0,822.0,8223.0,설치·정비·생산직,금속·재료 설치·정비·생산직(판금·단조·주조·용접·도장 등),판금원 및 제관원,제관원,8|82|822|8223,설치·정비·생산직|금속·재료 설치·정비·생산직(판금·단조·주조·용접·도장 등)|판금원 및 제관원|제관원,0,True,KECO,2025 개정,2025-01-01,active,2026-03-11 04:54:09,8223,v2,2026-03-18,8,822,8223,8223
8224,제관기 조작원,detail,4,822.0,제관기 조작원,제관기 조작원,8,82.0,822.0,8224.0,설치·정비·생산직,금속·재료 설치·정비·생산직(판금·단조·주조·용접·도장 등),판금원 및 제관원,제관기 조작원,8|82|822|8224,설치·정비·생산직|금속·재료 설치·정비·생산직(판금·단조·주조·용접·도장 등)|판금원 및 제관원|제관기 조작원,0,True,KECO,2025 개정,2025-01-01,active,2026-03-11 04:54:09,8224,v2,2026-03-18,8,822,8224,8224
823,단조원 및 주조원,small,3,82.0,단조원 및 주조원,단조원 및 주조원,8,82.0,823.0,,설치·정비·생산직,금속·재료 설치·정비·생산직(판금·단조·주조·용접·도장 등),단조원 및 주조원,,8|82|823,설치·정비·생산직|금속·재료 설치·정비·생산직(판금·단조·주조·용접·도장 등)|단조원 및 주조원,4,False,KECO,2025 개정,2025-01-01,active,2026-03-11 04:54:09,823,v2,2026-03-18,8,823,823,
8231,단조원,detail,4,823.0,단조원,단조원,8,82.0,823.0,8231.0,설치·정비·생산직,금속·재료 설치·정비·생산직(판금·단조·주조·용접·도장 등),단조원 및 주조원,단조원,8|82|823|8231,설치·정비·생산직|금속·재료 설치·정비·생산직(판금·단조·주조·용접·도장 등)|단조원 및 주조원|단조원,0,True,KECO,2025 개정,2025-01-01,active,2026-03-11 04:54:09,8231,v2,2026-03-18,8,823,8231,8231
8232,단조기 조작원,detail,4,823.0,단조기 조작원,단조기 조작원,8,82.0,823.0,8232.0,설치·정비·생산직,금속·재료 설치·정비·생산직(판금·단조·주조·용접·도장 등),단조원 및 주조원,단조기 조작원,8|82|823|8232,설치·정비·생산직|금속·재료 설치·정비·생산직(판금·단조·주조·용접·도장 등)|단조원 및 주조원|단조기 조작원,0,True,KECO,2025 개정,2025-01-01,active,2026-03-11 04:54:09,8232,v2,2026-03-18,8,823,8232,8232
8233,주조원,detail,4,823.0,주조원,주조원,8,82.0,823.0,8233.0,설치·정비·생산직,금속·재료 설치·정비·생산직(판금·단조·주조·용접·도장 등),단조원 및 주조원,주조원,8|82|823|8233,설치·정비·생산직|금속·재료 설치·정비·생산직(판금·단조·주조·용접·도장 등)|단조원 및 주조원|주조원,0,True,KECO,2025 개정,2025-01-01,active,2026-03-11 04:54:09,8233,v2,2026-03-18,8,823,8233,8233
8234,주조기 조작원,detail,4,823.0,주조기 조작원,주조기 조작원,8,82.0,823.0,8234.0,설치·정비·생산직,금속·재료 설치·정비·생산직(판금·단조·주조·용접·도장 등),단조원 및 주조원,주조기 조작원,8|82|823|8234,설치·정비·생산직|금속·재료 설치·정비·생산직(판금·단조·주조·용접·도장 등)|단조원 및 주조원|주조기 조작원,0,True,KECO,2025 개정,2025-01-01,active,2026-03-11 04:54:09,8234,v2,2026-03-18,8,823,8234,8234
824,용접원 및 용접기 조작원,small,3,82.0,용접원 및 용접기 조작원,용접원 및 용접기 조작원,8,82.0,824.0,,설치·정비·생산직,금속·재료 설치·정비·생산직(판금·단조·주조·용접·도장 등),용접원 및 용접기 조작원,,8|82|824,설치·정비·생산직|금속·재료 설치·정비·생산직(판금·단조·주조·용접·도장 등)|용접원 및 용접기 조작원,2,False,KECO,2025 개정,2025-01-01,active,2026-03-11 04:54:09,824,v2,2026-03-18,8,824,824,
8241,용접원,detail,4,824.0,용접원,용접원,8,82.0,824.0,8241.0,설치·정비·생산직,금속·재료 설치·정비·생산직(판금·단조·주조·용접·도장 등),용접원 및 용접기 조작원,용접원,8|82|824|8241,설치·정비·생산직|금속·재료 설치·정비·생산직(판금·단조·주조·용접·도장 등)|용접원 및 용접기 조작원|용접원,0,True,KECO,2025 개정,2025-01-01,active,2026-03-11 04:54:09,8241,v2,2026-03-18,8,824,8241,8241
8242,용접기 조작원,detail,4,824.0,용접기 조작원,용접기 조작원,8,82.0,824.0,8242.0,설치·정비·생산직,금속·재료 설치·정비·생산직(판금·단조·주조·용접·도장 등),용접원 및 용접기 조작원,용접기 조작원,8|82|824|8242,설치·정비·생산직|금속·재료 설치·정비·생산직(판금·단조·주조·용접·도장 등)|용접원 및 용접기 조작원|용접기 조작원,0,True,KECO,2025 개정,2025-01-01,active,2026-03-11 04:54:09,8242,v2,2026-03-18,8,824,8242,8242
825,도장원 및 도금원,small,3,82.0,도장원 및 도금원,도장원 및 도금원,8,82.0,825.0,,설치·정비·생산직,금속·재료 설치·정비·생산직(판금·단조·주조·용접·도장 등),도장원 및 도금원,,8|82|825,설치·정비·생산직|금속·재료 설치·정비·생산직(판금·단조·주조·용접·도장 등)|도장원 및 도금원,2,False,KECO,2025 개정,2025-01-01,active,2026-03-11 04:54:09,825,v2,2026-03-18,8,825,825,
8251,도장기 조작원,detail,4,825.0,도장기 조작원,도장기 조작원,8,82.0,825.0,8251.0,설치·정비·생산직,금속·재료 설치·정비·생산직(판금·단조·주조·용접·도장 등),도장원 및 도금원,도장기 조작원,8|82|825|8251,설치·정비·생산직|금속·재료 설치·정비·생산직(판금·단조·주조·용접·도장 등)|도장원 및 도금원|도장기 조작원,0,True,KECO,2025 개정,2025-01-01,active,2026-03-11 04:54:09,8251,v2,2026-03-18,8,825,8251,8251
8252,도금 및 금속 분무기 조작원,detail,4,825.0,도금 및 금속 분무기 조작원,도금 및 금속 분무기 조작원,8,82.0,825.0,8252.0,설치·정비·생산직,금속·재료 설치·정비·생산직(판금·단조·주조·용접·도장 등),도장원 및 도금원,도금 및 금속 분무기 조작원,8|82|825|8252,설치·정비·생산직|금속·재료 설치·정비·생산직(판금·단조·주조·용접·도장 등)|도장원 및 도금원|도금 및 금속 분무기 조작원,0,True,KECO,2025 개정,2025-01-01,active,2026-03-11 04:54:09,8252,v2,2026-03-18,8,825,8252,8252
826,비금속제품 생산기계 조작원,small,3,82.0,비금속제품 생산기계 조작원,비금속제품 생산기계 조작원,8,82.0,826.0,,설치·정비·생산직,금속·재료 설치·정비·생산직(판금·단조·주조·용접·도장 등),비금속제품 생산기계 조작원,,8|82|826,설치·정비·생산직|금속·재료 설치·정비·생산직(판금·단조·주조·용접·도장 등)|비금속제품 생산기계 조작원,5,False,KECO,2025 개정,2025-01-01,active,2026-03-11 04:54:09,826,v2,2026-03-18,8,826,826,
8261,유리 제조 및 가공기 조작원,detail,4,826.0,유리 제조 및 가공기 조작원,유리 제조 및 가공기 조작원,8,82.0,826.0,8261.0,설치·정비·생산직,금속·재료 설치·정비·생산직(판금·단조·주조·용접·도장 등),비금속제품 생산기계 조작원,유리 제조 및 가공기 조작원,8|82|826|8261,설치·정비·생산직|금속·재료 설치·정비·생산직(판금·단조·주조·용접·도장 등)|비금속제품 생산기계 조작원|유리 제조 및 가공기 조작원,0,True,KECO,2025 개정,2025-01-01,active,2026-03-11 04:54:09,8261,v2,2026-03-18,8,826,8261,8261
8262,점토제품 생산기 조작원,detail,4,826.0,점토제품 생산기 조작원,점토제품 생산기 조작원,8,82.0,826.0,8262.0,설치·정비·생산직,금속·재료 설치·정비·생산직(판금·단조·주조·용접·도장 등),비금속제품 생산기계 조작원,점토제품 생산기 조작원,8|82|826|8262,설치·정비·생산직|금속·재료 설치·정비·생산직(판금·단조·주조·용접·도장 등)|비금속제품 생산기계 조작원|점토제품 생산기 조작원,0,True,KECO,2025 개정,2025-01-01,active,2026-03-11 04:54:09,8262,v2,2026-03-18,8,826,8262,8262
8263,시멘트 및 광물제품 제조기 조작원,detail,4,826.0,시멘트 및 광물제품 제조기 조작원,시멘트 및 광물제품 제조기 조작원,8,82.0,826.0,8263.0,설치·정비·생산직,금속·재료 설치·정비·생산직(판금·단조·주조·용접·도장 등),비금속제품 생산기계 조작원,시멘트 및 광물제품 제조기 조작원,8|82|826|8263,설치·정비·생산직|금속·재료 설치·정비·생산직(판금·단조·주조·용접·도장 등)|비금속제품 생산기계 조작원|시멘트 및 광물제품 제조기 조작원,0,True,KECO,2025 개정,2025-01-01,active,2026-03-11 04:54:09,8263,v2,2026-03-18,8,826,8263,8263
8264,광석 및 석제품 가공기 조작원,detail,4,826.0,광석 및 석제품 가공기 조작원,광석 및 석제품 가공기 조작원,8,82.0,826.0,8264.0,설치·정비·생산직,금속·재료 설치·정비·생산직(판금·단조·주조·용접·도장 등),비금속제품 생산기계 조작원,광석 및 석제품 가공기 조작원,8|82|826|8264,설치·정비·생산직|금속·재료 설치·정비·생산직(판금·단조·주조·용접·도장 등)|비금속제품 생산기계 조작원|광석 및 석제품 가공기 조작원,0,True,KECO,2025 개정,2025-01-01,active,2026-03-11 04:54:09,8264,v2,2026-03-18,8,826,8264,8264
8269,기타 비금속제품 관련 생산기 조작원,detail,4,826.0,기타 비금속제품 관련 생산기 조작원,기타 비금속제품 관련 생산기 조작원,8,82.0,826.0,8269.0,설치·정비·생산직,금속·재료 설치·정비·생산직(판금·단조·주조·용접·도장 등),비금속제품 생산기계 조작원,기타 비금속제품 관련 생산기 조작원,8|82|826|8269,설치·정비·생산직|금속·재료 설치·정비·생산직(판금·단조·주조·용접·도장 등)|비금속제품 생산기계 조작원|기타 비금속제품 관련 생산기 조작원,0,True,KECO,2025 개정,2025-01-01,active,2026-03-11 04:54:09,8269,v2,2026-03-18,8,826,8269,8269
83,전기·전자 설치·정비·생산직,middle,2,8.0,전기·전자 설치·정비·생산직,전기·전자 설치·정비·생산직,8,83.0,,,설치·정비·생산직,전기·전자 설치·정비·생산직,,,8|83,설치·정비·생산직|전기·전자 설치·정비·생산직,6,False,KECO,2025 개정,2025-01-01,active,2026-03-11 04:54:09,83,v2,2026-03-18,8,83,,
831,전기공,small,3,83.0,전기공,전기공,8,83.0,831.0,,설치·정비·생산직,전기·전자 설치·정비·생산직,전기공,,8|83|831,설치·정비·생산직|전기·전자 설치·정비·생산직|전기공,3,False,KECO,2025 개정,2025-01-01,active,2026-03-11 04:54:09,831,v2,2026-03-18,8,831,831,
8311,산업 전기공,detail,4,831.0,산업 전기공,산업 전기공,8,83.0,831.0,8311.0,설치·정비·생산직,전기·전자 설치·정비·생산직,전기공,산업 전기공,8|83|831|8311,설치·정비·생산직|전기·전자 설치·정비·생산직|전기공|산업 전기공,0,True,KECO,2025 개정,2025-01-01,active,2026-03-11 04:54:09,8311,v2,2026-03-18,8,831,8311,8311
8312,내선 전기공,detail,4,831.0,내선 전기공,내선 전기공,8,83.0,831.0,8312.0,설치·정비·생산직,전기·전자 설치·정비·생산직,전기공,내선 전기공,8|83|831|8312,설치·정비·생산직|전기·전자 설치·정비·생산직|전기공|내선 전기공,0,True,KECO,2025 개정,2025-01-01,active,2026-03-11 04:54:09,8312,v2,2026-03-18,8,831,8312,8312
8313,외선 전기공,detail,4,831.0,외선 전기공,외선 전기공,8,83.0,831.0,8313.0,설치·정비·생산직,전기·전자 설치·정비·생산직,전기공,외선 전기공,8|83|831|8313,설치·정비·생산직|전기·전자 설치·정비·생산직|전기공|외선 전기공,0,True,KECO,2025 개정,2025-01-01,active,2026-03-11 04:54:09,8313,v2,2026-03-18,8,831,8313,8313
832,전기·전자 기기 설치·수리원,small,3,83.0,전기·전자 기기 설치·수리원,전기·전자 기기 설치·수리원,8,83.0,832.0,,설치·정비·생산직,전기·전자 설치·정비·생산직,전기·전자 기기 설치·수리원,,8|83|832,설치·정비·생산직|전기·전자 설치·정비·생산직|전기·전자 기기 설치·수리원,3,False,KECO,2025 개정,2025-01-01,active,2026-03-11 04:54:09,832,v2,2026-03-18,8,832,832,
8321,사무용 전자기기 설치 및 수리원,detail,4,832.0,사무용 전자기기 설치 및 수리원,사무용 전자기기 설치 및 수리원,8,83.0,832.0,8321.0,설치·정비·생산직,전기·전자 설치·정비·생산직,전기·전자 기기 설치·수리원,사무용 전자기기 설치 및 수리원,8|83|832|8321,설치·정비·생산직|전기·전자 설치·정비·생산직|전기·전자 기기 설치·수리원|사무용 전자기기 설치 및 수리원,0,True,KECO,2025 개정,2025-01-01,active,2026-03-11 04:54:09,8321,v2,2026-03-18,8,832,8321,8321
8322,가전제품 설치 및 수리원,detail,4,832.0,가전제품 설치 및 수리원,가전제품 설치 및 수리원,8,83.0,832.0,8322.0,설치·정비·생산직,전기·전자 설치·정비·생산직,전기·전자 기기 설치·수리원,가전제품 설치 및 수리원,8|83|832|8322,설치·정비·생산직|전기·전자 설치·정비·생산직|전기·전자 기기 설치·수리원|가전제품 설치 및 수리원,0,True,KECO,2025 개정,2025-01-01,active,2026-03-11 04:54:09,8322,v2,2026-03-18,8,832,8322,8322
8329,기타 전기·전자기기 설치 및 수리원,detail,4,832.0,기타 전기·전자기기 설치 및 수리원,기타 전기·전자기기 설치 및 수리원,8,83.0,832.0,8329.0,설치·정비·생산직,전기·전자 설치·정비·생산직,전기·전자 기기 설치·수리원,기타 전기·전자기기 설치 및 수리원,8|83|832|8329,설치·정비·생산직|전기·전자 설치·정비·생산직|전기·전자 기기 설치·수리원|기타 전기·전자기기 설치 및 수리원,0,True,KECO,2025 개정,2025-01-01,active,2026-03-11 04:54:09,8329,v2,2026-03-18,8,832,8329,8329
833,발전·배전 장치 조작원,small,3,83.0,발전·배전 장치 조작원,발전·배전 장치 조작원,8,83.0,833.0,,설치·정비·생산직,전기·전자 설치·정비·생산직,발전·배전 장치 조작원,,8|83|833,설치·정비·생산직|전기·전자 설치·정비·생산직|발전·배전 장치 조작원,1,False,KECO,2025 개정,2025-01-01,active,2026-03-11 04:54:09,833,v2,2026-03-18,8,833,833,
8330,발전 및 배전 장치 조작원,detail,4,833.0,발전 및 배전 장치 조작원,발전 및 배전 장치 조작원,8,83.0,833.0,8330.0,설치·정비·생산직,전기·전자 설치·정비·생산직,발전·배전 장치 조작원,발전 및 배전 장치 조작원,8|83|833|8330,설치·정비·생산직|전기·전자 설치·정비·생산직|발전·배전 장치 조작원|발전 및 배전 장치 조작원,0,True,KECO,2025 개정,2025-01-01,active,2026-03-11 04:54:09,8330,v2,2026-03-18,8,833,8330,8330
834,전기·전자 설비 조작원,small,3,83.0,전기·전자 설비 조작원,전기·전자 설비 조작원,8,83.0,834.0,,설치·정비·생산직,전기·전자 설치·정비·생산직,전기·전자 설비 조작원,,8|83|834,설치·정비·생산직|전기·전자 설치·정비·생산직|전기·전자 설비 조작원,1,False,KECO,2025 개정,2025-01-01,active,2026-03-11 04:54:09,834,v2,2026-03-18,8,834,834,
8340,전기 및 전자설비 조작원,detail,4,834.0,전기 및 전자설비 조작원,전기 및 전자설비 조작원,8,83.0,834.0,8340.0,설치·정비·생산직,전기·전자 설치·정비·생산직,전기·전자 설비 조작원,전기 및 전자설비 조작원,8|83|834|8340,설치·정비·생산직|전기·전자 설치·정비·생산직|전기·전자 설비 조작원|전기 및 전자설비 조작원,0,True,KECO,2025 개정,2025-01-01,active,2026-03-11 04:54:09,8340,v2,2026-03-18,8,834,8340,8340
835,전기·전자 부품·제품 생산기계 조작원,small,3,83.0,전기·전자 부품·제품 생산기계 조작원,전기·전자 부품·제품 생산기계 조작원,8,83.0,835.0,,설치·정비·생산직,전기·전자 설치·정비·생산직,전기·전자 부품·제품 생산기계 조작원,,8|83|835,설치·정비·생산직|전기·전자 설치·정비·생산직|전기·전자 부품·제품 생산기계 조작원,3,False,KECO,2025 개정,2025-01-01,active,2026-03-11 04:54:09,835,v2,2026-03-18,8,835,835,
8351,전기 부품 및 제품 제조 기계 조작원,detail,4,835.0,전기 부품 및 제품 제조 기계 조작원,전기 부품 및 제품 제조 기계 조작원,8,83.0,835.0,8351.0,설치·정비·생산직,전기·전자 설치·정비·생산직,전기·전자 부품·제품 생산기계 조작원,전기 부품 및 제품 제조 기계 조작원,8|83|835|8351,설치·정비·생산직|전기·전자 설치·정비·생산직|전기·전자 부품·제품 생산기계 조작원|전기 부품 및 제품 제조 기계 조작원,0,True,KECO,2025 개정,2025-01-01,active,2026-03-11 04:54:09,8351,v2,2026-03-18,8,835,8351,8351
8352,일차전지 및 이차전지 제조 기계 조작원,detail,4,835.0,일차전지 및 이차전지 제조 기계 조작원,일차전지 및 이차전지 제조 기계 조작원,8,83.0,835.0,8352.0,설치·정비·생산직,전기·전자 설치·정비·생산직,전기·전자 부품·제품 생산기계 조작원,일차전지 및 이차전지 제조 기계 조작원,8|83|835|8352,설치·정비·생산직|전기·전자 설치·정비·생산직|전기·전자 부품·제품 생산기계 조작원|일차전지 및 이차전지 제조 기계 조작원,0,True,KECO,2025 개정,2025-01-01,active,2026-03-11 04:54:09,8352,v2,2026-03-18,8,835,8352,8352
8353,전자 부품 및 제품 제조 기계 조작원,detail,4,835.0,전자 부품 및 제품 제조 기계 조작원,전자 부품 및 제품 제조 기계 조작원,8,83.0,835.0,8353.0,설치·정비·생산직,전기·전자 설치·정비·생산직,전기·전자 부품·제품 생산기계 조작원,전자 부품 및 제품 제조 기계 조작원,8|83|835|8353,설치·정비·생산직|전기·전자 설치·정비·생산직|전기·전자 부품·제품 생산기계 조작원|전자 부품 및 제품 제조 기계 조작원,0,True,KECO,2025 개정,2025-01-01,active,2026-03-11 04:54:09,8353,v2,2026-03-18,8,835,8353,8353
836,전기·전자 부품·제품 조립원,small,3,83.0,전기·전자 부품·제품 조립원,전기·전자 부품·제품 조립원,8,83.0,836.0,,설치·정비·생산직,전기·전자 설치·정비·생산직,전기·전자 부품·제품 조립원,,8|83|836,설치·정비·생산직|전기·전자 설치·정비·생산직|전기·전자 부품·제품 조립원,1,False,KECO,2025 개정,2025-01-01,active,2026-03-11 04:54:09,836,v2,2026-03-18,8,836,836,
8360,전기·전자 부품 및 제품 조립원,detail,4,836.0,전기·전자 부품 및 제품 조립원,전기·전자 부품 및 제품 조립원,8,83.0,836.0,8360.0,설치·정비·생산직,전기·전자 설치·정비·생산직,전기·전자 부품·제품 조립원,전기·전자 부품 및 제품 조립원,8|83|836|8360,설치·정비·생산직|전기·전자 설치·정비·생산직|전기·전자 부품·제품 조립원|전기·전자 부품 및 제품 조립원,0,True,KECO,2025 개정,2025-01-01,active,2026-03-11 04:54:09,8360,v2,2026-03-18,8,836,8360,8360
84,정보통신 설치·정비직,middle,2,8.0,정보통신 설치·정비직,정보통신 설치·정비직,8,84.0,,,설치·정비·생산직,정보통신 설치·정비직,,,8|84,설치·정비·생산직|정보통신 설치·정비직,2,False,KECO,2025 개정,2025-01-01,active,2026-03-11 04:54:09,84,v2,2026-03-18,8,84,,
841,정보통신기기 설치·수리원,small,3,84.0,정보통신기기 설치·수리원,정보통신기기 설치·수리원,8,84.0,841.0,,설치·정비·생산직,정보통신 설치·정비직,정보통신기기 설치·수리원,,8|84|841,설치·정비·생산직|정보통신 설치·정비직|정보통신기기 설치·수리원,3,False,KECO,2025 개정,2025-01-01,active,2026-03-11 04:54:09,841,v2,2026-03-18,8,841,841,
8411,컴퓨터 설치 및 수리원,detail,4,841.0,컴퓨터 설치 및 수리원,컴퓨터 설치 및 수리원,8,84.0,841.0,8411.0,설치·정비·생산직,정보통신 설치·정비직,정보통신기기 설치·수리원,컴퓨터 설치 및 수리원,8|84|841|8411,설치·정비·생산직|정보통신 설치·정비직|정보통신기기 설치·수리원|컴퓨터 설치 및 수리원,0,True,KECO,2025 개정,2025-01-01,active,2026-03-11 04:54:09,8411,v2,2026-03-18,8,841,8411,8411
8412,이동전화기 수리원,detail,4,841.0,이동전화기 수리원,이동전화기 수리원,8,84.0,841.0,8412.0,설치·정비·생산직,정보통신 설치·정비직,정보통신기기 설치·수리원,이동전화기 수리원,8|84|841|8412,설치·정비·생산직|정보통신 설치·정비직|정보통신기기 설치·수리원|이동전화기 수리원,0,True,KECO,2025 개정,2025-01-01,active,2026-03-11 04:54:09,8412,v2,2026-03-18,8,841,8412,8412
8419,기타 정보 통신기기 설치 및 수리원,detail,4,841.0,기타 정보 통신기기 설치 및 수리원,기타 정보 통신기기 설치 및 수리원,8,84.0,841.0,8419.0,설치·정비·생산직,정보통신 설치·정비직,정보통신기기 설치·수리원,기타 정보 통신기기 설치 및 수리원,8|84|841|8419,설치·정비·생산직|정보통신 설치·정비직|정보통신기기 설치·수리원|기타 정보 통신기기 설치 및 수리원,0,True,KECO,2025 개정,2025-01-01,active,2026-03-11 04:54:09,8419,v2,2026-03-18,8,841,8419,8419
842,방송·통신장비 설치·수리원,small,3,84.0,방송·통신장비 설치·수리원,방송·통신장비 설치·수리원,8,84.0,842.0,,설치·정비·생산직,정보통신 설치·정비직,방송·통신장비 설치·수리원,,8|84|842,설치·정비·생산직|정보통신 설치·정비직|방송·통신장비 설치·수리원,3,False,KECO,2025 개정,2025-01-01,active,2026-03-11 04:54:09,842,v2,2026-03-18,8,842,842,
8421,방송 관련 장비 설치 및 수리원,detail,4,842.0,방송 관련 장비 설치 및 수리원,방송 관련 장비 설치 및 수리원,8,84.0,842.0,8421.0,설치·정비·생산직,정보통신 설치·정비직,방송·통신장비 설치·수리원,방송 관련 장비 설치 및 수리원,8|84|842|8421,설치·정비·생산직|정보통신 설치·정비직|방송·통신장비 설치·수리원|방송 관련 장비 설치 및 수리원,0,True,KECO,2025 개정,2025-01-01,active,2026-03-11 04:54:09,8421,v2,2026-03-18,8,842,8421,8421
8422,통신 관련 장비 설치 및 수리원,detail,4,842.0,통신 관련 장비 설치 및 수리원,통신 관련 장비 설치 및 수리원,8,84.0,842.0,8422.0,설치·정비·생산직,정보통신 설치·정비직,방송·통신장비 설치·수리원,통신 관련 장비 설치 및 수리원,8|84|842|8422,설치·정비·생산직|정보통신 설치·정비직|방송·통신장비 설치·수리원|통신 관련 장비 설치 및 수리원,0,True,KECO,2025 개정,2025-01-01,active,2026-03-11 04:54:09,8422,v2,2026-03-18,8,842,8422,8422
8423,방송·통신·인터넷 케이블 설치 및 수리원,detail,4,842.0,방송·통신·인터넷 케이블 설치 및 수리원,방송·통신·인터넷 케이블 설치 및 수리원,8,84.0,842.0,8423.0,설치·정비·생산직,정보통신 설치·정비직,방송·통신장비 설치·수리원,방송·통신·인터넷 케이블 설치 및 수리원,8|84|842|8423,설치·정비·생산직|정보통신 설치·정비직|방송·통신장비 설치·수리원|방송·통신·인터넷 케이블 설치 및 수리원,0,True,KECO,2025 개정,2025-01-01,active,2026-03-11 04:54:09,8423,v2,2026-03-18,8,842,8423,8423
85,화학·환경 설치·정비·생산직,middle,2,8.0,화학·환경 설치·정비·생산직,화학·환경 설치·정비·생산직,8,85.0,,,설치·정비·생산직,화학·환경 설치·정비·생산직,,,8|85,설치·정비·생산직|화학·환경 설치·정비·생산직,3,False,KECO,2025 개정,2025-01-01,active,2026-03-11 04:54:09,85,v2,2026-03-18,8,85,,
851,석유·화학물 가공장치 조작원,small,3,85.0,석유·화학물 가공장치 조작원,석유·화학물 가공장치 조작원,8,85.0,851.0,,설치·정비·생산직,화학·환경 설치·정비·생산직,석유·화학물 가공장치 조작원,,8|85|851,설치·정비·생산직|화학·환경 설치·정비·생산직|석유·화학물 가공장치 조작원,3,False,KECO,2025 개정,2025-01-01,active,2026-03-11 04:54:09,851,v2,2026-03-18,8,851,851,
8511,석유 및 천연가스 제조 관련 제어 장치 조작원,detail,4,851.0,석유 및 천연가스 제조 관련 제어 장치 조작원,석유 및 천연가스 제조 관련 제어 장치 조작원,8,85.0,851.0,8511.0,설치·정비·생산직,화학·환경 설치·정비·생산직,석유·화학물 가공장치 조작원,석유 및 천연가스 제조 관련 제어 장치 조작원,8|85|851|8511,설치·정비·생산직|화학·환경 설치·정비·생산직|석유·화학물 가공장치 조작원|석유 및 천연가스 제조 관련 제어 장치 조작원,0,True,KECO,2025 개정,2025-01-01,active,2026-03-11 04:54:09,8511,v2,2026-03-18,8,851,8511,8511
8512,화학물 가공 장치 조작원,detail,4,851.0,화학물 가공 장치 조작원,화학물 가공 장치 조작원,8,85.0,851.0,8512.0,설치·정비·생산직,화학·환경 설치·정비·생산직,석유·화학물 가공장치 조작원,화학물 가공 장치 조작원,8|85|851|8512,설치·정비·생산직|화학·환경 설치·정비·생산직|석유·화학물 가공장치 조작원|화학물 가공 장치 조작원,0,True,KECO,2025 개정,2025-01-01,active,2026-03-11 04:54:09,8512,v2,2026-03-18,8,851,8512,8512
8519,기타 석유 및 화학물 가공 장치 조작원,detail,4,851.0,기타 석유 및 화학물 가공 장치 조작원,기타 석유 및 화학물 가공 장치 조작원,8,85.0,851.0,8519.0,설치·정비·생산직,화학·환경 설치·정비·생산직,석유·화학물 가공장치 조작원,기타 석유 및 화학물 가공 장치 조작원,8|85|851|8519,설치·정비·생산직|화학·환경 설치·정비·생산직|석유·화학물 가공장치 조작원|기타 석유 및 화학물 가공 장치 조작원,0,True,KECO,2025 개정,2025-01-01,active,2026-03-11 04:54:09,8519,v2,2026-03-18,8,851,8519,8519
852,고무·플라스틱 및 화학제품 생산기계 조작원 및 조립원,small,3,85.0,고무·플라스틱 및 화학제품 생산기계 조작원 및 조립원,고무·플라스틱 및 화학제품 생산기계 조작원 및 조립원,8,85.0,852.0,,설치·정비·생산직,화학·환경 설치·정비·생산직,고무·플라스틱 및 화학제품 생산기계 조작원 및 조립원,,8|85|852,설치·정비·생산직|화학·환경 설치·정비·생산직|고무·플라스틱 및 화학제품 생산기계 조작원 및 조립원,4,False,KECO,2025 개정,2025-01-01,active,2026-03-11 04:54:09,852,v2,2026-03-18,8,852,852,
8521,타이어 및 고무제품 생산기 조작원,detail,4,852.0,타이어 및 고무제품 생산기 조작원,타이어 및 고무제품 생산기 조작원,8,85.0,852.0,8521.0,설치·정비·생산직,화학·환경 설치·정비·생산직,고무·플라스틱 및 화학제품 생산기계 조작원 및 조립원,타이어 및 고무제품 생산기 조작원,8|85|852|8521,설치·정비·생산직|화학·환경 설치·정비·생산직|고무·플라스틱 및 화학제품 생산기계 조작원 및 조립원|타이어 및 고무제품 생산기 조작원,0,True,KECO,2025 개정,2025-01-01,active,2026-03-11 04:54:09,8521,v2,2026-03-18,8,852,8521,8521
8522,플라스틱제품 생산기 조작원,detail,4,852.0,플라스틱제품 생산기 조작원,플라스틱제품 생산기 조작원,8,85.0,852.0,8522.0,설치·정비·생산직,화학·환경 설치·정비·생산직,고무·플라스틱 및 화학제품 생산기계 조작원 및 조립원,플라스틱제품 생산기 조작원,8|85|852|8522,설치·정비·생산직|화학·환경 설치·정비·생산직|고무·플라스틱 및 화학제품 생산기계 조작원 및 조립원|플라스틱제품 생산기 조작원,0,True,KECO,2025 개정,2025-01-01,active,2026-03-11 04:54:09,8522,v2,2026-03-18,8,852,8522,8522
8523,화학제품 생산기 조작원,detail,4,852.0,화학제품 생산기 조작원,화학제품 생산기 조작원,8,85.0,852.0,8523.0,설치·정비·생산직,화학·환경 설치·정비·생산직,고무·플라스틱 및 화학제품 생산기계 조작원 및 조립원,화학제품 생산기 조작원,8|85|852|8523,설치·정비·생산직|화학·환경 설치·정비·생산직|고무·플라스틱 및 화학제품 생산기계 조작원 및 조립원|화학제품 생산기 조작원,0,True,KECO,2025 개정,2025-01-01,active,2026-03-11 04:54:09,8523,v2,2026-03-18,8,852,8523,8523
8524,고무 및 플라스틱제품 조립원,detail,4,852.0,고무 및 플라스틱제품 조립원,고무 및 플라스틱제품 조립원,8,85.0,852.0,8524.0,설치·정비·생산직,화학·환경 설치·정비·생산직,고무·플라스틱 및 화학제품 생산기계 조작원 및 조립원,고무 및 플라스틱제품 조립원,8|85|852|8524,설치·정비·생산직|화학·환경 설치·정비·생산직|고무·플라스틱 및 화학제품 생산기계 조작원 및 조립원|고무 및 플라스틱제품 조립원,0,True,KECO,2025 개정,2025-01-01,active,2026-03-11 04:54:09,8524,v2,2026-03-18,8,852,8524,8524
853,환경관련 장치 조작원,small,3,85.0,환경관련 장치 조작원,환경관련 장치 조작원,8,85.0,853.0,,설치·정비·생산직,화학·환경 설치·정비·생산직,환경관련 장치 조작원,,8|85|853,설치·정비·생산직|화학·환경 설치·정비·생산직|환경관련 장치 조작원,2,False,KECO,2025 개정,2025-01-01,active,2026-03-11 04:54:09,853,v2,2026-03-18,8,853,853,
8531,상하수도 처리 장치 조작원,detail,4,853.0,상하수도 처리 장치 조작원,상하수도 처리 장치 조작원,8,85.0,853.0,8531.0,설치·정비·생산직,화학·환경 설치·정비·생산직,환경관련 장치 조작원,상하수도 처리 장치 조작원,8|85|853|8531,설치·정비·생산직|화학·환경 설치·정비·생산직|환경관련 장치 조작원|상하수도 처리 장치 조작원,0,True,KECO,2025 개정,2025-01-01,active,2026-03-11 04:54:09,8531,v2,2026-03-18,8,853,8531,8531
8532,재활용 처리 및 소각로 조작원,detail,4,853.0,재활용 처리 및 소각로 조작원,재활용 처리 및 소각로 조작원,8,85.0,853.0,8532.0,설치·정비·생산직,화학·환경 설치·정비·생산직,환경관련 장치 조작원,재활용 처리 및 소각로 조작원,8|85|853|8532,설치·정비·생산직|화학·환경 설치·정비·생산직|환경관련 장치 조작원|재활용 처리 및 소각로 조작원,0,True,KECO,2025 개정,2025-01-01,active,2026-03-11 04:54:09,8532,v2,2026-03-18,8,853,8532,8532
86,섬유·의복 생산직,middle,2,8.0,섬유·의복 생산직,섬유·의복 생산직,8,86.0,,,설치·정비·생산직,섬유·의복 생산직,,,8|86,설치·정비·생산직|섬유·의복 생산직,4,False,KECO,2025 개정,2025-01-01,active,2026-03-11 04:54:09,86,v2,2026-03-18,8,86,,
861,섬유 제조·가공 기계 조작원,small,3,86.0,섬유 제조·가공 기계 조작원,섬유 제조·가공 기계 조작원,8,86.0,861.0,,설치·정비·생산직,섬유·의복 생산직,섬유 제조·가공 기계 조작원,,8|86|861,설치·정비·생산직|섬유·의복 생산직|섬유 제조·가공 기계 조작원,3,False,KECO,2025 개정,2025-01-01,active,2026-03-11 04:54:09,861,v2,2026-03-18,8,861,861,
8611,섬유 제조 기계 조작원,detail,4,861.0,섬유 제조 기계 조작원,섬유 제조 기계 조작원,8,86.0,861.0,8611.0,설치·정비·생산직,섬유·의복 생산직,섬유 제조·가공 기계 조작원,섬유 제조 기계 조작원,8|86|861|8611,설치·정비·생산직|섬유·의복 생산직|섬유 제조·가공 기계 조작원|섬유 제조 기계 조작원,0,True,KECO,2025 개정,2025-01-01,active,2026-03-11 04:54:09,8611,v2,2026-03-18,8,861,8611,8611
8612,직조기 및 편직기 조작원,detail,4,861.0,직조기 및 편직기 조작원,직조기 및 편직기 조작원,8,86.0,861.0,8612.0,설치·정비·생산직,섬유·의복 생산직,섬유 제조·가공 기계 조작원,직조기 및 편직기 조작원,8|86|861|8612,설치·정비·생산직|섬유·의복 생산직|섬유 제조·가공 기계 조작원|직조기 및 편직기 조작원,0,True,KECO,2025 개정,2025-01-01,active,2026-03-11 04:54:09,8612,v2,2026-03-18,8,861,8612,8612
8613,표백 및 염색 관련 기계 조작원,detail,4,861.0,표백 및 염색 관련 기계 조작원,표백 및 염색 관련 기계 조작원,8,86.0,861.0,8613.0,설치·정비·생산직,섬유·의복 생산직,섬유 제조·가공 기계 조작원,표백 및 염색 관련 기계 조작원,8|86|861|8613,설치·정비·생산직|섬유·의복 생산직|섬유 제조·가공 기계 조작원|표백 및 염색 관련 기계 조작원,0,True,KECO,2025 개정,2025-01-01,active,2026-03-11 04:54:09,8613,v2,2026-03-18,8,861,8613,8613
862,"패턴사, 재단사 및 재봉사",small,3,86.0,"패턴사, 재단사 및 재봉사","패턴사, 재단사 및 재봉사",8,86.0,862.0,,설치·정비·생산직,섬유·의복 생산직,"패턴사, 재단사 및 재봉사",,8|86|862,"설치·정비·생산직|섬유·의복 생산직|패턴사, 재단사 및 재봉사",4,False,KECO,2025 개정,2025-01-01,active,2026-03-11 04:54:09,862,v2,2026-03-18,8,862,862,
8621,패턴사,detail,4,862.0,패턴사,패턴사,8,86.0,862.0,8621.0,설치·정비·생산직,섬유·의복 생산직,"패턴사, 재단사 및 재봉사",패턴사,8|86|862|8621,"설치·정비·생산직|섬유·의복 생산직|패턴사, 재단사 및 재봉사|패턴사",0,True,KECO,2025 개정,2025-01-01,active,2026-03-11 04:54:09,8621,v2,2026-03-18,8,862,8621,8621
8622,재단사,detail,4,862.0,재단사,재단사,8,86.0,862.0,8622.0,설치·정비·생산직,섬유·의복 생산직,"패턴사, 재단사 및 재봉사",재단사,8|86|862|8622,"설치·정비·생산직|섬유·의복 생산직|패턴사, 재단사 및 재봉사|재단사",0,True,KECO,2025 개정,2025-01-01,active,2026-03-11 04:54:09,8622,v2,2026-03-18,8,862,8622,8622
8623,재봉사,detail,4,862.0,재봉사,재봉사,8,86.0,862.0,8623.0,설치·정비·생산직,섬유·의복 생산직,"패턴사, 재단사 및 재봉사",재봉사,8|86|862|8623,"설치·정비·생산직|섬유·의복 생산직|패턴사, 재단사 및 재봉사|재봉사",0,True,KECO,2025 개정,2025-01-01,active,2026-03-11 04:54:09,8623,v2,2026-03-18,8,862,8623,8623
8629,기타 섬유 및 가죽 관련 기능 종사원,detail,4,862.0,기타 섬유 및 가죽 관련 기능 종사원,기타 섬유 및 가죽 관련 기능 종사원,8,86.0,862.0,8629.0,설치·정비·생산직,섬유·의복 생산직,"패턴사, 재단사 및 재봉사",기타 섬유 및 가죽 관련 기능 종사원,8|86|862|8629,"설치·정비·생산직|섬유·의복 생산직|패턴사, 재단사 및 재봉사|기타 섬유 및 가죽 관련 기능 종사원",0,True,KECO,2025 개정,2025-01-01,active,2026-03-11 04:54:09,8629,v2,2026-03-18,8,862,8629,8629
863,의복 제조원 및 수선원,small,3,86.0,의복 제조원 및 수선원,의복 제조원 및 수선원,8,86.0,863.0,,설치·정비·생산직,섬유·의복 생산직,의복 제조원 및 수선원,,8|86|863,설치·정비·생산직|섬유·의복 생산직|의복 제조원 및 수선원,5,False,KECO,2025 개정,2025-01-01,active,2026-03-11 04:54:09,863,v2,2026-03-18,8,863,863,
8631,한복 제조원,detail,4,863.0,한복 제조원,한복 제조원,8,86.0,863.0,8631.0,설치·정비·생산직,섬유·의복 생산직,의복 제조원 및 수선원,한복 제조원,8|86|863|8631,설치·정비·생산직|섬유·의복 생산직|의복 제조원 및 수선원|한복 제조원,0,True,KECO,2025 개정,2025-01-01,active,2026-03-11 04:54:09,8631,v2,2026-03-18,8,863,8631,8631
8632,양장 및 양복 제조원,detail,4,863.0,양장 및 양복 제조원,양장 및 양복 제조원,8,86.0,863.0,8632.0,설치·정비·생산직,섬유·의복 생산직,의복 제조원 및 수선원,양장 및 양복 제조원,8|86|863|8632,설치·정비·생산직|섬유·의복 생산직|의복 제조원 및 수선원|양장 및 양복 제조원,0,True,KECO,2025 개정,2025-01-01,active,2026-03-11 04:54:09,8632,v2,2026-03-18,8,863,8632,8632
8633,모피 및 가죽 의복 제조원,detail,4,863.0,모피 및 가죽 의복 제조원,모피 및 가죽 의복 제조원,8,86.0,863.0,8633.0,설치·정비·생산직,섬유·의복 생산직,의복 제조원 및 수선원,모피 및 가죽 의복 제조원,8|86|863|8633,설치·정비·생산직|섬유·의복 생산직|의복 제조원 및 수선원|모피 및 가죽 의복 제조원,0,True,KECO,2025 개정,2025-01-01,active,2026-03-11 04:54:09,8633,v2,2026-03-18,8,863,8633,8633
8634,의복·가죽 및 모피 수선원,detail,4,863.0,의복·가죽 및 모피 수선원,의복·가죽 및 모피 수선원,8,86.0,863.0,8634.0,설치·정비·생산직,섬유·의복 생산직,의복 제조원 및 수선원,의복·가죽 및 모피 수선원,8|86|863|8634,설치·정비·생산직|섬유·의복 생산직|의복 제조원 및 수선원|의복·가죽 및 모피 수선원,0,True,KECO,2025 개정,2025-01-01,active,2026-03-11 04:54:09,8634,v2,2026-03-18,8,863,8634,8634
8639,기타 의복 제조 관련 기능 종사원,detail,4,863.0,기타 의복 제조 관련 기능 종사원,기타 의복 제조 관련 기능 종사원,8,86.0,863.0,8639.0,설치·정비·생산직,섬유·의복 생산직,의복 제조원 및 수선원,기타 의복 제조 관련 기능 종사원,8|86|863|8639,설치·정비·생산직|섬유·의복 생산직|의복 제조원 및 수선원|기타 의복 제조 관련 기능 종사원,0,True,KECO,2025 개정,2025-01-01,active,2026-03-11 04:54:09,8639,v2,2026-03-18,8,863,8639,8639
864,"제화원, 기타 섬유·의복 기계 조작원 및 조립원",small,3,86.0,"제화원, 기타 섬유·의복 기계 조작원 및 조립원","제화원, 기타 섬유·의복 기계 조작원 및 조립원",8,86.0,864.0,,설치·정비·생산직,섬유·의복 생산직,"제화원, 기타 섬유·의복 기계 조작원 및 조립원",,8|86|864,"설치·정비·생산직|섬유·의복 생산직|제화원, 기타 섬유·의복 기계 조작원 및 조립원",4,False,KECO,2025 개정,2025-01-01,active,2026-03-11 04:54:09,864,v2,2026-03-18,8,864,864,
8641,제화원,detail,4,864.0,제화원,제화원,8,86.0,864.0,8641.0,설치·정비·생산직,섬유·의복 생산직,"제화원, 기타 섬유·의복 기계 조작원 및 조립원",제화원,8|86|864|8641,"설치·정비·생산직|섬유·의복 생산직|제화원, 기타 섬유·의복 기계 조작원 및 조립원|제화원",0,True,KECO,2025 개정,2025-01-01,active,2026-03-11 04:54:09,8641,v2,2026-03-18,8,864,8641,8641
8642,신발 제조기 조작원,detail,4,864.0,신발 제조기 조작원,신발 제조기 조작원,8,86.0,864.0,8642.0,설치·정비·생산직,섬유·의복 생산직,"제화원, 기타 섬유·의복 기계 조작원 및 조립원",신발 제조기 조작원,8|86|864|8642,"설치·정비·생산직|섬유·의복 생산직|제화원, 기타 섬유·의복 기계 조작원 및 조립원|신발 제조기 조작원",0,True,KECO,2025 개정,2025-01-01,active,2026-03-11 04:54:09,8642,v2,2026-03-18,8,864,8642,8642
8643,세탁 기계 조작원,detail,4,864.0,세탁 기계 조작원,세탁 기계 조작원,8,86.0,864.0,8643.0,설치·정비·생산직,섬유·의복 생산직,"제화원, 기타 섬유·의복 기계 조작원 및 조립원",세탁 기계 조작원,8|86|864|8643,"설치·정비·생산직|섬유·의복 생산직|제화원, 기타 섬유·의복 기계 조작원 및 조립원|세탁 기계 조작원",0,True,KECO,2025 개정,2025-01-01,active,2026-03-11 04:54:09,8643,v2,2026-03-18,8,864,8643,8643
8649,기타 직물·신발 관련 기계 조작원,detail,4,864.0,기타 직물·신발 관련 기계 조작원,기타 직물·신발 관련 기계 조작원,8,86.0,864.0,8649.0,설치·정비·생산직,섬유·의복 생산직,"제화원, 기타 섬유·의복 기계 조작원 및 조립원",기타 직물·신발 관련 기계 조작원,8|86|864|8649,"설치·정비·생산직|섬유·의복 생산직|제화원, 기타 섬유·의복 기계 조작원 및 조립원|기타 직물·신발 관련 기계 조작원",0,True,KECO,2025 개정,2025-01-01,active,2026-03-11 04:54:09,8649,v2,2026-03-18,8,864,8649,8649
87,식품 가공·생산직,middle,2,8.0,식품 가공·생산직,식품 가공·생산직,8,87.0,,,설치·정비·생산직,식품 가공·생산직,,,8|87,설치·정비·생산직|식품 가공·생산직,3,False,KECO,2025 개정,2025-01-01,active,2026-03-11 04:54:09,87,v2,2026-03-18,8,87,,
871,제과·제빵원 및 떡 제조원,small,3,87.0,제과·제빵원 및 떡 제조원,제과·제빵원 및 떡 제조원,8,87.0,871.0,,설치·정비·생산직,식품 가공·생산직,제과·제빵원 및 떡 제조원,,8|87|871,설치·정비·생산직|식품 가공·생산직|제과·제빵원 및 떡 제조원,2,False,KECO,2025 개정,2025-01-01,active,2026-03-11 04:54:09,871,v2,2026-03-18,8,871,871,
8711,제과원 및 제빵사,detail,4,871.0,제과원 및 제빵사,제과원 및 제빵사,8,87.0,871.0,8711.0,설치·정비·생산직,식품 가공·생산직,제과·제빵원 및 떡 제조원,제과원 및 제빵사,8|87|871|8711,설치·정비·생산직|식품 가공·생산직|제과·제빵원 및 떡 제조원|제과원 및 제빵사,0,True,KECO,2025 개정,2025-01-01,active,2026-03-11 04:54:09,8711,v2,2026-03-18,8,871,8711,8711
8712,떡 제조원,detail,4,871.0,떡 제조원,떡 제조원,8,87.0,871.0,8712.0,설치·정비·생산직,식품 가공·생산직,제과·제빵원 및 떡 제조원,떡 제조원,8|87|871|8712,설치·정비·생산직|식품 가공·생산직|제과·제빵원 및 떡 제조원|떡 제조원,0,True,KECO,2025 개정,2025-01-01,active,2026-03-11 04:54:09,8712,v2,2026-03-18,8,871,8712,8712
872,식품 가공 기능원,small,3,87.0,식품 가공 기능원,식품 가공 기능원,8,87.0,872.0,,설치·정비·생산직,식품 가공·생산직,식품 가공 기능원,,8|87|872,설치·정비·생산직|식품 가공·생산직|식품 가공 기능원,5,False,KECO,2025 개정,2025-01-01,active,2026-03-11 04:54:09,872,v2,2026-03-18,8,872,872,
8721,정육 가공원 및 도축원,detail,4,872.0,정육 가공원 및 도축원,정육 가공원 및 도축원,8,87.0,872.0,8721.0,설치·정비·생산직,식품 가공·생산직,식품 가공 기능원,정육 가공원 및 도축원,8|87|872|8721,설치·정비·생산직|식품 가공·생산직|식품 가공 기능원|정육 가공원 및 도축원,0,True,KECO,2025 개정,2025-01-01,active,2026-03-11 04:54:09,8721,v2,2026-03-18,8,872,8721,8721
8722,김치 및 밑반찬 제조 종사원,detail,4,872.0,김치 및 밑반찬 제조 종사원,김치 및 밑반찬 제조 종사원,8,87.0,872.0,8722.0,설치·정비·생산직,식품 가공·생산직,식품 가공 기능원,김치 및 밑반찬 제조 종사원,8|87|872|8722,설치·정비·생산직|식품 가공·생산직|식품 가공 기능원|김치 및 밑반찬 제조 종사원,0,True,KECO,2025 개정,2025-01-01,active,2026-03-11 04:54:09,8722,v2,2026-03-18,8,872,8722,8722
8723,도시락 제조원,detail,4,872.0,도시락 제조원,도시락 제조원,8,87.0,872.0,8723.0,설치·정비·생산직,식품 가공·생산직,식품 가공 기능원,도시락 제조원,8|87|872|8723,설치·정비·생산직|식품 가공·생산직|식품 가공 기능원|도시락 제조원,0,True,KECO,2025 개정,2025-01-01,active,2026-03-11 04:54:09,8723,v2,2026-03-18,8,872,8723,8723
8724,식품 및 담배 등급원,detail,4,872.0,식품 및 담배 등급원,식품 및 담배 등급원,8,87.0,872.0,8724.0,설치·정비·생산직,식품 가공·생산직,식품 가공 기능원,식품 및 담배 등급원,8|87|872|8724,설치·정비·생산직|식품 가공·생산직|식품 가공 기능원|식품 및 담배 등급원,0,True,KECO,2025 개정,2025-01-01,active,2026-03-11 04:54:09,8724,v2,2026-03-18,8,872,8724,8724
8729,기타 식품 가공 관련 기능 종사원,detail,4,872.0,기타 식품 가공 관련 기능 종사원,기타 식품 가공 관련 기능 종사원,8,87.0,872.0,8729.0,설치·정비·생산직,식품 가공·생산직,식품 가공 기능원,기타 식품 가공 관련 기능 종사원,8|87|872|8729,설치·정비·생산직|식품 가공·생산직|식품 가공 기능원|기타 식품 가공 관련 기능 종사원,0,True,KECO,2025 개정,2025-01-01,active,2026-03-11 04:54:09,8729,v2,2026-03-18,8,872,8729,8729
873,식품 가공 기계 조작원,small,3,87.0,식품 가공 기계 조작원,식품 가공 기계 조작원,8,87.0,873.0,,설치·정비·생산직,식품 가공·생산직,식품 가공 기계 조작원,,8|87|873,설치·정비·생산직|식품 가공·생산직|식품 가공 기계 조작원,6,False,KECO,2025 개정,2025-01-01,active,2026-03-11 04:54:09,873,v2,2026-03-18,8,873,873,
8731,육류·어패류 및 낙농품 가공 기계 조작원,detail,4,873.0,육류·어패류 및 낙농품 가공 기계 조작원,육류·어패류 및 낙농품 가공 기계 조작원,8,87.0,873.0,8731.0,설치·정비·생산직,식품 가공·생산직,식품 가공 기계 조작원,육류·어패류 및 낙농품 가공 기계 조작원,8|87|873|8731,설치·정비·생산직|식품 가공·생산직|식품 가공 기계 조작원|육류·어패류 및 낙농품 가공 기계 조작원,0,True,KECO,2025 개정,2025-01-01,active,2026-03-11 04:54:09,8731,v2,2026-03-18,8,873,8731,8731
8732,제분 및 도정 관련 기계 조작원,detail,4,873.0,제분 및 도정 관련 기계 조작원,제분 및 도정 관련 기계 조작원,8,87.0,873.0,8732.0,설치·정비·생산직,식품 가공·생산직,식품 가공 기계 조작원,제분 및 도정 관련 기계 조작원,8|87|873|8732,설치·정비·생산직|식품 가공·생산직|식품 가공 기계 조작원|제분 및 도정 관련 기계 조작원,0,True,KECO,2025 개정,2025-01-01,active,2026-03-11 04:54:09,8732,v2,2026-03-18,8,873,8732,8732
8733,곡물가공 제품 기계 조작원,detail,4,873.0,곡물가공 제품 기계 조작원,곡물가공 제품 기계 조작원,8,87.0,873.0,8733.0,설치·정비·생산직,식품 가공·생산직,식품 가공 기계 조작원,곡물가공 제품 기계 조작원,8|87|873|8733,설치·정비·생산직|식품 가공·생산직|식품 가공 기계 조작원|곡물가공 제품 기계 조작원,0,True,KECO,2025 개정,2025-01-01,active,2026-03-11 04:54:09,8733,v2,2026-03-18,8,873,8733,8733
8734,과실 및 채소가공 관련 기계 조작원,detail,4,873.0,과실 및 채소가공 관련 기계 조작원,과실 및 채소가공 관련 기계 조작원,8,87.0,873.0,8734.0,설치·정비·생산직,식품 가공·생산직,식품 가공 기계 조작원,과실 및 채소가공 관련 기계 조작원,8|87|873|8734,설치·정비·생산직|식품 가공·생산직|식품 가공 기계 조작원|과실 및 채소가공 관련 기계 조작원,0,True,KECO,2025 개정,2025-01-01,active,2026-03-11 04:54:09,8734,v2,2026-03-18,8,873,8734,8734
8735,음료 제조 관련 기계 조작원,detail,4,873.0,음료 제조 관련 기계 조작원,음료 제조 관련 기계 조작원,8,87.0,873.0,8735.0,설치·정비·생산직,식품 가공·생산직,식품 가공 기계 조작원,음료 제조 관련 기계 조작원,8|87|873|8735,설치·정비·생산직|식품 가공·생산직|식품 가공 기계 조작원|음료 제조 관련 기계 조작원,0,True,KECO,2025 개정,2025-01-01,active,2026-03-11 04:54:09,8735,v2,2026-03-18,8,873,8735,8735
8739,기타 식품가공 관련 기계 조작원,detail,4,873.0,기타 식품가공 관련 기계 조작원,기타 식품가공 관련 기계 조작원,8,87.0,873.0,8739.0,설치·정비·생산직,식품 가공·생산직,식품 가공 기계 조작원,기타 식품가공 관련 기계 조작원,8|87|873|8739,설치·정비·생산직|식품 가공·생산직|식품 가공 기계 조작원|기타 식품가공 관련 기계 조작원,0,True,KECO,2025 개정,2025-01-01,active,2026-03-11 04:54:09,8739,v2,2026-03-18,8,873,8739,8739
88,인쇄·목재·공예 및 기타 설치·정비·생산직,middle,2,8.0,인쇄·목재·공예 및 기타 설치·정비·생산직,인쇄·목재·공예 및 기타 설치·정비·생산직,8,88.0,,,설치·정비·생산직,인쇄·목재·공예 및 기타 설치·정비·생산직,,,8|88,설치·정비·생산직|인쇄·목재·공예 및 기타 설치·정비·생산직,5,False,KECO,2025 개정,2025-01-01,active,2026-03-11 04:54:09,88,v2,2026-03-18,8,88,,
881,인쇄기계·사진현상기 조작원,small,3,88.0,인쇄기계·사진현상기 조작원,인쇄기계·사진현상기 조작원,8,88.0,881.0,,설치·정비·생산직,인쇄·목재·공예 및 기타 설치·정비·생산직,인쇄기계·사진현상기 조작원,,8|88|881,설치·정비·생산직|인쇄·목재·공예 및 기타 설치·정비·생산직|인쇄기계·사진현상기 조작원,2,False,KECO,2025 개정,2025-01-01,active,2026-03-11 04:54:09,881,v2,2026-03-18,8,881,881,
8811,인쇄 관련 기계 조작원,detail,4,881.0,인쇄 관련 기계 조작원,인쇄 관련 기계 조작원,8,88.0,881.0,8811.0,설치·정비·생산직,인쇄·목재·공예 및 기타 설치·정비·생산직,인쇄기계·사진현상기 조작원,인쇄 관련 기계 조작원,8|88|881|8811,설치·정비·생산직|인쇄·목재·공예 및 기타 설치·정비·생산직|인쇄기계·사진현상기 조작원|인쇄 관련 기계 조작원,0,True,KECO,2025 개정,2025-01-01,active,2026-03-11 04:54:09,8811,v2,2026-03-18,8,881,8811,8811
8812,사진 인화 및 현상기 조작원,detail,4,881.0,사진 인화 및 현상기 조작원,사진 인화 및 현상기 조작원,8,88.0,881.0,8812.0,설치·정비·생산직,인쇄·목재·공예 및 기타 설치·정비·생산직,인쇄기계·사진현상기 조작원,사진 인화 및 현상기 조작원,8|88|881|8812,설치·정비·생산직|인쇄·목재·공예 및 기타 설치·정비·생산직|인쇄기계·사진현상기 조작원|사진 인화 및 현상기 조작원,0,True,KECO,2025 개정,2025-01-01,active,2026-03-11 04:54:09,8812,v2,2026-03-18,8,881,8812,8812
882,목재·펄프·종이 생산기계 조작원,small,3,88.0,목재·펄프·종이 생산기계 조작원,목재·펄프·종이 생산기계 조작원,8,88.0,882.0,,설치·정비·생산직,인쇄·목재·공예 및 기타 설치·정비·생산직,목재·펄프·종이 생산기계 조작원,,8|88|882,설치·정비·생산직|인쇄·목재·공예 및 기타 설치·정비·생산직|목재·펄프·종이 생산기계 조작원,4,False,KECO,2025 개정,2025-01-01,active,2026-03-11 04:54:09,882,v2,2026-03-18,8,882,882,
8821,목재 가공 관련 기계 조작원,detail,4,882.0,목재 가공 관련 기계 조작원,목재 가공 관련 기계 조작원,8,88.0,882.0,8821.0,설치·정비·생산직,인쇄·목재·공예 및 기타 설치·정비·생산직,목재·펄프·종이 생산기계 조작원,목재 가공 관련 기계 조작원,8|88|882|8821,설치·정비·생산직|인쇄·목재·공예 및 기타 설치·정비·생산직|목재·펄프·종이 생산기계 조작원|목재 가공 관련 기계 조작원,0,True,KECO,2025 개정,2025-01-01,active,2026-03-11 04:54:09,8821,v2,2026-03-18,8,882,8821,8821
8822,펄프 및 종이 제조 장치 조작원,detail,4,882.0,펄프 및 종이 제조 장치 조작원,펄프 및 종이 제조 장치 조작원,8,88.0,882.0,8822.0,설치·정비·생산직,인쇄·목재·공예 및 기타 설치·정비·생산직,목재·펄프·종이 생산기계 조작원,펄프 및 종이 제조 장치 조작원,8|88|882|8822,설치·정비·생산직|인쇄·목재·공예 및 기타 설치·정비·생산직|목재·펄프·종이 생산기계 조작원|펄프 및 종이 제조 장치 조작원,0,True,KECO,2025 개정,2025-01-01,active,2026-03-11 04:54:09,8822,v2,2026-03-18,8,882,8822,8822
8823,종이제품 생산기 조작원,detail,4,882.0,종이제품 생산기 조작원,종이제품 생산기 조작원,8,88.0,882.0,8823.0,설치·정비·생산직,인쇄·목재·공예 및 기타 설치·정비·생산직,목재·펄프·종이 생산기계 조작원,종이제품 생산기 조작원,8|88|882|8823,설치·정비·생산직|인쇄·목재·공예 및 기타 설치·정비·생산직|목재·펄프·종이 생산기계 조작원|종이제품 생산기 조작원,0,True,KECO,2025 개정,2025-01-01,active,2026-03-11 04:54:09,8823,v2,2026-03-18,8,882,8823,8823
8829,기타 목재 및 종이 관련 기계 조작원,detail,4,882.0,기타 목재 및 종이 관련 기계 조작원,기타 목재 및 종이 관련 기계 조작원,8,88.0,882.0,8829.0,설치·정비·생산직,인쇄·목재·공예 및 기타 설치·정비·생산직,목재·펄프·종이 생산기계 조작원,기타 목재 및 종이 관련 기계 조작원,8|88|882|8829,설치·정비·생산직|인쇄·목재·공예 및 기타 설치·정비·생산직|목재·펄프·종이 생산기계 조작원|기타 목재 및 종이 관련 기계 조작원,0,True,KECO,2025 개정,2025-01-01,active,2026-03-11 04:54:09,8829,v2,2026-03-18,8,882,8829,8829
883,가구·목제품 제조·수리원,small,3,88.0,가구·목제품 제조·수리원,가구·목제품 제조·수리원,8,88.0,883.0,,설치·정비·생산직,인쇄·목재·공예 및 기타 설치·정비·생산직,가구·목제품 제조·수리원,,8|88|883,설치·정비·생산직|인쇄·목재·공예 및 기타 설치·정비·생산직|가구·목제품 제조·수리원,3,False,KECO,2025 개정,2025-01-01,active,2026-03-11 04:54:09,883,v2,2026-03-18,8,883,883,
8831,가구 제조 및 수리원,detail,4,883.0,가구 제조 및 수리원,가구 제조 및 수리원,8,88.0,883.0,8831.0,설치·정비·생산직,인쇄·목재·공예 및 기타 설치·정비·생산직,가구·목제품 제조·수리원,가구 제조 및 수리원,8|88|883|8831,설치·정비·생산직|인쇄·목재·공예 및 기타 설치·정비·생산직|가구·목제품 제조·수리원|가구 제조 및 수리원,0,True,KECO,2025 개정,2025-01-01,active,2026-03-11 04:54:09,8831,v2,2026-03-18,8,883,8831,8831
8832,가구 조립원,detail,4,883.0,가구 조립원,가구 조립원,8,88.0,883.0,8832.0,설치·정비·생산직,인쇄·목재·공예 및 기타 설치·정비·생산직,가구·목제품 제조·수리원,가구 조립원,8|88|883|8832,설치·정비·생산직|인쇄·목재·공예 및 기타 설치·정비·생산직|가구·목제품 제조·수리원|가구 조립원,0,True,KECO,2025 개정,2025-01-01,active,2026-03-11 04:54:09,8832,v2,2026-03-18,8,883,8832,8832
8833,목제품 제조 관련 종사원,detail,4,883.0,목제품 제조 관련 종사원,목제품 제조 관련 종사원,8,88.0,883.0,8833.0,설치·정비·생산직,인쇄·목재·공예 및 기타 설치·정비·생산직,가구·목제품 제조·수리원,목제품 제조 관련 종사원,8|88|883|8833,설치·정비·생산직|인쇄·목재·공예 및 기타 설치·정비·생산직|가구·목제품 제조·수리원|목제품 제조 관련 종사원,0,True,KECO,2025 개정,2025-01-01,active,2026-03-11 04:54:09,8833,v2,2026-03-18,8,883,8833,8833
884,공예원 및 귀금속세공원,small,3,88.0,공예원 및 귀금속세공원,공예원 및 귀금속세공원,8,88.0,884.0,,설치·정비·생산직,인쇄·목재·공예 및 기타 설치·정비·생산직,공예원 및 귀금속세공원,,8|88|884,설치·정비·생산직|인쇄·목재·공예 및 기타 설치·정비·생산직|공예원 및 귀금속세공원,2,False,KECO,2025 개정,2025-01-01,active,2026-03-11 04:54:09,884,v2,2026-03-18,8,884,884,
8841,공예원,detail,4,884.0,공예원,공예원,8,88.0,884.0,8841.0,설치·정비·생산직,인쇄·목재·공예 및 기타 설치·정비·생산직,공예원 및 귀금속세공원,공예원,8|88|884|8841,설치·정비·생산직|인쇄·목재·공예 및 기타 설치·정비·생산직|공예원 및 귀금속세공원|공예원,0,True,KECO,2025 개정,2025-01-01,active,2026-03-11 04:54:09,8841,v2,2026-03-18,8,884,8841,8841
8842,귀금속 및 보석 세공원,detail,4,884.0,귀금속 및 보석 세공원,귀금속 및 보석 세공원,8,88.0,884.0,8842.0,설치·정비·생산직,인쇄·목재·공예 및 기타 설치·정비·생산직,공예원 및 귀금속세공원,귀금속 및 보석 세공원,8|88|884|8842,설치·정비·생산직|인쇄·목재·공예 및 기타 설치·정비·생산직|공예원 및 귀금속세공원|귀금속 및 보석 세공원,0,True,KECO,2025 개정,2025-01-01,active,2026-03-11 04:54:09,8842,v2,2026-03-18,8,884,8842,8842
885,악기·간판 및 기타 제조 종사자,small,3,88.0,악기·간판 및 기타 제조 종사자,악기·간판 및 기타 제조 종사자,8,88.0,885.0,,설치·정비·생산직,인쇄·목재·공예 및 기타 설치·정비·생산직,악기·간판 및 기타 제조 종사자,,8|88|885,설치·정비·생산직|인쇄·목재·공예 및 기타 설치·정비·생산직|악기·간판 및 기타 제조 종사자,4,False,KECO,2025 개정,2025-01-01,active,2026-03-11 04:54:09,885,v2,2026-03-18,8,885,885,
8851,악기 제조 및 조율사,detail,4,885.0,악기 제조 및 조율사,악기 제조 및 조율사,8,88.0,885.0,8851.0,설치·정비·생산직,인쇄·목재·공예 및 기타 설치·정비·생산직,악기·간판 및 기타 제조 종사자,악기 제조 및 조율사,8|88|885|8851,설치·정비·생산직|인쇄·목재·공예 및 기타 설치·정비·생산직|악기·간판 및 기타 제조 종사자|악기 제조 및 조율사,0,True,KECO,2025 개정,2025-01-01,active,2026-03-11 04:54:09,8851,v2,2026-03-18,8,885,8851,8851
8852,간판 제작 및 설치원,detail,4,885.0,간판 제작 및 설치원,간판 제작 및 설치원,8,88.0,885.0,8852.0,설치·정비·생산직,인쇄·목재·공예 및 기타 설치·정비·생산직,악기·간판 및 기타 제조 종사자,간판 제작 및 설치원,8|88|885|8852,설치·정비·생산직|인쇄·목재·공예 및 기타 설치·정비·생산직|악기·간판 및 기타 제조 종사자|간판 제작 및 설치원,0,True,KECO,2025 개정,2025-01-01,active,2026-03-11 04:54:09,8852,v2,2026-03-18,8,885,8852,8852
8853,기타 기능 관련 종사원,detail,4,885.0,기타 기능 관련 종사원,기타 기능 관련 종사원,8,88.0,885.0,8853.0,설치·정비·생산직,인쇄·목재·공예 및 기타 설치·정비·생산직,악기·간판 및 기타 제조 종사자,기타 기능 관련 종사원,8|88|885|8853,설치·정비·생산직|인쇄·목재·공예 및 기타 설치·정비·생산직|악기·간판 및 기타 제조 종사자|기타 기능 관련 종사원,0,True,KECO,2025 개정,2025-01-01,active,2026-03-11 04:54:09,8853,v2,2026-03-18,8,885,8853,8853
8859,기타 기계 조작원,detail,4,885.0,기타 기계 조작원,기타 기계 조작원,8,88.0,885.0,8859.0,설치·정비·생산직,인쇄·목재·공예 및 기타 설치·정비·생산직,악기·간판 및 기타 제조 종사자,기타 기계 조작원,8|88|885|8859,설치·정비·생산직|인쇄·목재·공예 및 기타 설치·정비·생산직|악기·간판 및 기타 제조 종사자|기타 기계 조작원,0,True,KECO,2025 개정,2025-01-01,active,2026-03-11 04:54:09,8859,v2,2026-03-18,8,885,8859,8859
89,제조 단순직,middle,2,8.0,제조 단순직,제조 단순직,8,89.0,,,설치·정비·생산직,제조 단순직,,,8|89,설치·정비·생산직|제조 단순직,1,False,KECO,2025 개정,2025-01-01,active,2026-03-11 04:54:09,89,v2,2026-03-18,8,89,,
890,제조 단순 종사자,small,3,89.0,제조 단순 종사자,제조 단순 종사자,8,89.0,890.0,,설치·정비·생산직,제조 단순직,제조 단순 종사자,,8|89|890,설치·정비·생산직|제조 단순직|제조 단순 종사자,1,False,KECO,2025 개정,2025-01-01,active,2026-03-11 04:54:09,890,v2,2026-03-18,8,890,890,
8900,기타 제조 관련 단순 종사원,detail,4,890.0,기타 제조 관련 단순 종사원,기타 제조 관련 단순 종사원,8,89.0,890.0,8900.0,설치·정비·생산직,제조 단순직,제조 단순 종사자,기타 제조 관련 단순 종사원,8|89|890|8900,설치·정비·생산직|제조 단순직|제조 단순 종사자|기타 제조 관련 단순 종사원,0,True,KECO,2025 개정,2025-01-01,active,2026-03-11 04:54:09,8900,v2,2026-03-18,8,890,8900,8900
9,농림어업직,major,1,,농림어업직,농림어업직,9,,,,농림어업직,,,,9,농림어업직,1,False,KECO,2025 개정,2025-01-01,active,2026-03-11 04:54:09,9,v2,2026-03-18,9,,,
90,농림어업직,middle,2,9.0,농림어업직,농림어업직,9,90.0,,,농림어업직,농림어업직,,,9|90,농림어업직|농림어업직,5,False,KECO,2025 개정,2025-01-01,active,2026-03-11 04:54:09,90,v2,2026-03-18,9,90,,
901,작물재배 종사자,small,3,90.0,작물재배 종사자,작물재배 종사자,9,90.0,901.0,,농림어업직,농림어업직,작물재배 종사자,,9|90|901,농림어업직|농림어업직|작물재배 종사자,5,False,KECO,2025 개정,2025-01-01,active,2026-03-11 04:54:09,901,v2,2026-03-18,9,901,901,
9011,곡식작물 재배원,detail,4,901.0,곡식작물 재배원,곡식작물 재배원,9,90.0,901.0,9011.0,농림어업직,농림어업직,작물재배 종사자,곡식작물 재배원,9|90|901|9011,농림어업직|농림어업직|작물재배 종사자|곡식작물 재배원,0,True,KECO,2025 개정,2025-01-01,active,2026-03-11 04:54:09,9011,v2,2026-03-18,9,901,9011,9011
9012,채소 및 특용작물 재배원,detail,4,901.0,채소 및 특용작물 재배원,채소 및 특용작물 재배원,9,90.0,901.0,9012.0,농림어업직,농림어업직,작물재배 종사자,채소 및 특용작물 재배원,9|90|901|9012,농림어업직|농림어업직|작물재배 종사자|채소 및 특용작물 재배원,0,True,KECO,2025 개정,2025-01-01,active,2026-03-11 04:54:09,9012,v2,2026-03-18,9,901,9012,9012
9013,과수작물 재배원,detail,4,901.0,과수작물 재배원,과수작물 재배원,9,90.0,901.0,9013.0,농림어업직,농림어업직,작물재배 종사자,과수작물 재배원,9|90|901|9013,농림어업직|농림어업직|작물재배 종사자|과수작물 재배원,0,True,KECO,2025 개정,2025-01-01,active,2026-03-11 04:54:09,9013,v2,2026-03-18,9,901,9013,9013
9014,원예작물 재배원,detail,4,901.0,원예작물 재배원,원예작물 재배원,9,90.0,901.0,9014.0,농림어업직,농림어업직,작물재배 종사자,원예작물 재배원,9|90|901|9014,농림어업직|농림어업직|작물재배 종사자|원예작물 재배원,0,True,KECO,2025 개정,2025-01-01,active,2026-03-11 04:54:09,9014,v2,2026-03-18,9,901,9014,9014
9015,조경원,detail,4,901.0,조경원,조경원,9,90.0,901.0,9015.0,농림어업직,농림어업직,작물재배 종사자,조경원,9|90|901|9015,농림어업직|농림어업직|작물재배 종사자|조경원,0,True,KECO,2025 개정,2025-01-01,active,2026-03-11 04:54:09,9015,v2,2026-03-18,9,901,9015,9015
902,낙농·사육 종사자,small,3,90.0,낙농·사육 종사자,낙농·사육 종사자,9,90.0,902.0,,농림어업직,농림어업직,낙농·사육 종사자,,9|90|902,농림어업직|농림어업직|낙농·사육 종사자,5,False,KECO,2025 개정,2025-01-01,active,2026-03-11 04:54:09,902,v2,2026-03-18,9,902,902,
9021,낙농 관련 종사원,detail,4,902.0,낙농 관련 종사원,낙농 관련 종사원,9,90.0,902.0,9021.0,농림어업직,농림어업직,낙농·사육 종사자,낙농 관련 종사원,9|90|902|9021,농림어업직|농림어업직|낙농·사육 종사자|낙농 관련 종사원,0,True,KECO,2025 개정,2025-01-01,active,2026-03-11 04:54:09,9021,v2,2026-03-18,9,902,9021,9021
9022,한우 및 육우 사육원,detail,4,902.0,한우 및 육우 사육원,한우 및 육우 사육원,9,90.0,902.0,9022.0,농림어업직,농림어업직,낙농·사육 종사자,한우 및 육우 사육원,9|90|902|9022,농림어업직|농림어업직|낙농·사육 종사자|한우 및 육우 사육원,0,True,KECO,2025 개정,2025-01-01,active,2026-03-11 04:54:09,9022,v2,2026-03-18,9,902,9022,9022
9023,돼지 사육원,detail,4,902.0,돼지 사육원,돼지 사육원,9,90.0,902.0,9023.0,농림어업직,농림어업직,낙농·사육 종사자,돼지 사육원,9|90|902|9023,농림어업직|농림어업직|낙농·사육 종사자|돼지 사육원,0,True,KECO,2025 개정,2025-01-01,active,2026-03-11 04:54:09,9023,v2,2026-03-18,9,902,9023,9023
9024,가금 사육원,detail,4,902.0,가금 사육원,가금 사육원,9,90.0,902.0,9024.0,농림어업직,농림어업직,낙농·사육 종사자,가금 사육원,9|90|902|9024,농림어업직|농림어업직|낙농·사육 종사자|가금 사육원,0,True,KECO,2025 개정,2025-01-01,active,2026-03-11 04:54:09,9024,v2,2026-03-18,9,902,9024,9024
9029,기타 축산 및 사육 관련 종사원,detail,4,902.0,기타 축산 및 사육 관련 종사원,기타 축산 및 사육 관련 종사원,9,90.0,902.0,9029.0,농림어업직,농림어업직,낙농·사육 종사자,기타 축산 및 사육 관련 종사원,9|90|902|9029,농림어업직|농림어업직|낙농·사육 종사자|기타 축산 및 사육 관련 종사원,0,True,KECO,2025 개정,2025-01-01,active,2026-03-11 04:54:09,9029,v2,2026-03-18,9,902,9029,9029
903,임업 종사자,small,3,90.0,임업 종사자,임업 종사자,9,90.0,903.0,,농림어업직,농림어업직,임업 종사자,,9|90|903,농림어업직|농림어업직|임업 종사자,2,False,KECO,2025 개정,2025-01-01,active,2026-03-11 04:54:09,903,v2,2026-03-18,9,903,903,
9031,조림·산림 경영인 및 벌목원,detail,4,903.0,조림·산림 경영인 및 벌목원,조림·산림 경영인 및 벌목원,9,90.0,903.0,9031.0,농림어업직,농림어업직,임업 종사자,조림·산림 경영인 및 벌목원,9|90|903|9031,농림어업직|농림어업직|임업 종사자|조림·산림 경영인 및 벌목원,0,True,KECO,2025 개정,2025-01-01,active,2026-03-11 04:54:09,9031,v2,2026-03-18,9,903,9031,9031
9039,기타 임업 관련 종사원,detail,4,903.0,기타 임업 관련 종사원,기타 임업 관련 종사원,9,90.0,903.0,9039.0,농림어업직,농림어업직,임업 종사자,기타 임업 관련 종사원,9|90|903|9039,농림어업직|농림어업직|임업 종사자|기타 임업 관련 종사원,0,True,KECO,2025 개정,2025-01-01,active,2026-03-11 04:54:09,9039,v2,2026-03-18,9,903,9039,9039
904,어업 종사자,small,3,90.0,어업 종사자,어업 종사자,9,90.0,904.0,,농림어업직,농림어업직,어업 종사자,,9|90|904,농림어업직|농림어업직|어업 종사자,2,False,KECO,2025 개정,2025-01-01,active,2026-03-11 04:54:09,904,v2,2026-03-18,9,904,904,
9041,양식원,detail,4,904.0,양식원,양식원,9,90.0,904.0,9041.0,농림어업직,농림어업직,어업 종사자,양식원,9|90|904|9041,농림어업직|농림어업직|어업 종사자|양식원,0,True,KECO,2025 개정,2025-01-01,active,2026-03-11 04:54:09,9041,v2,2026-03-18,9,904,9041,9041
9042,어부 및 해녀,detail,4,904.0,어부 및 해녀,어부 및 해녀,9,90.0,904.0,9042.0,농림어업직,농림어업직,어업 종사자,어부 및 해녀,9|90|904|9042,농림어업직|농림어업직|어업 종사자|어부 및 해녀,0,True,KECO,2025 개정,2025-01-01,active,2026-03-11 04:54:09,9042,v2,2026-03-18,9,904,9042,9042
905,농림어업 단순 종사자,small,3,90.0,농림어업 단순 종사자,농림어업 단순 종사자,9,90.0,905.0,,농림어업직,농림어업직,농림어업 단순 종사자,,9|90|905,농림어업직|농림어업직|농림어업 단순 종사자,3,False,KECO,2025 개정,2025-01-01,active,2026-03-11 04:54:09,905,v2,2026-03-18,9,905,905,
9051,농업 관련 단순 종사원,detail,4,905.0,농업 관련 단순 종사원,농업 관련 단순 종사원,9,90.0,905.0,9051.0,농림어업직,농림어업직,농림어업 단순 종사자,농업 관련 단순 종사원,9|90|905|9051,농림어업직|농림어업직|농림어업 단순 종사자|농업 관련 단순 종사원,0,True,KECO,2025 개정,2025-01-01,active,2026-03-11 04:54:09,9051,v2,2026-03-18,9,905,9051,9051
9052,임업 관련 단순 종사원,detail,4,905.0,임업 관련 단순 종사원,임업 관련 단순 종사원,9,90.0,905.0,9052.0,농림어업직,농림어업직,농림어업 단순 종사자,임업 관련 단순 종사원,9|90|905|9052,농림어업직|농림어업직|농림어업 단순 종사자|임업 관련 단순 종사원,0,True,KECO,2025 개정,2025-01-01,active,2026-03-11 04:54:09,9052,v2,2026-03-18,9,905,9052,9052
9053,어업 관련 단순 종사원,detail,4,905.0,어업 관련 단순 종사원,어업 관련 단순 종사원,9,90.0,905.0,9053.0,농림어업직,농림어업직,농림어업 단순 종사자,어업 관련 단순 종사원,9|90|905|9053,농림어업직|농림어업직|농림어업 단순 종사자|어업 관련 단순 종사원,0,True,KECO,2025 개정,2025-01-01,active,2026-03-11 04:54:09,9053,v2,2026-03-18,9,905,9053,9053
