display_role_id,display_role_name,job_family_id,market_frequency,is_active,mapping_source,review_status,created_at,updated_at,saramin_category,saramin_job_code,saramin_max_count,is_searchable
DR_00001,경영기획자,JF_STR_01,high,True,v10_saramin_based,confirmed,2026-03-16T23:15:25,2026-03-16T23:15:25,,,,
DR_00002,사업기획자,JF_STR_01,high,True,v10_saramin_based,confirmed,2026-03-16T23:15:25,2026-03-16T23:15:25,,,,
DR_00003,전략기획담당,JF_STR_01,medium,True,v10_saramin_based,confirmed,2026-03-16T23:15:25,2026-03-16T23:15:25,,,,
DR_00004,경영기획팀장,JF_STR_01,medium,True,v10_saramin_based,confirmed,2026-03-16T23:15:25,2026-03-16T23:15:25,,,,
DR_00005,사업개발담당,JF_STR_01,low,True,v10_saramin_based,confirmed,2026-03-16T23:15:25,2026-03-16T23:15:25,,,,
DR_00006,신사업기획자,JF_STR_01,low,True,v10_saramin_based,confirmed,2026-03-16T23:15:25,2026-03-16T23:15:25,,,,
DR_00007,BM분석가,JF_STR_01,low,True,v10_saramin_based,confirmed,2026-03-16T23:15:25,2026-03-16T23:15:25,,,,
DR_00008,경영컨설턴트,JF_STR_02,high,True,v10_saramin_based,confirmed,2026-03-16T23:15:25,2026-03-16T23:15:25,,,,
DR_00009,전략컨설턴트,JF_STR_02,high,True,v10_saramin_based,confirmed,2026-03-16T23:15:25,2026-03-16T23:15:25,,,,
DR_00010,비즈니스어드바이저,JF_STR_02,medium,True,v10_saramin_based,confirmed,2026-03-16T23:15:25,2026-03-16T23:15:25,,,,
DR_00011,경영자문위원,JF_STR_02,medium,True,v10_saramin_based,confirmed,2026-03-16T23:15:25,2026-03-16T23:15:25,,,,
DR_00012,기업진단전문가,JF_STR_02,low,True,v10_saramin_based,confirmed,2026-03-16T23:15:25,2026-03-16T23:15:25,,,,
DR_00013,프로젝트매니저,JF_STR_03,high,True,v10_saramin_based,confirmed,2026-03-16T23:15:25,2026-03-16T23:15:25,,,,
DR_00014,PMO담당,JF_STR_03,high,True,v10_saramin_based,confirmed,2026-03-16T23:15:25,2026-03-16T23:15:25,,,,
DR_00015,애자일코치,JF_STR_03,medium,True,v10_saramin_based,confirmed,2026-03-16T23:15:25,2026-03-16T23:15:25,,,,
DR_00016,스크럼마스터,JF_STR_03,medium,True,v10_saramin_based,confirmed,2026-03-16T23:15:25,2026-03-16T23:15:25,,,,
DR_00017,PjM,JF_STR_03,low,True,v10_saramin_based,confirmed,2026-03-16T23:15:25,2026-03-16T23:15:25,,,,
DR_00018,프로그램매니저,JF_STR_03,low,True,v10_saramin_based,confirmed,2026-03-16T23:15:25,2026-03-16T23:15:25,,,,
DR_00019,상품기획자,JF_STR_04,high,True,v10_saramin_based,confirmed,2026-03-16T23:15:25,2026-03-16T23:15:25,,,,
DR_00020,Product Owner,JF_STR_04,high,True,v10_saramin_based,confirmed,2026-03-16T23:15:25,2026-03-16T23:15:25,,,,
DR_00021,서비스기획자,JF_STR_04,medium,True,v10_saramin_based,confirmed,2026-03-16T23:15:25,2026-03-16T23:15:25,,,,
DR_00022,PM(ProductManager),JF_STR_04,medium,True,v10_saramin_based,confirmed,2026-03-16T23:15:25,2026-03-16T23:15:25,,,,
DR_00023,기획PM,JF_STR_04,low,True,v10_saramin_based,confirmed,2026-03-16T23:15:25,2026-03-16T23:15:25,,,,
DR_00024,플랫폼기획자,JF_STR_04,low,True,v10_saramin_based,confirmed,2026-03-16T23:15:25,2026-03-16T23:15:25,,,,
DR_00025,경영지원담당,JF_STR_05,high,True,v10_saramin_based,confirmed,2026-03-16T23:15:25,2026-03-16T23:15:25,,,,
DR_00026,사업관리담당,JF_STR_05,high,True,v10_saramin_based,confirmed,2026-03-16T23:15:25,2026-03-16T23:15:25,,,,
DR_00027,임원비서,JF_STR_05,medium,True,v10_saramin_based,confirmed,2026-03-16T23:15:25,2026-03-16T23:15:25,,,,
DR_00028,경영총괄지원,JF_STR_05,medium,True,v10_saramin_based,confirmed,2026-03-16T23:15:25,2026-03-16T23:15:25,,,,
DR_00029,사무국장,JF_STR_05,low,True,v10_saramin_based,confirmed,2026-03-16T23:15:25,2026-03-16T23:15:25,,,,
DR_00030,브랜드마케터,JF_MKT_01,high,True,v10_saramin_based,confirmed,2026-03-16T23:15:25,2026-03-16T23:15:25,,,,
DR_00031,브랜드매니저,JF_MKT_01,high,True,v10_saramin_based,confirmed,2026-03-16T23:15:25,2026-03-16T23:15:25,,,,
DR_00032,캠페인기획자,JF_MKT_01,medium,True,v10_saramin_based,confirmed,2026-03-16T23:15:25,2026-03-16T23:15:25,,,,
DR_00033,ATL마케터,JF_MKT_01,medium,True,v10_saramin_based,confirmed,2026-03-16T23:15:25,2026-03-16T23:15:25,,,,
DR_00034,마케팅매니저,JF_MKT_01,low,True,v10_saramin_based,confirmed,2026-03-16T23:15:25,2026-03-16T23:15:25,,,,
DR_00035,브랜드전략담당,JF_MKT_01,low,True,v10_saramin_based,confirmed,2026-03-16T23:15:25,2026-03-16T23:15:25,,,,
DR_00036,퍼포먼스마케터,JF_MKT_02,high,True,v10_saramin_based,confirmed,2026-03-16T23:15:25,2026-03-16T23:15:25,,,,
DR_00037,디지털마케터,JF_MKT_02,high,True,v10_saramin_based,confirmed,2026-03-16T23:15:25,2026-03-16T23:15:25,,,,
DR_00038,검색광고담당,JF_MKT_02,medium,True,v10_saramin_based,confirmed,2026-03-16T23:15:25,2026-03-16T23:15:25,,,,
DR_00039,SA/DA운영자,JF_MKT_02,medium,True,v10_saramin_based,confirmed,2026-03-16T23:15:25,2026-03-16T23:15:25,,,,
DR_00040,미디어바잉담당,JF_MKT_02,low,True,v10_saramin_based,confirmed,2026-03-16T23:15:25,2026-03-16T23:15:25,,,,
DR_00041,광고운영담당,JF_MKT_02,low,True,v10_saramin_based,confirmed,2026-03-16T23:15:25,2026-03-16T23:15:25,,,,
DR_00042,콘텐츠마케터,JF_MKT_03,high,True,v10_saramin_based,confirmed,2026-03-16T23:15:25,2026-03-16T23:15:25,,,,
DR_00043,SNS마케터,JF_MKT_03,high,True,v10_saramin_based,confirmed,2026-03-16T23:15:25,2026-03-16T23:15:25,,,,
DR_00044,콘텐츠에디터,JF_MKT_03,medium,True,v10_saramin_based,confirmed,2026-03-16T23:15:25,2026-03-16T23:15:25,,,,
DR_00045,소셜미디어담당,JF_MKT_03,medium,True,v10_saramin_based,confirmed,2026-03-16T23:15:25,2026-03-16T23:15:25,,,,
DR_00046,콘텐츠크리에이터,JF_MKT_03,low,True,v10_saramin_based,confirmed,2026-03-16T23:15:25,2026-03-16T23:15:25,,,,
DR_00047,블로그마케터,JF_MKT_03,low,True,v10_saramin_based,confirmed,2026-03-16T23:15:25,2026-03-16T23:15:25,,,,
DR_00048,CRM마케터,JF_MKT_04,high,True,v10_saramin_based,confirmed,2026-03-16T23:15:25,2026-03-16T23:15:25,,,,
DR_00049,그로스해커,JF_MKT_04,high,True,v10_saramin_based,confirmed,2026-03-16T23:15:25,2026-03-16T23:15:25,,,,
DR_00050,리텐션마케터,JF_MKT_04,medium,True,v10_saramin_based,confirmed,2026-03-16T23:15:25,2026-03-16T23:15:25,,,,
DR_00051,MAU담당,JF_MKT_04,medium,True,v10_saramin_based,confirmed,2026-03-16T23:15:25,2026-03-16T23:15:25,,,,
DR_00052,그로스매니저,JF_MKT_04,low,True,v10_saramin_based,confirmed,2026-03-16T23:15:25,2026-03-16T23:15:25,,,,
DR_00053,CRM전략담당,JF_MKT_04,low,True,v10_saramin_based,confirmed,2026-03-16T23:15:25,2026-03-16T23:15:25,,,,
DR_00054,온라인마케터,JF_MKT_05,high,True,v10_saramin_based,confirmed,2026-03-16T23:15:25,2026-03-16T23:15:25,,,,
DR_00055,이커머스마케터,JF_MKT_05,high,True,v10_saramin_based,confirmed,2026-03-16T23:15:25,2026-03-16T23:15:25,,,,
DR_00056,채널매니저,JF_MKT_05,medium,True,v10_saramin_based,confirmed,2026-03-16T23:15:25,2026-03-16T23:15:25,,,,
DR_00057,플랫폼마케터,JF_MKT_05,medium,True,v10_saramin_based,confirmed,2026-03-16T23:15:25,2026-03-16T23:15:25,,,,
DR_00058,D2C마케터,JF_MKT_05,low,True,v10_saramin_based,confirmed,2026-03-16T23:15:25,2026-03-16T23:15:25,,,,
DR_00059,PR매니저,JF_MKT_06,high,True,v10_saramin_based,confirmed,2026-03-16T23:15:25,2026-03-16T23:15:25,,,,
DR_00060,홍보담당,JF_MKT_06,high,True,v10_saramin_based,confirmed,2026-03-16T23:15:25,2026-03-16T23:15:25,,,,
DR_00061,언론홍보담당,JF_MKT_06,medium,True,v10_saramin_based,confirmed,2026-03-16T23:15:25,2026-03-16T23:15:25,,,,
DR_00062,대외협력담당,JF_MKT_06,medium,True,v10_saramin_based,confirmed,2026-03-16T23:15:25,2026-03-16T23:15:25,,,,
DR_00063,IR홍보담당,JF_MKT_06,low,True,v10_saramin_based,confirmed,2026-03-16T23:15:25,2026-03-16T23:15:25,,,,
DR_00064,위기커뮤니케이션담당,JF_MKT_06,low,True,v10_saramin_based,confirmed,2026-03-16T23:15:25,2026-03-16T23:15:25,,,,
DR_00065,AE(광고기획),JF_MKT_07,high,True,v10_saramin_based,confirmed,2026-03-16T23:15:25,2026-03-16T23:15:25,,,,
DR_00066,광고기획자,JF_MKT_07,high,True,v10_saramin_based,confirmed,2026-03-16T23:15:25,2026-03-16T23:15:25,,,,
DR_00067,마케팅기획자,JF_MKT_07,medium,True,v10_saramin_based,confirmed,2026-03-16T23:15:25,2026-03-16T23:15:25,,,,
DR_00068,크리에이티브디렉터,JF_MKT_07,medium,True,v10_saramin_based,confirmed,2026-03-16T23:15:25,2026-03-16T23:15:25,,,,
DR_00069,카피라이터,JF_MKT_07,low,True,v10_saramin_based,confirmed,2026-03-16T23:15:25,2026-03-16T23:15:25,,,,
DR_00070,CD(CreativeDirector),JF_MKT_07,low,True,v10_saramin_based,confirmed,2026-03-16T23:15:25,2026-03-16T23:15:25,,,,
DR_00071,마케팅리서처,JF_MKT_08,high,True,v10_saramin_based,confirmed,2026-03-16T23:15:25,2026-03-16T23:15:25,,,,
DR_00072,시장조사담당,JF_MKT_08,high,True,v10_saramin_based,confirmed,2026-03-16T23:15:25,2026-03-16T23:15:25,,,,
DR_00073,소비자인사이트분석가,JF_MKT_08,medium,True,v10_saramin_based,confirmed,2026-03-16T23:15:25,2026-03-16T23:15:25,,,,
DR_00074,리서치매니저,JF_MKT_08,medium,True,v10_saramin_based,confirmed,2026-03-16T23:15:25,2026-03-16T23:15:25,,,,
DR_00075,트렌드분석가,JF_MKT_08,low,True,v10_saramin_based,confirmed,2026-03-16T23:15:25,2026-03-16T23:15:25,,,,
DR_00076,MD(머천다이저),JF_MKT_09,high,True,v10_saramin_based,confirmed,2026-03-16T23:15:25,2026-03-16T23:15:25,,,,
DR_00077,바이어,JF_MKT_09,high,True,v10_saramin_based,confirmed,2026-03-16T23:15:25,2026-03-16T23:15:25,,,,
DR_00078,상품관리자,JF_MKT_09,medium,True,v10_saramin_based,confirmed,2026-03-16T23:15:25,2026-03-16T23:15:25,,,,
DR_00079,VMD,JF_MKT_09,medium,True,v10_saramin_based,confirmed,2026-03-16T23:15:25,2026-03-16T23:15:25,,,,
DR_00080,카테고리매니저,JF_MKT_09,low,True,v10_saramin_based,confirmed,2026-03-16T23:15:25,2026-03-16T23:15:25,,,,
DR_00081,바잉담당,JF_MKT_09,low,True,v10_saramin_based,confirmed,2026-03-16T23:15:25,2026-03-16T23:15:25,,,,
DR_00082,재무담당,JF_FIN_01,high,True,v10_saramin_based,confirmed,2026-03-16T23:15:25,2026-03-16T23:15:25,,,,
DR_00083,FP&A담당,JF_FIN_01,high,True,v10_saramin_based,confirmed,2026-03-16T23:15:25,2026-03-16T23:15:25,,,,
DR_00084,IR담당,JF_FIN_01,medium,True,v10_saramin_based,confirmed,2026-03-16T23:15:25,2026-03-16T23:15:25,,,,
DR_00085,재무기획자,JF_FIN_01,medium,True,v10_saramin_based,confirmed,2026-03-16T23:15:25,2026-03-16T23:15:25,,,,
DR_00086,CFO스태프,JF_FIN_01,low,True,v10_saramin_based,confirmed,2026-03-16T23:15:25,2026-03-16T23:15:25,,,,
DR_00087,자본시장담당,JF_FIN_01,low,True,v10_saramin_based,confirmed,2026-03-16T23:15:25,2026-03-16T23:15:25,,,,
DR_00088,회계사,JF_FIN_02,high,True,v10_saramin_based,confirmed,2026-03-16T23:15:25,2026-03-16T23:15:25,,,,
DR_00089,경리담당,JF_FIN_02,high,True,v10_saramin_based,confirmed,2026-03-16T23:15:25,2026-03-16T23:15:25,,,,
DR_00090,원가분석가,JF_FIN_02,medium,True,v10_saramin_based,confirmed,2026-03-16T23:15:25,2026-03-16T23:15:25,,,,
DR_00091,결산담당,JF_FIN_02,medium,True,v10_saramin_based,confirmed,2026-03-16T23:15:25,2026-03-16T23:15:25,,,,
DR_00092,재무회계담당,JF_FIN_02,low,True,v10_saramin_based,confirmed,2026-03-16T23:15:25,2026-03-16T23:15:25,,,,
DR_00093,공인회계사(CPA),JF_FIN_02,low,True,v10_saramin_based,confirmed,2026-03-16T23:15:25,2026-03-16T23:15:25,,,,
DR_00094,세무사,JF_FIN_03,high,True,v10_saramin_based,confirmed,2026-03-16T23:15:25,2026-03-16T23:15:25,,,,
DR_00095,세무담당,JF_FIN_03,high,True,v10_saramin_based,confirmed,2026-03-16T23:15:25,2026-03-16T23:15:25,,,,
DR_00096,내부감사,JF_FIN_03,medium,True,v10_saramin_based,confirmed,2026-03-16T23:15:25,2026-03-16T23:15:25,,,,
DR_00097,관세사,JF_FIN_03,medium,True,v10_saramin_based,confirmed,2026-03-16T23:15:25,2026-03-16T23:15:25,,,,
DR_00098,세무조정담당,JF_FIN_03,low,True,v10_saramin_based,confirmed,2026-03-16T23:15:25,2026-03-16T23:15:25,,,,
DR_00099,조세전략담당,JF_FIN_03,low,True,v10_saramin_based,confirmed,2026-03-16T23:15:25,2026-03-16T23:15:25,,,,
DR_00100,자금담당,JF_FIN_04,high,True,v10_saramin_based,confirmed,2026-03-16T23:15:25,2026-03-16T23:15:25,,,,
DR_00101,예산관리담당,JF_FIN_04,high,True,v10_saramin_based,confirmed,2026-03-16T23:15:25,2026-03-16T23:15:25,,,,
DR_00102,자금운용담당,JF_FIN_04,medium,True,v10_saramin_based,confirmed,2026-03-16T23:15:25,2026-03-16T23:15:25,,,,
DR_00103,현금흐름관리,JF_FIN_04,medium,True,v10_saramin_based,confirmed,2026-03-16T23:15:25,2026-03-16T23:15:25,,,,
DR_00104,재무운용담당,JF_FIN_04,low,True,v10_saramin_based,confirmed,2026-03-16T23:15:25,2026-03-16T23:15:25,,,,
DR_00105,HR담당,JF_HR_01,high,True,v10_saramin_based,confirmed,2026-03-16T23:15:25,2026-03-16T23:15:25,,,,
DR_00106,인사기획자,JF_HR_01,high,True,v10_saramin_based,confirmed,2026-03-16T23:15:25,2026-03-16T23:15:25,,,,
DR_00107,HR제너럴리스트,JF_HR_01,medium,True,v10_saramin_based,confirmed,2026-03-16T23:15:25,2026-03-16T23:15:25,,,,
DR_00108,인사팀장,JF_HR_01,medium,True,v10_saramin_based,confirmed,2026-03-16T23:15:25,2026-03-16T23:15:25,,,,
DR_00109,HR매니저,JF_HR_01,low,True,v10_saramin_based,confirmed,2026-03-16T23:15:25,2026-03-16T23:15:25,,,,
DR_00110,인사관리담당,JF_HR_01,low,True,v10_saramin_based,confirmed,2026-03-16T23:15:25,2026-03-16T23:15:25,,,,
DR_00111,채용담당,JF_HR_02,high,True,v10_saramin_based,confirmed,2026-03-16T23:15:25,2026-03-16T23:15:25,,,,
DR_00112,리크루터,JF_HR_02,high,True,v10_saramin_based,confirmed,2026-03-16T23:15:25,2026-03-16T23:15:25,,,,
DR_00113,TA(TalentAcquisition),JF_HR_02,medium,True,v10_saramin_based,confirmed,2026-03-16T23:15:25,2026-03-16T23:15:25,,,,
DR_00114,헤드헌터,JF_HR_02,medium,True,v10_saramin_based,confirmed,2026-03-16T23:15:25,2026-03-16T23:15:25,,,,
DR_00115,인재확보담당,JF_HR_02,low,True,v10_saramin_based,confirmed,2026-03-16T23:15:25,2026-03-16T23:15:25,,,,
DR_00116,채용매니저,JF_HR_02,low,True,v10_saramin_based,confirmed,2026-03-16T23:15:25,2026-03-16T23:15:25,,,,
DR_00117,평가보상담당,JF_HR_03,high,True,v10_saramin_based,confirmed,2026-03-16T23:15:25,2026-03-16T23:15:25,,,,
DR_00118,C&B매니저,JF_HR_03,high,True,v10_saramin_based,confirmed,2026-03-16T23:15:25,2026-03-16T23:15:25,,,,
DR_00119,HRBP,JF_HR_03,medium,True,v10_saramin_based,confirmed,2026-03-16T23:15:25,2026-03-16T23:15:25,,,,
DR_00120,급여담당,JF_HR_03,medium,True,v10_saramin_based,confirmed,2026-03-16T23:15:25,2026-03-16T23:15:25,,,,
DR_00121,성과관리담당,JF_HR_03,low,True,v10_saramin_based,confirmed,2026-03-16T23:15:25,2026-03-16T23:15:25,,,,
DR_00122,보상전략담당,JF_HR_03,low,True,v10_saramin_based,confirmed,2026-03-16T23:15:25,2026-03-16T23:15:25,,,,
DR_00123,조직개발담당,JF_HR_04,high,True,v10_saramin_based,confirmed,2026-03-16T23:15:25,2026-03-16T23:15:25,,,,
DR_00124,OD컨설턴트,JF_HR_04,high,True,v10_saramin_based,confirmed,2026-03-16T23:15:25,2026-03-16T23:15:25,,,,
DR_00125,조직문화담당,JF_HR_04,medium,True,v10_saramin_based,confirmed,2026-03-16T23:15:25,2026-03-16T23:15:25,,,,
DR_00126,변화관리담당,JF_HR_04,medium,True,v10_saramin_based,confirmed,2026-03-16T23:15:25,2026-03-16T23:15:25,,,,
DR_00127,조직설계담당,JF_HR_04,low,True,v10_saramin_based,confirmed,2026-03-16T23:15:25,2026-03-16T23:15:25,,,,
DR_00128,HRD담당,JF_HR_05,high,True,v10_saramin_based,confirmed,2026-03-16T23:15:25,2026-03-16T23:15:25,,,,
DR_00129,교육기획자,JF_HR_05,high,True,v10_saramin_based,confirmed,2026-03-16T23:15:25,2026-03-16T23:15:25,,,,
DR_00130,러닝디자이너,JF_HR_05,medium,True,v10_saramin_based,confirmed,2026-03-16T23:15:25,2026-03-16T23:15:25,,,,
DR_00131,사내강사,JF_HR_05,medium,True,v10_saramin_based,confirmed,2026-03-16T23:15:25,2026-03-16T23:15:25,,,,
DR_00132,L&D매니저,JF_HR_05,low,True,v10_saramin_based,confirmed,2026-03-16T23:15:25,2026-03-16T23:15:25,,,,
DR_00133,역량개발담당,JF_HR_05,low,True,v10_saramin_based,confirmed,2026-03-16T23:15:25,2026-03-16T23:15:25,,,,
DR_00134,노무담당,JF_HR_06,high,True,v10_saramin_based,confirmed,2026-03-16T23:15:25,2026-03-16T23:15:25,,,,
DR_00135,노무사,JF_HR_06,high,True,v10_saramin_based,confirmed,2026-03-16T23:15:25,2026-03-16T23:15:25,,,,
DR_00136,노사관계담당,JF_HR_06,medium,True,v10_saramin_based,confirmed,2026-03-16T23:15:25,2026-03-16T23:15:25,,,,
DR_00137,산재관리담당,JF_HR_06,medium,True,v10_saramin_based,confirmed,2026-03-16T23:15:25,2026-03-16T23:15:25,,,,
DR_00138,근로계약관리,JF_HR_06,low,True,v10_saramin_based,confirmed,2026-03-16T23:15:25,2026-03-16T23:15:25,,,,
DR_00139,CLA담당,JF_HR_06,low,True,v10_saramin_based,confirmed,2026-03-16T23:15:25,2026-03-16T23:15:25,,,,
DR_00140,총무담당,JF_ADM_01,high,True,v10_saramin_based,confirmed,2026-03-16T23:15:25,2026-03-16T23:15:25,,,,
DR_00141,행정지원담당,JF_ADM_01,high,True,v10_saramin_based,confirmed,2026-03-16T23:15:25,2026-03-16T23:15:25,,,,
DR_00142,비서,JF_ADM_01,medium,True,v10_saramin_based,confirmed,2026-03-16T23:15:25,2026-03-16T23:15:25,,,,
DR_00143,사무보조,JF_ADM_01,medium,True,v10_saramin_based,confirmed,2026-03-16T23:15:25,2026-03-16T23:15:25,,,,
DR_00144,총무팀장,JF_ADM_01,low,True,v10_saramin_based,confirmed,2026-03-16T23:15:25,2026-03-16T23:15:25,,,,
DR_00145,시설담당,JF_ADM_01,low,True,v10_saramin_based,confirmed,2026-03-16T23:15:25,2026-03-16T23:15:25,,,,
DR_00146,기업법무담당,JF_ADM_02,high,True,v10_saramin_based,confirmed,2026-03-16T23:15:25,2026-03-16T23:15:25,,,,
DR_00147,계약관리담당,JF_ADM_02,high,True,v10_saramin_based,confirmed,2026-03-16T23:15:25,2026-03-16T23:15:25,,,,
DR_00148,법무팀원,JF_ADM_02,medium,True,v10_saramin_based,confirmed,2026-03-16T23:15:25,2026-03-16T23:15:25,,,,
DR_00149,계약검토담당,JF_ADM_02,medium,True,v10_saramin_based,confirmed,2026-03-16T23:15:25,2026-03-16T23:15:25,,,,
DR_00150,법무매니저,JF_ADM_02,low,True,v10_saramin_based,confirmed,2026-03-16T23:15:25,2026-03-16T23:15:25,,,,
DR_00151,준법감시인,JF_ADM_03,high,True,v10_saramin_based,confirmed,2026-03-16T23:15:25,2026-03-16T23:15:25,,,,
DR_00152,컴플라이언스담당,JF_ADM_03,high,True,v10_saramin_based,confirmed,2026-03-16T23:15:25,2026-03-16T23:15:25,,,,
DR_00153,리스크매니저,JF_ADM_03,medium,True,v10_saramin_based,confirmed,2026-03-16T23:15:25,2026-03-16T23:15:25,,,,
DR_00154,내부통제담당,JF_ADM_03,medium,True,v10_saramin_based,confirmed,2026-03-16T23:15:25,2026-03-16T23:15:25,,,,
DR_00155,GRC담당,JF_ADM_03,low,True,v10_saramin_based,confirmed,2026-03-16T23:15:25,2026-03-16T23:15:25,,,,
DR_00156,변호사,JF_PRO_01,high,True,v10_saramin_based,confirmed,2026-03-16T23:15:25,2026-03-23,,,,
DR_00157,법무사,JF_PRO_02,high,True,v10_saramin_based,confirmed,2026-03-16T23:15:25,2026-03-23,,,,
DR_00158,변리사,JF_PRO_03,medium,True,v10_saramin_based,confirmed,2026-03-16T23:15:25,2026-03-23,,,,
DR_00159,노무사(전문직),JF_PRO_04,medium,True,v10_saramin_based,confirmed,2026-03-16T23:15:25,2026-03-23,,,,
DR_00160,사내변호사,JF_PRO_01,low,True,v10_saramin_based,confirmed,2026-03-16T23:15:25,2026-03-23,,,,
DR_00161,기업변호사,JF_PRO_01,low,True,v10_saramin_based,confirmed,2026-03-16T23:15:25,2026-03-23,,,,
DR_00162,공무원,JF_ADM_05,high,True,v10_saramin_based,confirmed,2026-03-16T23:15:25,2026-03-16T23:15:25,,,,
DR_00163,행정직,JF_ADM_05,high,True,v10_saramin_based,confirmed,2026-03-16T23:15:25,2026-03-16T23:15:25,,,,
DR_00164,정책기획담당,JF_ADM_05,medium,True,v10_saramin_based,confirmed,2026-03-16T23:15:25,2026-03-16T23:15:25,,,,
DR_00165,사무관,JF_ADM_05,medium,True,v10_saramin_based,confirmed,2026-03-16T23:15:25,2026-03-16T23:15:25,,,,
DR_00166,주무관,JF_ADM_05,low,True,v10_saramin_based,confirmed,2026-03-16T23:15:25,2026-03-16T23:15:25,,,,
DR_00167,변리사(IP전담),JF_ADM_06,high,True,v10_saramin_based,confirmed,2026-03-16T23:15:25,2026-03-16T23:15:25,,,,
DR_00168,IP담당,JF_ADM_06,high,True,v10_saramin_based,confirmed,2026-03-16T23:15:25,2026-03-16T23:15:25,,,,
DR_00169,특허엔지니어,JF_ADM_06,medium,True,v10_saramin_based,confirmed,2026-03-16T23:15:25,2026-03-16T23:15:25,,,,
DR_00170,지식재산담당,JF_ADM_06,medium,True,v10_saramin_based,confirmed,2026-03-16T23:15:25,2026-03-16T23:15:25,,,,
DR_00171,특허출원담당,JF_ADM_06,low,True,v10_saramin_based,confirmed,2026-03-16T23:15:25,2026-03-16T23:15:25,,,,
DR_00172,백엔드개발자,JF_DEV_01,high,True,v10_saramin_based,confirmed,2026-03-16T23:15:25,2026-03-16T23:15:25,,,,
DR_00173,서버개발자,JF_DEV_01,high,True,v10_saramin_based,confirmed,2026-03-16T23:15:25,2026-03-16T23:15:25,,,,
DR_00174,Java개발자,JF_DEV_01,medium,True,v10_saramin_based,confirmed,2026-03-16T23:15:25,2026-03-16T23:15:25,,,,
DR_00175,Python개발자,JF_DEV_01,medium,True,v10_saramin_based,confirmed,2026-03-16T23:15:25,2026-03-16T23:15:25,,,,
DR_00176,Node.js개발자,JF_DEV_01,low,True,v10_saramin_based,confirmed,2026-03-16T23:15:25,2026-03-16T23:15:25,,,,
DR_00177,Spring개발자,JF_DEV_01,low,True,v10_saramin_based,confirmed,2026-03-16T23:15:25,2026-03-16T23:15:25,,,,
DR_00178,프론트엔드개발자,JF_DEV_02,high,True,v10_saramin_based,confirmed,2026-03-16T23:15:25,2026-03-16T23:15:25,,,,
DR_00179,웹개발자,JF_DEV_02,high,True,v10_saramin_based,confirmed,2026-03-16T23:15:25,2026-03-16T23:15:25,,,,
DR_00180,React개발자,JF_DEV_02,medium,True,v10_saramin_based,confirmed,2026-03-16T23:15:25,2026-03-16T23:15:25,,,,
DR_00181,Vue개발자,JF_DEV_02,medium,True,v10_saramin_based,confirmed,2026-03-16T23:15:25,2026-03-16T23:15:25,,,,
DR_00182,UI개발자,JF_DEV_02,low,True,v10_saramin_based,confirmed,2026-03-16T23:15:25,2026-03-16T23:15:25,,,,
DR_00183,Angular개발자,JF_DEV_02,low,True,v10_saramin_based,confirmed,2026-03-16T23:15:25,2026-03-16T23:15:25,,,,
DR_00184,풀스택개발자,JF_DEV_03,high,True,v10_saramin_based,confirmed,2026-03-16T23:15:25,2026-03-16T23:15:25,,,,
DR_00185,웹개발자,JF_DEV_03,high,True,v10_saramin_based,confirmed,2026-03-16T23:15:25,2026-03-16T23:15:25,,,,
DR_00186,웹퍼블리셔,JF_DEV_03,medium,True,v10_saramin_based,confirmed,2026-03-16T23:15:25,2026-03-16T23:15:25,,,,
DR_00187,풀스택엔지니어,JF_DEV_03,medium,True,v10_saramin_based,confirmed,2026-03-16T23:15:25,2026-03-16T23:15:25,,,,
DR_00188,앱개발자,JF_DEV_04,high,True,v10_saramin_based,confirmed,2026-03-16T23:15:25,2026-03-16T23:15:25,,,,
DR_00189,iOS개발자,JF_DEV_04,high,True,v10_saramin_based,confirmed,2026-03-16T23:15:25,2026-03-16T23:15:25,,,,
DR_00190,Android개발자,JF_DEV_04,medium,True,v10_saramin_based,confirmed,2026-03-16T23:15:25,2026-03-16T23:15:25,,,,
DR_00191,Flutter개발자,JF_DEV_04,medium,True,v10_saramin_based,confirmed,2026-03-16T23:15:25,2026-03-16T23:15:25,,,,
DR_00192,React Native개발자,JF_DEV_04,low,True,v10_saramin_based,confirmed,2026-03-16T23:15:25,2026-03-16T23:15:25,,,,
DR_00193,모바일엔지니어,JF_DEV_04,low,True,v10_saramin_based,confirmed,2026-03-16T23:15:25,2026-03-16T23:15:25,,,,
DR_00194,게임개발자,JF_DEV_05,high,True,v10_saramin_based,confirmed,2026-03-16T23:15:25,2026-03-16T23:15:25,,,,
DR_00195,게임클라이언트개발자,JF_DEV_05,high,True,v10_saramin_based,confirmed,2026-03-16T23:15:25,2026-03-16T23:15:25,,,,
DR_00196,게임서버개발자,JF_DEV_05,medium,True,v10_saramin_based,confirmed,2026-03-16T23:15:25,2026-03-16T23:15:25,,,,
DR_00197,Unity개발자,JF_DEV_05,medium,True,v10_saramin_based,confirmed,2026-03-16T23:15:25,2026-03-16T23:15:25,,,,
DR_00198,Unreal개발자,JF_DEV_05,low,True,v10_saramin_based,confirmed,2026-03-16T23:15:25,2026-03-16T23:15:25,,,,
DR_00199,TD(TechnicalDirector),JF_DEV_05,low,True,v10_saramin_based,confirmed,2026-03-16T23:15:25,2026-03-16T23:15:25,,,,
DR_00200,임베디드개발자,JF_DEV_06,high,True,v10_saramin_based,confirmed,2026-03-16T23:15:25,2026-03-16T23:15:25,,,,
DR_00201,펌웨어개발자,JF_DEV_06,high,True,v10_saramin_based,confirmed,2026-03-16T23:15:25,2026-03-16T23:15:25,,,,
DR_00202,HW개발자,JF_DEV_06,medium,True,v10_saramin_based,confirmed,2026-03-16T23:15:25,2026-03-16T23:15:25,,,,
DR_00203,BSP개발자,JF_DEV_06,medium,True,v10_saramin_based,confirmed,2026-03-16T23:15:25,2026-03-16T23:15:25,,,,
DR_00204,RTOS개발자,JF_DEV_06,low,True,v10_saramin_based,confirmed,2026-03-16T23:15:25,2026-03-16T23:15:25,,,,
DR_00205,QA엔지니어,JF_DEV_07,high,True,v10_saramin_based,confirmed,2026-03-16T23:15:25,2026-03-16T23:15:25,,,,
DR_00206,테스터,JF_DEV_07,high,True,v10_saramin_based,confirmed,2026-03-16T23:15:25,2026-03-16T23:15:25,,,,
DR_00207,SDET,JF_DEV_07,medium,True,v10_saramin_based,confirmed,2026-03-16T23:15:25,2026-03-16T23:15:25,,,,
DR_00208,자동화QA,JF_DEV_07,medium,True,v10_saramin_based,confirmed,2026-03-16T23:15:25,2026-03-16T23:15:25,,,,
DR_00209,테스트엔지니어,JF_DEV_07,low,True,v10_saramin_based,confirmed,2026-03-16T23:15:25,2026-03-16T23:15:25,,,,
DR_00210,QA매니저,JF_DEV_07,low,True,v10_saramin_based,confirmed,2026-03-16T23:15:25,2026-03-16T23:15:25,,,,
DR_00211,IT컨설턴트,JF_DEV_08,high,True,v10_saramin_based,confirmed,2026-03-16T23:15:25,2026-03-16T23:15:25,,,,
DR_00212,SI엔지니어,JF_DEV_08,high,True,v10_saramin_based,confirmed,2026-03-16T23:15:25,2026-03-16T23:15:25,,,,
DR_00213,SAP컨설턴트,JF_DEV_08,medium,True,v10_saramin_based,confirmed,2026-03-16T23:15:25,2026-03-16T23:15:25,,,,
DR_00214,ERP구축담당,JF_DEV_08,medium,True,v10_saramin_based,confirmed,2026-03-16T23:15:25,2026-03-16T23:15:25,,,,
DR_00215,Oracle컨설턴트,JF_DEV_08,low,True,v10_saramin_based,confirmed,2026-03-16T23:15:25,2026-03-16T23:15:25,,,,
DR_00216,Salesforce개발자,JF_DEV_08,low,True,v10_saramin_based,confirmed,2026-03-16T23:15:25,2026-03-16T23:15:25,,,,
DR_00217,블록체인개발자,JF_DEV_09,high,True,v10_saramin_based,confirmed,2026-03-16T23:15:25,2026-03-16T23:15:25,,,,
DR_00218,스마트컨트랙트개발자,JF_DEV_09,high,True,v10_saramin_based,confirmed,2026-03-16T23:15:25,2026-03-16T23:15:25,,,,
DR_00219,Web3개발자,JF_DEV_09,medium,True,v10_saramin_based,confirmed,2026-03-16T23:15:25,2026-03-16T23:15:25,,,,
DR_00220,DApp개발자,JF_DEV_09,medium,True,v10_saramin_based,confirmed,2026-03-16T23:15:25,2026-03-16T23:15:25,,,,
DR_00221,Solidity개발자,JF_DEV_09,low,True,v10_saramin_based,confirmed,2026-03-16T23:15:25,2026-03-16T23:15:25,,,,
DR_00222,AI엔지니어,JF_AI_01,high,True,v10_saramin_based,confirmed,2026-03-16T23:15:25,2026-03-16T23:15:25,,,,
DR_00223,ML엔지니어,JF_AI_01,high,True,v10_saramin_based,confirmed,2026-03-16T23:15:25,2026-03-16T23:15:25,,,,
DR_00224,MLOps엔지니어,JF_AI_01,medium,True,v10_saramin_based,confirmed,2026-03-16T23:15:25,2026-03-16T23:15:25,,,,
DR_00225,LLMOps엔지니어,JF_AI_01,medium,True,v10_saramin_based,confirmed,2026-03-16T23:15:25,2026-03-16T23:15:25,,,,
DR_00226,머신러닝엔지니어,JF_AI_01,low,True,v10_saramin_based,confirmed,2026-03-16T23:15:25,2026-03-16T23:15:25,,,,
DR_00227,AI연구원,JF_AI_02,high,True,v10_saramin_based,confirmed,2026-03-16T23:15:25,2026-03-16T23:15:25,,,,
DR_00228,딥러닝연구원,JF_AI_02,high,True,v10_saramin_based,confirmed,2026-03-16T23:15:25,2026-03-16T23:15:25,,,,
DR_00229,NLP연구원,JF_AI_02,medium,True,v10_saramin_based,confirmed,2026-03-16T23:15:25,2026-03-16T23:15:25,,,,
DR_00230,CV연구원,JF_AI_02,medium,True,v10_saramin_based,confirmed,2026-03-16T23:15:25,2026-03-16T23:15:25,,,,
DR_00231,음성AI연구원,JF_AI_02,low,True,v10_saramin_based,confirmed,2026-03-16T23:15:25,2026-03-16T23:15:25,,,,
DR_00232,생성AI연구원,JF_AI_02,low,True,v10_saramin_based,confirmed,2026-03-16T23:15:25,2026-03-16T23:15:25,,,,
DR_00233,데이터사이언티스트,JF_AI_03,high,True,v10_saramin_based,confirmed,2026-03-16T23:15:25,2026-03-16T23:15:25,,,,
DR_00234,ML분석가,JF_AI_03,high,True,v10_saramin_based,confirmed,2026-03-16T23:15:25,2026-03-16T23:15:25,,,,
DR_00235,통계모델러,JF_AI_03,medium,True,v10_saramin_based,confirmed,2026-03-16T23:15:25,2026-03-16T23:15:25,,,,
DR_00236,예측모델담당,JF_AI_03,medium,True,v10_saramin_based,confirmed,2026-03-16T23:15:25,2026-03-16T23:15:25,,,,
DR_00237,데이터분석가,JF_AI_04,high,True,v10_saramin_based,confirmed,2026-03-16T23:15:25,2026-03-16T23:15:25,,,,
DR_00238,BI엔지니어,JF_AI_04,high,True,v10_saramin_based,confirmed,2026-03-16T23:15:25,2026-03-16T23:15:25,,,,
DR_00239,DBA,JF_AI_04,medium,True,v10_saramin_based,confirmed,2026-03-16T23:15:25,2026-03-16T23:15:25,,,,
DR_00240,SQL분석가,JF_AI_04,medium,True,v10_saramin_based,confirmed,2026-03-16T23:15:25,2026-03-16T23:15:25,,,,
DR_00241,데이터애널리스트,JF_AI_04,low,True,v10_saramin_based,confirmed,2026-03-16T23:15:25,2026-03-16T23:15:25,,,,
DR_00242,인사이트분석가,JF_AI_04,low,True,v10_saramin_based,confirmed,2026-03-16T23:15:25,2026-03-16T23:15:25,,,,
DR_00243,데이터엔지니어,JF_AI_05,high,True,v10_saramin_based,confirmed,2026-03-16T23:15:25,2026-03-16T23:15:25,,,,
DR_00244,ETL개발자,JF_AI_05,high,True,v10_saramin_based,confirmed,2026-03-16T23:15:25,2026-03-16T23:15:25,,,,
DR_00245,Spark엔지니어,JF_AI_05,medium,True,v10_saramin_based,confirmed,2026-03-16T23:15:25,2026-03-16T23:15:25,,,,
DR_00246,파이프라인엔지니어,JF_AI_05,medium,True,v10_saramin_based,confirmed,2026-03-16T23:15:25,2026-03-16T23:15:25,,,,
DR_00247,Kafka엔지니어,JF_AI_05,low,True,v10_saramin_based,confirmed,2026-03-16T23:15:25,2026-03-16T23:15:25,,,,
DR_00248,AI서비스개발자,JF_AI_06,high,True,v10_saramin_based,confirmed,2026-03-16T23:15:25,2026-03-16T23:15:25,,,,
DR_00249,LLM응용개발자,JF_AI_06,high,True,v10_saramin_based,confirmed,2026-03-16T23:15:25,2026-03-16T23:15:25,,,,
DR_00250,AI Agent개발자,JF_AI_06,medium,True,v10_saramin_based,confirmed,2026-03-16T23:15:25,2026-03-16T23:15:25,,,,
DR_00251,RAG개발자,JF_AI_06,medium,True,v10_saramin_based,confirmed,2026-03-16T23:15:25,2026-03-16T23:15:25,,,,
DR_00252,ChatBot개발자,JF_AI_06,low,True,v10_saramin_based,confirmed,2026-03-16T23:15:25,2026-03-16T23:15:25,,,,
DR_00253,클라우드엔지니어,JF_AI_07,high,True,v10_saramin_based,confirmed,2026-03-16T23:15:25,2026-03-16T23:15:25,,,,
DR_00254,DevOps엔지니어,JF_AI_07,high,True,v10_saramin_based,confirmed,2026-03-16T23:15:25,2026-03-16T23:15:25,,,,
DR_00255,SRE(사이트신뢰성엔지니어),JF_AI_07,medium,True,v10_saramin_based,confirmed,2026-03-16T23:15:25,2026-03-16T23:15:25,,,,
DR_00256,인프라엔지니어,JF_AI_07,medium,True,v10_saramin_based,confirmed,2026-03-16T23:15:25,2026-03-16T23:15:25,,,,
DR_00257,AWS엔지니어,JF_AI_07,low,True,v10_saramin_based,confirmed,2026-03-16T23:15:25,2026-03-16T23:15:25,,,,
DR_00258,GCP엔지니어,JF_AI_07,low,True,v10_saramin_based,confirmed,2026-03-16T23:15:25,2026-03-16T23:15:25,,,,
DR_00259,시스템엔지니어,JF_AI_08,high,True,v10_saramin_based,confirmed,2026-03-16T23:15:25,2026-03-16T23:15:25,,,,
DR_00260,네트워크엔지니어,JF_AI_08,high,True,v10_saramin_based,confirmed,2026-03-16T23:15:25,2026-03-16T23:15:25,,,,
DR_00261,서버관리자,JF_AI_08,medium,True,v10_saramin_based,confirmed,2026-03-16T23:15:25,2026-03-16T23:15:25,,,,
DR_00262,네트워크관리자,JF_AI_08,medium,True,v10_saramin_based,confirmed,2026-03-16T23:15:25,2026-03-16T23:15:25,,,,
DR_00263,시스템운영담당,JF_AI_08,low,True,v10_saramin_based,confirmed,2026-03-16T23:15:25,2026-03-16T23:15:25,,,,
DR_00264,정보보안엔지니어,JF_AI_09,high,True,v10_saramin_based,confirmed,2026-03-16T23:15:25,2026-03-16T23:15:25,,,,
DR_00265,보안담당,JF_AI_09,high,True,v10_saramin_based,confirmed,2026-03-16T23:15:25,2026-03-16T23:15:25,,,,
DR_00266,침해대응담당,JF_AI_09,medium,True,v10_saramin_based,confirmed,2026-03-16T23:15:25,2026-03-16T23:15:25,,,,
DR_00267,모의해킹전문가,JF_AI_09,medium,True,v10_saramin_based,confirmed,2026-03-16T23:15:25,2026-03-16T23:15:25,,,,
DR_00268,ISMS담당,JF_AI_09,low,True,v10_saramin_based,confirmed,2026-03-16T23:15:25,2026-03-16T23:15:25,,,,
DR_00269,보안아키텍트,JF_AI_09,low,True,v10_saramin_based,confirmed,2026-03-16T23:15:25,2026-03-16T23:15:25,,,,
DR_00270,IT지원담당,JF_AI_10,high,True,v10_saramin_based,confirmed,2026-03-16T23:15:25,2026-03-16T23:15:25,,,,
DR_00271,헬프데스크,JF_AI_10,high,True,v10_saramin_based,confirmed,2026-03-16T23:15:25,2026-03-16T23:15:25,,,,
DR_00272,전산담당,JF_AI_10,medium,True,v10_saramin_based,confirmed,2026-03-16T23:15:25,2026-03-16T23:15:25,,,,
DR_00273,IT운영담당,JF_AI_10,medium,True,v10_saramin_based,confirmed,2026-03-16T23:15:25,2026-03-16T23:15:25,,,,
DR_00274,기술지원,JF_AI_10,low,True,v10_saramin_based,confirmed,2026-03-16T23:15:25,2026-03-16T23:15:25,,,,
DR_00275,AI기획자,JF_AI_11,high,True,v10_saramin_based,confirmed,2026-03-16T23:15:25,2026-03-16T23:15:25,,,,
DR_00276,DX전략담당,JF_AI_11,high,True,v10_saramin_based,confirmed,2026-03-16T23:15:25,2026-03-16T23:15:25,,,,
DR_00277,AI사업전략담당,JF_AI_11,medium,True,v10_saramin_based,confirmed,2026-03-16T23:15:25,2026-03-16T23:15:25,,,,
DR_00278,AI컨설턴트,JF_AI_11,medium,True,v10_saramin_based,confirmed,2026-03-16T23:15:25,2026-03-16T23:15:25,,,,
DR_00279,디지털전환기획자,JF_AI_11,low,True,v10_saramin_based,confirmed,2026-03-16T23:15:25,2026-03-16T23:15:25,,,,
DR_00280,프롬프트엔지니어,JF_AI_12,high,True,v10_saramin_based,confirmed,2026-03-16T23:15:25,2026-03-16T23:15:25,,,,
DR_00281,AI활용전문가,JF_AI_12,high,True,v10_saramin_based,confirmed,2026-03-16T23:15:25,2026-03-16T23:15:25,,,,
DR_00282,AI튜터,JF_AI_12,medium,True,v10_saramin_based,confirmed,2026-03-16T23:15:25,2026-03-16T23:15:25,,,,
DR_00283,데이터라벨러,JF_AI_12,medium,True,v10_saramin_based,confirmed,2026-03-16T23:15:25,2026-03-16T23:15:25,,,,
DR_00284,AI윤리담당,JF_AI_12,low,True,v10_saramin_based,confirmed,2026-03-16T23:15:25,2026-03-16T23:15:25,,,,
DR_00285,UX디자이너,JF_DES_01,high,True,v10_saramin_based,confirmed,2026-03-16T23:15:25,2026-03-16T23:15:25,,,,
DR_00286,UI디자이너,JF_DES_01,high,True,v10_saramin_based,confirmed,2026-03-16T23:15:25,2026-03-16T23:15:25,,,,
DR_00287,프로덕트디자이너,JF_DES_01,medium,True,v10_saramin_based,confirmed,2026-03-16T23:15:25,2026-03-16T23:15:25,,,,
DR_00288,서비스디자이너,JF_DES_01,medium,True,v10_saramin_based,confirmed,2026-03-16T23:15:25,2026-03-16T23:15:25,,,,
DR_00289,인터랙션디자이너,JF_DES_01,low,True,v10_saramin_based,confirmed,2026-03-16T23:15:25,2026-03-16T23:15:25,,,,
DR_00290,UX리서처,JF_DES_01,low,True,v10_saramin_based,confirmed,2026-03-16T23:15:25,2026-03-16T23:15:25,,,,
DR_00291,그래픽디자이너,JF_DES_02,high,True,v10_saramin_based,confirmed,2026-03-16T23:15:25,2026-03-16T23:15:25,,,,
DR_00292,시각디자이너,JF_DES_02,high,True,v10_saramin_based,confirmed,2026-03-16T23:15:25,2026-03-16T23:15:25,,,,
DR_00293,편집디자이너,JF_DES_02,medium,True,v10_saramin_based,confirmed,2026-03-16T23:15:25,2026-03-16T23:15:25,,,,
DR_00294,북디자이너,JF_DES_02,medium,True,v10_saramin_based,confirmed,2026-03-16T23:15:25,2026-03-16T23:15:25,,,,
DR_00295,타이포그래퍼,JF_DES_02,low,True,v10_saramin_based,confirmed,2026-03-16T23:15:25,2026-03-16T23:15:25,,,,
DR_00296,브랜드디자이너,JF_DES_03,high,True,v10_saramin_based,confirmed,2026-03-16T23:15:25,2026-03-16T23:15:25,,,,
DR_00297,광고디자이너,JF_DES_03,high,True,v10_saramin_based,confirmed,2026-03-16T23:15:25,2026-03-16T23:15:25,,,,
DR_00298,아트디렉터,JF_DES_03,medium,True,v10_saramin_based,confirmed,2026-03-16T23:15:25,2026-03-16T23:15:25,,,,
DR_00299,비주얼아이덴티티디자이너,JF_DES_03,medium,True,v10_saramin_based,confirmed,2026-03-16T23:15:25,2026-03-16T23:15:25,,,,
DR_00300,영상디자이너,JF_DES_04,high,True,v10_saramin_based,confirmed,2026-03-16T23:15:25,2026-03-16T23:15:25,,,,
DR_00301,모션그래픽디자이너,JF_DES_04,high,True,v10_saramin_based,confirmed,2026-03-16T23:15:25,2026-03-16T23:15:25,,,,
DR_00302,3D디자이너,JF_DES_04,medium,True,v10_saramin_based,confirmed,2026-03-16T23:15:25,2026-03-16T23:15:25,,,,
DR_00303,VFX아티스트,JF_DES_04,medium,True,v10_saramin_based,confirmed,2026-03-16T23:15:25,2026-03-16T23:15:25,,,,
DR_00304,컴포지터,JF_DES_04,low,True,v10_saramin_based,confirmed,2026-03-16T23:15:25,2026-03-16T23:15:25,,,,
DR_00305,패션디자이너,JF_DES_05,high,True,v10_saramin_based,confirmed,2026-03-16T23:15:25,2026-03-16T23:15:25,,,,
DR_00306,텍스타일디자이너,JF_DES_05,high,True,v10_saramin_based,confirmed,2026-03-16T23:15:25,2026-03-16T23:15:25,,,,
DR_00307,의상디자이너,JF_DES_05,medium,True,v10_saramin_based,confirmed,2026-03-16T23:15:25,2026-03-16T23:15:25,,,,
DR_00308,액세서리디자이너,JF_DES_05,medium,True,v10_saramin_based,confirmed,2026-03-16T23:15:25,2026-03-16T23:15:25,,,,
DR_00309,제품디자이너,JF_DES_06,high,True,v10_saramin_based,confirmed,2026-03-16T23:15:25,2026-03-16T23:15:25,,,,
DR_00310,산업디자이너,JF_DES_06,high,True,v10_saramin_based,confirmed,2026-03-16T23:15:25,2026-03-16T23:15:25,,,,
DR_00311,ID(IndustrialDesigner),JF_DES_06,medium,True,v10_saramin_based,confirmed,2026-03-16T23:15:25,2026-03-16T23:15:25,,,,
DR_00312,패키지디자이너,JF_DES_06,medium,True,v10_saramin_based,confirmed,2026-03-16T23:15:25,2026-03-16T23:15:25,,,,
DR_00313,실내디자이너,JF_DES_07,high,True,v10_saramin_based,confirmed,2026-03-16T23:15:25,2026-03-16T23:15:25,,,,
DR_00314,공간디자이너,JF_DES_07,high,True,v10_saramin_based,confirmed,2026-03-16T23:15:25,2026-03-16T23:15:25,,,,
DR_00315,인테리어기획자,JF_DES_07,medium,True,v10_saramin_based,confirmed,2026-03-16T23:15:25,2026-03-16T23:15:25,,,,
DR_00316,디스플레이디자이너,JF_DES_07,medium,True,v10_saramin_based,confirmed,2026-03-16T23:15:25,2026-03-16T23:15:25,,,,
DR_00317,환경디자이너,JF_DES_07,low,True,v10_saramin_based,confirmed,2026-03-16T23:15:25,2026-03-16T23:15:25,,,,
DR_00318,일러스트레이터,JF_DES_08,high,True,v10_saramin_based,confirmed,2026-03-16T23:15:25,2026-03-16T23:15:25,,,,
DR_00319,캐릭터디자이너,JF_DES_08,high,True,v10_saramin_based,confirmed,2026-03-16T23:15:25,2026-03-16T23:15:25,,,,
DR_00320,웹툰작가,JF_DES_08,medium,True,v10_saramin_based,confirmed,2026-03-16T23:15:25,2026-03-16T23:15:25,,,,
DR_00321,콘셉트아티스트,JF_DES_08,medium,True,v10_saramin_based,confirmed,2026-03-16T23:15:25,2026-03-16T23:15:25,,,,
DR_00322,B2B영업담당,JF_SAL_01,high,True,v10_saramin_based,confirmed,2026-03-16T23:15:25,2026-03-16T23:15:25,,,,
DR_00323,법인영업담당,JF_SAL_01,high,True,v10_saramin_based,confirmed,2026-03-16T23:15:25,2026-03-16T23:15:25,,,,
DR_00324,기업영업매니저,JF_SAL_01,medium,True,v10_saramin_based,confirmed,2026-03-16T23:15:25,2026-03-16T23:15:25,,,,
DR_00325,세일즈매니저,JF_SAL_01,medium,True,v10_saramin_based,confirmed,2026-03-16T23:15:25,2026-03-16T23:15:25,,,,
DR_00326,영업팀장,JF_SAL_01,low,True,v10_saramin_based,confirmed,2026-03-16T23:15:25,2026-03-16T23:15:25,,,,
DR_00327,기술영업담당,JF_SAL_02,high,True,v10_saramin_based,confirmed,2026-03-16T23:15:25,2026-03-16T23:15:25,,,,
DR_00328,IT영업담당,JF_SAL_02,high,True,v10_saramin_based,confirmed,2026-03-16T23:15:25,2026-03-16T23:15:25,,,,
DR_00329,솔루션영업,JF_SAL_02,medium,True,v10_saramin_based,confirmed,2026-03-16T23:15:25,2026-03-16T23:15:25,,,,
DR_00330,프리세일즈엔지니어,JF_SAL_02,medium,True,v10_saramin_based,confirmed,2026-03-16T23:15:25,2026-03-16T23:15:25,,,,
DR_00331,테크니컬세일즈,JF_SAL_02,low,True,v10_saramin_based,confirmed,2026-03-16T23:15:25,2026-03-16T23:15:25,,,,
DR_00332,해외영업담당,JF_SAL_03,high,True,v10_saramin_based,confirmed,2026-03-16T23:15:25,2026-03-16T23:15:25,,,,
DR_00333,무역담당,JF_SAL_03,high,True,v10_saramin_based,confirmed,2026-03-16T23:15:25,2026-03-16T23:15:25,,,,
DR_00334,수출입담당,JF_SAL_03,medium,True,v10_saramin_based,confirmed,2026-03-16T23:15:25,2026-03-16T23:15:25,,,,
DR_00335,글로벌세일즈,JF_SAL_03,medium,True,v10_saramin_based,confirmed,2026-03-16T23:15:25,2026-03-16T23:15:25,,,,
DR_00336,국제영업담당,JF_SAL_03,low,True,v10_saramin_based,confirmed,2026-03-16T23:15:25,2026-03-16T23:15:25,,,,
DR_00337,B2C영업담당,JF_SAL_04,high,True,v10_saramin_based,confirmed,2026-03-16T23:15:25,2026-03-16T23:15:25,,,,
DR_00338,리테일영업,JF_SAL_04,high,True,v10_saramin_based,confirmed,2026-03-16T23:15:25,2026-03-16T23:15:25,,,,
DR_00339,채널영업,JF_SAL_04,medium,True,v10_saramin_based,confirmed,2026-03-16T23:15:25,2026-03-16T23:15:25,,,,
DR_00340,대리점관리,JF_SAL_04,medium,True,v10_saramin_based,confirmed,2026-03-16T23:15:25,2026-03-16T23:15:25,,,,
DR_00341,프랜차이즈관리자,JF_SAL_04,low,True,v10_saramin_based,confirmed,2026-03-16T23:15:25,2026-03-16T23:15:25,,,,
DR_00342,광고영업담당,JF_SAL_05,high,True,v10_saramin_based,confirmed,2026-03-16T23:15:25,2026-03-16T23:15:25,,,,
DR_00343,미디어영업,JF_SAL_05,high,True,v10_saramin_based,confirmed,2026-03-16T23:15:25,2026-03-16T23:15:25,,,,
DR_00344,스폰서십매니저,JF_SAL_05,medium,True,v10_saramin_based,confirmed,2026-03-16T23:15:25,2026-03-16T23:15:25,,,,
DR_00345,광고솔루션영업,JF_SAL_05,medium,True,v10_saramin_based,confirmed,2026-03-16T23:15:25,2026-03-16T23:15:25,,,,
DR_00346,영업관리담당,JF_SAL_06,high,True,v10_saramin_based,confirmed,2026-03-16T23:15:25,2026-03-16T23:15:25,,,,
DR_00347,영업지원담당,JF_SAL_06,high,True,v10_saramin_based,confirmed,2026-03-16T23:15:25,2026-03-16T23:15:25,,,,
DR_00348,세일즈옵스,JF_SAL_06,medium,True,v10_saramin_based,confirmed,2026-03-16T23:15:25,2026-03-16T23:15:25,,,,
DR_00349,영업기획자,JF_SAL_06,medium,True,v10_saramin_based,confirmed,2026-03-16T23:15:25,2026-03-16T23:15:25,,,,
DR_00350,CRM운영담당,JF_SAL_06,low,True,v10_saramin_based,confirmed,2026-03-16T23:15:25,2026-03-16T23:15:25,,,,
DR_00351,고객성공매니저(CSM),JF_CS_01,high,True,v10_saramin_based,confirmed,2026-03-16T23:15:25,2026-03-16T23:15:25,,,,
DR_00352,어카운트매니저(AM),JF_CS_01,high,True,v10_saramin_based,confirmed,2026-03-16T23:15:25,2026-03-16T23:15:25,,,,
DR_00353,고객담당자,JF_CS_01,medium,True,v10_saramin_based,confirmed,2026-03-16T23:15:25,2026-03-16T23:15:25,,,,
DR_00354,키어카운트매니저,JF_CS_01,medium,True,v10_saramin_based,confirmed,2026-03-16T23:15:25,2026-03-16T23:15:25,,,,
DR_00355,인바운드상담원,JF_CS_02,high,True,v10_saramin_based,confirmed,2026-03-16T23:15:25,2026-03-16T23:15:25,,,,
DR_00356,고객센터상담원,JF_CS_02,high,True,v10_saramin_based,confirmed,2026-03-16T23:15:25,2026-03-16T23:15:25,,,,
DR_00357,CS담당,JF_CS_02,medium,True,v10_saramin_based,confirmed,2026-03-16T23:15:25,2026-03-16T23:15:25,,,,
DR_00358,콜센터상담원,JF_CS_02,medium,True,v10_saramin_based,confirmed,2026-03-16T23:15:25,2026-03-16T23:15:25,,,,
DR_00359,채팅상담원,JF_CS_02,low,True,v10_saramin_based,confirmed,2026-03-16T23:15:25,2026-03-16T23:15:25,,,,
DR_00360,아웃바운드상담원,JF_CS_03,high,True,v10_saramin_based,confirmed,2026-03-16T23:15:25,2026-03-16T23:15:25,,,,
DR_00361,텔레마케터(TM),JF_CS_03,high,True,v10_saramin_based,confirmed,2026-03-16T23:15:25,2026-03-16T23:15:25,,,,
DR_00362,전화영업담당,JF_CS_03,medium,True,v10_saramin_based,confirmed,2026-03-16T23:15:25,2026-03-16T23:15:25,,,,
DR_00363,콜영업,JF_CS_03,medium,True,v10_saramin_based,confirmed,2026-03-16T23:15:25,2026-03-16T23:15:25,,,,
DR_00364,고객센터관리자,JF_CS_04,high,True,v10_saramin_based,confirmed,2026-03-16T23:15:25,2026-03-16T23:15:25,,,,
DR_00365,QA매니저,JF_CS_04,high,True,v10_saramin_based,confirmed,2026-03-16T23:15:25,2026-03-16T23:15:25,,,,
DR_00366,콜센터운영관리자,JF_CS_04,medium,True,v10_saramin_based,confirmed,2026-03-16T23:15:25,2026-03-16T23:15:25,,,,
DR_00367,CS팀장,JF_CS_04,medium,True,v10_saramin_based,confirmed,2026-03-16T23:15:25,2026-03-16T23:15:25,,,,
DR_00368,WFM담당,JF_CS_04,low,True,v10_saramin_based,confirmed,2026-03-16T23:15:25,2026-03-16T23:15:25,,,,
DR_00369,구매담당,JF_OPS_01,high,True,v10_saramin_based,confirmed,2026-03-16T23:15:25,2026-03-16T23:15:25,,,,
DR_00370,조달담당,JF_OPS_01,high,True,v10_saramin_based,confirmed,2026-03-16T23:15:25,2026-03-16T23:15:25,,,,
DR_00371,바이어(구매),JF_OPS_01,medium,True,v10_saramin_based,confirmed,2026-03-16T23:15:25,2026-03-16T23:15:25,,,,
DR_00372,소싱담당,JF_OPS_01,medium,True,v10_saramin_based,confirmed,2026-03-16T23:15:25,2026-03-16T23:15:25,,,,
DR_00373,구매팀장,JF_OPS_01,low,True,v10_saramin_based,confirmed,2026-03-16T23:15:25,2026-03-16T23:15:25,,,,
DR_00374,전략구매담당,JF_OPS_01,low,True,v10_saramin_based,confirmed,2026-03-16T23:15:25,2026-03-16T23:15:25,,,,
DR_00375,자재관리담당,JF_OPS_02,high,True,v10_saramin_based,confirmed,2026-03-16T23:15:25,2026-03-16T23:15:25,,,,
DR_00376,재고관리담당,JF_OPS_02,high,True,v10_saramin_based,confirmed,2026-03-16T23:15:25,2026-03-16T23:15:25,,,,
DR_00377,창고관리담당,JF_OPS_02,medium,True,v10_saramin_based,confirmed,2026-03-16T23:15:25,2026-03-16T23:15:25,,,,
DR_00378,물류현장담당,JF_OPS_02,medium,True,v10_saramin_based,confirmed,2026-03-16T23:15:25,2026-03-16T23:15:25,,,,
DR_00379,WMS운영,JF_OPS_02,low,True,v10_saramin_based,confirmed,2026-03-16T23:15:25,2026-03-16T23:15:25,,,,
DR_00380,SCM매니저,JF_OPS_03,high,True,v10_saramin_based,confirmed,2026-03-16T23:15:25,2026-03-16T23:15:25,,,,
DR_00381,물류기획담당,JF_OPS_03,high,True,v10_saramin_based,confirmed,2026-03-16T23:15:25,2026-03-16T23:15:25,,,,
DR_00382,공급망관리담당,JF_OPS_03,medium,True,v10_saramin_based,confirmed,2026-03-16T23:15:25,2026-03-16T23:15:25,,,,
DR_00383,물류운영담당,JF_OPS_03,medium,True,v10_saramin_based,confirmed,2026-03-16T23:15:25,2026-03-16T23:15:25,,,,
DR_00384,3PL관리,JF_OPS_03,low,True,v10_saramin_based,confirmed,2026-03-16T23:15:25,2026-03-16T23:15:25,,,,
DR_00385,이커머스운영담당,JF_OPS_04,high,True,v10_saramin_based,confirmed,2026-03-16T23:15:25,2026-03-16T23:15:25,,,,
DR_00386,플랫폼운영담당,JF_OPS_04,high,True,v10_saramin_based,confirmed,2026-03-16T23:15:25,2026-03-16T23:15:25,,,,
DR_00387,커머스MD,JF_OPS_04,medium,True,v10_saramin_based,confirmed,2026-03-16T23:15:25,2026-03-16T23:15:25,,,,
DR_00388,온라인운영매니저,JF_OPS_04,medium,True,v10_saramin_based,confirmed,2026-03-16T23:15:25,2026-03-16T23:15:25,,,,
DR_00389,시설관리담당,JF_OPS_05,high,True,v10_saramin_based,confirmed,2026-03-16T23:15:25,2026-03-16T23:15:25,,,,
DR_00390,자산관리담당,JF_OPS_05,high,True,v10_saramin_based,confirmed,2026-03-16T23:15:25,2026-03-16T23:15:25,,,,
DR_00391,CAFM운영,JF_OPS_05,medium,True,v10_saramin_based,confirmed,2026-03-16T23:15:25,2026-03-16T23:15:25,,,,
DR_00392,부동산운영담당,JF_OPS_05,medium,True,v10_saramin_based,confirmed,2026-03-16T23:15:25,2026-03-16T23:15:25,,,,
DR_00393,빌딩관리자,JF_OPS_05,low,True,v10_saramin_based,confirmed,2026-03-16T23:15:25,2026-03-16T23:15:25,,,,
DR_00394,배송기사,JF_OPS_06,high,True,v10_saramin_based,confirmed,2026-03-16T23:15:25,2026-03-16T23:15:25,,,,
DR_00395,화물기사,JF_OPS_06,high,True,v10_saramin_based,confirmed,2026-03-16T23:15:25,2026-03-16T23:15:25,,,,
DR_00396,운전기사,JF_OPS_06,medium,True,v10_saramin_based,confirmed,2026-03-16T23:15:25,2026-03-16T23:15:25,,,,
DR_00397,지게차기사,JF_OPS_06,medium,True,v10_saramin_based,confirmed,2026-03-16T23:15:25,2026-03-16T23:15:25,,,,
DR_00398,택배기사,JF_OPS_06,low,True,v10_saramin_based,confirmed,2026-03-16T23:15:25,2026-03-16T23:15:25,,,,
DR_00399,통관담당,JF_OPS_07,high,True,v10_saramin_based,confirmed,2026-03-16T23:15:25,2026-03-16T23:15:25,,,,
DR_00400,수출입담당,JF_OPS_07,high,True,v10_saramin_based,confirmed,2026-03-16T23:15:25,2026-03-16T23:15:25,,,,
DR_00401,무역사무원,JF_OPS_07,medium,True,v10_saramin_based,confirmed,2026-03-16T23:15:25,2026-03-16T23:15:25,,,,
DR_00402,포워더,JF_OPS_07,medium,True,v10_saramin_based,confirmed,2026-03-16T23:15:25,2026-03-16T23:15:25,,,,
DR_00403,관세사(무역),JF_OPS_07,low,True,v10_saramin_based,confirmed,2026-03-16T23:15:25,2026-03-16T23:15:25,,,,
DR_00404,수출입물류담당,JF_OPS_07,low,True,v10_saramin_based,confirmed,2026-03-16T23:15:25,2026-03-16T23:15:25,,,,
DR_00405,상품기획자,JF_PMD_01,high,True,v10_saramin_based,confirmed,2026-03-16T23:15:25,2026-03-16T23:15:25,,,,
DR_00406,카테고리매니저,JF_PMD_01,high,True,v10_saramin_based,confirmed,2026-03-16T23:15:25,2026-03-16T23:15:25,,,,
DR_00407,MD담당(기획),JF_PMD_01,medium,True,v10_saramin_based,confirmed,2026-03-16T23:15:25,2026-03-16T23:15:25,,,,
DR_00408,품목기획자,JF_PMD_01,medium,True,v10_saramin_based,confirmed,2026-03-16T23:15:25,2026-03-16T23:15:25,,,,
DR_00409,MD(머천다이저),JF_PMD_02,high,True,v10_saramin_based,confirmed,2026-03-16T23:15:25,2026-03-16T23:15:25,,,,
DR_00410,바이어(패션/유통),JF_PMD_02,high,True,v10_saramin_based,confirmed,2026-03-16T23:15:25,2026-03-16T23:15:25,,,,
DR_00411,소싱담당,JF_PMD_02,medium,True,v10_saramin_based,confirmed,2026-03-16T23:15:25,2026-03-16T23:15:25,,,,
DR_00412,구매MD,JF_PMD_02,medium,True,v10_saramin_based,confirmed,2026-03-16T23:15:25,2026-03-16T23:15:25,,,,
DR_00413,VMD(비주얼머천다이저),JF_PMD_03,high,True,v10_saramin_based,confirmed,2026-03-16T23:15:25,2026-03-16T23:15:25,,,,
DR_00414,매장기획담당,JF_PMD_03,high,True,v10_saramin_based,confirmed,2026-03-16T23:15:25,2026-03-16T23:15:25,,,,
DR_00415,디스플레이기획,JF_PMD_03,medium,True,v10_saramin_based,confirmed,2026-03-16T23:15:25,2026-03-16T23:15:25,,,,
DR_00416,온라인MD,JF_PMD_04,high,True,v10_saramin_based,confirmed,2026-03-16T23:15:25,2026-03-16T23:15:25,,,,
DR_00417,이커머스MD,JF_PMD_04,high,True,v10_saramin_based,confirmed,2026-03-16T23:15:25,2026-03-16T23:15:25,,,,
DR_00418,셀러매니저,JF_PMD_04,medium,True,v10_saramin_based,confirmed,2026-03-16T23:15:25,2026-03-16T23:15:25,,,,
DR_00419,마켓플레이스MD,JF_PMD_04,medium,True,v10_saramin_based,confirmed,2026-03-16T23:15:25,2026-03-16T23:15:25,,,,
DR_00420,생산관리자,JF_MFG_01,high,True,v10_saramin_based,confirmed,2026-03-16T23:15:25,2026-03-16T23:15:25,,,,
DR_00421,공정엔지니어,JF_MFG_01,high,True,v10_saramin_based,confirmed,2026-03-16T23:15:25,2026-03-16T23:15:25,,,,
DR_00422,제조기술담당,JF_MFG_01,medium,True,v10_saramin_based,confirmed,2026-03-16T23:15:25,2026-03-16T23:15:25,,,,
DR_00423,생산기술엔지니어,JF_MFG_01,medium,True,v10_saramin_based,confirmed,2026-03-16T23:15:25,2026-03-16T23:15:25,,,,
DR_00424,공장관리자,JF_MFG_01,low,True,v10_saramin_based,confirmed,2026-03-16T23:15:25,2026-03-16T23:15:25,,,,
DR_00425,품질관리자,JF_MFG_02,high,True,v10_saramin_based,confirmed,2026-03-16T23:15:25,2026-03-16T23:15:25,,,,
DR_00426,QC엔지니어,JF_MFG_02,high,True,v10_saramin_based,confirmed,2026-03-16T23:15:25,2026-03-16T23:15:25,,,,
DR_00427,품질보증담당,JF_MFG_02,medium,True,v10_saramin_based,confirmed,2026-03-16T23:15:25,2026-03-16T23:15:25,,,,
DR_00428,검사담당,JF_MFG_02,medium,True,v10_saramin_based,confirmed,2026-03-16T23:15:25,2026-03-16T23:15:25,,,,
DR_00429,QA(생산),JF_MFG_02,low,True,v10_saramin_based,confirmed,2026-03-16T23:15:25,2026-03-16T23:15:25,,,,
DR_00430,6시그마담당,JF_MFG_02,low,True,v10_saramin_based,confirmed,2026-03-16T23:15:25,2026-03-16T23:15:25,,,,
DR_00431,안전관리자,JF_MFG_03,high,True,v10_saramin_based,confirmed,2026-03-16T23:15:25,2026-03-16T23:15:25,,,,
DR_00432,EHS담당,JF_MFG_03,high,True,v10_saramin_based,confirmed,2026-03-16T23:15:25,2026-03-16T23:15:25,,,,
DR_00433,환경관리자,JF_MFG_03,medium,True,v10_saramin_based,confirmed,2026-03-16T23:15:25,2026-03-16T23:15:25,,,,
DR_00434,보건관리자,JF_MFG_03,medium,True,v10_saramin_based,confirmed,2026-03-16T23:15:25,2026-03-16T23:15:25,,,,
DR_00435,산업안전담당,JF_MFG_03,low,True,v10_saramin_based,confirmed,2026-03-16T23:15:25,2026-03-16T23:15:25,,,,
DR_00436,설비엔지니어,JF_MFG_04,high,True,v10_saramin_based,confirmed,2026-03-16T23:15:25,2026-03-16T23:15:25,,,,
DR_00437,유지보수담당,JF_MFG_04,high,True,v10_saramin_based,confirmed,2026-03-16T23:15:25,2026-03-16T23:15:25,,,,
DR_00438,기계정비기사,JF_MFG_04,medium,True,v10_saramin_based,confirmed,2026-03-16T23:15:25,2026-03-16T23:15:25,,,,
DR_00439,PM엔지니어,JF_MFG_04,medium,True,v10_saramin_based,confirmed,2026-03-16T23:15:25,2026-03-16T23:15:25,,,,
DR_00440,설비보전담당,JF_MFG_04,low,True,v10_saramin_based,confirmed,2026-03-16T23:15:25,2026-03-16T23:15:25,,,,
DR_00441,전기엔지니어,JF_MFG_05,high,True,v10_saramin_based,confirmed,2026-03-16T23:15:25,2026-03-16T23:15:25,,,,
DR_00442,전자설계엔지니어,JF_MFG_05,high,True,v10_saramin_based,confirmed,2026-03-16T23:15:25,2026-03-16T23:15:25,,,,
DR_00443,반도체엔지니어,JF_MFG_05,medium,True,v10_saramin_based,confirmed,2026-03-16T23:15:25,2026-03-16T23:15:25,,,,
DR_00444,PCB설계엔지니어,JF_MFG_05,medium,True,v10_saramin_based,confirmed,2026-03-16T23:15:25,2026-03-16T23:15:25,,,,
DR_00445,회로설계담당,JF_MFG_05,low,True,v10_saramin_based,confirmed,2026-03-16T23:15:25,2026-03-16T23:15:25,,,,
DR_00446,기계엔지니어,JF_MFG_06,high,True,v10_saramin_based,confirmed,2026-03-16T23:15:25,2026-03-16T23:15:25,,,,
DR_00447,자동화엔지니어,JF_MFG_06,high,True,v10_saramin_based,confirmed,2026-03-16T23:15:25,2026-03-16T23:15:25,,,,
DR_00448,로봇엔지니어,JF_MFG_06,medium,True,v10_saramin_based,confirmed,2026-03-16T23:15:25,2026-03-16T23:15:25,,,,
DR_00449,CAD설계엔지니어,JF_MFG_06,medium,True,v10_saramin_based,confirmed,2026-03-16T23:15:25,2026-03-16T23:15:25,,,,
DR_00450,메카트로닉스,JF_MFG_06,low,True,v10_saramin_based,confirmed,2026-03-16T23:15:25,2026-03-16T23:15:25,,,,
DR_00451,화학엔지니어,JF_MFG_07,high,True,v10_saramin_based,confirmed,2026-03-16T23:15:25,2026-03-16T23:15:25,,,,
DR_00452,소재엔지니어,JF_MFG_07,high,True,v10_saramin_based,confirmed,2026-03-16T23:15:25,2026-03-16T23:15:25,,,,
DR_00453,환경엔지니어,JF_MFG_07,medium,True,v10_saramin_based,confirmed,2026-03-16T23:15:25,2026-03-16T23:15:25,,,,
DR_00454,공정개발엔지니어,JF_MFG_07,medium,True,v10_saramin_based,confirmed,2026-03-16T23:15:25,2026-03-16T23:15:25,,,,
DR_00455,고분자엔지니어,JF_MFG_07,low,True,v10_saramin_based,confirmed,2026-03-16T23:15:25,2026-03-16T23:15:25,,,,
DR_00456,통신엔지니어,JF_MFG_08,high,True,v10_saramin_based,confirmed,2026-03-16T23:15:25,2026-03-16T23:15:25,,,,
DR_00457,RF엔지니어,JF_MFG_08,high,True,v10_saramin_based,confirmed,2026-03-16T23:15:25,2026-03-16T23:15:25,,,,
DR_00458,하드웨어엔지니어,JF_MFG_08,medium,True,v10_saramin_based,confirmed,2026-03-16T23:15:25,2026-03-16T23:15:25,,,,
DR_00459,필드엔지니어,JF_MFG_08,medium,True,v10_saramin_based,confirmed,2026-03-16T23:15:25,2026-03-16T23:15:25,,,,
DR_00460,안테나엔지니어,JF_MFG_08,low,True,v10_saramin_based,confirmed,2026-03-16T23:15:25,2026-03-16T23:15:25,,,,
DR_00461,건축가,JF_CON_01,high,True,v10_saramin_based,confirmed,2026-03-16T23:15:25,2026-03-16T23:15:25,,,,
DR_00462,건축기사,JF_CON_01,high,True,v10_saramin_based,confirmed,2026-03-16T23:15:25,2026-03-16T23:15:25,,,,
DR_00463,건축설계담당,JF_CON_01,medium,True,v10_saramin_based,confirmed,2026-03-16T23:15:25,2026-03-16T23:15:25,,,,
DR_00464,감리원,JF_CON_01,medium,True,v10_saramin_based,confirmed,2026-03-16T23:15:25,2026-03-16T23:15:25,,,,
DR_00465,건축구조기사,JF_CON_01,low,True,v10_saramin_based,confirmed,2026-03-16T23:15:25,2026-03-16T23:15:25,,,,
DR_00466,토목기사,JF_CON_02,high,True,v10_saramin_based,confirmed,2026-03-16T23:15:25,2026-03-16T23:15:25,,,,
DR_00467,시공기사,JF_CON_02,high,True,v10_saramin_based,confirmed,2026-03-16T23:15:25,2026-03-16T23:15:25,,,,
DR_00468,현장관리자,JF_CON_02,medium,True,v10_saramin_based,confirmed,2026-03-16T23:15:25,2026-03-16T23:15:25,,,,
DR_00469,공무(현장),JF_CON_02,medium,True,v10_saramin_based,confirmed,2026-03-16T23:15:25,2026-03-16T23:15:25,,,,
DR_00470,토목설계기사,JF_CON_02,low,True,v10_saramin_based,confirmed,2026-03-16T23:15:25,2026-03-16T23:15:25,,,,
DR_00471,전기기사,JF_CON_03,high,True,v10_saramin_based,confirmed,2026-03-16T23:15:25,2026-03-16T23:15:25,,,,
DR_00472,소방설비담당,JF_CON_03,high,True,v10_saramin_based,confirmed,2026-03-16T23:15:25,2026-03-16T23:15:25,,,,
DR_00473,설비공사담당,JF_CON_03,medium,True,v10_saramin_based,confirmed,2026-03-16T23:15:25,2026-03-16T23:15:25,,,,
DR_00474,배관기사,JF_CON_03,medium,True,v10_saramin_based,confirmed,2026-03-16T23:15:25,2026-03-16T23:15:25,,,,
DR_00475,전기설계담당,JF_CON_03,low,True,v10_saramin_based,confirmed,2026-03-16T23:15:25,2026-03-16T23:15:25,,,,
DR_00476,건설안전관리자,JF_CON_04,high,True,v10_saramin_based,confirmed,2026-03-16T23:15:25,2026-03-16T23:15:25,,,,
DR_00477,환경기사,JF_CON_04,high,True,v10_saramin_based,confirmed,2026-03-16T23:15:25,2026-03-16T23:15:25,,,,
DR_00478,비파괴검사기사,JF_CON_04,medium,True,v10_saramin_based,confirmed,2026-03-16T23:15:25,2026-03-16T23:15:25,,,,
DR_00479,건설안전기사,JF_CON_04,medium,True,v10_saramin_based,confirmed,2026-03-16T23:15:25,2026-03-16T23:15:25,,,,
DR_00480,실내건축기사,JF_CON_05,high,True,v10_saramin_based,confirmed,2026-03-16T23:15:25,2026-03-16T23:15:25,,,,
DR_00481,인테리어기획자,JF_CON_05,high,True,v10_saramin_based,confirmed,2026-03-16T23:15:25,2026-03-16T23:15:25,,,,
DR_00482,공간기획자,JF_CON_05,medium,True,v10_saramin_based,confirmed,2026-03-16T23:15:25,2026-03-16T23:15:25,,,,
DR_00483,인테리어설계담당,JF_CON_05,medium,True,v10_saramin_based,confirmed,2026-03-16T23:15:25,2026-03-16T23:15:25,,,,
DR_00484,도시설계담당,JF_CON_06,high,True,v10_saramin_based,confirmed,2026-03-16T23:15:25,2026-03-16T23:15:25,,,,
DR_00485,조경기사,JF_CON_06,high,True,v10_saramin_based,confirmed,2026-03-16T23:15:25,2026-03-16T23:15:25,,,,
DR_00486,조경설계담당,JF_CON_06,medium,True,v10_saramin_based,confirmed,2026-03-16T23:15:25,2026-03-16T23:15:25,,,,
DR_00487,공인중개사,JF_CON_06,medium,True,v10_saramin_based,confirmed,2026-03-16T23:15:25,2026-03-16T23:15:25,,,,
DR_00488,감정평가사,JF_CON_06,low,True,v10_saramin_based,confirmed,2026-03-16T23:15:25,2026-03-16T23:15:25,,,,
DR_00489,호텔리어,JF_SVC_01,high,True,v10_saramin_based,confirmed,2026-03-16T23:15:25,2026-03-16T23:15:25,,,,
DR_00490,승무원(항공),JF_SVC_01,high,True,v10_saramin_based,confirmed,2026-03-16T23:15:25,2026-03-16T23:15:25,,,,
DR_00491,여행에이전트,JF_SVC_01,medium,True,v10_saramin_based,confirmed,2026-03-16T23:15:25,2026-03-16T23:15:25,,,,
DR_00492,여행가이드,JF_SVC_01,medium,True,v10_saramin_based,confirmed,2026-03-16T23:15:25,2026-03-16T23:15:25,,,,
DR_00493,객실담당,JF_SVC_01,low,True,v10_saramin_based,confirmed,2026-03-16T23:15:25,2026-03-16T23:15:25,,,,
DR_00494,프론트담당,JF_SVC_01,low,True,v10_saramin_based,confirmed,2026-03-16T23:15:25,2026-03-16T23:15:25,,,,
DR_00495,셰프(Chef),JF_SVC_02,high,True,v10_saramin_based,confirmed,2026-03-16T23:15:25,2026-03-16T23:15:25,,,,
DR_00496,조리사,JF_SVC_02,high,True,v10_saramin_based,confirmed,2026-03-16T23:15:25,2026-03-16T23:15:25,,,,
DR_00497,바리스타,JF_SVC_02,medium,True,v10_saramin_based,confirmed,2026-03-16T23:15:25,2026-03-16T23:15:25,,,,
DR_00498,제과제빵사,JF_SVC_02,medium,True,v10_saramin_based,confirmed,2026-03-16T23:15:25,2026-03-16T23:15:25,,,,
DR_00499,홀서버,JF_SVC_02,low,True,v10_saramin_based,confirmed,2026-03-16T23:15:25,2026-03-16T23:15:25,,,,
DR_00500,F&B매니저,JF_SVC_02,low,True,v10_saramin_based,confirmed,2026-03-16T23:15:25,2026-03-16T23:15:25,,,,
DR_00501,헤어디자이너,JF_SVC_03,high,True,v10_saramin_based,confirmed,2026-03-16T23:15:25,2026-03-16T23:15:25,,,,
DR_00502,피부관리사,JF_SVC_03,high,True,v10_saramin_based,confirmed,2026-03-16T23:15:25,2026-03-16T23:15:25,,,,
DR_00503,네일아티스트,JF_SVC_03,medium,True,v10_saramin_based,confirmed,2026-03-16T23:15:25,2026-03-16T23:15:25,,,,
DR_00504,뷰티테라피스트,JF_SVC_03,medium,True,v10_saramin_based,confirmed,2026-03-16T23:15:25,2026-03-16T23:15:25,,,,
DR_00505,메이크업아티스트,JF_SVC_03,low,True,v10_saramin_based,confirmed,2026-03-16T23:15:25,2026-03-16T23:15:25,,,,
DR_00506,경호원,JF_SVC_04,high,True,v10_saramin_based,confirmed,2026-03-16T23:15:25,2026-03-16T23:15:25,,,,
DR_00507,경비원,JF_SVC_04,high,True,v10_saramin_based,confirmed,2026-03-16T23:15:25,2026-03-16T23:15:25,,,,
DR_00508,시설보안요원,JF_SVC_04,medium,True,v10_saramin_based,confirmed,2026-03-16T23:15:25,2026-03-16T23:15:25,,,,
DR_00509,청원경찰,JF_SVC_04,medium,True,v10_saramin_based,confirmed,2026-03-16T23:15:25,2026-03-16T23:15:25,,,,
DR_00510,스포츠강사,JF_SVC_05,high,True,v10_saramin_based,confirmed,2026-03-16T23:15:25,2026-03-16T23:15:25,,,,
DR_00511,퍼스널트레이너(PT),JF_SVC_05,high,True,v10_saramin_based,confirmed,2026-03-16T23:15:25,2026-03-16T23:15:25,,,,
DR_00512,스포츠에이전트,JF_SVC_05,medium,True,v10_saramin_based,confirmed,2026-03-16T23:15:25,2026-03-16T23:15:25,,,,
DR_00513,체육지도자,JF_SVC_05,medium,True,v10_saramin_based,confirmed,2026-03-16T23:15:25,2026-03-16T23:15:25,,,,
DR_00514,전기공,JF_SVC_06,high,True,v10_saramin_based,confirmed,2026-03-16T23:15:25,2026-03-16T23:15:25,,,,
DR_00515,배관공,JF_SVC_06,high,True,v10_saramin_based,confirmed,2026-03-16T23:15:25,2026-03-16T23:15:25,,,,
DR_00516,용접공,JF_SVC_06,medium,True,v10_saramin_based,confirmed,2026-03-16T23:15:25,2026-03-16T23:15:25,,,,
DR_00517,냉동설비기사,JF_SVC_06,medium,True,v10_saramin_based,confirmed,2026-03-16T23:15:25,2026-03-16T23:15:25,,,,
DR_00518,도장공,JF_SVC_06,low,True,v10_saramin_based,confirmed,2026-03-16T23:15:25,2026-03-16T23:15:25,,,,
DR_00519,기계수리기사,JF_SVC_06,low,True,v10_saramin_based,confirmed,2026-03-16T23:15:25,2026-03-16T23:15:25,,,,
DR_00520,환경미화원,JF_SVC_07,high,True,v10_saramin_based,confirmed,2026-03-16T23:15:25,2026-03-16T23:15:25,,,,
DR_00521,장례지도사,JF_SVC_07,high,True,v10_saramin_based,confirmed,2026-03-16T23:15:25,2026-03-16T23:15:25,,,,
DR_00522,주차관리원,JF_SVC_07,medium,True,v10_saramin_based,confirmed,2026-03-16T23:15:25,2026-03-16T23:15:25,,,,
DR_00523,사회서비스현장직,JF_SVC_07,medium,True,v10_saramin_based,confirmed,2026-03-16T23:15:25,2026-03-16T23:15:25,,,,
DR_00524,PD,JF_MED_01,high,True,v10_saramin_based,confirmed,2026-03-16T23:15:25,2026-03-16T23:15:25,,,,
DR_00525,방송연출담당,JF_MED_01,high,True,v10_saramin_based,confirmed,2026-03-16T23:15:25,2026-03-16T23:15:25,,,,
DR_00526,영화감독,JF_MED_01,medium,True,v10_saramin_based,confirmed,2026-03-16T23:15:25,2026-03-16T23:15:25,,,,
DR_00527,크리에이티브디렉터,JF_MED_01,medium,True,v10_saramin_based,confirmed,2026-03-16T23:15:25,2026-03-16T23:15:25,,,,
DR_00528,방송작가PD,JF_MED_01,low,True,v10_saramin_based,confirmed,2026-03-16T23:15:25,2026-03-16T23:15:25,,,,
DR_00529,영상편집자,JF_MED_02,high,True,v10_saramin_based,confirmed,2026-03-16T23:15:25,2026-03-16T23:15:25,,,,
DR_00530,촬영감독,JF_MED_02,high,True,v10_saramin_based,confirmed,2026-03-16T23:15:25,2026-03-16T23:15:25,,,,
DR_00531,포토그래퍼,JF_MED_02,medium,True,v10_saramin_based,confirmed,2026-03-16T23:15:25,2026-03-16T23:15:25,,,,
DR_00532,VFX아티스트,JF_MED_02,medium,True,v10_saramin_based,confirmed,2026-03-16T23:15:25,2026-03-16T23:15:25,,,,
DR_00533,컴포지터,JF_MED_02,low,True,v10_saramin_based,confirmed,2026-03-16T23:15:25,2026-03-16T23:15:25,,,,
DR_00534,카피라이터,JF_MED_03,high,True,v10_saramin_based,confirmed,2026-03-16T23:15:25,2026-03-16T23:15:25,,,,
DR_00535,작가,JF_MED_03,high,True,v10_saramin_based,confirmed,2026-03-16T23:15:25,2026-03-16T23:15:25,,,,
DR_00536,콘텐츠에디터,JF_MED_03,medium,True,v10_saramin_based,confirmed,2026-03-16T23:15:25,2026-03-16T23:15:25,,,,
DR_00537,기자,JF_MED_03,medium,True,v10_saramin_based,confirmed,2026-03-16T23:15:25,2026-03-16T23:15:25,,,,
DR_00538,아나운서,JF_MED_03,low,True,v10_saramin_based,confirmed,2026-03-16T23:15:25,2026-03-16T23:15:25,,,,
DR_00539,기획작가,JF_MED_03,low,True,v10_saramin_based,confirmed,2026-03-16T23:15:25,2026-03-16T23:15:25,,,,
DR_00540,유튜버,JF_MED_04,high,True,v10_saramin_based,confirmed,2026-03-16T23:15:25,2026-03-16T23:15:25,,,,
DR_00541,크리에이터,JF_MED_04,high,True,v10_saramin_based,confirmed,2026-03-16T23:15:25,2026-03-16T23:15:25,,,,
DR_00542,인플루언서,JF_MED_04,medium,True,v10_saramin_based,confirmed,2026-03-16T23:15:25,2026-03-16T23:15:25,,,,
DR_00543,스트리머,JF_MED_04,medium,True,v10_saramin_based,confirmed,2026-03-16T23:15:25,2026-03-16T23:15:25,,,,
DR_00544,콘텐츠크리에이터,JF_MED_04,low,True,v10_saramin_based,confirmed,2026-03-16T23:15:25,2026-03-16T23:15:25,,,,
DR_00545,사운드엔지니어,JF_MED_05,high,True,v10_saramin_based,confirmed,2026-03-16T23:15:25,2026-03-16T23:15:25,,,,
DR_00546,작곡가,JF_MED_05,high,True,v10_saramin_based,confirmed,2026-03-16T23:15:25,2026-03-16T23:15:25,,,,
DR_00547,음반기획자,JF_MED_05,medium,True,v10_saramin_based,confirmed,2026-03-16T23:15:25,2026-03-16T23:15:25,,,,
DR_00548,공연기획자,JF_MED_05,medium,True,v10_saramin_based,confirmed,2026-03-16T23:15:25,2026-03-16T23:15:25,,,,
DR_00549,음악PD,JF_MED_05,low,True,v10_saramin_based,confirmed,2026-03-16T23:15:25,2026-03-16T23:15:25,,,,
DR_00550,통번역사,JF_MED_06,high,True,v10_saramin_based,confirmed,2026-03-16T23:15:25,2026-03-16T23:15:25,,,,
DR_00551,번역가,JF_MED_06,high,True,v10_saramin_based,confirmed,2026-03-16T23:15:25,2026-03-16T23:15:25,,,,
DR_00552,현지화담당,JF_MED_06,medium,True,v10_saramin_based,confirmed,2026-03-16T23:15:25,2026-03-16T23:15:25,,,,
DR_00553,동시통역사,JF_MED_06,medium,True,v10_saramin_based,confirmed,2026-03-16T23:15:25,2026-03-16T23:15:25,,,,
DR_00554,언어전문가,JF_MED_06,low,True,v10_saramin_based,confirmed,2026-03-16T23:15:25,2026-03-16T23:15:25,,,,
DR_00555,큐레이터,JF_MED_07,high,True,v10_saramin_based,confirmed,2026-03-16T23:15:25,2026-03-16T23:15:25,,,,
DR_00556,전시기획자,JF_MED_07,high,True,v10_saramin_based,confirmed,2026-03-16T23:15:25,2026-03-16T23:15:25,,,,
DR_00557,사서,JF_MED_07,medium,True,v10_saramin_based,confirmed,2026-03-16T23:15:25,2026-03-16T23:15:25,,,,
DR_00558,아카이비스트,JF_MED_07,medium,True,v10_saramin_based,confirmed,2026-03-16T23:15:25,2026-03-16T23:15:25,,,,
DR_00559,문화기획자,JF_MED_07,low,True,v10_saramin_based,confirmed,2026-03-16T23:15:25,2026-03-16T23:15:25,,,,
DR_00560,스포츠에이전트,JF_MED_08,high,True,v10_saramin_based,confirmed,2026-03-16T23:15:25,2026-03-16T23:15:25,,,,
DR_00561,스포츠행정담당,JF_MED_08,high,True,v10_saramin_based,confirmed,2026-03-16T23:15:25,2026-03-16T23:15:25,,,,
DR_00562,경기운영담당,JF_MED_08,medium,True,v10_saramin_based,confirmed,2026-03-16T23:15:25,2026-03-16T23:15:25,,,,
DR_00563,리그운영담당,JF_MED_08,medium,True,v10_saramin_based,confirmed,2026-03-16T23:15:25,2026-03-16T23:15:25,,,,
DR_00564,은행원,JF_BNK_01,high,True,v10_saramin_based,confirmed,2026-03-16T23:15:25,2026-03-16T23:15:25,,,,
DR_00565,텔러(Teller),JF_BNK_01,high,True,v10_saramin_based,confirmed,2026-03-16T23:15:25,2026-03-16T23:15:25,,,,
DR_00566,금융사무원,JF_BNK_01,medium,True,v10_saramin_based,confirmed,2026-03-16T23:15:25,2026-03-16T23:15:25,,,,
DR_00567,창구직원,JF_BNK_01,medium,True,v10_saramin_based,confirmed,2026-03-16T23:15:25,2026-03-16T23:15:25,,,,
DR_00568,출납담당,JF_BNK_01,low,True,v10_saramin_based,confirmed,2026-03-16T23:15:25,2026-03-16T23:15:25,,,,
DR_00569,금융영업담당,JF_BNK_02,high,True,v10_saramin_based,confirmed,2026-03-16T23:15:25,2026-03-16T23:15:25,,,,
DR_00570,PB(프라이빗뱅커),JF_BNK_02,high,True,v10_saramin_based,confirmed,2026-03-16T23:15:25,2026-03-16T23:15:25,,,,
DR_00571,WM(Wealth Manager),JF_BNK_02,medium,True,v10_saramin_based,confirmed,2026-03-16T23:15:25,2026-03-16T23:15:25,,,,
DR_00572,자산관리사,JF_BNK_02,medium,True,v10_saramin_based,confirmed,2026-03-16T23:15:25,2026-03-16T23:15:25,,,,
DR_00573,재무설계사(CFP),JF_BNK_02,low,True,v10_saramin_based,confirmed,2026-03-16T23:15:25,2026-03-16T23:15:25,,,,
DR_00574,대출상담사,JF_BNK_03,high,True,v10_saramin_based,confirmed,2026-03-16T23:15:25,2026-03-16T23:15:25,,,,
DR_00575,여신심사담당,JF_BNK_03,high,True,v10_saramin_based,confirmed,2026-03-16T23:15:25,2026-03-16T23:15:25,,,,
DR_00576,신용심사담당,JF_BNK_03,medium,True,v10_saramin_based,confirmed,2026-03-16T23:15:25,2026-03-16T23:15:25,,,,
DR_00577,담보심사담당,JF_BNK_03,medium,True,v10_saramin_based,confirmed,2026-03-16T23:15:25,2026-03-16T23:15:25,,,,
DR_00578,모기지담당,JF_BNK_03,low,True,v10_saramin_based,confirmed,2026-03-16T23:15:25,2026-03-16T23:15:25,,,,
DR_00579,보험상담사,JF_BNK_04,high,True,v10_saramin_based,confirmed,2026-03-16T23:15:25,2026-03-16T23:15:25,,,,
DR_00580,보험사무원,JF_BNK_04,high,True,v10_saramin_based,confirmed,2026-03-16T23:15:25,2026-03-16T23:15:25,,,,
DR_00581,언더라이터(보험),JF_BNK_04,medium,True,v10_saramin_based,confirmed,2026-03-16T23:15:25,2026-03-16T23:15:25,,,,
DR_00582,계약심사담당,JF_BNK_04,medium,True,v10_saramin_based,confirmed,2026-03-16T23:15:25,2026-03-16T23:15:25,,,,
DR_00583,보험상품개발자,JF_BNK_05,high,True,v10_saramin_based,confirmed,2026-03-16T23:15:25,2026-03-16T23:15:25,,,,
DR_00584,보험기획담당,JF_BNK_05,high,True,v10_saramin_based,confirmed,2026-03-16T23:15:25,2026-03-16T23:15:25,,,,
DR_00585,계리사(보조),JF_BNK_05,medium,True,v10_saramin_based,confirmed,2026-03-16T23:15:25,2026-03-16T23:15:25,,,,
DR_00586,상품전략담당,JF_BNK_05,medium,True,v10_saramin_based,confirmed,2026-03-16T23:15:25,2026-03-16T23:15:25,,,,
DR_00587,보험설계사,JF_BNK_06,high,True,v10_saramin_based,confirmed,2026-03-16T23:15:25,2026-03-16T23:15:25,,,,
DR_00588,GA보험설계사,JF_BNK_06,high,True,v10_saramin_based,confirmed,2026-03-16T23:15:25,2026-03-16T23:15:25,,,,
DR_00589,재무설계사(FP),JF_BNK_06,medium,True,v10_saramin_based,confirmed,2026-03-16T23:15:25,2026-03-16T23:15:25,,,,
DR_00590,보험컨설턴트,JF_BNK_06,medium,True,v10_saramin_based,confirmed,2026-03-16T23:15:25,2026-03-16T23:15:25,,,,
DR_00591,손해사정사,JF_BNK_07,high,True,v10_saramin_based,confirmed,2026-03-16T23:15:25,2026-03-16T23:15:25,,,,
DR_00592,클레임담당,JF_BNK_07,high,True,v10_saramin_based,confirmed,2026-03-16T23:15:25,2026-03-16T23:15:25,,,,
DR_00593,보상담당,JF_BNK_07,medium,True,v10_saramin_based,confirmed,2026-03-16T23:15:25,2026-03-16T23:15:25,,,,
DR_00594,배상담당,JF_BNK_07,medium,True,v10_saramin_based,confirmed,2026-03-16T23:15:25,2026-03-16T23:15:25,,,,
DR_00595,사고조사담당,JF_BNK_07,low,True,v10_saramin_based,confirmed,2026-03-16T23:15:25,2026-03-16T23:15:25,,,,
DR_00596,심사역,JF_BNK_08,high,True,v10_saramin_based,confirmed,2026-03-16T23:15:25,2026-03-16T23:15:25,,,,
DR_00597,신용분석가,JF_BNK_08,high,True,v10_saramin_based,confirmed,2026-03-16T23:15:25,2026-03-16T23:15:25,,,,
DR_00598,IB담당,JF_BNK_08,medium,True,v10_saramin_based,confirmed,2026-03-16T23:15:25,2026-03-16T23:15:25,,,,
DR_00599,기업금융담당,JF_BNK_08,medium,True,v10_saramin_based,confirmed,2026-03-16T23:15:25,2026-03-16T23:15:25,,,,
DR_00600,인수합병담당,JF_BNK_08,low,True,v10_saramin_based,confirmed,2026-03-16T23:15:25,2026-03-16T23:15:25,,,,
DR_00601,구조화금융,JF_BNK_08,low,True,v10_saramin_based,confirmed,2026-03-16T23:15:25,2026-03-16T23:15:25,,,,
DR_00602,주식애널리스트,JF_BNK_09,high,True,v10_saramin_based,confirmed,2026-03-16T23:15:25,2026-03-16T23:15:25,,,,
DR_00603,채권애널리스트,JF_BNK_09,high,True,v10_saramin_based,confirmed,2026-03-16T23:15:25,2026-03-16T23:15:25,,,,
DR_00604,리서치담당,JF_BNK_09,medium,True,v10_saramin_based,confirmed,2026-03-16T23:15:25,2026-03-16T23:15:25,,,,
DR_00605,투자분석가,JF_BNK_09,medium,True,v10_saramin_based,confirmed,2026-03-16T23:15:25,2026-03-16T23:15:25,,,,
DR_00606,섹터애널리스트,JF_BNK_09,low,True,v10_saramin_based,confirmed,2026-03-16T23:15:25,2026-03-16T23:15:25,,,,
DR_00607,외환딜러,JF_BNK_10,high,True,v10_saramin_based,confirmed,2026-03-16T23:15:25,2026-03-16T23:15:25,,,,
DR_00608,주식트레이더,JF_BNK_10,high,True,v10_saramin_based,confirmed,2026-03-16T23:15:25,2026-03-16T23:15:25,,,,
DR_00609,파생상품트레이더,JF_BNK_10,medium,True,v10_saramin_based,confirmed,2026-03-16T23:15:25,2026-03-16T23:15:25,,,,
DR_00610,외환관리담당,JF_BNK_10,medium,True,v10_saramin_based,confirmed,2026-03-16T23:15:25,2026-03-16T23:15:25,,,,
DR_00611,FX담당,JF_BNK_10,low,True,v10_saramin_based,confirmed,2026-03-16T23:15:25,2026-03-16T23:15:25,,,,
DR_00612,펀드매니저,JF_BNK_11,high,True,v10_saramin_based,confirmed,2026-03-16T23:15:25,2026-03-16T23:15:25,,,,
DR_00613,자산운용역,JF_BNK_11,high,True,v10_saramin_based,confirmed,2026-03-16T23:15:25,2026-03-16T23:15:25,,,,
DR_00614,포트폴리오매니저,JF_BNK_11,medium,True,v10_saramin_based,confirmed,2026-03-16T23:15:25,2026-03-16T23:15:25,,,,
DR_00615,운용전략담당,JF_BNK_11,medium,True,v10_saramin_based,confirmed,2026-03-16T23:15:25,2026-03-16T23:15:25,,,,
DR_00616,계리사,JF_BNK_12,high,True,v10_saramin_based,confirmed,2026-03-16T23:15:25,2026-03-16T23:15:25,,,,
DR_00617,보험수리담당,JF_BNK_12,high,True,v10_saramin_based,confirmed,2026-03-16T23:15:25,2026-03-16T23:15:25,,,,
DR_00618,보험계리사,JF_BNK_12,medium,True,v10_saramin_based,confirmed,2026-03-16T23:15:25,2026-03-16T23:15:25,,,,
DR_00619,계리분석담당,JF_BNK_12,medium,True,v10_saramin_based,confirmed,2026-03-16T23:15:25,2026-03-16T23:15:25,,,,
DR_00620,리스크관리담당,JF_BNK_13,high,True,v10_saramin_based,confirmed,2026-03-16T23:15:25,2026-03-16T23:15:25,,,,
DR_00621,금융컴플라이언스,JF_BNK_13,high,True,v10_saramin_based,confirmed,2026-03-16T23:15:25,2026-03-16T23:15:25,,,,
DR_00622,내부통제담당,JF_BNK_13,medium,True,v10_saramin_based,confirmed,2026-03-16T23:15:25,2026-03-16T23:15:25,,,,
DR_00623,리스크애널리스트,JF_BNK_13,medium,True,v10_saramin_based,confirmed,2026-03-16T23:15:25,2026-03-16T23:15:25,,,,
DR_00624,핀테크기획자,JF_BNK_14,high,True,v10_saramin_based,confirmed,2026-03-16T23:15:25,2026-03-16T23:15:25,,,,
DR_00625,디지털금융담당,JF_BNK_14,high,True,v10_saramin_based,confirmed,2026-03-16T23:15:25,2026-03-16T23:15:25,,,,
DR_00626,금융IT기획자,JF_BNK_14,medium,True,v10_saramin_based,confirmed,2026-03-16T23:15:25,2026-03-16T23:15:25,,,,
DR_00627,오픈뱅킹담당,JF_BNK_14,medium,True,v10_saramin_based,confirmed,2026-03-16T23:15:25,2026-03-16T23:15:25,,,,
DR_00628,마이데이터담당,JF_BNK_14,low,True,v10_saramin_based,confirmed,2026-03-16T23:15:25,2026-03-16T23:15:25,,,,
DR_00629,부동산투자담당,JF_BNK_15,high,True,v10_saramin_based,confirmed,2026-03-16T23:15:25,2026-03-16T23:15:25,,,,
DR_00630,신탁업무담당,JF_BNK_15,high,True,v10_saramin_based,confirmed,2026-03-16T23:15:25,2026-03-16T23:15:25,,,,
DR_00631,REITs담당,JF_BNK_15,medium,True,v10_saramin_based,confirmed,2026-03-16T23:15:25,2026-03-16T23:15:25,,,,
DR_00632,자산관리(부동산),JF_BNK_15,medium,True,v10_saramin_based,confirmed,2026-03-16T23:15:25,2026-03-16T23:15:25,,,,
DR_00633,R&D연구원,JF_RND_01,high,True,v10_saramin_based,confirmed,2026-03-16T23:15:25,2026-03-16T23:15:25,,,,
DR_00634,생명과학연구원,JF_RND_01,high,True,v10_saramin_based,confirmed,2026-03-16T23:15:25,2026-03-16T23:15:25,,,,
DR_00635,신소재연구원,JF_RND_01,medium,True,v10_saramin_based,confirmed,2026-03-16T23:15:25,2026-03-16T23:15:25,,,,
DR_00636,화학연구원,JF_RND_01,medium,True,v10_saramin_based,confirmed,2026-03-16T23:15:25,2026-03-16T23:15:25,,,,
DR_00637,재료공학연구원,JF_RND_01,low,True,v10_saramin_based,confirmed,2026-03-16T23:15:25,2026-03-16T23:15:25,,,,
DR_00638,바이오연구원,JF_RND_02,high,True,v10_saramin_based,confirmed,2026-03-16T23:15:25,2026-03-16T23:15:25,,,,
DR_00639,제약연구원,JF_RND_02,high,True,v10_saramin_based,confirmed,2026-03-16T23:15:25,2026-03-16T23:15:25,,,,
DR_00640,임상연구원(CRA),JF_RND_02,medium,True,v10_saramin_based,confirmed,2026-03-16T23:15:25,2026-03-16T23:15:25,,,,
DR_00641,RA담당,JF_RND_02,medium,True,v10_saramin_based,confirmed,2026-03-16T23:15:25,2026-03-16T23:15:25,,,,
DR_00642,규제담당,JF_RND_02,low,True,v10_saramin_based,confirmed,2026-03-16T23:15:25,2026-03-16T23:15:25,,,,
DR_00643,식품연구원,JF_RND_03,high,True,v10_saramin_based,confirmed,2026-03-16T23:15:25,2026-03-16T23:15:25,,,,
DR_00644,영양사,JF_RND_03,high,True,v10_saramin_based,confirmed,2026-03-16T23:15:25,2026-03-16T23:15:25,,,,
DR_00645,식품공학담당,JF_RND_03,medium,True,v10_saramin_based,confirmed,2026-03-16T23:15:25,2026-03-16T23:15:25,,,,
DR_00646,식품개발담당,JF_RND_03,medium,True,v10_saramin_based,confirmed,2026-03-16T23:15:25,2026-03-16T23:15:25,,,,
DR_00647,조리과학연구원,JF_RND_03,low,True,v10_saramin_based,confirmed,2026-03-16T23:15:25,2026-03-16T23:15:25,,,,
DR_00648,의료기기개발자,JF_RND_04,high,True,v10_saramin_based,confirmed,2026-03-16T23:15:25,2026-03-16T23:15:25,,,,
DR_00649,헬스케어R&D담당,JF_RND_04,high,True,v10_saramin_based,confirmed,2026-03-16T23:15:25,2026-03-16T23:15:25,,,,
DR_00650,임상공학기사,JF_RND_04,medium,True,v10_saramin_based,confirmed,2026-03-16T23:15:25,2026-03-16T23:15:25,,,,
DR_00651,의공학연구원,JF_RND_04,medium,True,v10_saramin_based,confirmed,2026-03-16T23:15:25,2026-03-16T23:15:25,,,,
DR_00652,의사,JF_PRO_07,high,True,v10_saramin_based,confirmed,2026-03-16T23:15:25,2026-03-23,,,,
DR_00653,한의사,JF_PRO_07,high,True,v10_saramin_based,confirmed,2026-03-16T23:15:25,2026-03-23,,,,
DR_00654,약사,JF_PRO_08,medium,True,v10_saramin_based,confirmed,2026-03-16T23:15:25,2026-03-23,,,,
DR_00655,수의사,JF_PRO_12,medium,True,v10_saramin_based,confirmed,2026-03-16T23:15:25,2026-03-23,,,,
DR_00656,치과의사,JF_PRO_07,low,True,v10_saramin_based,confirmed,2026-03-16T23:15:25,2026-03-23,,,,
DR_00657,한약사,JF_PRO_08,low,True,v10_saramin_based,confirmed,2026-03-16T23:15:25,2026-03-23,,,,
DR_00658,간호사,JF_MED_H02,high,True,v10_saramin_based,confirmed,2026-03-16T23:15:25,2026-03-16T23:15:25,,,,
DR_00659,간호조무사,JF_MED_H02,high,True,v10_saramin_based,confirmed,2026-03-16T23:15:25,2026-03-16T23:15:25,,,,
DR_00660,수술실간호사,JF_MED_H02,medium,True,v10_saramin_based,confirmed,2026-03-16T23:15:25,2026-03-16T23:15:25,,,,
DR_00661,중환자실간호사,JF_MED_H02,medium,True,v10_saramin_based,confirmed,2026-03-16T23:15:25,2026-03-16T23:15:25,,,,
DR_00662,가정간호사,JF_MED_H02,low,True,v10_saramin_based,confirmed,2026-03-16T23:15:25,2026-03-16T23:15:25,,,,
DR_00663,임상병리사,JF_PRO_10,high,True,v10_saramin_based,confirmed,2026-03-16T23:15:25,2026-03-23,,,,
DR_00664,방사선사,JF_PRO_10,high,True,v10_saramin_based,confirmed,2026-03-16T23:15:25,2026-03-23,,,,
DR_00665,물리치료사,JF_PRO_10,medium,True,v10_saramin_based,confirmed,2026-03-16T23:15:25,2026-03-23,,,,
DR_00666,작업치료사,JF_PRO_10,medium,True,v10_saramin_based,confirmed,2026-03-16T23:15:25,2026-03-23,,,,
DR_00667,의료기사,JF_PRO_10,low,True,v10_saramin_based,confirmed,2026-03-16T23:15:25,2026-03-23,,,,
DR_00668,병원코디네이터,JF_MED_H04,high,True,v10_saramin_based,confirmed,2026-03-16T23:15:25,2026-03-16T23:15:25,,,,
DR_00669,원무행정담당,JF_MED_H04,high,True,v10_saramin_based,confirmed,2026-03-16T23:15:25,2026-03-16T23:15:25,,,,
DR_00670,의무기록사,JF_MED_H04,medium,True,v10_saramin_based,confirmed,2026-03-16T23:15:25,2026-03-16T23:15:25,,,,
DR_00671,원무과직원,JF_MED_H04,medium,True,v10_saramin_based,confirmed,2026-03-16T23:15:25,2026-03-16T23:15:25,,,,
DR_00672,사회복지사,JF_SOC_01,high,True,v10_saramin_based,confirmed,2026-03-16T23:15:25,2026-03-16T23:15:25,,,,
DR_00673,요양보호사,JF_SOC_01,high,True,v10_saramin_based,confirmed,2026-03-16T23:15:25,2026-03-16T23:15:25,,,,
DR_00674,케어매니저,JF_SOC_01,medium,True,v10_saramin_based,confirmed,2026-03-16T23:15:25,2026-03-16T23:15:25,,,,
DR_00675,생활지원사,JF_SOC_01,medium,True,v10_saramin_based,confirmed,2026-03-16T23:15:25,2026-03-16T23:15:25,,,,
DR_00676,재활담당,JF_SOC_01,low,True,v10_saramin_based,confirmed,2026-03-16T23:15:25,2026-03-16T23:15:25,,,,
DR_00677,상담사,JF_SOC_02,high,True,v10_saramin_based,confirmed,2026-03-16T23:15:25,2026-03-16T23:15:25,,,,
DR_00678,심리치료사,JF_SOC_02,high,True,v10_saramin_based,confirmed,2026-03-16T23:15:25,2026-03-16T23:15:25,,,,
DR_00679,직업상담사,JF_SOC_02,medium,True,v10_saramin_based,confirmed,2026-03-16T23:15:25,2026-03-16T23:15:25,,,,
DR_00680,EAP상담사,JF_SOC_02,medium,True,v10_saramin_based,confirmed,2026-03-16T23:15:25,2026-03-16T23:15:25,,,,
DR_00681,정신건강사회복지사,JF_SOC_02,low,True,v10_saramin_based,confirmed,2026-03-16T23:15:25,2026-03-16T23:15:25,,,,
DR_00682,외부강사,JF_EDU_01,high,True,v10_saramin_based,confirmed,2026-03-16T23:15:25,2026-03-16T23:15:25,,,,
DR_00683,교수설계자,JF_EDU_01,high,True,v10_saramin_based,confirmed,2026-03-16T23:15:25,2026-03-16T23:15:25,,,,
DR_00684,이러닝기획자,JF_EDU_01,medium,True,v10_saramin_based,confirmed,2026-03-16T23:15:25,2026-03-16T23:15:25,,,,
DR_00685,HRD강사,JF_EDU_01,medium,True,v10_saramin_based,confirmed,2026-03-16T23:15:25,2026-03-16T23:15:25,,,,
DR_00686,기업교육강사,JF_EDU_01,low,True,v10_saramin_based,confirmed,2026-03-16T23:15:25,2026-03-16T23:15:25,,,,
DR_00687,교사,JF_EDU_02,high,True,v10_saramin_based,confirmed,2026-03-16T23:15:25,2026-03-16T23:15:25,,,,
DR_00688,교수,JF_EDU_02,high,True,v10_saramin_based,confirmed,2026-03-16T23:15:25,2026-03-16T23:15:25,,,,
DR_00689,유치원교사,JF_EDU_02,medium,True,v10_saramin_based,confirmed,2026-03-16T23:15:25,2026-03-16T23:15:25,,,,
DR_00690,보육교사,JF_EDU_02,medium,True,v10_saramin_based,confirmed,2026-03-16T23:15:25,2026-03-16T23:15:25,,,,
DR_00691,특수교사,JF_EDU_02,low,True,v10_saramin_based,confirmed,2026-03-16T23:15:25,2026-03-16T23:15:25,,,,
DR_00692,학원강사,JF_EDU_02,low,True,v10_saramin_based,confirmed,2026-03-16T23:15:25,2026-03-16T23:15:25,,,,
DR_00693,학원상담사,JF_EDU_03,high,True,v10_saramin_based,confirmed,2026-03-16T23:15:25,2026-03-16T23:15:25,,,,
DR_00694,학원운영담당,JF_EDU_03,high,True,v10_saramin_based,confirmed,2026-03-16T23:15:25,2026-03-16T23:15:25,,,,
DR_00695,입시컨설턴트,JF_EDU_03,medium,True,v10_saramin_based,confirmed,2026-03-16T23:15:25,2026-03-16T23:15:25,,,,
DR_00696,교직원,JF_EDU_03,medium,True,v10_saramin_based,confirmed,2026-03-16T23:15:25,2026-03-16T23:15:25,,,,
DR_00697,원장,JF_EDU_03,low,True,v10_saramin_based,confirmed,2026-03-16T23:15:25,2026-03-16T23:15:25,,,,
DR_00698,이러닝개발자,JF_EDU_04,high,True,v10_saramin_based,confirmed,2026-03-16T23:15:25,2026-03-16T23:15:25,,,,
DR_00699,콘텐츠개발자,JF_EDU_04,high,True,v10_saramin_based,confirmed,2026-03-16T23:15:25,2026-03-16T23:15:25,,,,
DR_00700,SCORM개발자,JF_EDU_04,medium,True,v10_saramin_based,confirmed,2026-03-16T23:15:25,2026-03-16T23:15:25,,,,
DR_00701,Moodle운영자,JF_EDU_04,medium,True,v10_saramin_based,confirmed,2026-03-16T23:15:25,2026-03-16T23:15:25,,,,
DR_00702,교육플랫폼개발,JF_EDU_04,low,True,v10_saramin_based,confirmed,2026-03-16T23:15:25,2026-03-16T23:15:25,,,,
DR_00703,공무원,JF_PUB_01,high,True,v10_saramin_based,confirmed,2026-03-16T23:15:25,2026-03-16T23:15:25,,,,
DR_00704,행정직,JF_PUB_01,high,True,v10_saramin_based,confirmed,2026-03-16T23:15:25,2026-03-16T23:15:25,,,,
DR_00705,사무관,JF_PUB_01,medium,True,v10_saramin_based,confirmed,2026-03-16T23:15:25,2026-03-16T23:15:25,,,,
DR_00706,주무관,JF_PUB_01,medium,True,v10_saramin_based,confirmed,2026-03-16T23:15:25,2026-03-16T23:15:25,,,,
DR_00707,정책기획담당,JF_PUB_01,low,True,v10_saramin_based,confirmed,2026-03-16T23:15:25,2026-03-16T23:15:25,,,,
DR_00708,공공기관직원,JF_PUB_02,high,True,v10_saramin_based,confirmed,2026-03-16T23:15:25,2026-03-16T23:15:25,,,,
DR_00709,준정부기관담당,JF_PUB_02,high,True,v10_saramin_based,confirmed,2026-03-16T23:15:25,2026-03-16T23:15:25,,,,
DR_00710,기금운용담당,JF_PUB_02,medium,True,v10_saramin_based,confirmed,2026-03-16T23:15:25,2026-03-16T23:15:25,,,,
DR_00711,공공기관기획,JF_PUB_02,medium,True,v10_saramin_based,confirmed,2026-03-16T23:15:25,2026-03-16T23:15:25,,,,
DR_00712,NGO담당,JF_PUB_03,high,True,v10_saramin_based,confirmed,2026-03-16T23:15:25,2026-03-16T23:15:25,,,,
DR_00713,비영리단체직원,JF_PUB_03,high,True,v10_saramin_based,confirmed,2026-03-16T23:15:25,2026-03-16T23:15:25,,,,
DR_00714,사회적기업담당,JF_PUB_03,medium,True,v10_saramin_based,confirmed,2026-03-16T23:15:25,2026-03-16T23:15:25,,,,
DR_00715,사회공헌담당,JF_PUB_03,medium,True,v10_saramin_based,confirmed,2026-03-16T23:15:25,2026-03-16T23:15:25,,,,
DR_00716,군무원,JF_PUB_04,high,True,v10_saramin_based,confirmed,2026-03-16T23:15:25,2026-03-16T23:15:25,,,,
DR_00717,경찰행정직,JF_PUB_04,high,True,v10_saramin_based,confirmed,2026-03-16T23:15:25,2026-03-16T23:15:25,,,,
DR_00718,소방행정직,JF_PUB_04,medium,True,v10_saramin_based,confirmed,2026-03-16T23:15:25,2026-03-16T23:15:25,,,,
DR_00719,교정직,JF_PUB_04,medium,True,v10_saramin_based,confirmed,2026-03-16T23:15:25,2026-03-16T23:15:25,,,,
DR_00720,출입국심사관,JF_PUB_04,low,True,v10_saramin_based,confirmed,2026-03-16T23:15:25,2026-03-16T23:15:25,,,,
DR_00721,매장관리자,JF_SVC_08,high,True,v10_final,confirmed,2026-03-16T23:20:30,2026-03-16T23:20:30,,,,
DR_00722,점장,JF_SVC_08,high,True,v10_final,confirmed,2026-03-16T23:20:30,2026-03-16T23:20:30,,,,
DR_00723,샵매니저,JF_SVC_08,high,True,v10_final,confirmed,2026-03-16T23:20:30,2026-03-16T23:20:30,,,,
DR_00724,리테일운영담당,JF_SVC_08,medium,True,v10_final,confirmed,2026-03-16T23:20:30,2026-03-16T23:20:30,,,,
DR_00725,스토어매니저,JF_SVC_08,high,True,v10_final,confirmed,2026-03-16T23:20:30,2026-03-16T23:20:30,,,,
DR_00726,매장슈퍼바이저,JF_SVC_08,medium,True,v10_final,confirmed,2026-03-16T23:20:30,2026-03-16T23:20:30,,,,
DR_00727,판매사원,JF_SVC_09,very_high,True,v10_final,confirmed,2026-03-16T23:20:30,2026-03-16T23:20:30,,,,
DR_00728,고객서비스담당,JF_SVC_09,high,True,v10_final,confirmed,2026-03-16T23:20:30,2026-03-16T23:20:30,,,,
DR_00729,리테일어소시에이트,JF_SVC_09,medium,True,v10_final,confirmed,2026-03-16T23:20:30,2026-03-16T23:20:30,,,,
DR_00730,매장직원,JF_SVC_09,very_high,True,v10_final,confirmed,2026-03-16T23:20:30,2026-03-16T23:20:30,,,,
DR_00731,기계설계엔지니어,JF_MFG_09,high,True,v10_final,confirmed,2026-03-16T23:20:30,2026-03-16T23:20:30,,,,
DR_00732,CAD설계담당,JF_MFG_09,high,True,v10_final,confirmed,2026-03-16T23:20:30,2026-03-16T23:20:30,,,,
DR_00733,3D설계엔지니어,JF_MFG_09,high,True,v10_final,confirmed,2026-03-16T23:20:30,2026-03-16T23:20:30,,,,
DR_00734,CAD/CAM담당,JF_MFG_09,medium,True,v10_final,confirmed,2026-03-16T23:20:30,2026-03-16T23:20:30,,,,
DR_00735,메카니컬엔지니어,JF_MFG_09,medium,True,v10_final,confirmed,2026-03-16T23:20:30,2026-03-16T23:20:30,,,,
DR_00736,플랜트엔지니어,JF_MFG_10,medium,True,v10_final,confirmed,2026-03-16T23:20:30,2026-03-16T23:20:30,,,,
DR_00737,에너지엔지니어,JF_MFG_10,medium,True,v10_final,confirmed,2026-03-16T23:20:30,2026-03-16T23:20:30,,,,
DR_00738,화공플랜트담당,JF_MFG_10,medium,True,v10_final,confirmed,2026-03-16T23:20:30,2026-03-16T23:20:30,,,,
DR_00739,프로세스엔지니어,JF_MFG_10,medium,True,v10_final,confirmed,2026-03-16T23:20:30,2026-03-16T23:20:30,,,,
DR_00740,CEO,JF_STR_05,low,True,v3_migrated,migrated_from_v3,2026-03-16T01:45:23.698655,2026-03-17T00:59:05,기획·전략,1644.0,95.0,True
DR_00741,COO,JF_STR_05,low,True,v3_migrated,migrated_from_v3,2026-03-16T01:45:23.698655,2026-03-17T00:59:05,기획·전략,1645.0,71.0,True
DR_00742,경영기획,JF_STR_05,very_high,True,v3_migrated,migrated_from_v3,2026-03-16T01:45:23.698655,2026-03-17T00:59:05,기획·전략,1625.0,7288.0,True
DR_00743,지점관리자,JF_STR_05,medium,True,v3_migrated,migrated_from_v3,2026-03-16T01:45:23.698655,2026-03-17T00:59:05,기획·전략,1640.0,902.0,True
DR_00744,기술기획,JF_STR_01,low,True,v3_migrated,migrated_from_v3,2026-03-16T01:45:23.698655,2026-03-17T00:59:05,기획·전략,1628.0,136.0,True
DR_00745,기획,JF_STR_01,medium,True,v3_migrated,migrated_from_v3,2026-03-16T01:45:23.698655,2026-03-17T00:59:05,기획·전략,2205.0,1469.0,True
DR_00746,사업기획,JF_STR_01,high,True,v3_migrated,migrated_from_v3,2026-03-16T01:45:23.698655,2026-03-17T00:59:05,기획·전략,1633.0,4054.0,True
DR_00747,전략기획,JF_STR_01,high,True,v3_migrated,migrated_from_v3,2026-03-16T01:45:23.698655,2026-03-17T00:59:05,기획·전략,1639.0,3904.0,True
DR_00748,컨설턴트,JF_STR_01,medium,True,v3_migrated,migrated_from_v3,2026-03-16T01:45:23.698655,2026-03-17T00:59:05,기획·전략,1642.0,532.0,True
DR_00749,PL(프로젝트리더),JF_STR_03,low,True,v3_migrated,migrated_from_v3,2026-03-16T01:45:23.698655,2026-03-17T00:59:05,기획·전략,1648.0,255.0,True
DR_00750,PM(프로젝트매니저),JF_STR_03,medium,True,v3_migrated,migrated_from_v3,2026-03-16T01:45:23.698655,2026-03-17T00:59:05,기획·전략,1649.0,1416.0,True
DR_00751,PMO,JF_STR_03,low,True,v3_migrated,migrated_from_v3,2026-03-16T01:45:23.698655,2026-03-17T00:59:05,기획·전략,1650.0,151.0,True
DR_00752,PO(프로덕트오너),JF_STR_04,low,True,v3_migrated,migrated_from_v3,2026-03-16T01:45:23.698655,2026-03-17T00:59:05,기획·전략,1651.0,197.0,True
DR_00753,게임기획,JF_STR_04,low,True,v3_migrated,migrated_from_v3,2026-03-16T01:45:23.698655,2026-03-17T00:59:05,기획·전략,1624.0,348.0,True
DR_00754,상품기획,JF_STR_04,medium,True,v3_migrated,migrated_from_v3,2026-03-16T01:45:23.698655,2026-03-17T00:59:05,기획·전략,1634.0,756.0,True
DR_00755,서비스기획,JF_STR_04,high,True,v3_migrated,migrated_from_v3,2026-03-16T01:45:23.698655,2026-03-17T00:59:05,기획·전략,1635.0,2723.0,True
DR_00756,앱기획,JF_STR_04,medium,True,v3_migrated,migrated_from_v3,2026-03-16T01:45:23.698655,2026-03-17T00:59:05,기획·전략,1636.0,920.0,True
DR_00757,웹기획,JF_STR_04,medium,True,v3_migrated,migrated_from_v3,2026-03-16T01:45:23.698655,2026-03-17T00:59:05,기획·전략,1637.0,1239.0,True
DR_00758,DBA,JF_AI_03,medium,True,v3_migrated,migrated_from_v3,2026-03-16T01:45:23.698655,2026-03-17T00:59:05,IT개발·데이터,95.0,976.0,True
DR_00759,데이터분석가,JF_AI_03,medium,True,v3_migrated,migrated_from_v3,2026-03-16T01:45:23.698655,2026-03-17T00:59:05,IT개발·데이터,82.0,1086.0,True
DR_00760,데이터엔지니어,JF_AI_03,low,True,v3_migrated,migrated_from_v3,2026-03-16T01:45:23.698655,2026-03-17T00:59:05,IT개발·데이터,83.0,438.0,True
DR_00761,SI개발,JF_AI_04,medium,True,v3_migrated,migrated_from_v3,2026-03-16T01:45:23.698655,2026-03-17T00:59:05,IT개발·데이터,101.0,595.0,True
DR_00762,게임개발,JF_AI_04,medium,True,v3_migrated,migrated_from_v3,2026-03-16T01:45:23.698655,2026-03-17T00:59:05,IT개발·데이터,80.0,844.0,True
DR_00763,백엔드/서버개발,JF_AI_04,very_high,True,v3_migrated,migrated_from_v3,2026-03-16T01:45:23.698655,2026-03-17T00:59:05,IT개발·데이터,84.0,7316.0,True
DR_00764,앱개발,JF_AI_04,medium,True,v3_migrated,migrated_from_v3,2026-03-16T01:45:23.698655,2026-03-17T00:59:05,IT개발·데이터,86.0,1951.0,True
DR_00765,웹개발,JF_AI_04,very_high,True,v3_migrated,migrated_from_v3,2026-03-16T01:45:23.698655,2026-03-17T00:59:05,IT개발·데이터,87.0,7976.0,True
DR_00766,웹마스터,JF_AI_04,low,True,v3_migrated,migrated_from_v3,2026-03-16T01:45:23.698655,2026-03-17T00:59:05,IT개발·데이터,88.0,179.0,True
DR_00767,퍼블리셔,JF_AI_04,medium,True,v3_migrated,migrated_from_v3,2026-03-16T01:45:23.698655,2026-03-17T00:59:05,IT개발·데이터,91.0,1940.0,True
DR_00768,프론트엔드,JF_AI_04,high,True,v3_migrated,migrated_from_v3,2026-03-16T01:45:23.698655,2026-03-17T00:59:05,IT개발·데이터,92.0,3467.0,True
DR_00769,QA/테스터,JF_AI_05,medium,True,v3_migrated,migrated_from_v3,2026-03-16T01:45:23.698655,2026-03-17T00:59:05,IT개발·데이터,99.0,1342.0,True
DR_00770,SQA,JF_AI_05,low,True,v3_migrated,migrated_from_v3,2026-03-16T01:45:23.698655,2026-03-17T00:59:05,IT개발·데이터,2229.0,141.0,True
DR_00771,SE(시스템엔지니어),JF_AI_07,high,True,v3_migrated,migrated_from_v3,2026-03-16T01:45:23.698655,2026-03-17T00:59:05,IT개발·데이터,100.0,2240.0,True
DR_00772,CISO,JF_AI_05,low,True,v3_migrated,migrated_from_v3,2026-03-16T01:45:23.698655,2026-03-17T00:59:05,IT개발·데이터,93.0,64.0,True
DR_00773,보안컨설팅,JF_AI_05,low,True,v3_migrated,migrated_from_v3,2026-03-16T01:45:23.698655,2026-03-17T00:59:05,IT개발·데이터,85.0,427.0,True
DR_00774,정보보안,JF_AI_05,high,True,v3_migrated,migrated_from_v3,2026-03-16T01:45:23.698655,2026-03-17T00:59:05,IT개발·데이터,90.0,2586.0,True
DR_00775,GM(게임운영),JF_AI_08,low,True,v3_migrated,migrated_from_v3,2026-03-16T01:45:23.698655,2026-03-17T00:59:05,IT개발·데이터,97.0,209.0,True
DR_00776,ICT컨설팅,JF_AI_08,low,True,v3_migrated,migrated_from_v3,2026-03-16T01:45:23.698655,2026-03-17T00:59:05,IT개발·데이터,102.0,103.0,True
DR_00777,IT컨설팅,JF_AI_08,medium,True,v3_migrated,migrated_from_v3,2026-03-16T01:45:23.698655,2026-03-17T00:59:05,IT개발·데이터,98.0,818.0,True
DR_00778,기술지원,JF_AI_08,medium,True,v3_migrated,migrated_from_v3,2026-03-16T01:45:23.698655,2026-03-17T00:59:05,IT개발·데이터,81.0,650.0,True
DR_00779,유지보수,JF_AI_08,medium,True,v3_migrated,migrated_from_v3,2026-03-16T01:45:23.698655,2026-03-17T00:59:05,IT개발·데이터,89.0,1985.0,True
DR_00780,전산/기술직,JF_AI_08,medium,True,v3_migrated,migrated_from_v3,2026-03-16T01:45:23.698655,2026-03-17T00:59:05,건설·건축,2054.0,552.0,True
DR_00781,UI/UX디자인,JF_DES_01,high,True,v3_migrated,migrated_from_v3,2026-03-16T01:45:23.698655,2026-03-17T00:59:05,디자인,1529.0,2579.0,True
DR_00782,디지털디자인,JF_DES_01,medium,True,v3_migrated,migrated_from_v3,2026-03-16T01:45:23.698655,2026-03-17T00:59:05,디자인,1486.0,877.0,True
DR_00783,모바일디자인,JF_DES_01,medium,True,v3_migrated,migrated_from_v3,2026-03-16T01:45:23.698655,2026-03-17T00:59:05,디자인,1488.0,1061.0,True
DR_00784,앱디자인,JF_DES_01,low,True,v3_migrated,migrated_from_v3,2026-03-16T01:45:23.698655,2026-03-17T00:59:05,디자인,1499.0,373.0,True
DR_00785,웹디자인,JF_DES_01,very_high,True,v3_migrated,migrated_from_v3,2026-03-16T01:45:23.698655,2026-03-17T00:59:05,디자인,1502.0,5576.0,True
DR_00786,정보디자인,JF_DES_01,low,True,v3_migrated,migrated_from_v3,2026-03-16T01:45:23.698655,2026-03-17T00:59:05,디자인,1508.0,437.0,True
DR_00787,AD(아트디렉터),JF_DES_02,medium,True,v3_migrated,migrated_from_v3,2026-03-16T01:45:23.698655,2026-03-17T00:59:05,미디어·문화·스포츠,1317.0,822.0,True
DR_00788,BI디자인,JF_DES_02,medium,True,v3_migrated,migrated_from_v3,2026-03-16T01:45:23.698655,2026-03-17T00:59:05,디자인,1526.0,1725.0,True
DR_00789,BX디자인,JF_DES_02,low,True,v3_migrated,migrated_from_v3,2026-03-16T01:45:23.698655,2026-03-17T00:59:05,디자인,1527.0,458.0,True
DR_00790,CI디자인,JF_DES_02,medium,True,v3_migrated,migrated_from_v3,2026-03-16T01:45:23.698655,2026-03-17T00:59:05,디자인,1528.0,1970.0,True
DR_00791,가구디자인,JF_DES_02,medium,True,v3_migrated,migrated_from_v3,2026-03-16T01:45:23.698655,2026-03-17T00:59:05,디자인,1475.0,744.0,True
DR_00792,게임디자인,JF_DES_02,low,True,v3_migrated,migrated_from_v3,2026-03-16T01:45:23.698655,2026-03-17T00:59:05,디자인,1477.0,177.0,True
DR_00793,공간디자인,JF_DES_02,high,True,v3_migrated,migrated_from_v3,2026-03-16T01:45:23.698655,2026-03-17T00:59:05,디자인,1479.0,2110.0,True
DR_00794,공공디자인,JF_DES_02,low,True,v3_migrated,migrated_from_v3,2026-03-16T01:45:23.698655,2026-03-17T00:59:05,디자인,1480.0,416.0,True
DR_00795,공예디자인,JF_DES_02,low,True,v3_migrated,migrated_from_v3,2026-03-16T01:45:23.698655,2026-03-17T00:59:05,디자인,1482.0,257.0,True
DR_00796,광고디자인,JF_DES_02,high,True,v3_migrated,migrated_from_v3,2026-03-16T01:45:23.698655,2026-03-17T00:59:05,디자인,1483.0,3867.0,True
DR_00797,그래픽디자인,JF_DES_02,very_high,True,v3_migrated,migrated_from_v3,2026-03-16T01:45:23.698655,2026-03-17T00:59:05,디자인,1484.0,6000.0,True
DR_00798,로고디자인,JF_DES_02,medium,True,v3_migrated,migrated_from_v3,2026-03-16T01:45:23.698655,2026-03-17T00:59:05,디자인,1487.0,539.0,True
DR_00799,무대디자인,JF_DES_02,low,True,v3_migrated,migrated_from_v3,2026-03-16T01:45:23.698655,2026-03-17T00:59:05,디자인,1489.0,346.0,True
DR_00800,문구디자인,JF_DES_02,medium,True,v3_migrated,migrated_from_v3,2026-03-16T01:45:23.698655,2026-03-17T00:59:05,디자인,1490.0,973.0,True
DR_00801,배너디자인,JF_DES_02,high,True,v3_migrated,migrated_from_v3,2026-03-16T01:45:23.698655,2026-03-17T00:59:05,디자인,1491.0,2144.0,True
DR_00802,북디자인,JF_DES_02,medium,True,v3_migrated,migrated_from_v3,2026-03-16T01:45:23.698655,2026-03-17T00:59:05,디자인,1492.0,1014.0,True
DR_00803,브랜드디자인,JF_DES_02,medium,True,v3_migrated,migrated_from_v3,2026-03-16T01:45:23.698655,2026-03-17T00:59:05,디자인,1493.0,974.0,True
DR_00804,산업디자인,JF_DES_02,high,True,v3_migrated,migrated_from_v3,2026-03-16T01:45:23.698655,2026-03-17T00:59:05,디자인,1494.0,2126.0,True
DR_00805,섬유디자인,JF_DES_02,medium,True,v3_migrated,migrated_from_v3,2026-03-16T01:45:23.698655,2026-03-17T00:59:05,디자인,1495.0,606.0,True
DR_00806,시각디자인,JF_DES_02,very_high,True,v3_migrated,migrated_from_v3,2026-03-16T01:45:23.698655,2026-03-17T00:59:05,디자인,1496.0,6306.0,True
DR_00807,실내디자인,JF_DES_02,high,True,v3_migrated,migrated_from_v3,2026-03-16T01:45:23.698655,2026-03-17T00:59:05,디자인,1497.0,2930.0,True
DR_00808,영화미술,JF_DES_02,low,True,v3_migrated,migrated_from_v3,2026-03-16T01:45:23.698655,2026-03-17T00:59:05,미디어·문화·스포츠,1326.0,158.0,True
DR_00809,완구디자인,JF_DES_02,low,True,v3_migrated,migrated_from_v3,2026-03-16T01:45:23.698655,2026-03-17T00:59:05,디자인,1501.0,392.0,True
DR_00810,의상디자인,JF_DES_02,medium,True,v3_migrated,migrated_from_v3,2026-03-16T01:45:23.698655,2026-03-17T00:59:05,디자인,1503.0,1895.0,True
DR_00811,일러스트레이터,JF_DES_02,very_high,True,v3_migrated,migrated_from_v3,2026-03-16T01:45:23.698655,2026-03-17T00:59:05,디자인,1504.0,5089.0,True
DR_00812,자동차디자인,JF_DES_02,medium,True,v3_migrated,migrated_from_v3,2026-03-16T01:45:23.698655,2026-03-17T00:59:05,디자인,1505.0,1053.0,True
DR_00813,잡화디자인,JF_DES_02,medium,True,v3_migrated,migrated_from_v3,2026-03-16T01:45:23.698655,2026-03-17T00:59:05,디자인,1506.0,760.0,True
DR_00814,전시디자인,JF_DES_02,medium,True,v3_migrated,migrated_from_v3,2026-03-16T01:45:23.698655,2026-03-17T00:59:05,디자인,1507.0,1430.0,True
DR_00815,조명디자인,JF_DES_02,low,True,v3_migrated,migrated_from_v3,2026-03-16T01:45:23.698655,2026-03-17T00:59:05,디자인,1510.0,236.0,True
DR_00816,주얼리디자인,JF_DES_02,low,True,v3_migrated,migrated_from_v3,2026-03-16T01:45:23.698655,2026-03-17T00:59:05,디자인,1511.0,346.0,True
DR_00817,캐릭터디자인,JF_DES_02,medium,True,v3_migrated,migrated_from_v3,2026-03-16T01:45:23.698655,2026-03-17T00:59:05,디자인,1512.0,1036.0,True
DR_00818,컨셉디자인,JF_DES_02,low,True,v3_migrated,migrated_from_v3,2026-03-16T01:45:23.698655,2026-03-17T00:59:05,디자인,1513.0,159.0,True
DR_00819,컬러리스트,JF_DES_02,low,True,v3_migrated,migrated_from_v3,2026-03-16T01:45:23.698655,2026-03-17T00:59:05,디자인,1514.0,419.0,True
DR_00820,패키지디자인,JF_DES_02,high,True,v3_migrated,migrated_from_v3,2026-03-16T01:45:23.698655,2026-03-17T00:59:05,디자인,1517.0,2595.0,True
DR_00821,패턴디자인,JF_DES_02,low,True,v3_migrated,migrated_from_v3,2026-03-16T01:45:23.698655,2026-03-17T00:59:05,디자인,1518.0,415.0,True
DR_00822,편집디자인,JF_DES_02,high,True,v3_migrated,migrated_from_v3,2026-03-16T01:45:23.698655,2026-03-17T00:59:05,디자인,1519.0,3930.0,True
DR_00823,폰트디자인,JF_DES_02,medium,True,v3_migrated,migrated_from_v3,2026-03-16T01:45:23.698655,2026-03-17T00:59:05,디자인,1520.0,533.0,True
DR_00824,표지디자인,JF_DES_02,medium,True,v3_migrated,migrated_from_v3,2026-03-16T01:45:23.698655,2026-03-17T00:59:05,디자인,1521.0,1522.0,True
DR_00825,프로모션디자인,JF_DES_02,low,True,v3_migrated,migrated_from_v3,2026-03-16T01:45:23.698655,2026-03-17T00:59:05,디자인,1522.0,418.0,True
DR_00826,환경디자인,JF_DES_02,medium,True,v3_migrated,migrated_from_v3,2026-03-16T01:45:23.698655,2026-03-17T00:59:05,디자인,1523.0,519.0,True
DR_00827,CW(카피라이터),JF_DES_03,low,True,v3_migrated,migrated_from_v3,2026-03-16T01:45:23.698655,2026-03-17T00:59:05,미디어·문화·스포츠,1319.0,457.0,True
DR_00828,PD/AD/FD,JF_DES_03,high,True,v3_migrated,migrated_from_v3,2026-03-16T01:45:23.698655,2026-03-17T00:59:05,미디어·문화·스포츠,1323.0,2632.0,True
DR_00829,VJ,JF_DES_03,low,True,v3_migrated,migrated_from_v3,2026-03-16T01:45:23.698655,2026-03-17T00:59:05,미디어·문화·스포츠,1324.0,165.0,True
DR_00830,광고PD,JF_DES_03,medium,True,v3_migrated,migrated_from_v3,2026-03-16T01:45:23.698655,2026-03-17T00:59:05,마케팅·홍보·조사,1422.0,532.0,True
DR_00831,기술감독,JF_DES_03,low,True,v3_migrated,migrated_from_v3,2026-03-16T01:45:23.698655,2026-03-17T00:59:05,미디어·문화·스포츠,1282.0,115.0,True
DR_00832,방송엔지니어,JF_DES_03,low,True,v3_migrated,migrated_from_v3,2026-03-16T01:45:23.698655,2026-03-17T00:59:05,미디어·문화·스포츠,1331.0,259.0,True
DR_00833,사운드엔지니어,JF_DES_03,low,True,v3_migrated,migrated_from_v3,2026-03-16T01:45:23.698655,2026-03-17T00:59:05,미디어·문화·스포츠,1287.0,434.0,True
DR_00834,스크립터,JF_DES_03,low,True,v3_migrated,migrated_from_v3,2026-03-16T01:45:23.698655,2026-03-17T00:59:05,미디어·문화·스포츠,1291.0,114.0,True
DR_00835,애니메이터,JF_DES_03,low,True,v3_migrated,migrated_from_v3,2026-03-16T01:45:23.698655,2026-03-17T00:59:05,디자인,1498.0,269.0,True
DR_00836,에디터,JF_DES_03,low,True,v3_migrated,migrated_from_v3,2026-03-16T01:45:23.698655,2026-03-17T00:59:05,미디어·문화·스포츠,1296.0,279.0,True
DR_00837,영상디자이너,JF_DES_03,low,True,v3_migrated,migrated_from_v3,2026-03-16T01:45:23.698655,2026-03-17T00:59:05,미디어·문화·스포츠,1298.0,272.0,True
DR_00838,영상디자인,JF_DES_03,medium,True,v3_migrated,migrated_from_v3,2026-03-16T01:45:23.698655,2026-03-17T00:59:05,디자인,1500.0,941.0,True
DR_00839,촬영감독,JF_DES_03,low,True,v3_migrated,migrated_from_v3,2026-03-16T01:45:23.698655,2026-03-17T00:59:05,미디어·문화·스포츠,1303.0,201.0,True
DR_00840,콘텐츠디자인,JF_DES_03,medium,True,v3_migrated,migrated_from_v3,2026-03-16T01:45:23.698655,2026-03-17T00:59:05,디자인,1515.0,839.0,True
DR_00841,콘텐츠에디터,JF_DES_03,medium,True,v3_migrated,migrated_from_v3,2026-03-16T01:45:23.698655,2026-03-17T00:59:05,마케팅·홍보·조사,1436.0,708.0,True
DR_00842,포토그래퍼,JF_DES_03,medium,True,v3_migrated,migrated_from_v3,2026-03-16T01:45:23.698655,2026-03-17T00:59:05,미디어·문화·스포츠,1313.0,988.0,True
DR_00843,CS강사,JF_EDU_01,low,True,v3_migrated,migrated_from_v3,2026-03-16T01:45:23.698655,2026-03-17T00:59:05,교육,1823.0,391.0,True
DR_00844,IT강사,JF_EDU_01,low,True,v3_migrated,migrated_from_v3,2026-03-16T01:45:23.698655,2026-03-17T00:59:05,교육,1824.0,173.0,True
DR_00845,교수설계,JF_EDU_01,low,True,v3_migrated,migrated_from_v3,2026-03-16T01:45:23.698655,2026-03-17T00:59:05,교육,1825.0,284.0,True
DR_00846,교육기획,JF_EDU_01,medium,True,v3_migrated,migrated_from_v3,2026-03-16T01:45:23.698655,2026-03-17T00:59:05,기획·전략,1627.0,1042.0,True
DR_00847,교육운영,JF_EDU_01,medium,True,v3_migrated,migrated_from_v3,2026-03-16T01:45:23.698655,2026-03-17T00:59:05,교육,1826.0,1010.0,True
DR_00848,교육컨설턴트,JF_EDU_01,low,True,v3_migrated,migrated_from_v3,2026-03-16T01:45:23.698655,2026-03-17T00:59:05,교육,1801.0,232.0,True
DR_00849,교육컨텐츠개발,JF_EDU_01,medium,True,v3_migrated,migrated_from_v3,2026-03-16T01:45:23.698655,2026-03-17T00:59:05,교육,1827.0,1072.0,True
DR_00850,교육컨텐츠기획,JF_EDU_01,medium,True,v3_migrated,migrated_from_v3,2026-03-16T01:45:23.698655,2026-03-17T00:59:05,교육,1828.0,814.0,True
DR_00851,교재개발,JF_EDU_01,medium,True,v3_migrated,migrated_from_v3,2026-03-16T01:45:23.698655,2026-03-17T00:59:05,교육,1829.0,1000.0,True
DR_00852,입학사정관,JF_EDU_01,low,True,v3_migrated,migrated_from_v3,2026-03-16T01:45:23.698655,2026-03-17T00:59:05,교육,1812.0,55.0,True
DR_00853,직업훈련,JF_EDU_01,low,True,v3_migrated,migrated_from_v3,2026-03-16T01:45:23.698655,2026-03-17T00:59:05,교육,1832.0,130.0,True
DR_00854,컴퓨터교육,JF_EDU_01,low,True,v3_migrated,migrated_from_v3,2026-03-16T01:45:23.698655,2026-03-17T00:59:05,교육,1833.0,240.0,True
DR_00855,평생교육사,JF_EDU_01,low,True,v3_migrated,migrated_from_v3,2026-03-16T01:45:23.698655,2026-03-17T00:59:05,교육,1831.0,147.0,True
DR_00856,CRA(임상연구원),JF_EDU_02,low,True,v3_migrated,migrated_from_v3,2026-03-16T01:45:23.698655,2026-03-17T00:59:05,연구·R&D,807.0,195.0,True
DR_00857,CRC(연구간호사),JF_EDU_02,low,True,v3_migrated,migrated_from_v3,2026-03-16T01:45:23.698655,2026-03-17T00:59:05,의료,496.0,355.0,True
DR_00858,간호사,JF_EDU_02,high,True,v3_migrated,migrated_from_v3,2026-03-16T01:45:23.698655,2026-03-17T00:59:05,의료,462.0,4435.0,True
DR_00859,간호조무사,JF_EDU_02,high,True,v3_migrated,migrated_from_v3,2026-03-16T01:45:23.698655,2026-03-17T00:59:05,의료,500.0,2151.0,True
DR_00860,도수치료사,JF_EDU_02,low,True,v3_migrated,migrated_from_v3,2026-03-16T01:45:23.698655,2026-03-17T00:59:05,의료,464.0,225.0,True
DR_00861,마취간호사,JF_EDU_02,low,True,v3_migrated,migrated_from_v3,2026-03-16T01:45:23.698655,2026-03-17T00:59:05,의료,465.0,182.0,True
DR_00862,물리치료사,JF_PRO_10,medium,True,v3_migrated,migrated_from_v3,2026-03-16T01:45:23.698655,2026-03-23,의료,466.0,1545.0,True
DR_00863,방사선사,JF_PRO_10,medium,True,v3_migrated,migrated_from_v3,2026-03-16T01:45:23.698655,2026-03-23,의료,468.0,1007.0,True
DR_00864,보건의료정보관리사,JF_EDU_02,low,True,v3_migrated,migrated_from_v3,2026-03-16T01:45:23.698655,2026-03-17T00:59:05,의료,519.0,371.0,True
DR_00865,비만관리사,JF_EDU_02,low,True,v3_migrated,migrated_from_v3,2026-03-16T01:45:23.698655,2026-03-17T00:59:05,의료,510.0,86.0,True
DR_00866,산업간호사,JF_EDU_02,medium,True,v3_migrated,migrated_from_v3,2026-03-16T01:45:23.698655,2026-03-17T00:59:05,의료,469.0,1274.0,True
DR_00867,상담간호사,JF_EDU_02,low,True,v3_migrated,migrated_from_v3,2026-03-16T01:45:23.698655,2026-03-17T00:59:05,의료,470.0,162.0,True
DR_00868,수간호사,JF_EDU_02,low,True,v3_migrated,migrated_from_v3,2026-03-16T01:45:23.698655,2026-03-17T00:59:05,의료,471.0,135.0,True
DR_00869,수의테크니션,JF_EDU_02,low,True,v3_migrated,migrated_from_v3,2026-03-16T01:45:23.698655,2026-03-17T00:59:05,의료,473.0,146.0,True
DR_00870,심사간호사,JF_EDU_02,low,True,v3_migrated,migrated_from_v3,2026-03-16T01:45:23.698655,2026-03-17T00:59:05,의료,475.0,145.0,True
DR_00871,안경사,JF_EDU_02,low,True,v3_migrated,migrated_from_v3,2026-03-16T01:45:23.698655,2026-03-17T00:59:05,의료,499.0,155.0,True
DR_00872,영양사,JF_EDU_02,low,True,v3_migrated,migrated_from_v3,2026-03-16T01:45:23.698655,2026-03-17T00:59:05,의료,514.0,193.0,True
DR_00873,운동처방사,JF_EDU_02,low,True,v3_migrated,migrated_from_v3,2026-03-16T01:45:23.698655,2026-03-17T00:59:05,의료,516.0,107.0,True
DR_00874,위생사,JF_EDU_02,low,True,v3_migrated,migrated_from_v3,2026-03-16T01:45:23.698655,2026-03-17T00:59:05,의료,517.0,372.0,True
DR_00875,응급구조사,JF_EDU_02,low,True,v3_migrated,migrated_from_v3,2026-03-16T01:45:23.698655,2026-03-17T00:59:05,의료,518.0,248.0,True
DR_00876,의공기사,JF_EDU_02,low,True,v3_migrated,migrated_from_v3,2026-03-16T01:45:23.698655,2026-03-17T00:59:05,의료,480.0,121.0,True
DR_00877,임상PM,JF_EDU_02,low,True,v3_migrated,migrated_from_v3,2026-03-16T01:45:23.698655,2026-03-17T00:59:05,연구·R&D,804.0,320.0,True
DR_00878,임상병리사,JF_PRO_10,medium,True,v3_migrated,migrated_from_v3,2026-03-16T01:45:23.698655,2026-03-23,의료,483.0,1643.0,True
DR_00879,책임간호사,JF_EDU_02,low,True,v3_migrated,migrated_from_v3,2026-03-16T01:45:23.698655,2026-03-17T00:59:05,의료,489.0,114.0,True
DR_00880,치과위생사,JF_EDU_02,medium,True,v3_migrated,migrated_from_v3,2026-03-16T01:45:23.698655,2026-03-17T00:59:05,의료,461.0,685.0,True
DR_00881,치기공사,JF_EDU_02,low,True,v3_migrated,migrated_from_v3,2026-03-16T01:45:23.698655,2026-03-17T00:59:05,의료,492.0,164.0,True
DR_00882,사회복지사,JF_EDU_03,medium,True,v3_migrated,migrated_from_v3,2026-03-16T01:45:23.698655,2026-03-17T00:59:05,공공·복지,1936.0,1000.0,True
DR_00883,상담교사,JF_EDU_03,low,True,v3_migrated,migrated_from_v3,2026-03-16T01:45:23.698655,2026-03-17T00:59:05,교육,1810.0,117.0,True
DR_00884,생활지도원,JF_EDU_03,low,True,v3_migrated,migrated_from_v3,2026-03-16T01:45:23.698655,2026-03-17T00:59:05,공공·복지,1938.0,69.0,True
DR_00885,심리치료사,JF_EDU_03,low,True,v3_migrated,migrated_from_v3,2026-03-16T01:45:23.698655,2026-03-17T00:59:05,공공·복지,1940.0,194.0,True
DR_00886,직업상담사,JF_EDU_03,low,True,v3_migrated,migrated_from_v3,2026-03-16T01:45:23.698655,2026-03-17T00:59:05,인사·노무·HRD,433.0,379.0,True
DR_00887,청소년지도사,JF_EDU_03,low,True,v3_migrated,migrated_from_v3,2026-03-16T01:45:23.698655,2026-03-17T00:59:05,공공·복지,1947.0,169.0,True
DR_00888,AICPA,JF_FIN_01,low,True,v3_migrated,migrated_from_v3,2026-03-16T01:45:23.698655,2026-03-17T00:59:05,회계·세무·재무,330.0,143.0,True
DR_00889,CFO,JF_FIN_01,low,True,v3_migrated,migrated_from_v3,2026-03-16T01:45:23.698655,2026-03-17T00:59:05,회계·세무·재무,332.0,140.0,True
DR_00890,KICPA,JF_FIN_01,low,True,v3_migrated,migrated_from_v3,2026-03-16T01:45:23.698655,2026-03-17T00:59:05,회계·세무·재무,334.0,135.0,True
DR_00891,건설경리,JF_FIN_01,low,True,v3_migrated,migrated_from_v3,2026-03-16T01:45:23.698655,2026-03-17T00:59:05,건설·건축,2010.0,76.0,True
DR_00892,경리,JF_FIN_01,very_high,True,v3_migrated,migrated_from_v3,2026-03-16T01:45:23.698655,2026-03-17T00:59:05,회계·세무·재무,322.0,8873.0,True
DR_00893,경리사무원,JF_FIN_01,medium,True,v3_migrated,migrated_from_v3,2026-03-16T01:45:23.698655,2026-03-17T00:59:05,회계·세무·재무,323.0,1426.0,True
DR_00894,공인회계사,JF_FIN_01,low,True,v3_migrated,migrated_from_v3,2026-03-16T01:45:23.698655,2026-03-17T00:59:05,회계·세무·재무,324.0,184.0,True
DR_00895,금융사무,JF_FIN_01,medium,True,v3_migrated,migrated_from_v3,2026-03-16T01:45:23.698655,2026-03-17T00:59:05,금융·보험,1698.0,872.0,True
DR_00896,무역경리,JF_FIN_01,medium,True,v3_migrated,migrated_from_v3,2026-03-16T01:45:23.698655,2026-03-17T00:59:05,영업·판매·무역,693.0,556.0,True
DR_00897,병원경리,JF_FIN_01,low,True,v3_migrated,migrated_from_v3,2026-03-16T01:45:23.698655,2026-03-17T00:59:05,의료,505.0,99.0,True
DR_00898,애널리스트,JF_FIN_01,low,True,v3_migrated,migrated_from_v3,2026-03-16T01:45:23.698655,2026-03-17T00:59:05,금융·보험,1695.0,306.0,True
DR_00899,재무,JF_FIN_01,high,True,v3_migrated,migrated_from_v3,2026-03-16T01:45:23.698655,2026-03-17T00:59:05,회계·세무·재무,2220.0,2276.0,True
DR_00900,전산회계,JF_FIN_01,very_high,True,v3_migrated,migrated_from_v3,2026-03-16T01:45:23.698655,2026-03-17T00:59:05,회계·세무·재무,328.0,7448.0,True
DR_00901,펀드매니저,JF_FIN_01,low,True,v3_migrated,migrated_from_v3,2026-03-16T01:45:23.698655,2026-03-17T00:59:05,금융·보험,1697.0,294.0,True
DR_00902,회계,JF_FIN_01,high,True,v3_migrated,migrated_from_v3,2026-03-16T01:45:23.698655,2026-03-17T00:59:05,회계·세무·재무,2197.0,4054.0,True
DR_00903,회계사,JF_FIN_01,very_high,True,v3_migrated,migrated_from_v3,2026-03-16T01:45:23.698655,2026-03-17T00:59:05,회계·세무·재무,329.0,7431.0,True
DR_00904,감사,JF_FIN_02,medium,True,v3_migrated,migrated_from_v3,2026-03-16T01:45:23.698655,2026-03-17T00:59:05,회계·세무·재무,321.0,1072.0,True
DR_00905,세무사,JF_FIN_02,very_high,True,v3_migrated,migrated_from_v3,2026-03-16T01:45:23.698655,2026-03-17T00:59:05,회계·세무·재무,327.0,5587.0,True
DR_00906,보험심사,JF_FIN_03,medium,True,v3_migrated,migrated_from_v3,2026-03-16T01:45:23.698655,2026-03-17T00:59:05,금융·보험,1702.0,808.0,True
DR_00907,보험심사청구사,JF_FIN_03,low,True,v3_migrated,migrated_from_v3,2026-03-16T01:45:23.698655,2026-03-17T00:59:05,의료,2236.0,213.0,True
DR_00908,손해사정사,JF_FIN_03,medium,True,v3_migrated,migrated_from_v3,2026-03-16T01:45:23.698655,2026-03-17T00:59:05,금융·보험,1693.0,576.0,True
DR_00909,심사역,JF_FIN_03,low,True,v3_migrated,migrated_from_v3,2026-03-16T01:45:23.698655,2026-03-17T00:59:05,금융·보험,1694.0,123.0,True
DR_00910,인증심사원,JF_FIN_03,low,True,v3_migrated,migrated_from_v3,2026-03-16T01:45:23.698655,2026-03-17T00:59:05,연구·R&D,802.0,117.0,True
DR_00911,컴플라이언스,JF_FIN_03,low,True,v3_migrated,migrated_from_v3,2026-03-16T01:45:23.698655,2026-03-17T00:59:05,총무·법무·사무,397.0,93.0,True
DR_00912,법률사무원,JF_FIN_04,medium,True,v3_migrated,migrated_from_v3,2026-03-16T01:45:23.698655,2026-03-17T00:59:05,총무·법무·사무,391.0,1025.0,True
DR_00913,법무,JF_FIN_04,low,True,v3_migrated,migrated_from_v3,2026-03-16T01:45:23.698655,2026-03-17T00:59:05,총무·법무·사무,2215.0,413.0,True
DR_00914,법무사,JF_PRO_02,medium,True,v3_migrated,migrated_from_v3,2026-03-16T01:45:23.698655,2026-03-23,총무·법무·사무,383.0,1293.0,True
DR_00915,변리사,JF_PRO_03,low,True,v3_migrated,migrated_from_v3,2026-03-16T01:45:23.698655,2026-03-23,총무·법무·사무,384.0,84.0,True
DR_00916,변호사,JF_PRO_01,low,True,v3_migrated,migrated_from_v3,2026-03-16T01:45:23.698655,2026-03-23,총무·법무·사무,385.0,271.0,True
DR_00917,송무비서,JF_FIN_04,low,True,v3_migrated,migrated_from_v3,2026-03-16T01:45:23.698655,2026-03-17T00:59:05,총무·법무·사무,390.0,155.0,True
DR_00918,특허명세사,JF_FIN_04,low,True,v3_migrated,migrated_from_v3,2026-03-16T01:45:23.698655,2026-03-17T00:59:05,총무·법무·사무,398.0,94.0,True
DR_00919,ER(노무관리),JF_HR_01,medium,True,v3_migrated,migrated_from_v3,2026-03-16T01:45:23.698655,2026-03-17T00:59:05,인사·노무·HRD,435.0,1594.0,True
DR_00920,HRM,JF_HR_01,high,True,v3_migrated,migrated_from_v3,2026-03-16T01:45:23.698655,2026-03-17T00:59:05,인사·노무·HRD,438.0,3484.0,True
DR_00921,HR컨설팅,JF_HR_01,medium,True,v3_migrated,migrated_from_v3,2026-03-16T01:45:23.698655,2026-03-17T00:59:05,인사·노무·HRD,436.0,617.0,True
DR_00922,인사,JF_HR_01,high,True,v3_migrated,migrated_from_v3,2026-03-16T01:45:23.698655,2026-03-17T00:59:05,인사·노무·HRD,2198.0,3047.0,True
DR_00923,인사기획,JF_HR_01,low,True,v3_migrated,migrated_from_v3,2026-03-16T01:45:23.698655,2026-03-17T00:59:05,기획·전략,1638.0,221.0,True
DR_00924,잡매니저,JF_HR_02,low,True,v3_migrated,migrated_from_v3,2026-03-16T01:45:23.698655,2026-03-17T00:59:05,인사·노무·HRD,432.0,164.0,True
DR_00925,채용담당자,JF_HR_02,medium,True,v3_migrated,migrated_from_v3,2026-03-16T01:45:23.698655,2026-03-17T00:59:05,인사·노무·HRD,431.0,1051.0,True
DR_00926,HRD,JF_HR_03,high,True,v3_migrated,migrated_from_v3,2026-03-16T01:45:23.698655,2026-03-17T00:59:05,인사·노무·HRD,437.0,4197.0,True
DR_00927,병원총무,JF_HR_04,low,True,v3_migrated,migrated_from_v3,2026-03-16T01:45:23.698655,2026-03-17T00:59:05,의료,506.0,158.0,True
DR_00928,병원행정사,JF_HR_04,low,True,v3_migrated,migrated_from_v3,2026-03-16T01:45:23.698655,2026-03-17T00:59:05,의료,508.0,203.0,True
DR_00929,비서,JF_HR_04,high,True,v3_migrated,migrated_from_v3,2026-03-16T01:45:23.698655,2026-03-17T00:59:05,총무·법무·사무,386.0,2993.0,True
DR_00930,사무직,JF_HR_04,very_high,True,v3_migrated,migrated_from_v3,2026-03-16T01:45:23.698655,2026-03-17T00:59:05,총무·법무·사무,388.0,13501.0,True
DR_00931,서무,JF_HR_04,medium,True,v3_migrated,migrated_from_v3,2026-03-16T01:45:23.698655,2026-03-17T00:59:05,총무·법무·사무,389.0,518.0,True
DR_00932,수행비서,JF_HR_04,low,True,v3_migrated,migrated_from_v3,2026-03-16T01:45:23.698655,2026-03-17T00:59:05,총무·법무·사무,393.0,410.0,True
DR_00933,안내데스크,JF_HR_04,medium,True,v3_migrated,migrated_from_v3,2026-03-16T01:45:23.698655,2026-03-17T00:59:05,서비스,888.0,851.0,True
DR_00934,임원비서,JF_HR_04,high,True,v3_migrated,migrated_from_v3,2026-03-16T01:45:23.698655,2026-03-17T00:59:05,총무·법무·사무,395.0,2132.0,True
DR_00935,총무,JF_HR_04,very_high,True,v3_migrated,migrated_from_v3,2026-03-16T01:45:23.698655,2026-03-17T00:59:05,총무·법무·사무,396.0,10380.0,True
DR_00936,공장장,JF_MFG_01,low,True,v3_migrated,migrated_from_v3,2026-03-16T01:45:23.698655,2026-03-17T00:59:05,생산,2223.0,204.0,True
DR_00937,공정관리,JF_MFG_01,medium,True,v3_migrated,migrated_from_v3,2026-03-16T01:45:23.698655,2026-03-17T00:59:05,생산,2211.0,1961.0,True
DR_00938,공정설계,JF_MFG_01,medium,True,v3_migrated,migrated_from_v3,2026-03-16T01:45:23.698655,2026-03-17T00:59:05,생산,1009.0,570.0,True
DR_00939,기계조작원,JF_MFG_01,very_high,True,v3_migrated,migrated_from_v3,2026-03-16T01:45:23.698655,2026-03-17T00:59:05,생산,990.0,11565.0,True
DR_00940,단순생산직,JF_MFG_01,very_high,True,v3_migrated,migrated_from_v3,2026-03-16T01:45:23.698655,2026-03-17T00:59:05,생산,991.0,10670.0,True
DR_00941,생산,JF_MFG_01,high,True,v3_migrated,migrated_from_v3,2026-03-16T01:45:23.698655,2026-03-17T00:59:05,생산,2196.0,3562.0,True
DR_00942,생산관리,JF_MFG_01,very_high,True,v3_migrated,migrated_from_v3,2026-03-16T01:45:23.698655,2026-03-17T00:59:05,생산,993.0,17681.0,True
DR_00943,생산기술,JF_MFG_01,high,True,v3_migrated,migrated_from_v3,2026-03-16T01:45:23.698655,2026-03-17T00:59:05,생산,2200.0,2671.0,True
DR_00944,생산설계,JF_MFG_01,low,True,v3_migrated,migrated_from_v3,2026-03-16T01:45:23.698655,2026-03-17T00:59:05,생산,1017.0,418.0,True
DR_00945,제조,JF_MFG_01,medium,True,v3_migrated,migrated_from_v3,2026-03-16T01:45:23.698655,2026-03-17T00:59:05,생산,2213.0,1584.0,True
DR_00946,제조가공,JF_MFG_01,very_high,True,v3_migrated,migrated_from_v3,2026-03-16T01:45:23.698655,2026-03-17T00:59:05,생산,1037.0,5864.0,True
DR_00947,QA,JF_MFG_02,very_high,True,v3_migrated,migrated_from_v3,2026-03-16T01:45:23.698655,2026-03-17T00:59:05,생산,1002.0,9141.0,True
DR_00948,QC,JF_MFG_02,very_high,True,v3_migrated,migrated_from_v3,2026-03-16T01:45:23.698655,2026-03-17T00:59:05,생산,1003.0,17830.0,True
DR_00949,비파괴검사원,JF_MFG_02,low,True,v3_migrated,migrated_from_v3,2026-03-16T01:45:23.698655,2026-03-17T00:59:05,건설·건축,2031.0,284.0,True
DR_00950,외관검사원,JF_MFG_02,high,True,v3_migrated,migrated_from_v3,2026-03-16T01:45:23.698655,2026-03-17T00:59:05,생산,996.0,3228.0,True
DR_00951,품질검사원,JF_MFG_02,high,True,v3_migrated,migrated_from_v3,2026-03-16T01:45:23.698655,2026-03-17T00:59:05,생산,1001.0,4300.0,True
DR_00952,품질관리,JF_MFG_02,high,True,v3_migrated,migrated_from_v3,2026-03-16T01:45:23.698655,2026-03-17T00:59:05,구매·자재·물류,2212.0,4279.0,True
DR_00953,PSM,JF_MFG_03,very_high,True,v3_migrated,migrated_from_v3,2026-03-16T01:45:23.698655,2026-03-17T00:59:05,생산,1008.0,5639.0,True
DR_00954,안전보건관리자,JF_MFG_03,medium,True,v3_migrated,migrated_from_v3,2026-03-16T01:45:23.698655,2026-03-17T00:59:05,건설·건축,2056.0,783.0,True
DR_00955,가스기능사,JF_MFG_04,low,True,v3_migrated,migrated_from_v3,2026-03-16T01:45:23.698655,2026-03-17T00:59:05,건설·건축,2005.0,130.0,True
DR_00956,공조냉동기사,JF_MFG_04,low,True,v3_migrated,migrated_from_v3,2026-03-16T01:45:23.698655,2026-03-17T00:59:05,건설·건축,2016.0,438.0,True
DR_00957,내선전공,JF_MFG_04,medium,True,v3_migrated,migrated_from_v3,2026-03-16T01:45:23.698655,2026-03-17T00:59:05,건설·건축,2020.0,896.0,True
DR_00958,보일러기사,JF_MFG_04,low,True,v3_migrated,migrated_from_v3,2026-03-16T01:45:23.698655,2026-03-17T00:59:05,건설·건축,2028.0,251.0,True
DR_00959,설비OP,JF_MFG_04,medium,True,v3_migrated,migrated_from_v3,2026-03-16T01:45:23.698655,2026-03-17T00:59:05,생산,994.0,778.0,True
DR_00960,자동제어,JF_MFG_04,high,True,v3_migrated,migrated_from_v3,2026-03-16T01:45:23.698655,2026-03-17T00:59:05,생산,1032.0,2656.0,True
DR_00961,장비제어,JF_MFG_04,low,True,v3_migrated,migrated_from_v3,2026-03-16T01:45:23.698655,2026-03-17T00:59:05,생산,1033.0,415.0,True
DR_00962,전기제어,JF_MFG_04,very_high,True,v3_migrated,migrated_from_v3,2026-03-16T01:45:23.698655,2026-03-17T00:59:05,생산,1034.0,5569.0,True
DR_00963,전자제어,JF_MFG_04,high,True,v3_migrated,migrated_from_v3,2026-03-16T01:45:23.698655,2026-03-17T00:59:05,생산,1035.0,2043.0,True
DR_00964,정비기사,JF_MFG_04,medium,True,v3_migrated,migrated_from_v3,2026-03-16T01:45:23.698655,2026-03-17T00:59:05,서비스,896.0,1350.0,True
DR_00965,항공정비,JF_MFG_04,low,True,v3_migrated,migrated_from_v3,2026-03-16T01:45:23.698655,2026-03-17T00:59:05,생산,2221.0,130.0,True
DR_00966,CM(건설사업관리),JF_MFG_05,low,True,v3_migrated,migrated_from_v3,2026-03-16T01:45:23.698655,2026-03-17T00:59:05,건설·건축,2051.0,416.0,True
DR_00967,감리원,JF_MFG_05,medium,True,v3_migrated,migrated_from_v3,2026-03-16T01:45:23.698655,2026-03-17T00:59:05,건설·건축,2006.0,1221.0,True
DR_00968,건설견적원,JF_MFG_05,low,True,v3_migrated,migrated_from_v3,2026-03-16T01:45:23.698655,2026-03-17T00:59:05,건설·건축,2009.0,130.0,True
DR_00969,건축가,JF_MFG_05,high,True,v3_migrated,migrated_from_v3,2026-03-16T01:45:23.698655,2026-03-17T00:59:05,건설·건축,2011.0,2052.0,True
DR_00970,건축구조설계,JF_MFG_05,low,True,v3_migrated,migrated_from_v3,2026-03-16T01:45:23.698655,2026-03-17T00:59:05,건설·건축,2057.0,327.0,True
DR_00971,건축기사,JF_MFG_05,medium,True,v3_migrated,migrated_from_v3,2026-03-16T01:45:23.698655,2026-03-17T00:59:05,건설·건축,2012.0,622.0,True
DR_00972,건축디자인,JF_MFG_05,low,True,v3_migrated,migrated_from_v3,2026-03-16T01:45:23.698655,2026-03-17T00:59:05,디자인,1476.0,254.0,True
DR_00973,공무,JF_MFG_05,high,True,v3_migrated,migrated_from_v3,2026-03-16T01:45:23.698655,2026-03-17T00:59:05,건설·건축,2014.0,2977.0,True
DR_00974,소방설계,JF_MFG_05,low,True,v3_migrated,migrated_from_v3,2026-03-16T01:45:23.698655,2026-03-17T00:59:05,건설·건축,2069.0,170.0,True
DR_00975,시공관리자,JF_MFG_05,low,True,v3_migrated,migrated_from_v3,2026-03-16T01:45:23.698655,2026-03-17T00:59:05,건설·건축,2034.0,354.0,True
DR_00976,시공기사,JF_MFG_05,high,True,v3_migrated,migrated_from_v3,2026-03-16T01:45:23.698655,2026-03-17T00:59:05,건설·건축,2035.0,2087.0,True
DR_00977,조경설계,JF_MFG_05,low,True,v3_migrated,migrated_from_v3,2026-03-16T01:45:23.698655,2026-03-17T00:59:05,건설·건축,2072.0,244.0,True
DR_00978,토목기술자,JF_MFG_05,medium,True,v3_migrated,migrated_from_v3,2026-03-16T01:45:23.698655,2026-03-17T00:59:05,건설·건축,2045.0,917.0,True
DR_00979,토목설계,JF_MFG_05,low,True,v3_migrated,migrated_from_v3,2026-03-16T01:45:23.698655,2026-03-17T00:59:05,건설·건축,2059.0,434.0,True
DR_00980,플랜트설계,JF_MFG_05,low,True,v3_migrated,migrated_from_v3,2026-03-16T01:45:23.698655,2026-03-17T00:59:05,생산,1028.0,226.0,True
DR_00981,현장관리자,JF_MFG_05,high,True,v3_migrated,migrated_from_v3,2026-03-16T01:45:23.698655,2026-03-17T00:59:05,건설·건축,2048.0,2072.0,True
DR_00982,현장기사,JF_MFG_05,medium,True,v3_migrated,migrated_from_v3,2026-03-16T01:45:23.698655,2026-03-17T00:59:05,건설·건축,2049.0,921.0,True
DR_00983,AE(광고기획자),JF_MKT_01,medium,True,v3_migrated,migrated_from_v3,2026-03-16T01:45:23.698655,2026-03-17T00:59:05,마케팅·홍보·조사,1440.0,1198.0,True
DR_00984,B2B마케팅,JF_MKT_01,low,True,v3_migrated,migrated_from_v3,2026-03-16T01:45:23.698655,2026-03-17T00:59:05,마케팅·홍보·조사,1442.0,139.0,True
DR_00985,BM(브랜드매니저),JF_MKT_01,high,True,v3_migrated,migrated_from_v3,2026-03-16T01:45:23.698655,2026-03-17T00:59:05,마케팅·홍보·조사,1443.0,4745.0,True
DR_00986,CMO,JF_MKT_01,low,True,v3_migrated,migrated_from_v3,2026-03-16T01:45:23.698655,2026-03-17T00:59:05,마케팅·홍보·조사,1445.0,101.0,True
DR_00987,광고기획,JF_MKT_01,high,True,v3_migrated,migrated_from_v3,2026-03-16T01:45:23.698655,2026-03-17T00:59:05,기획·전략,1626.0,2220.0,True
DR_00988,광고마케팅,JF_MKT_01,high,True,v3_migrated,migrated_from_v3,2026-03-16T01:45:23.698655,2026-03-17T00:59:05,마케팅·홍보·조사,1421.0,4455.0,True
DR_00989,글로벌마케팅,JF_MKT_01,high,True,v3_migrated,migrated_from_v3,2026-03-16T01:45:23.698655,2026-03-17T00:59:05,마케팅·홍보·조사,1423.0,2676.0,True
DR_00990,마케팅,JF_MKT_01,high,True,v3_migrated,migrated_from_v3,2026-03-16T01:45:23.698655,2026-03-17T00:59:05,마케팅·홍보·조사,2201.0,2439.0,True
DR_00991,마케팅기획,JF_MKT_01,very_high,True,v3_migrated,migrated_from_v3,2026-03-16T01:45:23.698655,2026-03-17T00:59:05,기획·전략,1629.0,13486.0,True
DR_00992,마케팅전략,JF_MKT_01,very_high,True,v3_migrated,migrated_from_v3,2026-03-16T01:45:23.698655,2026-03-17T00:59:05,마케팅·홍보·조사,1413.0,11450.0,True
DR_00993,병원마케팅,JF_MKT_01,low,True,v3_migrated,migrated_from_v3,2026-03-16T01:45:23.698655,2026-03-17T00:59:05,마케팅·홍보·조사,1411.0,156.0,True
DR_00994,브랜드기획,JF_MKT_01,low,True,v3_migrated,migrated_from_v3,2026-03-16T01:45:23.698655,2026-03-17T00:59:05,기획·전략,1632.0,481.0,True
DR_00995,브랜드마케팅,JF_MKT_01,high,True,v3_migrated,migrated_from_v3,2026-03-16T01:45:23.698655,2026-03-17T00:59:05,마케팅·홍보·조사,1429.0,3904.0,True
DR_00996,비즈니스마케팅,JF_MKT_01,low,True,v3_migrated,migrated_from_v3,2026-03-16T01:45:23.698655,2026-03-17T00:59:05,마케팅·홍보·조사,1430.0,176.0,True
DR_00997,스포츠마케팅,JF_MKT_01,medium,True,v3_migrated,migrated_from_v3,2026-03-16T01:45:23.698655,2026-03-17T00:59:05,마케팅·홍보·조사,1415.0,678.0,True
DR_00998,오프라인마케팅,JF_MKT_01,low,True,v3_migrated,migrated_from_v3,2026-03-16T01:45:23.698655,2026-03-17T00:59:05,마케팅·홍보·조사,1431.0,273.0,True
DR_00999,체험마케팅,JF_MKT_01,low,True,v3_migrated,migrated_from_v3,2026-03-16T01:45:23.698655,2026-03-17T00:59:05,마케팅·홍보·조사,1417.0,108.0,True
DR_01000,콘텐츠기획,JF_MKT_01,medium,True,v3_migrated,migrated_from_v3,2026-03-16T01:45:23.698655,2026-03-17T00:59:05,마케팅·홍보·조사,1420.0,1175.0,True
DR_01001,콘텐츠마케팅,JF_MKT_01,medium,True,v3_migrated,migrated_from_v3,2026-03-16T01:45:23.698655,2026-03-17T00:59:05,마케팅·홍보·조사,1435.0,1084.0,True
DR_01002,프로덕트마케팅,JF_MKT_01,low,True,v3_migrated,migrated_from_v3,2026-03-16T01:45:23.698655,2026-03-17T00:59:05,마케팅·홍보·조사,1438.0,160.0,True
DR_01003,CRM마케팅,JF_MKT_02,medium,True,v3_migrated,migrated_from_v3,2026-03-16T01:45:23.698655,2026-03-17T00:59:05,마케팅·홍보·조사,1446.0,636.0,True
DR_01004,SNS마케팅,JF_MKT_02,medium,True,v3_migrated,migrated_from_v3,2026-03-16T01:45:23.698655,2026-03-17T00:59:05,마케팅·홍보·조사,1419.0,688.0,True
DR_01005,디지털마케팅,JF_MKT_02,medium,True,v3_migrated,migrated_from_v3,2026-03-16T01:45:23.698655,2026-03-17T00:59:05,마케팅·홍보·조사,1425.0,1311.0,True
DR_01006,모바일마케팅,JF_MKT_02,low,True,v3_migrated,migrated_from_v3,2026-03-16T01:45:23.698655,2026-03-17T00:59:05,마케팅·홍보·조사,1426.0,290.0,True
DR_01007,미디어플래너,JF_MKT_02,medium,True,v3_migrated,migrated_from_v3,2026-03-16T01:45:23.698655,2026-03-17T00:59:05,마케팅·홍보·조사,1427.0,559.0,True
DR_01008,바이럴마케팅,JF_MKT_02,high,True,v3_migrated,migrated_from_v3,2026-03-16T01:45:23.698655,2026-03-17T00:59:05,마케팅·홍보·조사,1428.0,2042.0,True
DR_01009,블로그마케팅,JF_MKT_02,low,True,v3_migrated,migrated_from_v3,2026-03-16T01:45:23.698655,2026-03-17T00:59:05,마케팅·홍보·조사,1414.0,394.0,True
DR_01010,온라인마케팅,JF_MKT_02,very_high,True,v3_migrated,migrated_from_v3,2026-03-16T01:45:23.698655,2026-03-17T00:59:05,마케팅·홍보·조사,1432.0,7774.0,True
DR_01011,인플루언서마케팅,JF_MKT_02,medium,True,v3_migrated,migrated_from_v3,2026-03-16T01:45:23.698655,2026-03-17T00:59:05,마케팅·홍보·조사,1416.0,500.0,True
DR_01012,제휴마케팅,JF_MKT_02,low,True,v3_migrated,migrated_from_v3,2026-03-16T01:45:23.698655,2026-03-17T00:59:05,마케팅·홍보·조사,1433.0,233.0,True
DR_01013,퍼포먼스마케팅,JF_MKT_02,medium,True,v3_migrated,migrated_from_v3,2026-03-16T01:45:23.698655,2026-03-17T00:59:05,마케팅·홍보·조사,1437.0,700.0,True
DR_01014,IR/공시,JF_MKT_03,low,True,v3_migrated,migrated_from_v3,2026-03-16T01:45:23.698655,2026-03-17T00:59:05,회계·세무·재무,333.0,282.0,True
DR_01015,기업홍보,JF_MKT_03,high,True,v3_migrated,migrated_from_v3,2026-03-16T01:45:23.698655,2026-03-17T00:59:05,마케팅·홍보·조사,1424.0,4525.0,True
DR_01016,기자,JF_MKT_03,medium,True,v3_migrated,migrated_from_v3,2026-03-16T01:45:23.698655,2026-03-17T00:59:05,미디어·문화·스포츠,1283.0,902.0,True
DR_01017,리포터,JF_MKT_03,low,True,v3_migrated,migrated_from_v3,2026-03-16T01:45:23.698655,2026-03-17T00:59:05,미디어·문화·스포츠,1285.0,156.0,True
DR_01018,행사기획,JF_MKT_03,medium,True,v3_migrated,migrated_from_v3,2026-03-16T01:45:23.698655,2026-03-17T00:59:05,기획·전략,1643.0,1276.0,True
DR_01019,홍보,JF_MKT_03,medium,True,v3_migrated,migrated_from_v3,2026-03-16T01:45:23.698655,2026-03-17T00:59:05,마케팅·홍보·조사,2210.0,870.0,True
DR_01020,SRM,JF_OPS_01,medium,True,v3_migrated,migrated_from_v3,2026-03-16T01:45:23.698655,2026-03-17T00:59:05,구매·자재·물류,1762.0,1090.0,True
DR_01021,구매,JF_OPS_01,high,True,v3_migrated,migrated_from_v3,2026-03-16T01:45:23.698655,2026-03-17T00:59:05,구매·자재·물류,2227.0,2005.0,True
DR_01022,구매관리,JF_OPS_01,very_high,True,v3_migrated,migrated_from_v3,2026-03-16T01:45:23.698655,2026-03-17T00:59:05,구매·자재·물류,1750.0,7638.0,True
DR_01023,구매기획,JF_OPS_01,medium,True,v3_migrated,migrated_from_v3,2026-03-16T01:45:23.698655,2026-03-17T00:59:05,구매·자재·물류,1758.0,1979.0,True
DR_01024,바잉MD,JF_OPS_01,low,True,v3_migrated,migrated_from_v3,2026-03-16T01:45:23.698655,2026-03-17T00:59:05,상품기획·MD,1214.0,381.0,True
DR_01025,자재관리,JF_OPS_01,very_high,True,v3_migrated,migrated_from_v3,2026-03-16T01:45:23.698655,2026-03-17T00:59:05,구매·자재·물류,1754.0,9592.0,True
DR_01026,SCM,JF_OPS_02,high,True,v3_migrated,migrated_from_v3,2026-03-16T01:45:23.698655,2026-03-17T00:59:05,구매·자재·물류,1763.0,2189.0,True
DR_01027,관세사,JF_OPS_02,low,True,v3_migrated,migrated_from_v3,2026-03-16T01:45:23.698655,2026-03-17T00:59:05,영업·판매·무역,689.0,133.0,True
DR_01028,국제물류,JF_OPS_02,medium,True,v3_migrated,migrated_from_v3,2026-03-16T01:45:23.698655,2026-03-17T00:59:05,구매·자재·물류,1759.0,1423.0,True
DR_01029,물류관리,JF_OPS_02,very_high,True,v3_migrated,migrated_from_v3,2026-03-16T01:45:23.698655,2026-03-17T00:59:05,구매·자재·물류,1751.0,6742.0,True
DR_01030,물류기사,JF_OPS_02,medium,True,v3_migrated,migrated_from_v3,2026-03-16T01:45:23.698655,2026-03-17T00:59:05,운전·운송·배송,636.0,696.0,True
DR_01031,물류기획,JF_OPS_02,medium,True,v3_migrated,migrated_from_v3,2026-03-16T01:45:23.698655,2026-03-17T00:59:05,구매·자재·물류,1760.0,631.0,True
DR_01032,물류사무원,JF_OPS_02,medium,True,v3_migrated,migrated_from_v3,2026-03-16T01:45:23.698655,2026-03-17T00:59:05,구매·자재·물류,1752.0,954.0,True
DR_01033,배송기사,JF_OPS_02,medium,True,v3_migrated,migrated_from_v3,2026-03-16T01:45:23.698655,2026-03-17T00:59:05,운전·운송·배송,637.0,842.0,True
DR_01034,배차관리,JF_OPS_02,low,True,v3_migrated,migrated_from_v3,2026-03-16T01:45:23.698655,2026-03-17T00:59:05,운전·운송·배송,660.0,96.0,True
DR_01035,보세사,JF_OPS_02,low,True,v3_migrated,migrated_from_v3,2026-03-16T01:45:23.698655,2026-03-17T00:59:05,구매·자재·물류,1753.0,82.0,True
DR_01036,보세운송,JF_OPS_02,low,True,v3_migrated,migrated_from_v3,2026-03-16T01:45:23.698655,2026-03-17T00:59:05,운전·운송·배송,639.0,135.0,True
DR_01037,육상운송,JF_OPS_02,low,True,v3_migrated,migrated_from_v3,2026-03-16T01:45:23.698655,2026-03-17T00:59:05,운전·운송·배송,653.0,183.0,True
DR_01038,재고관리,JF_OPS_02,very_high,True,v3_migrated,migrated_from_v3,2026-03-16T01:45:23.698655,2026-03-17T00:59:05,구매·자재·물류,1755.0,6263.0,True
DR_01039,창고관리,JF_OPS_02,high,True,v3_migrated,migrated_from_v3,2026-03-16T01:45:23.698655,2026-03-17T00:59:05,구매·자재·물류,1756.0,2358.0,True
DR_01040,택배기사,JF_OPS_02,low,True,v3_migrated,migrated_from_v3,2026-03-16T01:45:23.698655,2026-03-17T00:59:05,운전·운송·배송,649.0,209.0,True
DR_01041,포워더,JF_OPS_02,medium,True,v3_migrated,migrated_from_v3,2026-03-16T01:45:23.698655,2026-03-17T00:59:05,영업·판매·무역,707.0,1196.0,True
DR_01042,AMD,JF_OPS_03,low,True,v3_migrated,migrated_from_v3,2026-03-16T01:45:23.698655,2026-03-17T00:59:05,상품기획·MD,1221.0,304.0,True
DR_01043,VMD,JF_OPS_03,medium,True,v3_migrated,migrated_from_v3,2026-03-16T01:45:23.698655,2026-03-17T00:59:05,상품기획·MD,1222.0,949.0,True
DR_01044,기획MD,JF_OPS_03,very_high,True,v3_migrated,migrated_from_v3,2026-03-16T01:45:23.698655,2026-03-17T00:59:05,상품기획·MD,1212.0,6267.0,True
DR_01045,리테일MD,JF_OPS_03,high,True,v3_migrated,migrated_from_v3,2026-03-16T01:45:23.698655,2026-03-17T00:59:05,상품기획·MD,1213.0,2093.0,True
DR_01046,브랜드MD,JF_OPS_03,medium,True,v3_migrated,migrated_from_v3,2026-03-16T01:45:23.698655,2026-03-17T00:59:05,상품기획·MD,1215.0,1171.0,True
DR_01047,슈퍼바이저,JF_OPS_03,low,True,v3_migrated,migrated_from_v3,2026-03-16T01:45:23.698655,2026-03-17T00:59:05,상품기획·MD,1216.0,402.0,True
DR_01048,오프라인MD,JF_OPS_03,low,True,v3_migrated,migrated_from_v3,2026-03-16T01:45:23.698655,2026-03-17T00:59:05,상품기획·MD,1218.0,325.0,True
DR_01049,온라인MD,JF_OPS_03,high,True,v3_migrated,migrated_from_v3,2026-03-16T01:45:23.698655,2026-03-17T00:59:05,상품기획·MD,1219.0,2385.0,True
DR_01050,유통MD,JF_OPS_03,medium,True,v3_migrated,migrated_from_v3,2026-03-16T01:45:23.698655,2026-03-17T00:59:05,상품기획·MD,1220.0,1212.0,True
DR_01051,유통관리,JF_OPS_03,high,True,v3_migrated,migrated_from_v3,2026-03-16T01:45:23.698655,2026-03-17T00:59:05,구매·자재·물류,1761.0,3701.0,True
DR_01052,패션MD,JF_OPS_03,medium,True,v3_migrated,migrated_from_v3,2026-03-16T01:45:23.698655,2026-03-17T00:59:05,상품기획·MD,2237.0,563.0,True
DR_01053,건물관리자,JF_OPS_04,low,True,v3_migrated,migrated_from_v3,2026-03-16T01:45:23.698655,2026-03-17T00:59:05,건설·건축,2008.0,496.0,True
DR_01054,R&D,JF_RND_01,very_high,True,v3_migrated,migrated_from_v3,2026-03-16T01:45:23.698655,2026-03-17T00:59:05,연구·R&D,810.0,6854.0,True
DR_01055,R&D기획,JF_RND_01,low,True,v3_migrated,migrated_from_v3,2026-03-16T01:45:23.698655,2026-03-17T00:59:05,연구·R&D,811.0,492.0,True
DR_01056,연구원,JF_RND_01,very_high,True,v3_migrated,migrated_from_v3,2026-03-16T01:45:23.698655,2026-03-17T00:59:05,연구·R&D,801.0,7945.0,True
DR_01057,2D설계,JF_RND_02,low,True,v3_migrated,migrated_from_v3,2026-03-16T01:45:23.698655,2026-03-17T00:59:05,건설·건축,2062.0,156.0,True
DR_01058,3D설계,JF_RND_02,low,True,v3_migrated,migrated_from_v3,2026-03-16T01:45:23.698655,2026-03-17T00:59:05,건설·건축,2063.0,143.0,True
DR_01059,계장설계,JF_RND_02,low,True,v3_migrated,migrated_from_v3,2026-03-16T01:45:23.698655,2026-03-17T00:59:05,생산,1019.0,128.0,True
DR_01060,구조해석/설계,JF_RND_02,low,True,v3_migrated,migrated_from_v3,2026-03-16T01:45:23.698655,2026-03-17T00:59:05,생산,1011.0,275.0,True
DR_01061,금형설계,JF_RND_02,medium,True,v3_migrated,migrated_from_v3,2026-03-16T01:45:23.698655,2026-03-17T00:59:05,생산,1012.0,1088.0,True
DR_01062,기계기사,JF_RND_02,medium,True,v3_migrated,migrated_from_v3,2026-03-16T01:45:23.698655,2026-03-17T00:59:05,건설·건축,2017.0,741.0,True
DR_01063,기계설계,JF_RND_02,very_high,True,v3_migrated,migrated_from_v3,2026-03-16T01:45:23.698655,2026-03-17T00:59:05,생산,1013.0,8753.0,True
DR_01064,기구설계,JF_RND_02,high,True,v3_migrated,migrated_from_v3,2026-03-16T01:45:23.698655,2026-03-17T00:59:05,생산,1014.0,4780.0,True
DR_01065,기술설계,JF_RND_02,low,True,v3_migrated,migrated_from_v3,2026-03-16T01:45:23.698655,2026-03-17T00:59:05,생산,1015.0,263.0,True
DR_01066,기술엔지니어,JF_RND_02,high,True,v3_migrated,migrated_from_v3,2026-03-16T01:45:23.698655,2026-03-17T00:59:05,생산,1005.0,2696.0,True
DR_01067,기전기사,JF_RND_02,low,True,v3_migrated,migrated_from_v3,2026-03-16T01:45:23.698655,2026-03-17T00:59:05,건설·건축,2019.0,66.0,True
DR_01068,로봇엔지니어,JF_RND_02,low,True,v3_migrated,migrated_from_v3,2026-03-16T01:45:23.698655,2026-03-17T00:59:05,연구·R&D,800.0,228.0,True
DR_01069,반도체설계,JF_RND_02,medium,True,v3_migrated,migrated_from_v3,2026-03-16T01:45:23.698655,2026-03-17T00:59:05,생산,1036.0,1572.0,True
DR_01070,배관설계,JF_RND_02,low,True,v3_migrated,migrated_from_v3,2026-03-16T01:45:23.698655,2026-03-17T00:59:05,건설·건축,2066.0,112.0,True
DR_01071,배전반설계,JF_RND_02,low,True,v3_migrated,migrated_from_v3,2026-03-16T01:45:23.698655,2026-03-17T00:59:05,건설·건축,2067.0,102.0,True
DR_01072,부품설계,JF_RND_02,medium,True,v3_migrated,migrated_from_v3,2026-03-16T01:45:23.698655,2026-03-17T00:59:05,생산,1016.0,544.0,True
DR_01073,설계엔지니어,JF_RND_02,medium,True,v3_migrated,migrated_from_v3,2026-03-16T01:45:23.698655,2026-03-17T00:59:05,건설·건축,2055.0,1326.0,True
DR_01074,시스템설계,JF_RND_02,low,True,v3_migrated,migrated_from_v3,2026-03-16T01:45:23.698655,2026-03-17T00:59:05,생산,1018.0,199.0,True
DR_01075,자동화설계,JF_RND_02,medium,True,v3_migrated,migrated_from_v3,2026-03-16T01:45:23.698655,2026-03-17T00:59:05,생산,1022.0,562.0,True
DR_01076,장비설계,JF_RND_02,low,True,v3_migrated,migrated_from_v3,2026-03-16T01:45:23.698655,2026-03-17T00:59:05,생산,1023.0,354.0,True
DR_01077,전기기사,JF_RND_02,high,True,v3_migrated,migrated_from_v3,2026-03-16T01:45:23.698655,2026-03-17T00:59:05,건설·건축,2040.0,3454.0,True
DR_01078,전기설계,JF_RND_02,medium,True,v3_migrated,migrated_from_v3,2026-03-16T01:45:23.698655,2026-03-17T00:59:05,건설·건축,2071.0,1588.0,True
DR_01079,전장설계,JF_RND_02,medium,True,v3_migrated,migrated_from_v3,2026-03-16T01:45:23.698655,2026-03-17T00:59:05,생산,1020.0,846.0,True
DR_01080,제품설계,JF_RND_02,medium,True,v3_migrated,migrated_from_v3,2026-03-16T01:45:23.698655,2026-03-17T00:59:05,생산,1010.0,1545.0,True
DR_01081,조선설계,JF_RND_02,medium,True,v3_migrated,migrated_from_v3,2026-03-16T01:45:23.698655,2026-03-17T00:59:05,생산,1026.0,1112.0,True
DR_01082,캐드원,JF_RND_02,low,True,v3_migrated,migrated_from_v3,2026-03-16T01:45:23.698655,2026-03-17T00:59:05,생산,1007.0,160.0,True
DR_01083,펌프설계,JF_RND_02,low,True,v3_migrated,migrated_from_v3,2026-03-16T01:45:23.698655,2026-03-17T00:59:05,생산,1025.0,261.0,True
DR_01084,회로설계,JF_RND_02,medium,True,v3_migrated,migrated_from_v3,2026-03-16T01:45:23.698655,2026-03-17T00:59:05,생산,1029.0,1923.0,True
DR_01085,대기환경기사,JF_RND_03,medium,True,v3_migrated,migrated_from_v3,2026-03-16T01:45:23.698655,2026-03-17T00:59:05,건설·건축,2022.0,1369.0,True
DR_01086,수질환경기사,JF_RND_03,medium,True,v3_migrated,migrated_from_v3,2026-03-16T01:45:23.698655,2026-03-17T00:59:05,건설·건축,2033.0,1430.0,True
DR_01087,토양환경기사,JF_RND_03,medium,True,v3_migrated,migrated_from_v3,2026-03-16T01:45:23.698655,2026-03-17T00:59:05,건설·건축,2046.0,779.0,True
DR_01088,폐기물처리기사,JF_RND_03,low,True,v3_migrated,migrated_from_v3,2026-03-16T01:45:23.698655,2026-03-17T00:59:05,건설·건축,2047.0,290.0,True
DR_01089,환경관리자,JF_RND_03,low,True,v3_migrated,migrated_from_v3,2026-03-16T01:45:23.698655,2026-03-17T00:59:05,건설·건축,2050.0,323.0,True
DR_01090,환경설계,JF_RND_03,medium,True,v3_migrated,migrated_from_v3,2026-03-16T01:45:23.698655,2026-03-17T00:59:05,건설·건축,2061.0,862.0,True
DR_01091,환경측정분석사,JF_RND_03,low,True,v3_migrated,migrated_from_v3,2026-03-16T01:45:23.698655,2026-03-17T00:59:05,연구·R&D,806.0,155.0,True
DR_01092,IT영업,JF_SAL_01,medium,True,v3_migrated,migrated_from_v3,2026-03-16T01:45:23.698655,2026-03-17T00:59:05,영업·판매·무역,751.0,877.0,True
DR_01093,SI영업,JF_SAL_01,low,True,v3_migrated,migrated_from_v3,2026-03-16T01:45:23.698655,2026-03-17T00:59:05,영업·판매·무역,752.0,259.0,True
DR_01094,건설영업,JF_SAL_01,medium,True,v3_migrated,migrated_from_v3,2026-03-16T01:45:23.698655,2026-03-17T00:59:05,영업·판매·무역,711.0,679.0,True
DR_01095,광고영업,JF_SAL_01,low,True,v3_migrated,migrated_from_v3,2026-03-16T01:45:23.698655,2026-03-17T00:59:05,영업·판매·무역,712.0,453.0,True
DR_01096,국제무역사,JF_SAL_01,low,True,v3_migrated,migrated_from_v3,2026-03-16T01:45:23.698655,2026-03-17T00:59:05,영업·판매·무역,691.0,242.0,True
DR_01097,금융상품영업,JF_SAL_01,medium,True,v3_migrated,migrated_from_v3,2026-03-16T01:45:23.698655,2026-03-17T00:59:05,금융·보험,1699.0,628.0,True
DR_01098,기계판매,JF_SAL_01,low,True,v3_migrated,migrated_from_v3,2026-03-16T01:45:23.698655,2026-03-17T00:59:05,영업·판매·무역,714.0,66.0,True
DR_01099,기술영업,JF_SAL_01,high,True,v3_migrated,migrated_from_v3,2026-03-16T01:45:23.698655,2026-03-17T00:59:05,영업·판매·무역,692.0,4831.0,True
DR_01100,네트워크영업,JF_SAL_01,low,True,v3_migrated,migrated_from_v3,2026-03-16T01:45:23.698655,2026-03-17T00:59:05,영업·판매·무역,715.0,261.0,True
DR_01101,무역MR,JF_SAL_01,low,True,v3_migrated,migrated_from_v3,2026-03-16T01:45:23.698655,2026-03-17T00:59:05,영업·판매·무역,696.0,360.0,True
DR_01102,무역사무원,JF_SAL_01,very_high,True,v3_migrated,migrated_from_v3,2026-03-16T01:45:23.698655,2026-03-17T00:59:05,영업·판매·무역,694.0,8204.0,True
DR_01103,무역중개인,JF_SAL_01,low,True,v3_migrated,migrated_from_v3,2026-03-16T01:45:23.698655,2026-03-17T00:59:05,영업·판매·무역,695.0,353.0,True
DR_01104,보험설계사,JF_SAL_01,low,True,v3_migrated,migrated_from_v3,2026-03-16T01:45:23.698655,2026-03-17T00:59:05,금융·보험,1692.0,62.0,True
DR_01105,부동산영업,JF_SAL_01,medium,True,v3_migrated,migrated_from_v3,2026-03-16T01:45:23.698655,2026-03-17T00:59:05,영업·판매·무역,717.0,682.0,True
DR_01106,솔루션기술영업,JF_SAL_01,medium,True,v3_migrated,migrated_from_v3,2026-03-16T01:45:23.698655,2026-03-17T00:59:05,영업·판매·무역,719.0,654.0,True
DR_01107,시스템영업,JF_SAL_01,low,True,v3_migrated,migrated_from_v3,2026-03-16T01:45:23.698655,2026-03-17T00:59:05,영업·판매·무역,720.0,451.0,True
DR_01108,식품/음료영업,JF_SAL_01,medium,True,v3_migrated,migrated_from_v3,2026-03-16T01:45:23.698655,2026-03-17T00:59:05,영업·판매·무역,721.0,1322.0,True
DR_01109,영업,JF_SAL_01,high,True,v3_migrated,migrated_from_v3,2026-03-16T01:45:23.698655,2026-03-17T00:59:05,영업·판매·무역,2203.0,2633.0,True
DR_01110,영업관리,JF_SAL_01,very_high,True,v3_migrated,migrated_from_v3,2026-03-16T01:45:23.698655,2026-03-17T00:59:05,영업·판매·무역,699.0,10869.0,True
DR_01111,영업기획,JF_SAL_01,medium,True,v3_migrated,migrated_from_v3,2026-03-16T01:45:23.698655,2026-03-17T00:59:05,영업·판매·무역,2208.0,1031.0,True
DR_01112,영업마케팅,JF_SAL_01,medium,True,v3_migrated,migrated_from_v3,2026-03-16T01:45:23.698655,2026-03-17T00:59:05,영업·판매·무역,723.0,794.0,True
DR_01113,영업전략,JF_SAL_01,medium,True,v3_migrated,migrated_from_v3,2026-03-16T01:45:23.698655,2026-03-17T00:59:05,영업·판매·무역,724.0,747.0,True
DR_01114,영업지원,JF_SAL_01,very_high,True,v3_migrated,migrated_from_v3,2026-03-16T01:45:23.698655,2026-03-17T00:59:05,영업·판매·무역,700.0,6867.0,True
DR_01115,영업직,JF_SAL_01,very_high,True,v3_migrated,migrated_from_v3,2026-03-16T01:45:23.698655,2026-03-17T00:59:05,영업·판매·무역,701.0,6575.0,True
DR_01116,영업판촉,JF_SAL_01,low,True,v3_migrated,migrated_from_v3,2026-03-16T01:45:23.698655,2026-03-17T00:59:05,영업·판매·무역,725.0,213.0,True
DR_01117,의료기기영업,JF_SAL_01,medium,True,v3_migrated,migrated_from_v3,2026-03-16T01:45:23.698655,2026-03-17T00:59:05,영업·판매·무역,727.0,865.0,True
DR_01118,의류무역,JF_SAL_01,low,True,v3_migrated,migrated_from_v3,2026-03-16T01:45:23.698655,2026-03-17T00:59:05,영업·판매·무역,728.0,190.0,True
DR_01119,자동차영업,JF_SAL_01,medium,True,v3_migrated,migrated_from_v3,2026-03-16T01:45:23.698655,2026-03-17T00:59:05,영업·판매·무역,730.0,797.0,True
DR_01120,장비영업,JF_SAL_01,medium,True,v3_migrated,migrated_from_v3,2026-03-16T01:45:23.698655,2026-03-17T00:59:05,영업·판매·무역,733.0,1000.0,True
DR_01121,제약영업,JF_SAL_01,high,True,v3_migrated,migrated_from_v3,2026-03-16T01:45:23.698655,2026-03-17T00:59:05,영업·판매·무역,735.0,2222.0,True
DR_01122,주류영업,JF_SAL_01,medium,True,v3_migrated,migrated_from_v3,2026-03-16T01:45:23.698655,2026-03-17T00:59:05,영업·판매·무역,736.0,792.0,True
DR_01123,항공무역,JF_SAL_01,low,True,v3_migrated,migrated_from_v3,2026-03-16T01:45:23.698655,2026-03-17T00:59:05,영업·판매·무역,743.0,275.0,True
DR_01124,해상무역,JF_SAL_01,low,True,v3_migrated,migrated_from_v3,2026-03-16T01:45:23.698655,2026-03-17T00:59:05,영업·판매·무역,744.0,412.0,True
DR_01125,해외시장개척,JF_SAL_01,low,True,v3_migrated,migrated_from_v3,2026-03-16T01:45:23.698655,2026-03-17T00:59:05,영업·판매·무역,745.0,348.0,True
DR_01126,해외영업,JF_SAL_01,very_high,True,v3_migrated,migrated_from_v3,2026-03-16T01:45:23.698655,2026-03-17T00:59:05,영업·판매·무역,746.0,9951.0,True
DR_01127,호텔영업,JF_SAL_01,low,True,v3_migrated,migrated_from_v3,2026-03-16T01:45:23.698655,2026-03-17T00:59:05,영업·판매·무역,748.0,125.0,True
DR_01128,화장품영업,JF_SAL_01,medium,True,v3_migrated,migrated_from_v3,2026-03-16T01:45:23.698655,2026-03-17T00:59:05,영업·판매·무역,749.0,838.0,True
DR_01129,가구판매,JF_SAL_02,low,True,v3_migrated,migrated_from_v3,2026-03-16T01:45:23.698655,2026-03-17T00:59:05,영업·판매·무역,708.0,210.0,True
DR_01130,가전판매,JF_SAL_02,low,True,v3_migrated,migrated_from_v3,2026-03-16T01:45:23.698655,2026-03-17T00:59:05,영업·판매·무역,709.0,264.0,True
DR_01131,귀금속판매,JF_SAL_02,low,True,v3_migrated,migrated_from_v3,2026-03-16T01:45:23.698655,2026-03-17T00:59:05,영업·판매·무역,713.0,97.0,True
DR_01132,매장매니저,JF_SAL_02,medium,True,v3_migrated,migrated_from_v3,2026-03-16T01:45:23.698655,2026-03-17T00:59:05,서비스,871.0,1997.0,True
DR_01133,분양상담사,JF_SAL_02,low,True,v3_migrated,migrated_from_v3,2026-03-16T01:45:23.698655,2026-03-17T00:59:05,건설·건축,2030.0,129.0,True
DR_01134,샵마스터,JF_SAL_02,low,True,v3_migrated,migrated_from_v3,2026-03-16T01:45:23.698655,2026-03-17T00:59:05,영업·판매·무역,698.0,152.0,True
DR_01135,식품/음료판매,JF_SAL_02,low,True,v3_migrated,migrated_from_v3,2026-03-16T01:45:23.698655,2026-03-17T00:59:05,영업·판매·무역,722.0,322.0,True
DR_01136,영업MD,JF_SAL_02,medium,True,v3_migrated,migrated_from_v3,2026-03-16T01:45:23.698655,2026-03-17T00:59:05,영업·판매·무역,702.0,1206.0,True
DR_01137,온라인판매,JF_SAL_02,low,True,v3_migrated,migrated_from_v3,2026-03-16T01:45:23.698655,2026-03-17T00:59:05,영업·판매·무역,726.0,249.0,True
DR_01138,의류판매,JF_SAL_02,medium,True,v3_migrated,migrated_from_v3,2026-03-16T01:45:23.698655,2026-03-17T00:59:05,영업·판매·무역,729.0,515.0,True
DR_01139,자동차딜러,JF_SAL_02,low,True,v3_migrated,migrated_from_v3,2026-03-16T01:45:23.698655,2026-03-17T00:59:05,영업·판매·무역,704.0,204.0,True
DR_01140,잡화판매,JF_SAL_02,medium,True,v3_migrated,migrated_from_v3,2026-03-16T01:45:23.698655,2026-03-17T00:59:05,영업·판매·무역,732.0,519.0,True
DR_01141,판매직,JF_SAL_02,high,True,v3_migrated,migrated_from_v3,2026-03-16T01:45:23.698655,2026-03-17T00:59:05,영업·판매·무역,706.0,2093.0,True
DR_01142,핸드폰판매,JF_SAL_02,low,True,v3_migrated,migrated_from_v3,2026-03-16T01:45:23.698655,2026-03-17T00:59:05,영업·판매·무역,747.0,76.0,True
DR_01143,화장품판매,JF_SAL_02,low,True,v3_migrated,migrated_from_v3,2026-03-16T01:45:23.698655,2026-03-17T00:59:05,영업·판매·무역,750.0,445.0,True
DR_01144,CS,JF_SAL_03,medium,True,v3_migrated,migrated_from_v3,2026-03-16T01:45:23.698655,2026-03-17T00:59:05,고객상담·TM,1977.0,612.0,True
DR_01145,CX매니저,JF_SAL_03,low,True,v3_migrated,migrated_from_v3,2026-03-16T01:45:23.698655,2026-03-17T00:59:05,고객상담·TM,1978.0,255.0,True
DR_01146,병원코디네이터,JF_SAL_03,medium,True,v3_migrated,migrated_from_v3,2026-03-16T01:45:23.698655,2026-03-17T00:59:05,의료,507.0,1879.0,True
DR_01147,상담실장,JF_SAL_03,low,True,v3_migrated,migrated_from_v3,2026-03-16T01:45:23.698655,2026-03-17T00:59:05,의료,511.0,370.0,True
DR_01148,대출상담사,JF_SAL_04,low,True,v3_migrated,migrated_from_v3,2026-03-16T01:45:23.698655,2026-03-17T00:59:05,금융·보험,1691.0,278.0,True
DR_01149,상담원,JF_SAL_04,medium,True,v3_migrated,migrated_from_v3,2026-03-16T01:45:23.698655,2026-03-17T00:59:05,고객상담·TM,1972.0,1761.0,True
DR_01150,아웃바운드,JF_SAL_04,low,True,v3_migrated,migrated_from_v3,2026-03-16T01:45:23.698655,2026-03-17T00:59:05,고객상담·TM,1973.0,262.0,True
DR_01151,인바운드,JF_SAL_04,low,True,v3_migrated,migrated_from_v3,2026-03-16T01:45:23.698655,2026-03-17T00:59:05,고객상담·TM,1975.0,470.0,True
DR_01152,텔러,JF_SAL_04,low,True,v3_migrated,migrated_from_v3,2026-03-16T01:45:23.698655,2026-03-17T00:59:05,금융·보험,1696.0,263.0,True
DR_01153,텔레마케터,JF_SAL_04,low,True,v3_migrated,migrated_from_v3,2026-03-16T01:45:23.698655,2026-03-17T00:59:05,고객상담·TM,1976.0,148.0,True
DR_01154,공부방교사,JF_SVC_01,low,True,v3_migrated,migrated_from_v3,2026-03-16T01:45:23.698655,2026-03-17T00:59:05,교육,1798.0,124.0,True
DR_01155,과외,JF_SVC_01,low,True,v3_migrated,migrated_from_v3,2026-03-16T01:45:23.698655,2026-03-17T00:59:05,교육,1799.0,277.0,True
DR_01156,교직원,JF_SVC_01,medium,True,v3_migrated,migrated_from_v3,2026-03-16T01:45:23.698655,2026-03-17T00:59:05,교육,1802.0,694.0,True
DR_01157,대학강사,JF_SVC_01,low,True,v3_migrated,migrated_from_v3,2026-03-16T01:45:23.698655,2026-03-17T00:59:05,교육,1803.0,155.0,True
DR_01158,방과후교사,JF_SVC_01,low,True,v3_migrated,migrated_from_v3,2026-03-16T01:45:23.698655,2026-03-17T00:59:05,교육,1830.0,163.0,True
DR_01159,방문교사,JF_SVC_01,low,True,v3_migrated,migrated_from_v3,2026-03-16T01:45:23.698655,2026-03-17T00:59:05,교육,1806.0,78.0,True
DR_01160,보육교사,JF_SVC_01,low,True,v3_migrated,migrated_from_v3,2026-03-16T01:45:23.698655,2026-03-17T00:59:05,교육,1808.0,200.0,True
DR_01161,원어민강사,JF_SVC_01,low,True,v3_migrated,migrated_from_v3,2026-03-16T01:45:23.698655,2026-03-17T00:59:05,교육,1811.0,215.0,True
DR_01162,조교,JF_SVC_01,low,True,v3_migrated,migrated_from_v3,2026-03-16T01:45:23.698655,2026-03-17T00:59:05,교육,1813.0,131.0,True
DR_01163,파트강사,JF_SVC_01,low,True,v3_migrated,migrated_from_v3,2026-03-16T01:45:23.698655,2026-03-17T00:59:05,교육,1817.0,256.0,True
DR_01164,학원강사,JF_SVC_01,medium,True,v3_migrated,migrated_from_v3,2026-03-16T01:45:23.698655,2026-03-17T00:59:05,교육,1820.0,980.0,True
DR_01165,MC,JF_SVC_02,low,True,v3_migrated,migrated_from_v3,2026-03-16T01:45:23.698655,2026-03-17T00:59:05,미디어·문화·스포츠,1322.0,224.0,True
DR_01166,가수,JF_SVC_02,low,True,v3_migrated,migrated_from_v3,2026-03-16T01:45:23.698655,2026-03-17T00:59:05,미디어·문화·스포츠,1281.0,159.0,True
DR_01167,그림작가,JF_SVC_02,low,True,v3_migrated,migrated_from_v3,2026-03-16T01:45:23.698655,2026-03-17T00:59:05,디자인,1485.0,339.0,True
DR_01168,문화기획,JF_SVC_02,low,True,v3_migrated,migrated_from_v3,2026-03-16T01:45:23.698655,2026-03-17T00:59:05,기획·전략,1630.0,237.0,True
DR_01169,성우,JF_SVC_02,low,True,v3_migrated,migrated_from_v3,2026-03-16T01:45:23.698655,2026-03-17T00:59:05,미디어·문화·스포츠,1289.0,130.0,True
DR_01170,쇼호스트,JF_SVC_02,low,True,v3_migrated,migrated_from_v3,2026-03-16T01:45:23.698655,2026-03-17T00:59:05,미디어·문화·스포츠,1290.0,195.0,True
DR_01171,스포츠에이전트,JF_SVC_02,low,True,v3_migrated,migrated_from_v3,2026-03-16T01:45:23.698655,2026-03-17T00:59:05,미디어·문화·스포츠,1293.0,385.0,True
DR_01172,아나운서,JF_SVC_02,low,True,v3_migrated,migrated_from_v3,2026-03-16T01:45:23.698655,2026-03-17T00:59:05,미디어·문화·스포츠,1294.0,275.0,True
DR_01173,연예매니저,JF_SVC_02,low,True,v3_migrated,migrated_from_v3,2026-03-16T01:45:23.698655,2026-03-17T00:59:05,미디어·문화·스포츠,1297.0,368.0,True
DR_01174,영화감독,JF_SVC_02,low,True,v3_migrated,migrated_from_v3,2026-03-16T01:45:23.698655,2026-03-17T00:59:05,미디어·문화·스포츠,1299.0,235.0,True
DR_01175,영화기획,JF_SVC_02,medium,True,v3_migrated,migrated_from_v3,2026-03-16T01:45:23.698655,2026-03-17T00:59:05,미디어·문화·스포츠,1325.0,514.0,True
DR_01176,영화제작,JF_SVC_02,medium,True,v3_migrated,migrated_from_v3,2026-03-16T01:45:23.698655,2026-03-17T00:59:05,미디어·문화·스포츠,1327.0,638.0,True
DR_01177,음반기획,JF_SVC_02,low,True,v3_migrated,migrated_from_v3,2026-03-16T01:45:23.698655,2026-03-17T00:59:05,미디어·문화·스포츠,1328.0,358.0,True
DR_01178,작가,JF_SVC_02,medium,True,v3_migrated,migrated_from_v3,2026-03-16T01:45:23.698655,2026-03-17T00:59:05,미디어·문화·스포츠,1301.0,718.0,True
DR_01179,출판기획,JF_SVC_02,medium,True,v3_migrated,migrated_from_v3,2026-03-16T01:45:23.698655,2026-03-17T00:59:05,기획·전략,1641.0,642.0,True
DR_01180,캐스팅매니저,JF_SVC_02,low,True,v3_migrated,migrated_from_v3,2026-03-16T01:45:23.698655,2026-03-17T00:59:05,미디어·문화·스포츠,1330.0,266.0,True
DR_01181,큐레이터,JF_SVC_02,low,True,v3_migrated,migrated_from_v3,2026-03-16T01:45:23.698655,2026-03-17T00:59:05,미디어·문화·스포츠,1307.0,134.0,True
DR_01182,크리에이터,JF_SVC_02,medium,True,v3_migrated,migrated_from_v3,2026-03-16T01:45:23.698655,2026-03-17T00:59:05,미디어·문화·스포츠,1308.0,508.0,True
DR_01183,통/번역,JF_SVC_02,medium,True,v3_migrated,migrated_from_v3,2026-03-16T01:45:23.698655,2026-03-17T00:59:05,미디어·문화·스포츠,1310.0,1679.0,True
DR_01184,GRO(컨시어지),JF_SVC_03,low,True,v3_migrated,migrated_from_v3,2026-03-16T01:45:23.698655,2026-03-17T00:59:05,서비스,927.0,392.0,True
DR_01185,공인중개사,JF_SVC_03,medium,True,v3_migrated,migrated_from_v3,2026-03-16T01:45:23.698655,2026-03-17T00:59:05,건설·건축,2015.0,589.0,True
DR_01186,관광가이드,JF_SVC_03,low,True,v3_migrated,migrated_from_v3,2026-03-16T01:45:23.698655,2026-03-17T00:59:05,서비스,864.0,464.0,True
DR_01187,관광통역안내사,JF_SVC_03,low,True,v3_migrated,migrated_from_v3,2026-03-16T01:45:23.698655,2026-03-17T00:59:05,서비스,865.0,341.0,True
DR_01188,미용사,JF_SVC_03,medium,True,v3_migrated,migrated_from_v3,2026-03-16T01:45:23.698655,2026-03-17T00:59:05,서비스,873.0,617.0,True
DR_01189,바리스타,JF_SVC_03,high,True,v3_migrated,migrated_from_v3,2026-03-16T01:45:23.698655,2026-03-17T00:59:05,서비스,875.0,2527.0,True
DR_01190,벨멘/도어맨,JF_SVC_03,low,True,v3_migrated,migrated_from_v3,2026-03-16T01:45:23.698655,2026-03-17T00:59:05,서비스,878.0,58.0,True
DR_01191,부주방장,JF_SVC_03,low,True,v3_migrated,migrated_from_v3,2026-03-16T01:45:23.698655,2026-03-17T00:59:05,서비스,880.0,159.0,True
DR_01192,뷰티매니저,JF_SVC_03,medium,True,v3_migrated,migrated_from_v3,2026-03-16T01:45:23.698655,2026-03-17T00:59:05,서비스,881.0,692.0,True
DR_01193,소믈리에,JF_SVC_03,low,True,v3_migrated,migrated_from_v3,2026-03-16T01:45:23.698655,2026-03-17T00:59:05,서비스,884.0,232.0,True
DR_01194,스타일리스트,JF_SVC_03,low,True,v3_migrated,migrated_from_v3,2026-03-16T01:45:23.698655,2026-03-17T00:59:05,서비스,885.0,157.0,True
DR_01195,스포츠강사,JF_SVC_03,low,True,v3_migrated,migrated_from_v3,2026-03-16T01:45:23.698655,2026-03-17T00:59:05,미디어·문화·스포츠,1292.0,467.0,True
DR_01196,승무원,JF_SVC_03,low,True,v3_migrated,migrated_from_v3,2026-03-16T01:45:23.698655,2026-03-17T00:59:05,서비스,886.0,197.0,True
DR_01197,애견훈련,JF_SVC_03,low,True,v3_migrated,migrated_from_v3,2026-03-16T01:45:23.698655,2026-03-17T00:59:05,서비스,924.0,167.0,True
DR_01198,요리사,JF_SVC_03,medium,True,v3_migrated,migrated_from_v3,2026-03-16T01:45:23.698655,2026-03-17T00:59:05,서비스,2214.0,504.0,True
DR_01199,웨딩플래너,JF_SVC_03,low,True,v3_migrated,migrated_from_v3,2026-03-16T01:45:23.698655,2026-03-17T00:59:05,서비스,892.0,180.0,True
DR_01200,제과/제빵사,JF_SVC_03,medium,True,v3_migrated,migrated_from_v3,2026-03-16T01:45:23.698655,2026-03-17T00:59:05,서비스,897.0,1521.0,True
DR_01201,조리사,JF_SVC_03,high,True,v3_migrated,migrated_from_v3,2026-03-16T01:45:23.698655,2026-03-17T00:59:05,서비스,898.0,3750.0,True
DR_01202,주방보조,JF_SVC_03,medium,True,v3_migrated,migrated_from_v3,2026-03-16T01:45:23.698655,2026-03-17T00:59:05,서비스,899.0,723.0,True
DR_01203,주방장,JF_SVC_03,medium,True,v3_migrated,migrated_from_v3,2026-03-16T01:45:23.698655,2026-03-17T00:59:05,서비스,900.0,1084.0,True
DR_01204,중개보조원,JF_SVC_03,low,True,v3_migrated,migrated_from_v3,2026-03-16T01:45:23.698655,2026-03-17T00:59:05,건설·건축,2042.0,69.0,True
DR_01205,지배인,JF_SVC_03,medium,True,v3_migrated,migrated_from_v3,2026-03-16T01:45:23.698655,2026-03-17T00:59:05,서비스,903.0,539.0,True
DR_01206,지상직,JF_SVC_03,medium,True,v3_migrated,migrated_from_v3,2026-03-16T01:45:23.698655,2026-03-17T00:59:05,서비스,904.0,983.0,True
DR_01207,카페매니저,JF_SVC_03,medium,True,v3_migrated,migrated_from_v3,2026-03-16T01:45:23.698655,2026-03-17T00:59:05,서비스,907.0,1888.0,True
DR_01208,캐셔,JF_SVC_03,low,True,v3_migrated,migrated_from_v3,2026-03-16T01:45:23.698655,2026-03-17T00:59:05,서비스,908.0,331.0,True
DR_01209,파티쉐,JF_SVC_03,low,True,v3_migrated,migrated_from_v3,2026-03-16T01:45:23.698655,2026-03-17T00:59:05,서비스,2228.0,135.0,True
DR_01210,파티플래너,JF_SVC_03,low,True,v3_migrated,migrated_from_v3,2026-03-16T01:45:23.698655,2026-03-17T00:59:05,서비스,925.0,113.0,True
DR_01211,푸드스타일리스트,JF_SVC_03,low,True,v3_migrated,migrated_from_v3,2026-03-16T01:45:23.698655,2026-03-17T00:59:05,서비스,926.0,328.0,True
DR_01212,플로리스트,JF_SVC_03,low,True,v3_migrated,migrated_from_v3,2026-03-16T01:45:23.698655,2026-03-17T00:59:05,서비스,914.0,173.0,True
DR_01213,하우스맨,JF_SVC_03,low,True,v3_migrated,migrated_from_v3,2026-03-16T01:45:23.698655,2026-03-17T00:59:05,서비스,915.0,150.0,True
DR_01214,행사도우미,JF_SVC_03,low,True,v3_migrated,migrated_from_v3,2026-03-16T01:45:23.698655,2026-03-17T00:59:05,서비스,917.0,141.0,True
DR_01215,호텔리어,JF_SVC_03,low,True,v3_migrated,migrated_from_v3,2026-03-16T01:45:23.698655,2026-03-17T00:59:05,서비스,918.0,251.0,True
DR_01216,홀매니저,JF_SVC_03,medium,True,v3_migrated,migrated_from_v3,2026-03-16T01:45:23.698655,2026-03-17T00:59:05,서비스,919.0,1865.0,True
DR_01217,홀서빙,JF_SVC_03,medium,True,v3_migrated,migrated_from_v3,2026-03-16T01:45:23.698655,2026-03-17T00:59:05,서비스,920.0,793.0,True
DR_01218,A/S기사,JF_SVC_04,medium,True,v3_migrated,migrated_from_v3,2026-03-16T01:45:23.698655,2026-03-17T00:59:05,서비스,921.0,1362.0,True
DR_01219,검침원,JF_SVC_04,low,True,v3_migrated,migrated_from_v3,2026-03-16T01:45:23.698655,2026-03-17T00:59:05,서비스,860.0,136.0,True
DR_01220,경비지도사,JF_SVC_04,low,True,v3_migrated,migrated_from_v3,2026-03-16T01:45:23.698655,2026-03-17T00:59:05,서비스,862.0,59.0,True
DR_01221,납품운전원,JF_SVC_04,medium,True,v3_migrated,migrated_from_v3,2026-03-16T01:45:23.698655,2026-03-17T00:59:05,운전·운송·배송,633.0,952.0,True
DR_01222,버스기사,JF_SVC_04,low,True,v3_migrated,migrated_from_v3,2026-03-16T01:45:23.698655,2026-03-17T00:59:05,운전·운송·배송,638.0,280.0,True
DR_01223,보안요원,JF_SVC_04,medium,True,v3_migrated,migrated_from_v3,2026-03-16T01:45:23.698655,2026-03-17T00:59:05,서비스,879.0,839.0,True
DR_01224,사택기사,JF_SVC_04,low,True,v3_migrated,migrated_from_v3,2026-03-16T01:45:23.698655,2026-03-17T00:59:05,운전·운송·배송,640.0,61.0,True
DR_01225,셔틀버스기사,JF_SVC_04,low,True,v3_migrated,migrated_from_v3,2026-03-16T01:45:23.698655,2026-03-17T00:59:05,운전·운송·배송,641.0,104.0,True
DR_01226,수행기사,JF_SVC_04,medium,True,v3_migrated,migrated_from_v3,2026-03-16T01:45:23.698655,2026-03-17T00:59:05,운전·운송·배송,642.0,625.0,True
DR_01227,승합기사,JF_SVC_04,low,True,v3_migrated,migrated_from_v3,2026-03-16T01:45:23.698655,2026-03-17T00:59:05,운전·운송·배송,643.0,184.0,True
DR_01228,안전요원,JF_SVC_04,low,True,v3_migrated,migrated_from_v3,2026-03-16T01:45:23.698655,2026-03-17T00:59:05,서비스,889.0,339.0,True
DR_01229,운전,JF_SVC_04,low,True,v3_migrated,migrated_from_v3,2026-03-16T01:45:23.698655,2026-03-17T00:59:05,운전·운송·배송,2219.0,309.0,True
DR_01230,적재/하역,JF_SVC_04,low,True,v3_migrated,migrated_from_v3,2026-03-16T01:45:23.698655,2026-03-17T00:59:05,운전·운송·배송,654.0,100.0,True
DR_01231,조종사,JF_SVC_04,low,True,v3_migrated,migrated_from_v3,2026-03-16T01:45:23.698655,2026-03-17T00:59:05,운전·운송·배송,644.0,139.0,True
DR_01232,철도운송,JF_SVC_04,low,True,v3_migrated,migrated_from_v3,2026-03-16T01:45:23.698655,2026-03-17T00:59:05,운전·운송·배송,656.0,137.0,True
DR_01233,항공운송,JF_SVC_04,low,True,v3_migrated,migrated_from_v3,2026-03-16T01:45:23.698655,2026-03-17T00:59:05,운전·운송·배송,658.0,374.0,True
DR_01234,해상운송,JF_SVC_04,medium,True,v3_migrated,migrated_from_v3,2026-03-16T01:45:23.698655,2026-03-17T00:59:05,운전·운송·배송,659.0,607.0,True
DR_01235,도서관사서,JF_SVC_05,low,True,v3_migrated,migrated_from_v3,2026-03-16T01:45:23.698655,2026-03-17T00:59:05,공공·복지,1929.0,101.0,True
DR_01236,임기제공무원,JF_SVC_05,low,True,v3_migrated,migrated_from_v3,2026-03-16T01:45:23.698655,2026-03-17T00:59:05,공공·복지,1942.0,170.0,True
DR_01237,목공,JF_SVC_06,low,True,v3_migrated,migrated_from_v3,2026-03-16T01:45:23.698655,2026-03-17T00:59:05,건설·건축,2024.0,101.0,True
DR_01238,보조공,JF_SVC_06,low,True,v3_migrated,migrated_from_v3,2026-03-16T01:45:23.698655,2026-03-17T00:59:05,건설·건축,2029.0,99.0,True
DR_01239,용접원,JF_SVC_06,medium,True,v3_migrated,migrated_from_v3,2026-03-16T01:45:23.698655,2026-03-17T00:59:05,생산,997.0,1141.0,True
DR_01240,절단가공,JF_SVC_06,low,True,v3_migrated,migrated_from_v3,2026-03-16T01:45:23.698655,2026-03-17T00:59:05,생산,1030.0,248.0,True
DR_01241,절삭가공,JF_SVC_06,low,True,v3_migrated,migrated_from_v3,2026-03-16T01:45:23.698655,2026-03-17T00:59:05,생산,1031.0,118.0,True
DR_01242,제관사,JF_SVC_06,low,True,v3_migrated,migrated_from_v3,2026-03-16T01:45:23.698655,2026-03-17T00:59:05,생산,999.0,244.0,True
DR_01243,데이터사이언티스트,JF_AI_04,high,True,v3_migrated,migrated_from_v3,2026-03-16T01:45:56.163478,2026-03-17T00:59:05,보완추가,0.0,900.0,True
DR_01244,머신러닝엔지니어,JF_AI_04,medium,True,v3_migrated,migrated_from_v3,2026-03-16T01:45:56.163478,2026-03-17T00:59:05,보완추가,0.0,600.0,True
DR_01245,AI연구원,JF_AI_04,medium,True,v3_migrated,migrated_from_v3,2026-03-16T01:45:56.163478,2026-03-17T00:59:05,보완추가,0.0,400.0,True
DR_01246,공무원,JF_FIN_04,high,True,v3_migrated,migrated_from_v3,2026-03-16T01:45:56.163478,2026-03-17T00:59:05,보완추가,0.0,500.0,True
DR_01247,정책기획연구원,JF_FIN_04,medium,True,v3_migrated,migrated_from_v3,2026-03-16T01:45:56.163478,2026-03-17T00:59:05,보완추가,0.0,200.0,True
