ksic_code,ksic_name,kapp_industry_tag,industry_label_ko,primary_jf_code,secondary_jf_codes,ib_scenario_key,mapping_method,review_status
1110,곡물 및 기타 식량작물 재배업,AGRICULTURE,농업·임업·어업,JF_AGR_01,"JF_MFG_01,JF_STR_01,JF_ADM_01,JF_SAL_01,JF_MFG_03",AGRICULTURE,industry_rule,confirmed
1121,채소작물 재배업,AGRICULTURE,농업·임업·어업,JF_AGR_01,"JF_MFG_01,JF_STR_01,JF_ADM_01,JF_SAL_01,JF_MFG_03",AGRICULTURE,industry_rule,confirmed
1122,화훼작물 재배업,AGRICULTURE,농업·임업·어업,JF_AGR_01,"JF_MFG_01,JF_STR_01,JF_ADM_01,JF_SAL_01,JF_MFG_03",AGRICULTURE,industry_rule,confirmed
1123,종자 및 묘목 생산업,AGRICULTURE,농업·임업·어업,JF_AGR_01,"JF_MFG_01,JF_STR_01,JF_ADM_01,JF_SAL_01,JF_MFG_03",AGRICULTURE,industry_rule,confirmed
1131,과실작물 재배업,AGRICULTURE,농업·임업·어업,JF_AGR_01,"JF_MFG_01,JF_STR_01,JF_ADM_01,JF_SAL_01,JF_MFG_03",AGRICULTURE,industry_rule,confirmed
1132,음료용 및 향신용 작물 재배업,AGRICULTURE,농업·임업·어업,JF_AGR_01,"JF_MFG_01,JF_STR_01,JF_ADM_01,JF_SAL_01,JF_MFG_03",AGRICULTURE,industry_rule,confirmed
1140,기타 작물 재배업,AGRICULTURE,농업·임업·어업,JF_AGR_01,"JF_MFG_01,JF_STR_01,JF_ADM_01,JF_SAL_01,JF_MFG_03",AGRICULTURE,industry_rule,confirmed
1151,"채소, 화훼 및 과실작물 시설 재배업",AGRICULTURE,농업·임업·어업,JF_AGR_01,"JF_MFG_01,JF_STR_01,JF_ADM_01,JF_SAL_01,JF_MFG_03",AGRICULTURE,industry_rule,confirmed
1159,기타 시설작물 재배업,AGRICULTURE,농업·임업·어업,JF_AGR_01,"JF_MFG_01,JF_STR_01,JF_ADM_01,JF_SAL_01,JF_MFG_03",AGRICULTURE,industry_rule,confirmed
1211,젖소 사육업,AGRICULTURE,농업·임업·어업,JF_AGR_02,"JF_MFG_01,JF_STR_01,JF_ADM_01,JF_SAL_01,JF_MFG_03",AGRICULTURE,industry_rule,confirmed
1212,육우 사육업,AGRICULTURE,농업·임업·어업,JF_AGR_02,"JF_MFG_01,JF_STR_01,JF_ADM_01,JF_SAL_01,JF_MFG_03",AGRICULTURE,industry_rule,confirmed
1220,양돈업,AGRICULTURE,농업·임업·어업,JF_AGR_02,"JF_MFG_01,JF_STR_01,JF_ADM_01,JF_SAL_01,JF_MFG_03",AGRICULTURE,industry_rule,confirmed
1231,양계업,AGRICULTURE,농업·임업·어업,JF_AGR_02,"JF_MFG_01,JF_STR_01,JF_ADM_01,JF_SAL_01,JF_MFG_03",AGRICULTURE,industry_rule,confirmed
1239,기타 가금류 및 조류 사육업,AGRICULTURE,농업·임업·어업,JF_AGR_02,"JF_MFG_01,JF_STR_01,JF_ADM_01,JF_SAL_01,JF_MFG_03",AGRICULTURE,industry_rule,confirmed
1291,말 및 양 사육업,AGRICULTURE,농업·임업·어업,JF_AGR_02,"JF_MFG_01,JF_STR_01,JF_ADM_01,JF_SAL_01,JF_MFG_03",AGRICULTURE,industry_rule,confirmed
1299,그 외 기타 축산업,AGRICULTURE,농업·임업·어업,JF_AGR_02,"JF_MFG_01,JF_STR_01,JF_ADM_01,JF_SAL_01,JF_MFG_03",AGRICULTURE,industry_rule,confirmed
1300,작물재배 및 축산 복합농업,AGRICULTURE,농업·임업·어업,JF_AGR_02,"JF_MFG_01,JF_STR_01,JF_ADM_01,JF_SAL_01,JF_MFG_03",AGRICULTURE,industry_rule,confirmed
1411,작물재배 지원 서비스업,AGRICULTURE,농업·임업·어업,JF_AGR_05,"JF_MFG_01,JF_STR_01,JF_ADM_01,JF_SAL_01,JF_MFG_03",AGRICULTURE,industry_rule,confirmed
1412,"농산물 건조, 선별 및 기타 수확 후 서비스업",AGRICULTURE,농업·임업·어업,JF_AGR_02,"JF_MFG_01,JF_STR_01,JF_ADM_01,JF_SAL_01,JF_MFG_03",AGRICULTURE,industry_rule,confirmed
1420,축산 관련 서비스업,AGRICULTURE,농업·임업·어업,JF_AGR_02,"JF_MFG_01,JF_STR_01,JF_ADM_01,JF_SAL_01,JF_MFG_03",AGRICULTURE,industry_rule,confirmed
1500,수렵 및 관련 서비스업,AGRICULTURE,농업·임업·어업,JF_AGR_03,"JF_MFG_01,JF_STR_01,JF_ADM_01,JF_SAL_01,JF_MFG_03",AGRICULTURE,industry_rule,confirmed
2011,임업용 종묘 생산업,AGRICULTURE,농업·임업·어업,JF_AGR_04,"JF_MFG_01,JF_STR_01,JF_ADM_01,JF_SAL_01,JF_MFG_03",AGRICULTURE,industry_rule,confirmed
2012,육림업,AGRICULTURE,농업·임업·어업,JF_AGR_04,"JF_MFG_01,JF_STR_01,JF_ADM_01,JF_SAL_01,JF_MFG_03",AGRICULTURE,industry_rule,confirmed
2020,벌목업,AGRICULTURE,농업·임업·어업,JF_AGR_04,"JF_MFG_01,JF_STR_01,JF_ADM_01,JF_SAL_01,JF_MFG_03",AGRICULTURE,industry_rule,confirmed
2030,임산물 채취업,AGRICULTURE,농업·임업·어업,JF_AGR_04,"JF_MFG_01,JF_STR_01,JF_ADM_01,JF_SAL_01,JF_MFG_03",AGRICULTURE,industry_rule,confirmed
2040,임업 관련 서비스업,AGRICULTURE,농업·임업·어업,JF_AGR_04,"JF_MFG_01,JF_STR_01,JF_ADM_01,JF_SAL_01,JF_MFG_03",AGRICULTURE,industry_rule,confirmed
3111,원양 어업,AGRICULTURE,농업·임업·어업,JF_AGR_03,"JF_MFG_01,JF_STR_01,JF_ADM_01,JF_SAL_01,JF_MFG_03",AGRICULTURE,industry_rule,confirmed
3112,연근해 어업,AGRICULTURE,농업·임업·어업,JF_AGR_03,"JF_MFG_01,JF_STR_01,JF_ADM_01,JF_SAL_01,JF_MFG_03",AGRICULTURE,industry_rule,confirmed
3120,내수면 어업,AGRICULTURE,농업·임업·어업,JF_AGR_03,"JF_MFG_01,JF_STR_01,JF_ADM_01,JF_SAL_01,JF_MFG_03",AGRICULTURE,industry_rule,confirmed
3211,해수면 양식 어업,AGRICULTURE,농업·임업·어업,JF_AGR_03,"JF_MFG_01,JF_STR_01,JF_ADM_01,JF_SAL_01,JF_MFG_03",AGRICULTURE,industry_rule,confirmed
3212,내수면 양식 어업,AGRICULTURE,농업·임업·어업,JF_AGR_03,"JF_MFG_01,JF_STR_01,JF_ADM_01,JF_SAL_01,JF_MFG_03",AGRICULTURE,industry_rule,confirmed
3213,수산물 부화 및 수산종자 생산업,AGRICULTURE,농업·임업·어업,JF_AGR_03,"JF_MFG_01,JF_STR_01,JF_ADM_01,JF_SAL_01,JF_MFG_03",AGRICULTURE,industry_rule,confirmed
3220,어업 관련 서비스업,AGRICULTURE,농업·임업·어업,JF_AGR_03,"JF_MFG_01,JF_STR_01,JF_ADM_01,JF_SAL_01,JF_MFG_03",AGRICULTURE,industry_rule,confirmed
5100,석탄 광업,MINING,광업,JF_MFG_10,"JF_MFG_01,JF_MFG_03,JF_CON_02,JF_MFG_07,JF_STR_01",MINING,industry_rule,confirmed
5200,원유 및 천연가스 채굴업,MINING,광업,JF_MFG_10,"JF_MFG_01,JF_MFG_03,JF_CON_02,JF_MFG_07,JF_STR_01",MINING,industry_rule,confirmed
6100,철 광업,MINING,광업,JF_MFG_10,"JF_MFG_01,JF_MFG_03,JF_CON_02,JF_MFG_07,JF_STR_01",MINING,industry_rule,confirmed
6200,비철금속 광업,MINING,광업,JF_MFG_10,"JF_MFG_01,JF_MFG_03,JF_CON_02,JF_MFG_07,JF_STR_01",MINING,industry_rule,confirmed
7110,석회석 및 점토 광업,MINING,광업,JF_MFG_10,"JF_MFG_01,JF_MFG_03,JF_CON_02,JF_MFG_07,JF_STR_01",MINING,industry_rule,confirmed
7121,건설용 석재 채굴 및 쇄석 생산업,MINING,광업,JF_MFG_10,"JF_MFG_01,JF_MFG_03,JF_CON_02,JF_MFG_07,JF_STR_01",MINING,industry_rule,confirmed
7122,모래 및 자갈 채취업,MINING,광업,JF_MFG_10,"JF_MFG_01,JF_MFG_03,JF_CON_02,JF_MFG_07,JF_STR_01",MINING,industry_rule,confirmed
7210,화학용 및 비료원료용 광물 광업,MINING,광업,JF_MFG_10,"JF_MFG_01,JF_MFG_03,JF_CON_02,JF_MFG_07,JF_STR_01",MINING,industry_rule,confirmed
7220,천일염 생산 및 암염 채취업,MINING,광업,JF_MFG_10,"JF_MFG_01,JF_MFG_03,JF_CON_02,JF_MFG_07,JF_STR_01",MINING,industry_rule,confirmed
7290,그 외 기타 비금속광물 광업,MINING,광업,JF_MFG_10,"JF_MFG_01,JF_MFG_03,JF_CON_02,JF_MFG_07,JF_STR_01",MINING,industry_rule,confirmed
8000,광업 지원 서비스업,MINING,광업,JF_MFG_10,"JF_MFG_01,JF_MFG_03,JF_CON_02,JF_MFG_07,JF_STR_01",MINING,industry_rule,confirmed
10111,육류 도축업(가금류 제외),MANUFACTURING,제조업,JF_MFG_01,"JF_MFG_02,JF_MFG_05,JF_MFG_06,JF_MFG_09,JF_MFG_03",MANUFACTURING,industry_rule,confirmed
10112,가금류 도축업,MANUFACTURING,제조업,JF_MFG_01,"JF_MFG_02,JF_MFG_05,JF_MFG_06,JF_MFG_09,JF_MFG_03",MANUFACTURING,industry_rule,confirmed
10121,가금류 가공 및 저장 처리업,MANUFACTURING,제조업,JF_MFG_01,"JF_MFG_02,JF_MFG_05,JF_MFG_06,JF_MFG_09,JF_MFG_03",MANUFACTURING,industry_rule,confirmed
10122,육류 포장육 및 냉동육 가공업 (가금류 제외),MANUFACTURING,제조업,JF_MFG_01,"JF_MFG_02,JF_MFG_05,JF_MFG_06,JF_MFG_09,JF_MFG_03",MANUFACTURING,industry_rule,confirmed
10129,육류 기타 가공 및 저장처리업 (가금류 제외),MANUFACTURING,제조업,JF_MFG_01,"JF_MFG_02,JF_MFG_05,JF_MFG_06,JF_MFG_09,JF_MFG_03",MANUFACTURING,industry_rule,confirmed
10211,"수산동물 훈제, 조리 및 유사 조제식품 제조업",MANUFACTURING,제조업,JF_MFG_01,"JF_MFG_02,JF_MFG_05,JF_MFG_06,JF_MFG_09,JF_MFG_03",MANUFACTURING,industry_rule,confirmed
10212,수산동물 건조 및 염장품 제조업,MANUFACTURING,제조업,JF_MFG_01,"JF_MFG_02,JF_MFG_05,JF_MFG_06,JF_MFG_09,JF_MFG_03",MANUFACTURING,industry_rule,confirmed
10213,수산동물 냉동품 제조업,MANUFACTURING,제조업,JF_MFG_01,"JF_MFG_02,JF_MFG_05,JF_MFG_06,JF_MFG_09,JF_MFG_03",MANUFACTURING,industry_rule,confirmed
10219,기타 수산동물 가공 및 저장 처리업,MANUFACTURING,제조업,JF_MFG_01,"JF_MFG_02,JF_MFG_05,JF_MFG_06,JF_MFG_09,JF_MFG_03",MANUFACTURING,industry_rule,confirmed
10220,수산식물 가공 및 저장 처리업,MANUFACTURING,제조업,JF_MFG_01,"JF_MFG_02,JF_MFG_05,JF_MFG_06,JF_MFG_09,JF_MFG_03",MANUFACTURING,industry_rule,confirmed
10301,김치류 제조업,MANUFACTURING,제조업,JF_MFG_01,"JF_MFG_02,JF_MFG_05,JF_MFG_06,JF_MFG_09,JF_MFG_03",MANUFACTURING,industry_rule,confirmed
10302,과실 및 그 외 채소 절임식품 제조업,MANUFACTURING,제조업,JF_MFG_01,"JF_MFG_02,JF_MFG_05,JF_MFG_06,JF_MFG_09,JF_MFG_03",MANUFACTURING,industry_rule,confirmed
10309,기타 과실ㆍ채소 가공 및 저장 처리업,MANUFACTURING,제조업,JF_MFG_01,"JF_MFG_02,JF_MFG_05,JF_MFG_06,JF_MFG_09,JF_MFG_03",MANUFACTURING,industry_rule,confirmed
10411,동물성 유지 제조업,MANUFACTURING,제조업,JF_MFG_01,"JF_MFG_02,JF_MFG_05,JF_MFG_06,JF_MFG_09,JF_MFG_03",MANUFACTURING,industry_rule,confirmed
10412,식물성 유지 제조업,MANUFACTURING,제조업,JF_MFG_01,"JF_MFG_02,JF_MFG_05,JF_MFG_06,JF_MFG_09,JF_MFG_03",MANUFACTURING,industry_rule,confirmed
10413,식용 정제유 및 가공유 제조업,MANUFACTURING,제조업,JF_MFG_01,"JF_MFG_02,JF_MFG_05,JF_MFG_06,JF_MFG_09,JF_MFG_03",MANUFACTURING,industry_rule,confirmed
10421,액상시유 및 기타 낙농제품 제조업,MANUFACTURING,제조업,JF_MFG_01,"JF_MFG_02,JF_MFG_05,JF_MFG_06,JF_MFG_09,JF_MFG_03",MANUFACTURING,industry_rule,confirmed
10422,아이스크림 및 기타 식용빙과류 제조업,MANUFACTURING,제조업,JF_MFG_01,"JF_MFG_02,JF_MFG_05,JF_MFG_06,JF_MFG_09,JF_MFG_03",MANUFACTURING,industry_rule,confirmed
10511,곡물 도정업,MANUFACTURING,제조업,JF_MFG_01,"JF_MFG_02,JF_MFG_05,JF_MFG_06,JF_MFG_09,JF_MFG_03",MANUFACTURING,industry_rule,confirmed
10512,곡물 제분업,MANUFACTURING,제조업,JF_MFG_01,"JF_MFG_02,JF_MFG_05,JF_MFG_06,JF_MFG_09,JF_MFG_03",MANUFACTURING,industry_rule,confirmed
10513,곡물 혼합분말 및 반죽 제조업,MANUFACTURING,제조업,JF_MFG_01,"JF_MFG_02,JF_MFG_05,JF_MFG_06,JF_MFG_09,JF_MFG_03",MANUFACTURING,industry_rule,confirmed
10519,기타 곡물 가공품 제조업,MANUFACTURING,제조업,JF_MFG_01,"JF_MFG_02,JF_MFG_05,JF_MFG_06,JF_MFG_09,JF_MFG_03",MANUFACTURING,industry_rule,confirmed
10520,전분제품 및 당류 제조업,MANUFACTURING,제조업,JF_MFG_01,"JF_MFG_02,JF_MFG_05,JF_MFG_06,JF_MFG_09,JF_MFG_03",MANUFACTURING,industry_rule,confirmed
10601,떡류 제조업,MANUFACTURING,제조업,JF_MFG_01,"JF_MFG_02,JF_MFG_05,JF_MFG_06,JF_MFG_09,JF_MFG_03",MANUFACTURING,industry_rule,confirmed
10602,빵류 제조업,MANUFACTURING,제조업,JF_MFG_01,"JF_MFG_02,JF_MFG_05,JF_MFG_06,JF_MFG_09,JF_MFG_03",MANUFACTURING,industry_rule,confirmed
10603,과자류 및 코코아 제품 제조업,MANUFACTURING,제조업,JF_MFG_01,"JF_MFG_02,JF_MFG_05,JF_MFG_06,JF_MFG_09,JF_MFG_03",MANUFACTURING,industry_rule,confirmed
10701,도시락류 제조업,MANUFACTURING,제조업,JF_MFG_01,"JF_MFG_02,JF_MFG_05,JF_MFG_06,JF_MFG_09,JF_MFG_03",MANUFACTURING,industry_rule,confirmed
10709,기타 식사용 가공처리 조리식품 제조업,MANUFACTURING,제조업,JF_MFG_01,"JF_MFG_02,JF_MFG_05,JF_MFG_06,JF_MFG_09,JF_MFG_03",MANUFACTURING,industry_rule,confirmed
10810,설탕 제조업,MANUFACTURING,제조업,JF_MFG_01,"JF_MFG_02,JF_MFG_05,JF_MFG_06,JF_MFG_09,JF_MFG_03",MANUFACTURING,industry_rule,confirmed
10820,"면류, 마카로니 및 유사식품 제조업",MANUFACTURING,제조업,JF_MFG_01,"JF_MFG_02,JF_MFG_05,JF_MFG_06,JF_MFG_09,JF_MFG_03",MANUFACTURING,industry_rule,confirmed
10831,"식초, 발효 및 화학 조미료 제조업",MANUFACTURING,제조업,JF_MFG_01,"JF_MFG_02,JF_MFG_05,JF_MFG_06,JF_MFG_09,JF_MFG_03",MANUFACTURING,industry_rule,confirmed
10832,천연 및 혼합조제 조미료 제조업,MANUFACTURING,제조업,JF_MFG_01,"JF_MFG_02,JF_MFG_05,JF_MFG_06,JF_MFG_09,JF_MFG_03",MANUFACTURING,industry_rule,confirmed
10833,장류 제조업,MANUFACTURING,제조업,JF_MFG_01,"JF_MFG_02,JF_MFG_05,JF_MFG_06,JF_MFG_09,JF_MFG_03",MANUFACTURING,industry_rule,confirmed
10839,기타 식품 첨가물 제조업,MANUFACTURING,제조업,JF_MFG_01,"JF_MFG_02,JF_MFG_05,JF_MFG_06,JF_MFG_09,JF_MFG_03",MANUFACTURING,industry_rule,confirmed
10891,커피 가공업,MANUFACTURING,제조업,JF_MFG_01,"JF_MFG_02,JF_MFG_05,JF_MFG_06,JF_MFG_09,JF_MFG_03",MANUFACTURING,industry_rule,confirmed
10892,차류 가공업,MANUFACTURING,제조업,JF_MFG_01,"JF_MFG_02,JF_MFG_05,JF_MFG_06,JF_MFG_09,JF_MFG_03",MANUFACTURING,industry_rule,confirmed
10893,수프 및 균질화식품 제조업,MANUFACTURING,제조업,JF_MFG_01,"JF_MFG_02,JF_MFG_05,JF_MFG_06,JF_MFG_09,JF_MFG_03",MANUFACTURING,industry_rule,confirmed
10894,두부 및 유사식품 제조업,MANUFACTURING,제조업,JF_MFG_01,"JF_MFG_02,JF_MFG_05,JF_MFG_06,JF_MFG_09,JF_MFG_03",MANUFACTURING,industry_rule,confirmed
10895,인삼식품 제조업,MANUFACTURING,제조업,JF_MFG_01,"JF_MFG_02,JF_MFG_05,JF_MFG_06,JF_MFG_09,JF_MFG_03",MANUFACTURING,industry_rule,confirmed
10896,건강보조용 액화식품 제조업,MANUFACTURING,제조업,JF_MFG_01,"JF_MFG_02,JF_MFG_05,JF_MFG_06,JF_MFG_09,JF_MFG_03",MANUFACTURING,industry_rule,confirmed
10897,건강기능식품 제조업,MANUFACTURING,제조업,JF_MFG_01,"JF_MFG_02,JF_MFG_05,JF_MFG_06,JF_MFG_09,JF_MFG_03",MANUFACTURING,industry_rule,confirmed
10899,그 외 기타 식료품 제조업,MANUFACTURING,제조업,JF_MFG_01,"JF_MFG_02,JF_MFG_05,JF_MFG_06,JF_MFG_09,JF_MFG_03",MANUFACTURING,industry_rule,confirmed
10901,반려동물용 사료 제조업,MANUFACTURING,제조업,JF_MFG_01,"JF_MFG_02,JF_MFG_05,JF_MFG_06,JF_MFG_09,JF_MFG_03",MANUFACTURING,industry_rule,confirmed
10902,배합 사료 제조업,MANUFACTURING,제조업,JF_MFG_01,"JF_MFG_02,JF_MFG_05,JF_MFG_06,JF_MFG_09,JF_MFG_03",MANUFACTURING,industry_rule,confirmed
10903,단미사료 및 기타 사료 제조업,MANUFACTURING,제조업,JF_MFG_01,"JF_MFG_02,JF_MFG_05,JF_MFG_06,JF_MFG_09,JF_MFG_03",MANUFACTURING,industry_rule,confirmed
11111,탁주 및 약주 제조업,MANUFACTURING,제조업,JF_MFG_01,"JF_MFG_02,JF_MFG_05,JF_MFG_06,JF_MFG_09,JF_MFG_03",MANUFACTURING,industry_rule,confirmed
11112,맥아 및 맥주 제조업,MANUFACTURING,제조업,JF_MFG_01,"JF_MFG_02,JF_MFG_05,JF_MFG_06,JF_MFG_09,JF_MFG_03",MANUFACTURING,industry_rule,confirmed
11119,기타 발효주 제조업,MANUFACTURING,제조업,JF_MFG_01,"JF_MFG_02,JF_MFG_05,JF_MFG_06,JF_MFG_09,JF_MFG_03",MANUFACTURING,industry_rule,confirmed
11121,주정 제조업,MANUFACTURING,제조업,JF_MFG_01,"JF_MFG_02,JF_MFG_05,JF_MFG_06,JF_MFG_09,JF_MFG_03",MANUFACTURING,industry_rule,confirmed
11122,소주 제조업,MANUFACTURING,제조업,JF_MFG_01,"JF_MFG_02,JF_MFG_05,JF_MFG_06,JF_MFG_09,JF_MFG_03",MANUFACTURING,industry_rule,confirmed
11129,기타 증류주 및 합성주 제조업,MANUFACTURING,제조업,JF_MFG_01,"JF_MFG_02,JF_MFG_05,JF_MFG_06,JF_MFG_09,JF_MFG_03",MANUFACTURING,industry_rule,confirmed
11201,얼음 제조업,MANUFACTURING,제조업,JF_MFG_11,"JF_MFG_02,JF_MFG_05,JF_MFG_06,JF_MFG_09,JF_MFG_03",MANUFACTURING,industry_rule,confirmed
11202,생수 생산업,MANUFACTURING,제조업,JF_MFG_11,"JF_MFG_02,JF_MFG_05,JF_MFG_06,JF_MFG_09,JF_MFG_03",MANUFACTURING,industry_rule,confirmed
11209,기타 비알코올 음료 제조업,MANUFACTURING,제조업,JF_MFG_11,"JF_MFG_02,JF_MFG_05,JF_MFG_06,JF_MFG_09,JF_MFG_03",MANUFACTURING,industry_rule,confirmed
12000,담배제품 제조업,MANUFACTURING,제조업,JF_MFG_11,"JF_MFG_02,JF_MFG_05,JF_MFG_06,JF_MFG_09,JF_MFG_03",MANUFACTURING,industry_rule,confirmed
13101,면 방적업,MANUFACTURING,제조업,JF_MFG_12,"JF_MFG_02,JF_MFG_05,JF_MFG_06,JF_MFG_09,JF_MFG_03",MANUFACTURING,industry_rule,confirmed
13102,모 방적업,MANUFACTURING,제조업,JF_MFG_12,"JF_MFG_02,JF_MFG_05,JF_MFG_06,JF_MFG_09,JF_MFG_03",MANUFACTURING,industry_rule,confirmed
13103,화학섬유 방적업,MANUFACTURING,제조업,JF_MFG_12,"JF_MFG_02,JF_MFG_05,JF_MFG_06,JF_MFG_09,JF_MFG_03",MANUFACTURING,industry_rule,confirmed
13104,연사 및 가공사 제조업,MANUFACTURING,제조업,JF_MFG_12,"JF_MFG_02,JF_MFG_05,JF_MFG_06,JF_MFG_09,JF_MFG_03",MANUFACTURING,industry_rule,confirmed
13109,기타 방적업,MANUFACTURING,제조업,JF_MFG_12,"JF_MFG_02,JF_MFG_05,JF_MFG_06,JF_MFG_09,JF_MFG_03",MANUFACTURING,industry_rule,confirmed
13211,면직물 직조업,MANUFACTURING,제조업,JF_MFG_12,"JF_MFG_02,JF_MFG_05,JF_MFG_06,JF_MFG_09,JF_MFG_03",MANUFACTURING,industry_rule,confirmed
13212,모직물 직조업,MANUFACTURING,제조업,JF_MFG_12,"JF_MFG_02,JF_MFG_05,JF_MFG_06,JF_MFG_09,JF_MFG_03",MANUFACTURING,industry_rule,confirmed
13213,화학섬유직물 직조업,MANUFACTURING,제조업,JF_MFG_12,"JF_MFG_02,JF_MFG_05,JF_MFG_06,JF_MFG_09,JF_MFG_03",MANUFACTURING,industry_rule,confirmed
13219,특수 직물 및 기타 직물 직조업,MANUFACTURING,제조업,JF_MFG_12,"JF_MFG_02,JF_MFG_05,JF_MFG_06,JF_MFG_09,JF_MFG_03",MANUFACTURING,industry_rule,confirmed
13221,침구 및 관련제품 제조업,MANUFACTURING,제조업,JF_MFG_12,"JF_MFG_02,JF_MFG_05,JF_MFG_06,JF_MFG_09,JF_MFG_03",MANUFACTURING,industry_rule,confirmed
13222,자수제품 및 자수용재료 제조업,MANUFACTURING,제조업,JF_MFG_12,"JF_MFG_02,JF_MFG_05,JF_MFG_06,JF_MFG_09,JF_MFG_03",MANUFACTURING,industry_rule,confirmed
13223,커튼 및 유사제품 제조업,MANUFACTURING,제조업,JF_MFG_12,"JF_MFG_02,JF_MFG_05,JF_MFG_06,JF_MFG_09,JF_MFG_03",MANUFACTURING,industry_rule,confirmed
13224,"천막, 텐트 및 유사 제품 제조업",MANUFACTURING,제조업,JF_MFG_12,"JF_MFG_02,JF_MFG_05,JF_MFG_06,JF_MFG_09,JF_MFG_03",MANUFACTURING,industry_rule,confirmed
13225,직물포대 제조업,MANUFACTURING,제조업,JF_MFG_12,"JF_MFG_02,JF_MFG_05,JF_MFG_06,JF_MFG_09,JF_MFG_03",MANUFACTURING,industry_rule,confirmed
13229,기타 직물제품 제조업,MANUFACTURING,제조업,JF_MFG_12,"JF_MFG_02,JF_MFG_05,JF_MFG_06,JF_MFG_09,JF_MFG_03",MANUFACTURING,industry_rule,confirmed
13300,편조원단 제조업,MANUFACTURING,제조업,JF_MFG_12,"JF_MFG_02,JF_MFG_05,JF_MFG_06,JF_MFG_09,JF_MFG_03",MANUFACTURING,industry_rule,confirmed
13401,솜 및 실 염색가공업,MANUFACTURING,제조업,JF_MFG_12,"JF_MFG_02,JF_MFG_05,JF_MFG_06,JF_MFG_09,JF_MFG_03",MANUFACTURING,industry_rule,confirmed
13402,"직물, 편조원단 및 의복류 염색 가공업",MANUFACTURING,제조업,JF_MFG_12,"JF_MFG_02,JF_MFG_05,JF_MFG_06,JF_MFG_09,JF_MFG_03",MANUFACTURING,industry_rule,confirmed
13403,날염 가공업,MANUFACTURING,제조업,JF_MFG_12,"JF_MFG_02,JF_MFG_05,JF_MFG_06,JF_MFG_09,JF_MFG_03",MANUFACTURING,industry_rule,confirmed
13409,섬유제품 기타 정리 및 마무리 가공업,MANUFACTURING,제조업,JF_MFG_12,"JF_MFG_02,JF_MFG_05,JF_MFG_06,JF_MFG_09,JF_MFG_03",MANUFACTURING,industry_rule,confirmed
13910,"카펫, 마루덮개 및 유사제품 제조업",MANUFACTURING,제조업,JF_MFG_12,"JF_MFG_02,JF_MFG_05,JF_MFG_06,JF_MFG_09,JF_MFG_03",MANUFACTURING,industry_rule,confirmed
13921,끈 및 로프 제조업,MANUFACTURING,제조업,JF_MFG_12,"JF_MFG_02,JF_MFG_05,JF_MFG_06,JF_MFG_09,JF_MFG_03",MANUFACTURING,industry_rule,confirmed
13922,어망 및 기타 끈 가공품 제조업,MANUFACTURING,제조업,JF_MFG_12,"JF_MFG_02,JF_MFG_05,JF_MFG_06,JF_MFG_09,JF_MFG_03",MANUFACTURING,industry_rule,confirmed
13991,세폭직물 제조업,MANUFACTURING,제조업,JF_MFG_12,"JF_MFG_02,JF_MFG_05,JF_MFG_06,JF_MFG_09,JF_MFG_03",MANUFACTURING,industry_rule,confirmed
13992,부직포 및 펠트 제조업,MANUFACTURING,제조업,JF_MFG_12,"JF_MFG_02,JF_MFG_05,JF_MFG_06,JF_MFG_09,JF_MFG_03",MANUFACTURING,industry_rule,confirmed
13993,특수사 및 코드직물 제조업,MANUFACTURING,제조업,JF_MFG_12,"JF_MFG_02,JF_MFG_05,JF_MFG_06,JF_MFG_09,JF_MFG_03",MANUFACTURING,industry_rule,confirmed
13994,표면처리 및 적층 직물 제조업,MANUFACTURING,제조업,JF_MFG_12,"JF_MFG_02,JF_MFG_05,JF_MFG_06,JF_MFG_09,JF_MFG_03",MANUFACTURING,industry_rule,confirmed
13999,그 외 기타 분류 안된 섬유제품 제조업,MANUFACTURING,제조업,JF_MFG_12,"JF_MFG_02,JF_MFG_05,JF_MFG_06,JF_MFG_09,JF_MFG_03",MANUFACTURING,industry_rule,confirmed
14111,남자용 겉옷 제조업,MANUFACTURING,제조업,JF_MFG_12,"JF_MFG_02,JF_MFG_05,JF_MFG_06,JF_MFG_09,JF_MFG_03",MANUFACTURING,industry_rule,confirmed
14112,여자용 겉옷 제조업,MANUFACTURING,제조업,JF_MFG_12,"JF_MFG_02,JF_MFG_05,JF_MFG_06,JF_MFG_09,JF_MFG_03",MANUFACTURING,industry_rule,confirmed
14120,속옷 및 잠옷 제조업,MANUFACTURING,제조업,JF_MFG_12,"JF_MFG_02,JF_MFG_05,JF_MFG_06,JF_MFG_09,JF_MFG_03",MANUFACTURING,industry_rule,confirmed
14130,한복 제조업,MANUFACTURING,제조업,JF_MFG_12,"JF_MFG_02,JF_MFG_05,JF_MFG_06,JF_MFG_09,JF_MFG_03",MANUFACTURING,industry_rule,confirmed
14191,셔츠 및 블라우스 제조업,MANUFACTURING,제조업,JF_MFG_12,"JF_MFG_02,JF_MFG_05,JF_MFG_06,JF_MFG_09,JF_MFG_03",MANUFACTURING,industry_rule,confirmed
14192,"근무복, 작업복 및 유사의복 제조업",MANUFACTURING,제조업,JF_MFG_12,"JF_MFG_02,JF_MFG_05,JF_MFG_06,JF_MFG_09,JF_MFG_03",MANUFACTURING,industry_rule,confirmed
14193,가죽의복 제조업,MANUFACTURING,제조업,JF_MFG_12,"JF_MFG_02,JF_MFG_05,JF_MFG_06,JF_MFG_09,JF_MFG_03",MANUFACTURING,industry_rule,confirmed
14194,유아용 의복 제조업,MANUFACTURING,제조업,JF_MFG_12,"JF_MFG_02,JF_MFG_05,JF_MFG_06,JF_MFG_09,JF_MFG_03",MANUFACTURING,industry_rule,confirmed
14199,그 외 기타 봉제의복 제조업,MANUFACTURING,제조업,JF_MFG_12,"JF_MFG_02,JF_MFG_05,JF_MFG_06,JF_MFG_09,JF_MFG_03",MANUFACTURING,industry_rule,confirmed
14200,모피제품 제조업,MANUFACTURING,제조업,JF_MFG_12,"JF_MFG_02,JF_MFG_05,JF_MFG_06,JF_MFG_09,JF_MFG_03",MANUFACTURING,industry_rule,confirmed
14300,편조의복 제조업,MANUFACTURING,제조업,JF_MFG_12,"JF_MFG_02,JF_MFG_05,JF_MFG_06,JF_MFG_09,JF_MFG_03",MANUFACTURING,industry_rule,confirmed
14411,스타킹 및 기타 양말 제조업,MANUFACTURING,제조업,JF_MFG_12,"JF_MFG_02,JF_MFG_05,JF_MFG_06,JF_MFG_09,JF_MFG_03",MANUFACTURING,industry_rule,confirmed
14419,기타 편조의복 액세서리 제조업,MANUFACTURING,제조업,JF_MFG_12,"JF_MFG_02,JF_MFG_05,JF_MFG_06,JF_MFG_09,JF_MFG_03",MANUFACTURING,industry_rule,confirmed
14491,모자 제조업,MANUFACTURING,제조업,JF_MFG_12,"JF_MFG_02,JF_MFG_05,JF_MFG_06,JF_MFG_09,JF_MFG_03",MANUFACTURING,industry_rule,confirmed
14499,그 외 기타 의복액세서리 제조업,MANUFACTURING,제조업,JF_MFG_12,"JF_MFG_02,JF_MFG_05,JF_MFG_06,JF_MFG_09,JF_MFG_03",MANUFACTURING,industry_rule,confirmed
15110,모피 및 가죽 제조업,MANUFACTURING,제조업,JF_MFG_12,"JF_MFG_02,JF_MFG_05,JF_MFG_06,JF_MFG_09,JF_MFG_03",MANUFACTURING,industry_rule,confirmed
15121,핸드백 및 지갑 제조업,MANUFACTURING,제조업,JF_MFG_12,"JF_MFG_02,JF_MFG_05,JF_MFG_06,JF_MFG_09,JF_MFG_03",MANUFACTURING,industry_rule,confirmed
15129,가방 및 기타 보호용 케이스 제조업,MANUFACTURING,제조업,JF_MFG_12,"JF_MFG_02,JF_MFG_05,JF_MFG_06,JF_MFG_09,JF_MFG_03",MANUFACTURING,industry_rule,confirmed
15190,기타 가죽제품 제조업,MANUFACTURING,제조업,JF_MFG_12,"JF_MFG_02,JF_MFG_05,JF_MFG_06,JF_MFG_09,JF_MFG_03",MANUFACTURING,industry_rule,confirmed
15211,구두류 제조업,MANUFACTURING,제조업,JF_MFG_12,"JF_MFG_02,JF_MFG_05,JF_MFG_06,JF_MFG_09,JF_MFG_03",MANUFACTURING,industry_rule,confirmed
15219,기타 신발 제조업,MANUFACTURING,제조업,JF_MFG_12,"JF_MFG_02,JF_MFG_05,JF_MFG_06,JF_MFG_09,JF_MFG_03",MANUFACTURING,industry_rule,confirmed
15220,신발 부분품 제조업,MANUFACTURING,제조업,JF_MFG_12,"JF_MFG_02,JF_MFG_05,JF_MFG_06,JF_MFG_09,JF_MFG_03",MANUFACTURING,industry_rule,confirmed
16101,일반 제재업,MANUFACTURING,제조업,JF_MFG_01,"JF_MFG_02,JF_MFG_05,JF_MFG_06,JF_MFG_09,JF_MFG_03",MANUFACTURING,industry_rule,confirmed
16102,표면 가공 목재 및 특정 목적용 제재목 제조업,MANUFACTURING,제조업,JF_MFG_01,"JF_MFG_02,JF_MFG_05,JF_MFG_06,JF_MFG_09,JF_MFG_03",MANUFACTURING,industry_rule,confirmed
16103,"목재 보존, 방부처리, 도장 및 유사 처리업",MANUFACTURING,제조업,JF_MFG_01,"JF_MFG_02,JF_MFG_05,JF_MFG_06,JF_MFG_09,JF_MFG_03",MANUFACTURING,industry_rule,confirmed
16211,"박판, 합판 및 유사 적층판 제조업",MANUFACTURING,제조업,JF_MFG_01,"JF_MFG_02,JF_MFG_05,JF_MFG_06,JF_MFG_09,JF_MFG_03",MANUFACTURING,industry_rule,confirmed
16212,강화 및 재생 목재 제조업,MANUFACTURING,제조업,JF_MFG_01,"JF_MFG_02,JF_MFG_05,JF_MFG_06,JF_MFG_09,JF_MFG_03",MANUFACTURING,industry_rule,confirmed
16221,목재문 및 관련제품 제조업,MANUFACTURING,제조업,JF_MFG_01,"JF_MFG_02,JF_MFG_05,JF_MFG_06,JF_MFG_09,JF_MFG_03",MANUFACTURING,industry_rule,confirmed
16229,기타 건축용 나무제품 제조업,MANUFACTURING,제조업,JF_MFG_01,"JF_MFG_02,JF_MFG_05,JF_MFG_06,JF_MFG_09,JF_MFG_03",MANUFACTURING,industry_rule,confirmed
16231,목재 깔판류 및 기타 적재판 제조업,MANUFACTURING,제조업,JF_MFG_01,"JF_MFG_02,JF_MFG_05,JF_MFG_06,JF_MFG_09,JF_MFG_03",MANUFACTURING,industry_rule,confirmed
16232,"목재 포장용 상자, 드럼 및 유사용기 제조업",MANUFACTURING,제조업,JF_MFG_01,"JF_MFG_02,JF_MFG_05,JF_MFG_06,JF_MFG_09,JF_MFG_03",MANUFACTURING,industry_rule,confirmed
16291,목재 도구 및 주방용 나무제품 제조업,MANUFACTURING,제조업,JF_MFG_01,"JF_MFG_02,JF_MFG_05,JF_MFG_06,JF_MFG_09,JF_MFG_03",MANUFACTURING,industry_rule,confirmed
16292,장식용 목제품 제조업,MANUFACTURING,제조업,JF_MFG_01,"JF_MFG_02,JF_MFG_05,JF_MFG_06,JF_MFG_09,JF_MFG_03",MANUFACTURING,industry_rule,confirmed
16299,그 외 기타 나무제품 제조업,MANUFACTURING,제조업,JF_MFG_01,"JF_MFG_02,JF_MFG_05,JF_MFG_06,JF_MFG_09,JF_MFG_03",MANUFACTURING,industry_rule,confirmed
16300,코르크 및 조물제품 제조업,MANUFACTURING,제조업,JF_MFG_01,"JF_MFG_02,JF_MFG_05,JF_MFG_06,JF_MFG_09,JF_MFG_03",MANUFACTURING,industry_rule,confirmed
17101,펄프 제조업,MANUFACTURING,제조업,JF_MFG_01,"JF_MFG_02,JF_MFG_05,JF_MFG_06,JF_MFG_09,JF_MFG_03",MANUFACTURING,industry_rule,confirmed
17102,신문용지 제조업,MANUFACTURING,제조업,JF_MFG_01,"JF_MFG_02,JF_MFG_05,JF_MFG_06,JF_MFG_09,JF_MFG_03",MANUFACTURING,industry_rule,confirmed
17103,인쇄용 및 필기용 원지 제조업,MANUFACTURING,제조업,JF_MFG_01,"JF_MFG_02,JF_MFG_05,JF_MFG_06,JF_MFG_09,JF_MFG_03",MANUFACTURING,industry_rule,confirmed
17104,골판지 원지 제조업,MANUFACTURING,제조업,JF_MFG_01,"JF_MFG_02,JF_MFG_05,JF_MFG_06,JF_MFG_09,JF_MFG_03",MANUFACTURING,industry_rule,confirmed
17105,크라프트지 및 기타 상자용 판지 제조업,MANUFACTURING,제조업,JF_MFG_01,"JF_MFG_02,JF_MFG_05,JF_MFG_06,JF_MFG_09,JF_MFG_03",MANUFACTURING,industry_rule,confirmed
17106,위생용 원지 제조업,MANUFACTURING,제조업,JF_MFG_01,"JF_MFG_02,JF_MFG_05,JF_MFG_06,JF_MFG_09,JF_MFG_03",MANUFACTURING,industry_rule,confirmed
17109,기타 종이 및 판지 제조업,MANUFACTURING,제조업,JF_MFG_01,"JF_MFG_02,JF_MFG_05,JF_MFG_06,JF_MFG_09,JF_MFG_03",MANUFACTURING,industry_rule,confirmed
17211,골판지 제조업,MANUFACTURING,제조업,JF_MFG_01,"JF_MFG_02,JF_MFG_05,JF_MFG_06,JF_MFG_09,JF_MFG_03",MANUFACTURING,industry_rule,confirmed
17212,골판지 상자 및 가공제품 제조업,MANUFACTURING,제조업,JF_MFG_01,"JF_MFG_02,JF_MFG_05,JF_MFG_06,JF_MFG_09,JF_MFG_03",MANUFACTURING,industry_rule,confirmed
17221,종이 포대 및 가방 제조업,MANUFACTURING,제조업,JF_MFG_01,"JF_MFG_02,JF_MFG_05,JF_MFG_06,JF_MFG_09,JF_MFG_03",MANUFACTURING,industry_rule,confirmed
17222,판지 상자 및 용기 제조업,MANUFACTURING,제조업,JF_MFG_01,"JF_MFG_02,JF_MFG_05,JF_MFG_06,JF_MFG_09,JF_MFG_03",MANUFACTURING,industry_rule,confirmed
17223,식품 위생용 종이 상자 및 용기 제조업,MANUFACTURING,제조업,JF_MFG_01,"JF_MFG_02,JF_MFG_05,JF_MFG_06,JF_MFG_09,JF_MFG_03",MANUFACTURING,industry_rule,confirmed
17229,기타 종이 상자 및 용기 제조업,MANUFACTURING,제조업,JF_MFG_01,"JF_MFG_02,JF_MFG_05,JF_MFG_06,JF_MFG_09,JF_MFG_03",MANUFACTURING,industry_rule,confirmed
17901,문구용 종이제품 제조업,MANUFACTURING,제조업,JF_MFG_01,"JF_MFG_02,JF_MFG_05,JF_MFG_06,JF_MFG_09,JF_MFG_03",MANUFACTURING,industry_rule,confirmed
17902,위생용 종이제품 제조업,MANUFACTURING,제조업,JF_MFG_01,"JF_MFG_02,JF_MFG_05,JF_MFG_06,JF_MFG_09,JF_MFG_03",MANUFACTURING,industry_rule,confirmed
17903,벽지 및 장판지 제조업,MANUFACTURING,제조업,JF_MFG_01,"JF_MFG_02,JF_MFG_05,JF_MFG_06,JF_MFG_09,JF_MFG_03",MANUFACTURING,industry_rule,confirmed
17904,"적층, 합성 및 특수 표면처리 종이 제조업",MANUFACTURING,제조업,JF_MFG_01,"JF_MFG_02,JF_MFG_05,JF_MFG_06,JF_MFG_09,JF_MFG_03",MANUFACTURING,industry_rule,confirmed
17909,그 외 기타 종이 및 판지 제품 제조업,MANUFACTURING,제조업,JF_MFG_01,"JF_MFG_02,JF_MFG_05,JF_MFG_06,JF_MFG_09,JF_MFG_03",MANUFACTURING,industry_rule,confirmed
18111,경 인쇄업,MANUFACTURING,제조업,JF_MFG_01,"JF_MFG_02,JF_MFG_05,JF_MFG_06,JF_MFG_09,JF_MFG_03",MANUFACTURING,industry_rule,confirmed
18112,스크린 인쇄업,MANUFACTURING,제조업,JF_MFG_01,"JF_MFG_02,JF_MFG_05,JF_MFG_06,JF_MFG_09,JF_MFG_03",MANUFACTURING,industry_rule,confirmed
18113,오프셋 인쇄업,MANUFACTURING,제조업,JF_MFG_01,"JF_MFG_02,JF_MFG_05,JF_MFG_06,JF_MFG_09,JF_MFG_03",MANUFACTURING,industry_rule,confirmed
18119,기타 인쇄업,MANUFACTURING,제조업,JF_MFG_01,"JF_MFG_02,JF_MFG_05,JF_MFG_06,JF_MFG_09,JF_MFG_03",MANUFACTURING,industry_rule,confirmed
18121,제판 및 조판업,MANUFACTURING,제조업,JF_MFG_01,"JF_MFG_02,JF_MFG_05,JF_MFG_06,JF_MFG_09,JF_MFG_03",MANUFACTURING,industry_rule,confirmed
18122,제책업,MANUFACTURING,제조업,JF_MFG_01,"JF_MFG_02,JF_MFG_05,JF_MFG_06,JF_MFG_09,JF_MFG_03",MANUFACTURING,industry_rule,confirmed
18129,기타 인쇄관련 산업,MANUFACTURING,제조업,JF_MFG_01,"JF_MFG_02,JF_MFG_05,JF_MFG_06,JF_MFG_09,JF_MFG_03",MANUFACTURING,industry_rule,confirmed
18200,기록매체 복제업,MANUFACTURING,제조업,JF_MFG_01,"JF_MFG_02,JF_MFG_05,JF_MFG_06,JF_MFG_09,JF_MFG_03",MANUFACTURING,industry_rule,confirmed
19100,코크스 및 연탄 제조업,MANUFACTURING,제조업,JF_MFG_01,"JF_MFG_02,JF_MFG_05,JF_MFG_06,JF_MFG_09,JF_MFG_03",MANUFACTURING,industry_rule,confirmed
19210,원유 정제처리업,MANUFACTURING,제조업,JF_MFG_13,"JF_MFG_02,JF_MFG_05,JF_MFG_06,JF_MFG_09,JF_MFG_03",MANUFACTURING,industry_rule,confirmed
19221,윤활유 및 그리스 제조업,MANUFACTURING,제조업,JF_MFG_13,"JF_MFG_02,JF_MFG_05,JF_MFG_06,JF_MFG_09,JF_MFG_03",MANUFACTURING,industry_rule,confirmed
19229,기타 석유정제물 재처리업,MANUFACTURING,제조업,JF_MFG_13,"JF_MFG_02,JF_MFG_05,JF_MFG_06,JF_MFG_09,JF_MFG_03",MANUFACTURING,industry_rule,confirmed
20111,석유화학계 기초 화학물질 제조업,MANUFACTURING,제조업,JF_MFG_13,"JF_MFG_02,JF_MFG_05,JF_MFG_06,JF_MFG_09,JF_MFG_03",MANUFACTURING,industry_rule,confirmed
20112,바이오매스계 기초 화학물질 제조업,MANUFACTURING,제조업,JF_MFG_13,"JF_MFG_02,JF_MFG_05,JF_MFG_06,JF_MFG_09,JF_MFG_03",MANUFACTURING,industry_rule,confirmed
20119,기타 기초 유기화학 물질 제조업,MANUFACTURING,제조업,JF_MFG_13,"JF_MFG_02,JF_MFG_05,JF_MFG_06,JF_MFG_09,JF_MFG_03",MANUFACTURING,industry_rule,confirmed
20121,수소 제조업,MANUFACTURING,제조업,JF_MFG_13,"JF_MFG_02,JF_MFG_05,JF_MFG_06,JF_MFG_09,JF_MFG_03",MANUFACTURING,industry_rule,confirmed
20122,"산소, 질소 및 기타 산업용 가스 제조업",MANUFACTURING,제조업,JF_MFG_13,"JF_MFG_02,JF_MFG_05,JF_MFG_06,JF_MFG_09,JF_MFG_03",MANUFACTURING,industry_rule,confirmed
20129,기타 기초 무기 화학물질 제조업,MANUFACTURING,제조업,JF_MFG_13,"JF_MFG_02,JF_MFG_05,JF_MFG_06,JF_MFG_09,JF_MFG_03",MANUFACTURING,industry_rule,confirmed
20131,무기안료용 금속 산화물 및 관련 제품 제조업,MANUFACTURING,제조업,JF_MFG_13,"JF_MFG_02,JF_MFG_05,JF_MFG_06,JF_MFG_09,JF_MFG_03",MANUFACTURING,industry_rule,confirmed
20132,"염료, 조제 무기안료, 유연제 및 기타 착색제 제조업",MANUFACTURING,제조업,JF_MFG_13,"JF_MFG_02,JF_MFG_05,JF_MFG_06,JF_MFG_09,JF_MFG_03",MANUFACTURING,industry_rule,confirmed
20201,합성고무 제조업,MANUFACTURING,제조업,JF_MFG_13,"JF_MFG_02,JF_MFG_05,JF_MFG_06,JF_MFG_09,JF_MFG_03",MANUFACTURING,industry_rule,confirmed
20202,합성수지 및 기타 플라스틱 물질 제조업,MANUFACTURING,제조업,JF_MFG_13,"JF_MFG_02,JF_MFG_05,JF_MFG_06,JF_MFG_09,JF_MFG_03",MANUFACTURING,industry_rule,confirmed
20203,혼성 및 재생 플라스틱 소재 물질 제조업,MANUFACTURING,제조업,JF_MFG_13,"JF_MFG_02,JF_MFG_05,JF_MFG_06,JF_MFG_09,JF_MFG_03",MANUFACTURING,industry_rule,confirmed
20311,"질소화합물, 질소, 인산 및 칼리질 화학비료 제조업",MANUFACTURING,제조업,JF_MFG_13,"JF_MFG_02,JF_MFG_05,JF_MFG_06,JF_MFG_09,JF_MFG_03",MANUFACTURING,industry_rule,confirmed
20312,복합비료 및 기타 화학비료 제조업,MANUFACTURING,제조업,JF_MFG_13,"JF_MFG_02,JF_MFG_05,JF_MFG_06,JF_MFG_09,JF_MFG_03",MANUFACTURING,industry_rule,confirmed
20313,유기질 비료 및 상토 제조업,MANUFACTURING,제조업,JF_MFG_13,"JF_MFG_02,JF_MFG_05,JF_MFG_06,JF_MFG_09,JF_MFG_03",MANUFACTURING,industry_rule,confirmed
20321,화학 살균ㆍ살충제 및 농업용 약제 제조업,MANUFACTURING,제조업,JF_MFG_13,"JF_MFG_02,JF_MFG_05,JF_MFG_06,JF_MFG_09,JF_MFG_03",MANUFACTURING,industry_rule,confirmed
20322,생물 살균ㆍ살충제 및 식물보호제 제조업,MANUFACTURING,제조업,JF_MFG_13,"JF_MFG_02,JF_MFG_05,JF_MFG_06,JF_MFG_09,JF_MFG_03",MANUFACTURING,industry_rule,confirmed
20411,일반용 도료 및 관련제품 제조업,MANUFACTURING,제조업,JF_MFG_13,"JF_MFG_02,JF_MFG_05,JF_MFG_06,JF_MFG_09,JF_MFG_03",MANUFACTURING,industry_rule,confirmed
20412,요업용 도포제 및 관련제품 제조업,MANUFACTURING,제조업,JF_MFG_13,"JF_MFG_02,JF_MFG_05,JF_MFG_06,JF_MFG_09,JF_MFG_03",MANUFACTURING,industry_rule,confirmed
20413,인쇄잉크 및 회화용 물감 제조업,MANUFACTURING,제조업,JF_MFG_13,"JF_MFG_02,JF_MFG_05,JF_MFG_06,JF_MFG_09,JF_MFG_03",MANUFACTURING,industry_rule,confirmed
20421,계면활성제 제조업,MANUFACTURING,제조업,JF_MFG_13,"JF_MFG_02,JF_MFG_05,JF_MFG_06,JF_MFG_09,JF_MFG_03",MANUFACTURING,industry_rule,confirmed
20422,"치약, 비누 및 기타 세제 제조업",MANUFACTURING,제조업,JF_MFG_13,"JF_MFG_02,JF_MFG_05,JF_MFG_06,JF_MFG_09,JF_MFG_03",MANUFACTURING,industry_rule,confirmed
20423,화장품 제조업,MANUFACTURING,제조업,JF_MFG_13,"JF_MFG_02,JF_MFG_05,JF_MFG_06,JF_MFG_09,JF_MFG_03",MANUFACTURING,industry_rule,confirmed
20424,표면광택제 및 실내가향제 제조업,MANUFACTURING,제조업,JF_MFG_13,"JF_MFG_02,JF_MFG_05,JF_MFG_06,JF_MFG_09,JF_MFG_03",MANUFACTURING,industry_rule,confirmed
20491,감광재료 및 관련 화학제품 제조업,MANUFACTURING,제조업,JF_MFG_13,"JF_MFG_02,JF_MFG_05,JF_MFG_06,JF_MFG_09,JF_MFG_03",MANUFACTURING,industry_rule,confirmed
20492,가공 및 정제염 제조업,MANUFACTURING,제조업,JF_MFG_13,"JF_MFG_02,JF_MFG_05,JF_MFG_06,JF_MFG_09,JF_MFG_03",MANUFACTURING,industry_rule,confirmed
20493,접착제 및 젤라틴 제조업,MANUFACTURING,제조업,JF_MFG_13,"JF_MFG_02,JF_MFG_05,JF_MFG_06,JF_MFG_09,JF_MFG_03",MANUFACTURING,industry_rule,confirmed
20494,화약 및 불꽃제품 제조업,MANUFACTURING,제조업,JF_MFG_13,"JF_MFG_02,JF_MFG_05,JF_MFG_06,JF_MFG_09,JF_MFG_03",MANUFACTURING,industry_rule,confirmed
20495,바이오 연료 및 혼합물 제조업,MANUFACTURING,제조업,JF_MFG_13,"JF_MFG_02,JF_MFG_05,JF_MFG_06,JF_MFG_09,JF_MFG_03",MANUFACTURING,industry_rule,confirmed
20499,그 외 기타 분류 안된 화학제품 제조업,MANUFACTURING,제조업,JF_MFG_13,"JF_MFG_02,JF_MFG_05,JF_MFG_06,JF_MFG_09,JF_MFG_03",MANUFACTURING,industry_rule,confirmed
20501,합성섬유 제조업,MANUFACTURING,제조업,JF_MFG_12,"JF_MFG_02,JF_MFG_05,JF_MFG_06,JF_MFG_09,JF_MFG_03",MANUFACTURING,industry_rule,confirmed
20502,재생섬유 제조업,MANUFACTURING,제조업,JF_MFG_12,"JF_MFG_02,JF_MFG_05,JF_MFG_06,JF_MFG_09,JF_MFG_03",MANUFACTURING,industry_rule,confirmed
21100,기초 의약 물질 제조업,MANUFACTURING,제조업,JF_MFG_01,"JF_MFG_02,JF_MFG_05,JF_MFG_06,JF_MFG_09,JF_MFG_03",MANUFACTURING,industry_rule,confirmed
21211,생물 의약품 제조업,MANUFACTURING,제조업,JF_MFG_01,"JF_MFG_02,JF_MFG_05,JF_MFG_06,JF_MFG_09,JF_MFG_03",MANUFACTURING,industry_rule,confirmed
21212,합성의약품 및 기타 완제 의약품 제조업,MANUFACTURING,제조업,JF_MFG_01,"JF_MFG_02,JF_MFG_05,JF_MFG_06,JF_MFG_09,JF_MFG_03",MANUFACTURING,industry_rule,confirmed
21220,한의약품 제조업,MANUFACTURING,제조업,JF_MFG_01,"JF_MFG_02,JF_MFG_05,JF_MFG_06,JF_MFG_09,JF_MFG_03",MANUFACTURING,industry_rule,confirmed
21230,동물용 의약품 제조업,MANUFACTURING,제조업,JF_MFG_01,"JF_MFG_02,JF_MFG_05,JF_MFG_06,JF_MFG_09,JF_MFG_03",MANUFACTURING,industry_rule,confirmed
21301,체외 진단 시약 제조업,MANUFACTURING,제조업,JF_MFG_01,"JF_MFG_02,JF_MFG_05,JF_MFG_06,JF_MFG_09,JF_MFG_03",MANUFACTURING,industry_rule,confirmed
21309,그 외 기타 의료용품 및 의약 관련제품 제조업,MANUFACTURING,제조업,JF_MFG_01,"JF_MFG_02,JF_MFG_05,JF_MFG_06,JF_MFG_09,JF_MFG_03",MANUFACTURING,industry_rule,confirmed
22110,고무 타이어 및 튜브 제조업,MANUFACTURING,제조업,JF_MFG_13,"JF_MFG_02,JF_MFG_05,JF_MFG_06,JF_MFG_09,JF_MFG_03",MANUFACTURING,industry_rule,confirmed
22191,고무패킹류 제조업,MANUFACTURING,제조업,JF_MFG_13,"JF_MFG_02,JF_MFG_05,JF_MFG_06,JF_MFG_09,JF_MFG_03",MANUFACTURING,industry_rule,confirmed
22192,산업용 그 외 비경화 고무제품 제조업,MANUFACTURING,제조업,JF_MFG_13,"JF_MFG_02,JF_MFG_05,JF_MFG_06,JF_MFG_09,JF_MFG_03",MANUFACTURING,industry_rule,confirmed
22193,고무 의류 및 기타 위생용 비경화 고무제품 제조업,MANUFACTURING,제조업,JF_MFG_13,"JF_MFG_02,JF_MFG_05,JF_MFG_06,JF_MFG_09,JF_MFG_03",MANUFACTURING,industry_rule,confirmed
22199,그 외 기타 고무제품 제조업,MANUFACTURING,제조업,JF_MFG_13,"JF_MFG_02,JF_MFG_05,JF_MFG_06,JF_MFG_09,JF_MFG_03",MANUFACTURING,industry_rule,confirmed
22211,"플라스틱 선, 봉, 관 및 호스 제조업",MANUFACTURING,제조업,JF_MFG_13,"JF_MFG_02,JF_MFG_05,JF_MFG_06,JF_MFG_09,JF_MFG_03",MANUFACTURING,industry_rule,confirmed
22212,플라스틱 필름 제조업,MANUFACTURING,제조업,JF_MFG_13,"JF_MFG_02,JF_MFG_05,JF_MFG_06,JF_MFG_09,JF_MFG_03",MANUFACTURING,industry_rule,confirmed
22213,플라스틱 시트 및 판 제조업,MANUFACTURING,제조업,JF_MFG_13,"JF_MFG_02,JF_MFG_05,JF_MFG_06,JF_MFG_09,JF_MFG_03",MANUFACTURING,industry_rule,confirmed
22214,플라스틱 합성피혁 제조업,MANUFACTURING,제조업,JF_MFG_13,"JF_MFG_02,JF_MFG_05,JF_MFG_06,JF_MFG_09,JF_MFG_03",MANUFACTURING,industry_rule,confirmed
22221,벽 및 바닥 피복용 플라스틱제품 제조업,MANUFACTURING,제조업,JF_MFG_13,"JF_MFG_02,JF_MFG_05,JF_MFG_06,JF_MFG_09,JF_MFG_03",MANUFACTURING,industry_rule,confirmed
22222,설치용 및 위생용 플라스틱제품 제조업,MANUFACTURING,제조업,JF_MFG_13,"JF_MFG_02,JF_MFG_05,JF_MFG_06,JF_MFG_09,JF_MFG_03",MANUFACTURING,industry_rule,confirmed
22223,플라스틱 창호 제조업,MANUFACTURING,제조업,JF_MFG_13,"JF_MFG_02,JF_MFG_05,JF_MFG_06,JF_MFG_09,JF_MFG_03",MANUFACTURING,industry_rule,confirmed
22229,기타 건축용 플라스틱 조립제품 제조업,MANUFACTURING,제조업,JF_MFG_13,"JF_MFG_02,JF_MFG_05,JF_MFG_06,JF_MFG_09,JF_MFG_03",MANUFACTURING,industry_rule,confirmed
22231,"플라스틱 포대, 봉투 및 유사제품 제조업",MANUFACTURING,제조업,JF_MFG_13,"JF_MFG_02,JF_MFG_05,JF_MFG_06,JF_MFG_09,JF_MFG_03",MANUFACTURING,industry_rule,confirmed
22232,포장용 플라스틱 성형용기 제조업,MANUFACTURING,제조업,JF_MFG_13,"JF_MFG_02,JF_MFG_05,JF_MFG_06,JF_MFG_09,JF_MFG_03",MANUFACTURING,industry_rule,confirmed
22241,운송장비 조립용 플라스틱제품 제조업,MANUFACTURING,제조업,JF_MFG_13,"JF_MFG_02,JF_MFG_05,JF_MFG_06,JF_MFG_09,JF_MFG_03",MANUFACTURING,industry_rule,confirmed
22249,기타 기계ㆍ장비 조립용 플라스틱 제품 제조업,MANUFACTURING,제조업,JF_MFG_13,"JF_MFG_02,JF_MFG_05,JF_MFG_06,JF_MFG_09,JF_MFG_03",MANUFACTURING,industry_rule,confirmed
22251,폴리스티렌 발포 성형제품 제조업,MANUFACTURING,제조업,JF_MFG_13,"JF_MFG_02,JF_MFG_05,JF_MFG_06,JF_MFG_09,JF_MFG_03",MANUFACTURING,industry_rule,confirmed
22259,기타 플라스틱 발포 성형제품 제조업,MANUFACTURING,제조업,JF_MFG_13,"JF_MFG_02,JF_MFG_05,JF_MFG_06,JF_MFG_09,JF_MFG_03",MANUFACTURING,industry_rule,confirmed
22291,플라스틱 접착처리 제품 제조업,MANUFACTURING,제조업,JF_MFG_13,"JF_MFG_02,JF_MFG_05,JF_MFG_06,JF_MFG_09,JF_MFG_03",MANUFACTURING,industry_rule,confirmed
22292,"플라스틱 적층, 도포 및 기타 표면처리 제품 제조업",MANUFACTURING,제조업,JF_MFG_13,"JF_MFG_02,JF_MFG_05,JF_MFG_06,JF_MFG_09,JF_MFG_03",MANUFACTURING,industry_rule,confirmed
22299,그 외 기타 플라스틱 제품 제조업,MANUFACTURING,제조업,JF_MFG_13,"JF_MFG_02,JF_MFG_05,JF_MFG_06,JF_MFG_09,JF_MFG_03",MANUFACTURING,industry_rule,confirmed
23111,판유리 제조업,MANUFACTURING,제조업,JF_MFG_01,"JF_MFG_02,JF_MFG_05,JF_MFG_06,JF_MFG_09,JF_MFG_03",MANUFACTURING,industry_rule,confirmed
23112,안전유리 제조업,MANUFACTURING,제조업,JF_MFG_01,"JF_MFG_02,JF_MFG_05,JF_MFG_06,JF_MFG_09,JF_MFG_03",MANUFACTURING,industry_rule,confirmed
23119,기타 판유리 가공품 제조업,MANUFACTURING,제조업,JF_MFG_01,"JF_MFG_02,JF_MFG_05,JF_MFG_06,JF_MFG_09,JF_MFG_03",MANUFACTURING,industry_rule,confirmed
23121,"1차 유리제품, 유리섬유 및 광학용 유리 제조업",MANUFACTURING,제조업,JF_MFG_01,"JF_MFG_02,JF_MFG_05,JF_MFG_06,JF_MFG_09,JF_MFG_03",MANUFACTURING,industry_rule,confirmed
23122,디스플레이 장치용 유리 제조업,MANUFACTURING,제조업,JF_MFG_01,"JF_MFG_02,JF_MFG_05,JF_MFG_06,JF_MFG_09,JF_MFG_03",MANUFACTURING,industry_rule,confirmed
23129,기타 산업용 유리제품 제조업,MANUFACTURING,제조업,JF_MFG_01,"JF_MFG_02,JF_MFG_05,JF_MFG_06,JF_MFG_09,JF_MFG_03",MANUFACTURING,industry_rule,confirmed
23191,가정용 유리제품 제조업,MANUFACTURING,제조업,JF_MFG_01,"JF_MFG_02,JF_MFG_05,JF_MFG_06,JF_MFG_09,JF_MFG_03",MANUFACTURING,industry_rule,confirmed
23192,포장용 유리용기 제조업,MANUFACTURING,제조업,JF_MFG_01,"JF_MFG_02,JF_MFG_05,JF_MFG_06,JF_MFG_09,JF_MFG_03",MANUFACTURING,industry_rule,confirmed
23199,그 외 기타 유리제품 제조업,MANUFACTURING,제조업,JF_MFG_01,"JF_MFG_02,JF_MFG_05,JF_MFG_06,JF_MFG_09,JF_MFG_03",MANUFACTURING,industry_rule,confirmed
23211,정형 내화 요업제품 제조업,MANUFACTURING,제조업,JF_MFG_01,"JF_MFG_02,JF_MFG_05,JF_MFG_06,JF_MFG_09,JF_MFG_03",MANUFACTURING,industry_rule,confirmed
23212,부정형 내화 요업제품 제조업,MANUFACTURING,제조업,JF_MFG_01,"JF_MFG_02,JF_MFG_05,JF_MFG_06,JF_MFG_09,JF_MFG_03",MANUFACTURING,industry_rule,confirmed
23221,가정용 및 장식용 도자기 제조업,MANUFACTURING,제조업,JF_MFG_01,"JF_MFG_02,JF_MFG_05,JF_MFG_06,JF_MFG_09,JF_MFG_03",MANUFACTURING,industry_rule,confirmed
23222,위생용 및 산업용 도자기 제조업,MANUFACTURING,제조업,JF_MFG_01,"JF_MFG_02,JF_MFG_05,JF_MFG_06,JF_MFG_09,JF_MFG_03",MANUFACTURING,industry_rule,confirmed
23229,기타 일반 도자기 제조업,MANUFACTURING,제조업,JF_MFG_01,"JF_MFG_02,JF_MFG_05,JF_MFG_06,JF_MFG_09,JF_MFG_03",MANUFACTURING,industry_rule,confirmed
23231,"점토 벽돌, 블록 및 유사 비내화 요업제품 제조업",MANUFACTURING,제조업,JF_MFG_01,"JF_MFG_02,JF_MFG_05,JF_MFG_06,JF_MFG_09,JF_MFG_03",MANUFACTURING,industry_rule,confirmed
23232,타일 및 유사 비내화 요업제품 제조업,MANUFACTURING,제조업,JF_MFG_01,"JF_MFG_02,JF_MFG_05,JF_MFG_06,JF_MFG_09,JF_MFG_03",MANUFACTURING,industry_rule,confirmed
23239,기타 건축용 비내화 요업제품 제조업,MANUFACTURING,제조업,JF_MFG_01,"JF_MFG_02,JF_MFG_05,JF_MFG_06,JF_MFG_09,JF_MFG_03",MANUFACTURING,industry_rule,confirmed
23311,시멘트 제조업,MANUFACTURING,제조업,JF_MFG_01,"JF_MFG_02,JF_MFG_05,JF_MFG_06,JF_MFG_09,JF_MFG_03",MANUFACTURING,industry_rule,confirmed
23312,석회 및 플라스터 제조업,MANUFACTURING,제조업,JF_MFG_01,"JF_MFG_02,JF_MFG_05,JF_MFG_06,JF_MFG_09,JF_MFG_03",MANUFACTURING,industry_rule,confirmed
23321,비내화 모르타르 제조업,MANUFACTURING,제조업,JF_MFG_01,"JF_MFG_02,JF_MFG_05,JF_MFG_06,JF_MFG_09,JF_MFG_03",MANUFACTURING,industry_rule,confirmed
23322,레미콘 제조업,MANUFACTURING,제조업,JF_MFG_01,"JF_MFG_02,JF_MFG_05,JF_MFG_06,JF_MFG_09,JF_MFG_03",MANUFACTURING,industry_rule,confirmed
23323,플라스터 혼합제품 제조업,MANUFACTURING,제조업,JF_MFG_01,"JF_MFG_02,JF_MFG_05,JF_MFG_06,JF_MFG_09,JF_MFG_03",MANUFACTURING,industry_rule,confirmed
23324,"콘크리트 타일, 기와, 벽돌 및 블록 제조업",MANUFACTURING,제조업,JF_MFG_01,"JF_MFG_02,JF_MFG_05,JF_MFG_06,JF_MFG_09,JF_MFG_03",MANUFACTURING,industry_rule,confirmed
23325,콘크리트 관 및 기타 구조용 콘크리트제품 제조업,MANUFACTURING,제조업,JF_MFG_01,"JF_MFG_02,JF_MFG_05,JF_MFG_06,JF_MFG_09,JF_MFG_03",MANUFACTURING,industry_rule,confirmed
23326,인조대리석 제품 제조업,MANUFACTURING,제조업,JF_MFG_01,"JF_MFG_02,JF_MFG_05,JF_MFG_06,JF_MFG_09,JF_MFG_03",MANUFACTURING,industry_rule,confirmed
23329,그 외 기타 콘크리트 제품 및 유사제품 제조업,MANUFACTURING,제조업,JF_MFG_01,"JF_MFG_02,JF_MFG_05,JF_MFG_06,JF_MFG_09,JF_MFG_03",MANUFACTURING,industry_rule,confirmed
23911,건설용 석제품 제조업,MANUFACTURING,제조업,JF_MFG_01,"JF_MFG_02,JF_MFG_05,JF_MFG_06,JF_MFG_09,JF_MFG_03",MANUFACTURING,industry_rule,confirmed
23919,기타 석제품 제조업,MANUFACTURING,제조업,JF_MFG_01,"JF_MFG_02,JF_MFG_05,JF_MFG_06,JF_MFG_09,JF_MFG_03",MANUFACTURING,industry_rule,confirmed
23991,아스팔트 콘크리트 및 혼합제품 제조업,MANUFACTURING,제조업,JF_MFG_01,"JF_MFG_02,JF_MFG_05,JF_MFG_06,JF_MFG_09,JF_MFG_03",MANUFACTURING,industry_rule,confirmed
23992,연마재 제조업,MANUFACTURING,제조업,JF_MFG_01,"JF_MFG_02,JF_MFG_05,JF_MFG_06,JF_MFG_09,JF_MFG_03",MANUFACTURING,industry_rule,confirmed
23993,비금속광물 분쇄물 생산업,MANUFACTURING,제조업,JF_MFG_01,"JF_MFG_02,JF_MFG_05,JF_MFG_06,JF_MFG_09,JF_MFG_03",MANUFACTURING,industry_rule,confirmed
23994,암면 및 유사제품 제조업,MANUFACTURING,제조업,JF_MFG_01,"JF_MFG_02,JF_MFG_05,JF_MFG_06,JF_MFG_09,JF_MFG_03",MANUFACTURING,industry_rule,confirmed
23995,탄소섬유 제조업,MANUFACTURING,제조업,JF_MFG_01,"JF_MFG_02,JF_MFG_05,JF_MFG_06,JF_MFG_09,JF_MFG_03",MANUFACTURING,industry_rule,confirmed
23999,그 외 기타 분류 안된 비금속 광물제품 제조업,MANUFACTURING,제조업,JF_MFG_01,"JF_MFG_02,JF_MFG_05,JF_MFG_06,JF_MFG_09,JF_MFG_03",MANUFACTURING,industry_rule,confirmed
24111,제철업,MANUFACTURING,제조업,JF_MFG_10,"JF_MFG_02,JF_MFG_05,JF_MFG_06,JF_MFG_09,JF_MFG_03",MANUFACTURING,industry_rule,confirmed
24112,제강업,MANUFACTURING,제조업,JF_MFG_01,"JF_MFG_02,JF_MFG_05,JF_MFG_06,JF_MFG_09,JF_MFG_03",MANUFACTURING,industry_rule,confirmed
24113,합금철 제조업,MANUFACTURING,제조업,JF_MFG_01,"JF_MFG_02,JF_MFG_05,JF_MFG_06,JF_MFG_09,JF_MFG_03",MANUFACTURING,industry_rule,confirmed
24119,기타 제철 및 제강업,MANUFACTURING,제조업,JF_MFG_01,"JF_MFG_02,JF_MFG_05,JF_MFG_06,JF_MFG_09,JF_MFG_03",MANUFACTURING,industry_rule,confirmed
24121,열간 압연 및 압출 제품 제조업,MANUFACTURING,제조업,JF_MFG_01,"JF_MFG_02,JF_MFG_05,JF_MFG_06,JF_MFG_09,JF_MFG_03",MANUFACTURING,industry_rule,confirmed
24122,냉간 압연 및 압출 제품 제조업,MANUFACTURING,제조업,JF_MFG_01,"JF_MFG_02,JF_MFG_05,JF_MFG_06,JF_MFG_09,JF_MFG_03",MANUFACTURING,industry_rule,confirmed
24123,철강선 제조업,MANUFACTURING,제조업,JF_MFG_01,"JF_MFG_02,JF_MFG_05,JF_MFG_06,JF_MFG_09,JF_MFG_03",MANUFACTURING,industry_rule,confirmed
24131,주철관 제조업,MANUFACTURING,제조업,JF_MFG_01,"JF_MFG_02,JF_MFG_05,JF_MFG_06,JF_MFG_09,JF_MFG_03",MANUFACTURING,industry_rule,confirmed
24132,강관 제조업,MANUFACTURING,제조업,JF_MFG_01,"JF_MFG_02,JF_MFG_05,JF_MFG_06,JF_MFG_09,JF_MFG_03",MANUFACTURING,industry_rule,confirmed
24133,강관 가공품 및 관 연결구류 제조업,MANUFACTURING,제조업,JF_MFG_01,"JF_MFG_02,JF_MFG_05,JF_MFG_06,JF_MFG_09,JF_MFG_03",MANUFACTURING,industry_rule,confirmed
24191,"도금, 착색 및 기타 표면처리강재 제조업",MANUFACTURING,제조업,JF_MFG_01,"JF_MFG_02,JF_MFG_05,JF_MFG_06,JF_MFG_09,JF_MFG_03",MANUFACTURING,industry_rule,confirmed
24199,그 외 기타 1차 철강 제조업,MANUFACTURING,제조업,JF_MFG_01,"JF_MFG_02,JF_MFG_05,JF_MFG_06,JF_MFG_09,JF_MFG_03",MANUFACTURING,industry_rule,confirmed
24211,"동 제련, 정련 및 합금 제조업",MANUFACTURING,제조업,JF_MFG_01,"JF_MFG_02,JF_MFG_05,JF_MFG_06,JF_MFG_09,JF_MFG_03",MANUFACTURING,industry_rule,confirmed
24212,"알루미늄 제련, 정련 및 합금 제조업",MANUFACTURING,제조업,JF_MFG_01,"JF_MFG_02,JF_MFG_05,JF_MFG_06,JF_MFG_09,JF_MFG_03",MANUFACTURING,industry_rule,confirmed
24213,"연 및 아연 제련, 정련 및 합금 제조업",MANUFACTURING,제조업,JF_MFG_01,"JF_MFG_02,JF_MFG_05,JF_MFG_06,JF_MFG_09,JF_MFG_03",MANUFACTURING,industry_rule,confirmed
24219,"기타 비철금속 제련, 정련 및 합금 제조업",MANUFACTURING,제조업,JF_MFG_01,"JF_MFG_02,JF_MFG_05,JF_MFG_06,JF_MFG_09,JF_MFG_03",MANUFACTURING,industry_rule,confirmed
24221,"동 압연, 압출 및 연신제품 제조업",MANUFACTURING,제조업,JF_MFG_01,"JF_MFG_02,JF_MFG_05,JF_MFG_06,JF_MFG_09,JF_MFG_03",MANUFACTURING,industry_rule,confirmed
24222,"알루미늄 압연, 압출 및 연신제품 제조업",MANUFACTURING,제조업,JF_MFG_01,"JF_MFG_02,JF_MFG_05,JF_MFG_06,JF_MFG_09,JF_MFG_03",MANUFACTURING,industry_rule,confirmed
24229,"기타 비철금속 압연, 압출 및 연신 제품 제조업",MANUFACTURING,제조업,JF_MFG_01,"JF_MFG_02,JF_MFG_05,JF_MFG_06,JF_MFG_09,JF_MFG_03",MANUFACTURING,industry_rule,confirmed
24290,기타 1차 비철금속 제조업,MANUFACTURING,제조업,JF_MFG_10,"JF_MFG_02,JF_MFG_05,JF_MFG_06,JF_MFG_09,JF_MFG_03",MANUFACTURING,industry_rule,confirmed
24311,선철주물 주조업,MANUFACTURING,제조업,JF_MFG_10,"JF_MFG_02,JF_MFG_05,JF_MFG_06,JF_MFG_09,JF_MFG_03",MANUFACTURING,industry_rule,confirmed
24312,강주물 주조업,MANUFACTURING,제조업,JF_MFG_10,"JF_MFG_02,JF_MFG_05,JF_MFG_06,JF_MFG_09,JF_MFG_03",MANUFACTURING,industry_rule,confirmed
24321,알루미늄주물 주조업,MANUFACTURING,제조업,JF_MFG_10,"JF_MFG_02,JF_MFG_05,JF_MFG_06,JF_MFG_09,JF_MFG_03",MANUFACTURING,industry_rule,confirmed
24329,기타 비철금속 주조업,MANUFACTURING,제조업,JF_MFG_10,"JF_MFG_02,JF_MFG_05,JF_MFG_06,JF_MFG_09,JF_MFG_03",MANUFACTURING,industry_rule,confirmed
25111,"금속 문, 창, 셔터 및 관련제품 제조업",MANUFACTURING,제조업,JF_MFG_10,"JF_MFG_02,JF_MFG_05,JF_MFG_06,JF_MFG_09,JF_MFG_03",MANUFACTURING,industry_rule,confirmed
25112,구조용 금속 판제품 및 공작물 제조업,MANUFACTURING,제조업,JF_MFG_10,"JF_MFG_02,JF_MFG_05,JF_MFG_06,JF_MFG_09,JF_MFG_03",MANUFACTURING,industry_rule,confirmed
25113,육상 금속 골조 구조재 제조업,MANUFACTURING,제조업,JF_MFG_10,"JF_MFG_02,JF_MFG_05,JF_MFG_06,JF_MFG_09,JF_MFG_03",MANUFACTURING,industry_rule,confirmed
25114,수상 금속 골조 구조재 제조업,MANUFACTURING,제조업,JF_MFG_10,"JF_MFG_02,JF_MFG_05,JF_MFG_06,JF_MFG_09,JF_MFG_03",MANUFACTURING,industry_rule,confirmed
25119,기타 구조용 금속제품 제조업,MANUFACTURING,제조업,JF_MFG_10,"JF_MFG_02,JF_MFG_05,JF_MFG_06,JF_MFG_09,JF_MFG_03",MANUFACTURING,industry_rule,confirmed
25121,산업용 난방보일러 및 방열기 제조업,MANUFACTURING,제조업,JF_MFG_10,"JF_MFG_02,JF_MFG_05,JF_MFG_06,JF_MFG_09,JF_MFG_03",MANUFACTURING,industry_rule,confirmed
25122,금속탱크 및 저장용기 제조업,MANUFACTURING,제조업,JF_MFG_10,"JF_MFG_02,JF_MFG_05,JF_MFG_06,JF_MFG_09,JF_MFG_03",MANUFACTURING,industry_rule,confirmed
25123,압축 및 액화 가스용기 제조업,MANUFACTURING,제조업,JF_MFG_10,"JF_MFG_02,JF_MFG_05,JF_MFG_06,JF_MFG_09,JF_MFG_03",MANUFACTURING,industry_rule,confirmed
25130,핵반응기 및 증기보일러 제조업,MANUFACTURING,제조업,JF_MFG_10,"JF_MFG_02,JF_MFG_05,JF_MFG_06,JF_MFG_09,JF_MFG_03",MANUFACTURING,industry_rule,confirmed
25200,무기 및 총포탄 제조업,MANUFACTURING,제조업,JF_MFG_10,"JF_MFG_02,JF_MFG_05,JF_MFG_06,JF_MFG_09,JF_MFG_03",MANUFACTURING,industry_rule,confirmed
25911,분말 야금제품 제조업,MANUFACTURING,제조업,JF_MFG_10,"JF_MFG_02,JF_MFG_05,JF_MFG_06,JF_MFG_09,JF_MFG_03",MANUFACTURING,industry_rule,confirmed
25912,금속 단조제품 제조업,MANUFACTURING,제조업,JF_MFG_10,"JF_MFG_02,JF_MFG_05,JF_MFG_06,JF_MFG_09,JF_MFG_03",MANUFACTURING,industry_rule,confirmed
25913,자동차용 금속 압형제품 제조업,MANUFACTURING,제조업,JF_MFG_10,"JF_MFG_02,JF_MFG_05,JF_MFG_06,JF_MFG_09,JF_MFG_03",MANUFACTURING,industry_rule,confirmed
25914,그 외 금속 압형제품 제조업,MANUFACTURING,제조업,JF_MFG_10,"JF_MFG_02,JF_MFG_05,JF_MFG_06,JF_MFG_09,JF_MFG_03",MANUFACTURING,industry_rule,confirmed
25921,금속 열처리업,MANUFACTURING,제조업,JF_MFG_10,"JF_MFG_02,JF_MFG_05,JF_MFG_06,JF_MFG_09,JF_MFG_03",MANUFACTURING,industry_rule,confirmed
25922,도금업,MANUFACTURING,제조업,JF_MFG_10,"JF_MFG_02,JF_MFG_05,JF_MFG_06,JF_MFG_09,JF_MFG_03",MANUFACTURING,industry_rule,confirmed
25923,도장 및 기타 피막처리업,MANUFACTURING,제조업,JF_MFG_10,"JF_MFG_02,JF_MFG_05,JF_MFG_06,JF_MFG_09,JF_MFG_03",MANUFACTURING,industry_rule,confirmed
25924,절삭가공 및 유사처리업,MANUFACTURING,제조업,JF_MFG_10,"JF_MFG_02,JF_MFG_05,JF_MFG_06,JF_MFG_09,JF_MFG_03",MANUFACTURING,industry_rule,confirmed
25929,그 외 기타 금속가공업,MANUFACTURING,제조업,JF_MFG_10,"JF_MFG_02,JF_MFG_05,JF_MFG_06,JF_MFG_09,JF_MFG_03",MANUFACTURING,industry_rule,confirmed
25931,날붙이 제조업,MANUFACTURING,제조업,JF_MFG_10,"JF_MFG_02,JF_MFG_05,JF_MFG_06,JF_MFG_09,JF_MFG_03",MANUFACTURING,industry_rule,confirmed
25932,일반철물 제조업,MANUFACTURING,제조업,JF_MFG_10,"JF_MFG_02,JF_MFG_05,JF_MFG_06,JF_MFG_09,JF_MFG_03",MANUFACTURING,industry_rule,confirmed
25933,비동력식 수공구 제조업,MANUFACTURING,제조업,JF_MFG_10,"JF_MFG_02,JF_MFG_05,JF_MFG_06,JF_MFG_09,JF_MFG_03",MANUFACTURING,industry_rule,confirmed
25934,톱 및 호환성 공구 제조업,MANUFACTURING,제조업,JF_MFG_10,"JF_MFG_02,JF_MFG_05,JF_MFG_06,JF_MFG_09,JF_MFG_03",MANUFACTURING,industry_rule,confirmed
25941,볼트 및 너트류 제조업,MANUFACTURING,제조업,JF_MFG_10,"JF_MFG_02,JF_MFG_05,JF_MFG_06,JF_MFG_09,JF_MFG_03",MANUFACTURING,industry_rule,confirmed
25942,그 외 금속파스너 및 나사제품 제조업,MANUFACTURING,제조업,JF_MFG_10,"JF_MFG_02,JF_MFG_05,JF_MFG_06,JF_MFG_09,JF_MFG_03",MANUFACTURING,industry_rule,confirmed
25943,금속 스프링 제조업,MANUFACTURING,제조업,JF_MFG_10,"JF_MFG_02,JF_MFG_05,JF_MFG_06,JF_MFG_09,JF_MFG_03",MANUFACTURING,industry_rule,confirmed
25944,금속선 가공제품 제조업,MANUFACTURING,제조업,JF_MFG_10,"JF_MFG_02,JF_MFG_05,JF_MFG_06,JF_MFG_09,JF_MFG_03",MANUFACTURING,industry_rule,confirmed
25991,금속 캔 및 기타 포장용기 제조업,MANUFACTURING,제조업,JF_MFG_10,"JF_MFG_02,JF_MFG_05,JF_MFG_06,JF_MFG_09,JF_MFG_03",MANUFACTURING,industry_rule,confirmed
25992,수동식 식품 가공기기 및 금속 주방용기 제조업,MANUFACTURING,제조업,JF_MFG_10,"JF_MFG_02,JF_MFG_05,JF_MFG_06,JF_MFG_09,JF_MFG_03",MANUFACTURING,industry_rule,confirmed
25993,금속 위생용품 제조업,MANUFACTURING,제조업,JF_MFG_10,"JF_MFG_02,JF_MFG_05,JF_MFG_06,JF_MFG_09,JF_MFG_03",MANUFACTURING,industry_rule,confirmed
25994,금속 표시판 제조업,MANUFACTURING,제조업,JF_MFG_10,"JF_MFG_02,JF_MFG_05,JF_MFG_06,JF_MFG_09,JF_MFG_03",MANUFACTURING,industry_rule,confirmed
25995,피복 및 충전 용접봉 제조업,MANUFACTURING,제조업,JF_MFG_10,"JF_MFG_02,JF_MFG_05,JF_MFG_06,JF_MFG_09,JF_MFG_03",MANUFACTURING,industry_rule,confirmed
25999,그 외 기타 분류 안된 금속 가공 제품 제조업,MANUFACTURING,제조업,JF_MFG_10,"JF_MFG_02,JF_MFG_05,JF_MFG_06,JF_MFG_09,JF_MFG_03",MANUFACTURING,industry_rule,confirmed
26111,메모리용 전자집적회로 제조업,MANUFACTURING,제조업,JF_MFG_05,"JF_MFG_02,JF_MFG_05,JF_MFG_06,JF_MFG_09,JF_MFG_03",MANUFACTURING,industry_rule,confirmed
26112,비메모리용 및 기타 전자집적회로 제조업,MANUFACTURING,제조업,JF_MFG_05,"JF_MFG_02,JF_MFG_05,JF_MFG_06,JF_MFG_09,JF_MFG_03",MANUFACTURING,industry_rule,confirmed
26121,발광 다이오드 제조업,MANUFACTURING,제조업,JF_MFG_05,"JF_MFG_02,JF_MFG_05,JF_MFG_06,JF_MFG_09,JF_MFG_03",MANUFACTURING,industry_rule,confirmed
26129,기타 반도체소자 제조업,MANUFACTURING,제조업,JF_MFG_05,"JF_MFG_02,JF_MFG_05,JF_MFG_06,JF_MFG_09,JF_MFG_03",MANUFACTURING,industry_rule,confirmed
26211,액정 표시장치 제조업,MANUFACTURING,제조업,JF_MFG_05,"JF_MFG_02,JF_MFG_05,JF_MFG_06,JF_MFG_09,JF_MFG_03",MANUFACTURING,industry_rule,confirmed
26212,유기발광 표시장치 제조업,MANUFACTURING,제조업,JF_MFG_05,"JF_MFG_02,JF_MFG_05,JF_MFG_06,JF_MFG_09,JF_MFG_03",MANUFACTURING,industry_rule,confirmed
26219,기타 표시장치 제조업,MANUFACTURING,제조업,JF_MFG_05,"JF_MFG_02,JF_MFG_05,JF_MFG_06,JF_MFG_09,JF_MFG_03",MANUFACTURING,industry_rule,confirmed
26221,인쇄회로기판용 적층판 제조업,MANUFACTURING,제조업,JF_MFG_05,"JF_MFG_02,JF_MFG_05,JF_MFG_06,JF_MFG_09,JF_MFG_03",MANUFACTURING,industry_rule,confirmed
26222,경성 인쇄회로기판 제조업,MANUFACTURING,제조업,JF_MFG_05,"JF_MFG_02,JF_MFG_05,JF_MFG_06,JF_MFG_09,JF_MFG_03",MANUFACTURING,industry_rule,confirmed
26223,연성 및 기타 인쇄회로기판 제조업,MANUFACTURING,제조업,JF_MFG_05,"JF_MFG_02,JF_MFG_05,JF_MFG_06,JF_MFG_09,JF_MFG_03",MANUFACTURING,industry_rule,confirmed
26224,전자부품 실장기판 제조업,MANUFACTURING,제조업,JF_MFG_05,"JF_MFG_02,JF_MFG_05,JF_MFG_06,JF_MFG_09,JF_MFG_03",MANUFACTURING,industry_rule,confirmed
26291,전자축전기 제조업,MANUFACTURING,제조업,JF_MFG_05,"JF_MFG_02,JF_MFG_05,JF_MFG_06,JF_MFG_09,JF_MFG_03",MANUFACTURING,industry_rule,confirmed
26292,전자저항기 및 전자카드 제조업,MANUFACTURING,제조업,JF_MFG_05,"JF_MFG_02,JF_MFG_05,JF_MFG_06,JF_MFG_09,JF_MFG_03",MANUFACTURING,industry_rule,confirmed
26293,"전자코일, 변성기 및 기타 전자 유도자 제조업",MANUFACTURING,제조업,JF_MFG_05,"JF_MFG_02,JF_MFG_05,JF_MFG_06,JF_MFG_09,JF_MFG_03",MANUFACTURING,industry_rule,confirmed
26294,전자감지장치 제조업,MANUFACTURING,제조업,JF_MFG_05,"JF_MFG_02,JF_MFG_05,JF_MFG_06,JF_MFG_09,JF_MFG_03",MANUFACTURING,industry_rule,confirmed
26299,그 외 기타 전자부품 제조업,MANUFACTURING,제조업,JF_MFG_05,"JF_MFG_02,JF_MFG_05,JF_MFG_06,JF_MFG_09,JF_MFG_03",MANUFACTURING,industry_rule,confirmed
26310,컴퓨터 제조업,MANUFACTURING,제조업,JF_MFG_05,"JF_MFG_02,JF_MFG_05,JF_MFG_06,JF_MFG_09,JF_MFG_03",MANUFACTURING,industry_rule,confirmed
26321,기억장치 제조업,MANUFACTURING,제조업,JF_MFG_05,"JF_MFG_02,JF_MFG_05,JF_MFG_06,JF_MFG_09,JF_MFG_03",MANUFACTURING,industry_rule,confirmed
26322,컴퓨터 모니터 제조업,MANUFACTURING,제조업,JF_MFG_05,"JF_MFG_02,JF_MFG_05,JF_MFG_06,JF_MFG_09,JF_MFG_03",MANUFACTURING,industry_rule,confirmed
26323,컴퓨터 프린터 제조업,MANUFACTURING,제조업,JF_MFG_05,"JF_MFG_02,JF_MFG_05,JF_MFG_06,JF_MFG_09,JF_MFG_03",MANUFACTURING,industry_rule,confirmed
26329,기타 주변기기 제조업,MANUFACTURING,제조업,JF_MFG_05,"JF_MFG_02,JF_MFG_05,JF_MFG_06,JF_MFG_09,JF_MFG_03",MANUFACTURING,industry_rule,confirmed
26410,유선 통신장비 제조업,MANUFACTURING,제조업,JF_MFG_05,"JF_MFG_02,JF_MFG_05,JF_MFG_06,JF_MFG_09,JF_MFG_03",MANUFACTURING,industry_rule,confirmed
26421,방송장비 제조업,MANUFACTURING,제조업,JF_MFG_05,"JF_MFG_02,JF_MFG_05,JF_MFG_06,JF_MFG_09,JF_MFG_03",MANUFACTURING,industry_rule,confirmed
26422,이동전화기 제조업,MANUFACTURING,제조업,JF_MFG_05,"JF_MFG_02,JF_MFG_05,JF_MFG_06,JF_MFG_09,JF_MFG_03",MANUFACTURING,industry_rule,confirmed
26429,기타 무선 통신장비 제조업,MANUFACTURING,제조업,JF_MFG_05,"JF_MFG_02,JF_MFG_05,JF_MFG_06,JF_MFG_09,JF_MFG_03",MANUFACTURING,industry_rule,confirmed
26511,텔레비전 제조업,MANUFACTURING,제조업,JF_MFG_05,"JF_MFG_02,JF_MFG_05,JF_MFG_06,JF_MFG_09,JF_MFG_03",MANUFACTURING,industry_rule,confirmed
26519,비디오 및 기타 영상기기 제조업,MANUFACTURING,제조업,JF_MFG_05,"JF_MFG_02,JF_MFG_05,JF_MFG_06,JF_MFG_09,JF_MFG_03",MANUFACTURING,industry_rule,confirmed
26521,"라디오, 녹음 및 재생 기기 제조업",MANUFACTURING,제조업,JF_MFG_05,"JF_MFG_02,JF_MFG_05,JF_MFG_06,JF_MFG_09,JF_MFG_03",MANUFACTURING,industry_rule,confirmed
26529,기타 음향기기 제조업,MANUFACTURING,제조업,JF_MFG_05,"JF_MFG_02,JF_MFG_05,JF_MFG_06,JF_MFG_09,JF_MFG_03",MANUFACTURING,industry_rule,confirmed
26600,마그네틱 및 광학 매체 제조업,MANUFACTURING,제조업,JF_MFG_05,"JF_MFG_02,JF_MFG_05,JF_MFG_06,JF_MFG_09,JF_MFG_03",MANUFACTURING,industry_rule,confirmed
27111,방사선 장치 제조업,MANUFACTURING,제조업,JF_MFG_05,"JF_MFG_02,JF_MFG_05,JF_MFG_06,JF_MFG_09,JF_MFG_03",MANUFACTURING,industry_rule,confirmed
27112,전기식 진단 및 요법 기기 제조업,MANUFACTURING,제조업,JF_MFG_05,"JF_MFG_02,JF_MFG_05,JF_MFG_06,JF_MFG_09,JF_MFG_03",MANUFACTURING,industry_rule,confirmed
27191,치과용 기기 제조업,MANUFACTURING,제조업,JF_MFG_01,"JF_MFG_02,JF_MFG_05,JF_MFG_06,JF_MFG_09,JF_MFG_03",MANUFACTURING,industry_rule,confirmed
27192,치과기공물 제조업,MANUFACTURING,제조업,JF_MFG_01,"JF_MFG_02,JF_MFG_05,JF_MFG_06,JF_MFG_09,JF_MFG_03",MANUFACTURING,industry_rule,confirmed
27193,치과용 임플란트 제조업,MANUFACTURING,제조업,JF_MFG_01,"JF_MFG_02,JF_MFG_05,JF_MFG_06,JF_MFG_09,JF_MFG_03",MANUFACTURING,industry_rule,confirmed
27194,정형 외과용 및 신체 보정용 기기 제조업,MANUFACTURING,제조업,JF_MFG_01,"JF_MFG_02,JF_MFG_05,JF_MFG_06,JF_MFG_09,JF_MFG_03",MANUFACTURING,industry_rule,confirmed
27195,안경 및 안경렌즈 제조업,MANUFACTURING,제조업,JF_MFG_01,"JF_MFG_02,JF_MFG_05,JF_MFG_06,JF_MFG_09,JF_MFG_03",MANUFACTURING,industry_rule,confirmed
27196,의료용 가구 제조업,MANUFACTURING,제조업,JF_MFG_01,"JF_MFG_02,JF_MFG_05,JF_MFG_06,JF_MFG_09,JF_MFG_03",MANUFACTURING,industry_rule,confirmed
27199,그 외 기타 의료용 기기 제조업,MANUFACTURING,제조업,JF_MFG_01,"JF_MFG_02,JF_MFG_05,JF_MFG_06,JF_MFG_09,JF_MFG_03",MANUFACTURING,industry_rule,confirmed
27211,"레이더, 항행용 무선기기 및 측량기구 제조업",MANUFACTURING,제조업,JF_MFG_08,"JF_MFG_02,JF_MFG_05,JF_MFG_06,JF_MFG_09,JF_MFG_03",MANUFACTURING,industry_rule,confirmed
27212,"전자기 측정, 시험 및 분석기구 제조업",MANUFACTURING,제조업,JF_MFG_08,"JF_MFG_02,JF_MFG_05,JF_MFG_06,JF_MFG_09,JF_MFG_03",MANUFACTURING,industry_rule,confirmed
27213,"물질 검사, 측정 및 분석기구 제조업",MANUFACTURING,제조업,JF_MFG_08,"JF_MFG_02,JF_MFG_05,JF_MFG_06,JF_MFG_09,JF_MFG_03",MANUFACTURING,industry_rule,confirmed
27214,속도계 및 적산계기 제조업,MANUFACTURING,제조업,JF_MFG_08,"JF_MFG_02,JF_MFG_05,JF_MFG_06,JF_MFG_09,JF_MFG_03",MANUFACTURING,industry_rule,confirmed
27215,기기용 자동측정 및 제어장치 제조업,MANUFACTURING,제조업,JF_MFG_08,"JF_MFG_02,JF_MFG_05,JF_MFG_06,JF_MFG_09,JF_MFG_03",MANUFACTURING,industry_rule,confirmed
27216,산업처리공정 제어장비 제조업,MANUFACTURING,제조업,JF_MFG_08,"JF_MFG_02,JF_MFG_05,JF_MFG_06,JF_MFG_09,JF_MFG_03",MANUFACTURING,industry_rule,confirmed
27219,"기타 측정, 시험, 항해, 제어 및 정밀기기 제조업",MANUFACTURING,제조업,JF_MFG_08,"JF_MFG_02,JF_MFG_05,JF_MFG_06,JF_MFG_09,JF_MFG_03",MANUFACTURING,industry_rule,confirmed
27220,시계 및 시계부품 제조업,MANUFACTURING,제조업,JF_MFG_01,"JF_MFG_02,JF_MFG_05,JF_MFG_06,JF_MFG_09,JF_MFG_03",MANUFACTURING,industry_rule,confirmed
27301,광학렌즈 및 광학요소 제조업,MANUFACTURING,제조업,JF_MFG_01,"JF_MFG_02,JF_MFG_05,JF_MFG_06,JF_MFG_09,JF_MFG_03",MANUFACTURING,industry_rule,confirmed
27309,기타 광학기기 및 사진기 제조업,MANUFACTURING,제조업,JF_MFG_01,"JF_MFG_02,JF_MFG_05,JF_MFG_06,JF_MFG_09,JF_MFG_03",MANUFACTURING,industry_rule,confirmed
28111,전동기 및 발전기 제조업,MANUFACTURING,제조업,JF_MFG_05,"JF_MFG_02,JF_MFG_05,JF_MFG_06,JF_MFG_09,JF_MFG_03",MANUFACTURING,industry_rule,confirmed
28112,변압기 제조업,MANUFACTURING,제조업,JF_MFG_05,"JF_MFG_02,JF_MFG_05,JF_MFG_06,JF_MFG_09,JF_MFG_03",MANUFACTURING,industry_rule,confirmed
28113,에너지 저장장치 제조업,MANUFACTURING,제조업,JF_MFG_05,"JF_MFG_02,JF_MFG_05,JF_MFG_06,JF_MFG_09,JF_MFG_03",MANUFACTURING,industry_rule,confirmed
28119,기타 전기 변환장치 제조업,MANUFACTURING,제조업,JF_MFG_05,"JF_MFG_02,JF_MFG_05,JF_MFG_06,JF_MFG_09,JF_MFG_03",MANUFACTURING,industry_rule,confirmed
28121,"전기회로 개폐, 보호장치 제조업",MANUFACTURING,제조업,JF_MFG_05,"JF_MFG_02,JF_MFG_05,JF_MFG_06,JF_MFG_09,JF_MFG_03",MANUFACTURING,industry_rule,confirmed
28122,전기회로 접속장치 제조업,MANUFACTURING,제조업,JF_MFG_05,"JF_MFG_02,JF_MFG_05,JF_MFG_06,JF_MFG_09,JF_MFG_03",MANUFACTURING,industry_rule,confirmed
28123,배전반 및 전기 자동제어반 제조업,MANUFACTURING,제조업,JF_MFG_05,"JF_MFG_02,JF_MFG_05,JF_MFG_06,JF_MFG_09,JF_MFG_03",MANUFACTURING,industry_rule,confirmed
28201,일차전지 제조업,MANUFACTURING,제조업,JF_MFG_05,"JF_MFG_02,JF_MFG_05,JF_MFG_06,JF_MFG_09,JF_MFG_03",MANUFACTURING,industry_rule,confirmed
28202,운송장비용 이차전지 제조업,MANUFACTURING,제조업,JF_MFG_05,"JF_MFG_02,JF_MFG_05,JF_MFG_06,JF_MFG_09,JF_MFG_03",MANUFACTURING,industry_rule,confirmed
28209,기타 이차전지 제조업,MANUFACTURING,제조업,JF_MFG_05,"JF_MFG_02,JF_MFG_05,JF_MFG_06,JF_MFG_09,JF_MFG_03",MANUFACTURING,industry_rule,confirmed
28301,광섬유 케이블 제조업,MANUFACTURING,제조업,JF_MFG_05,"JF_MFG_02,JF_MFG_05,JF_MFG_06,JF_MFG_09,JF_MFG_03",MANUFACTURING,industry_rule,confirmed
28302,기타 절연선 및 케이블 제조업,MANUFACTURING,제조업,JF_MFG_05,"JF_MFG_02,JF_MFG_05,JF_MFG_06,JF_MFG_09,JF_MFG_03",MANUFACTURING,industry_rule,confirmed
28303,절연 코드세트 및 기타 도체 제조업,MANUFACTURING,제조업,JF_MFG_05,"JF_MFG_02,JF_MFG_05,JF_MFG_06,JF_MFG_09,JF_MFG_03",MANUFACTURING,industry_rule,confirmed
28410,전구 및 램프 제조업,MANUFACTURING,제조업,JF_MFG_05,"JF_MFG_02,JF_MFG_05,JF_MFG_06,JF_MFG_09,JF_MFG_03",MANUFACTURING,industry_rule,confirmed
28421,운송장비용 조명장치 제조업,MANUFACTURING,제조업,JF_MFG_05,"JF_MFG_02,JF_MFG_05,JF_MFG_06,JF_MFG_09,JF_MFG_03",MANUFACTURING,industry_rule,confirmed
28422,일반용 전기 조명장치 제조업,MANUFACTURING,제조업,JF_MFG_05,"JF_MFG_02,JF_MFG_05,JF_MFG_06,JF_MFG_09,JF_MFG_03",MANUFACTURING,industry_rule,confirmed
28423,전시 및 광고용 조명장치 제조업,MANUFACTURING,제조업,JF_MFG_05,"JF_MFG_02,JF_MFG_05,JF_MFG_06,JF_MFG_09,JF_MFG_03",MANUFACTURING,industry_rule,confirmed
28429,기타 조명장치 제조업,MANUFACTURING,제조업,JF_MFG_05,"JF_MFG_02,JF_MFG_05,JF_MFG_06,JF_MFG_09,JF_MFG_03",MANUFACTURING,industry_rule,confirmed
28511,주방용 전기기기 제조업,MANUFACTURING,제조업,JF_MFG_05,"JF_MFG_02,JF_MFG_05,JF_MFG_06,JF_MFG_09,JF_MFG_03",MANUFACTURING,industry_rule,confirmed
28512,가정용 전기 난방기기 제조업,MANUFACTURING,제조업,JF_MFG_05,"JF_MFG_02,JF_MFG_05,JF_MFG_06,JF_MFG_09,JF_MFG_03",MANUFACTURING,industry_rule,confirmed
28519,기타 가정용 전기기기 제조업,MANUFACTURING,제조업,JF_MFG_05,"JF_MFG_02,JF_MFG_05,JF_MFG_06,JF_MFG_09,JF_MFG_03",MANUFACTURING,industry_rule,confirmed
28520,가정용 비전기식 조리 및 난방 기구 제조업,MANUFACTURING,제조업,JF_MFG_05,"JF_MFG_02,JF_MFG_05,JF_MFG_06,JF_MFG_09,JF_MFG_03",MANUFACTURING,industry_rule,confirmed
28901,전기경보 및 신호장치 제조업,MANUFACTURING,제조업,JF_MFG_05,"JF_MFG_02,JF_MFG_05,JF_MFG_06,JF_MFG_09,JF_MFG_03",MANUFACTURING,industry_rule,confirmed
28902,전기용 탄소제품 및 절연제품 제조업,MANUFACTURING,제조업,JF_MFG_05,"JF_MFG_02,JF_MFG_05,JF_MFG_06,JF_MFG_09,JF_MFG_03",MANUFACTURING,industry_rule,confirmed
28903,교통 신호장치 제조업,MANUFACTURING,제조업,JF_MFG_05,"JF_MFG_02,JF_MFG_05,JF_MFG_06,JF_MFG_09,JF_MFG_03",MANUFACTURING,industry_rule,confirmed
28909,그 외 기타 전기장비 제조업,MANUFACTURING,제조업,JF_MFG_05,"JF_MFG_02,JF_MFG_05,JF_MFG_06,JF_MFG_09,JF_MFG_03",MANUFACTURING,industry_rule,confirmed
29111,내연기관 제조업,MANUFACTURING,제조업,JF_MFG_06,"JF_MFG_02,JF_MFG_05,JF_MFG_06,JF_MFG_09,JF_MFG_03",MANUFACTURING,industry_rule,confirmed
29119,기타 기관 및 터빈 제조업,MANUFACTURING,제조업,JF_MFG_06,"JF_MFG_02,JF_MFG_05,JF_MFG_06,JF_MFG_09,JF_MFG_03",MANUFACTURING,industry_rule,confirmed
29120,유압기기 제조업,MANUFACTURING,제조업,JF_MFG_06,"JF_MFG_02,JF_MFG_05,JF_MFG_06,JF_MFG_09,JF_MFG_03",MANUFACTURING,industry_rule,confirmed
29131,액체 펌프 제조업,MANUFACTURING,제조업,JF_MFG_06,"JF_MFG_02,JF_MFG_05,JF_MFG_06,JF_MFG_09,JF_MFG_03",MANUFACTURING,industry_rule,confirmed
29132,기체 펌프 및 압축기 제조업,MANUFACTURING,제조업,JF_MFG_06,"JF_MFG_02,JF_MFG_05,JF_MFG_06,JF_MFG_09,JF_MFG_03",MANUFACTURING,industry_rule,confirmed
29133,"탭, 밸브 및 유사장치 제조업",MANUFACTURING,제조업,JF_MFG_06,"JF_MFG_02,JF_MFG_05,JF_MFG_06,JF_MFG_09,JF_MFG_03",MANUFACTURING,industry_rule,confirmed
29141,구름베어링 제조업,MANUFACTURING,제조업,JF_MFG_06,"JF_MFG_02,JF_MFG_05,JF_MFG_06,JF_MFG_09,JF_MFG_03",MANUFACTURING,industry_rule,confirmed
29142,기어 및 동력전달장치 제조업,MANUFACTURING,제조업,JF_MFG_06,"JF_MFG_02,JF_MFG_05,JF_MFG_06,JF_MFG_09,JF_MFG_03",MANUFACTURING,industry_rule,confirmed
29150,"산업용 오븐, 노 및 노용 버너 제조업",MANUFACTURING,제조업,JF_MFG_06,"JF_MFG_02,JF_MFG_05,JF_MFG_06,JF_MFG_09,JF_MFG_03",MANUFACTURING,industry_rule,confirmed
29161,산업용 트럭 및 적재기 제조업,MANUFACTURING,제조업,JF_MFG_06,"JF_MFG_02,JF_MFG_05,JF_MFG_06,JF_MFG_09,JF_MFG_03",MANUFACTURING,industry_rule,confirmed
29162,승강기 제조업,MANUFACTURING,제조업,JF_MFG_06,"JF_MFG_02,JF_MFG_05,JF_MFG_06,JF_MFG_09,JF_MFG_03",MANUFACTURING,industry_rule,confirmed
29163,컨베이어장치 제조업,MANUFACTURING,제조업,JF_MFG_06,"JF_MFG_02,JF_MFG_05,JF_MFG_06,JF_MFG_09,JF_MFG_03",MANUFACTURING,industry_rule,confirmed
29169,기타 물품 취급장비 제조업,MANUFACTURING,제조업,JF_MFG_06,"JF_MFG_02,JF_MFG_05,JF_MFG_06,JF_MFG_09,JF_MFG_03",MANUFACTURING,industry_rule,confirmed
29171,산업용 냉장 및 냉동 장비 제조업,MANUFACTURING,제조업,JF_MFG_06,"JF_MFG_02,JF_MFG_05,JF_MFG_06,JF_MFG_09,JF_MFG_03",MANUFACTURING,industry_rule,confirmed
29172,가정용 및 산업용 공기 조화장치 제조업,MANUFACTURING,제조업,JF_MFG_06,"JF_MFG_02,JF_MFG_05,JF_MFG_06,JF_MFG_09,JF_MFG_03",MANUFACTURING,industry_rule,confirmed
29173,운송장비용 공기 조화장치 제조업,MANUFACTURING,제조업,JF_MFG_06,"JF_MFG_02,JF_MFG_05,JF_MFG_06,JF_MFG_09,JF_MFG_03",MANUFACTURING,industry_rule,confirmed
29174,산업용 송풍기 및 배기장치 제조업,MANUFACTURING,제조업,JF_MFG_06,"JF_MFG_02,JF_MFG_05,JF_MFG_06,JF_MFG_09,JF_MFG_03",MANUFACTURING,industry_rule,confirmed
29175,기체 여과기 제조업,MANUFACTURING,제조업,JF_MFG_06,"JF_MFG_02,JF_MFG_05,JF_MFG_06,JF_MFG_09,JF_MFG_03",MANUFACTURING,industry_rule,confirmed
29176,액체 여과기 제조업,MANUFACTURING,제조업,JF_MFG_06,"JF_MFG_02,JF_MFG_05,JF_MFG_06,JF_MFG_09,JF_MFG_03",MANUFACTURING,industry_rule,confirmed
29177,"증류기, 열교환기 및 가스발생기 제조업",MANUFACTURING,제조업,JF_MFG_06,"JF_MFG_02,JF_MFG_05,JF_MFG_06,JF_MFG_09,JF_MFG_03",MANUFACTURING,industry_rule,confirmed
29180,사무용 기계 및 장비 제조업,MANUFACTURING,제조업,JF_MFG_06,"JF_MFG_02,JF_MFG_05,JF_MFG_06,JF_MFG_09,JF_MFG_03",MANUFACTURING,industry_rule,confirmed
29191,"용기 세척, 포장 및 충전기 제조업",MANUFACTURING,제조업,JF_MFG_06,"JF_MFG_02,JF_MFG_05,JF_MFG_06,JF_MFG_09,JF_MFG_03",MANUFACTURING,industry_rule,confirmed
29192,분사기 및 소화기 제조업,MANUFACTURING,제조업,JF_MFG_06,"JF_MFG_02,JF_MFG_05,JF_MFG_06,JF_MFG_09,JF_MFG_03",MANUFACTURING,industry_rule,confirmed
29193,동력식 수지공구 제조업,MANUFACTURING,제조업,JF_MFG_06,"JF_MFG_02,JF_MFG_05,JF_MFG_06,JF_MFG_09,JF_MFG_03",MANUFACTURING,industry_rule,confirmed
29199,그 외 기타 일반목적용 기계 제조업,MANUFACTURING,제조업,JF_MFG_06,"JF_MFG_02,JF_MFG_05,JF_MFG_06,JF_MFG_09,JF_MFG_03",MANUFACTURING,industry_rule,confirmed
29210,농업 및 임업용 기계 제조업,MANUFACTURING,제조업,JF_MFG_06,"JF_MFG_02,JF_MFG_05,JF_MFG_06,JF_MFG_09,JF_MFG_03",MANUFACTURING,industry_rule,confirmed
29221,전자 응용 절삭기계 제조업,MANUFACTURING,제조업,JF_MFG_06,"JF_MFG_02,JF_MFG_05,JF_MFG_06,JF_MFG_09,JF_MFG_03",MANUFACTURING,industry_rule,confirmed
29222,디지털 적층 성형기계 제조업,MANUFACTURING,제조업,JF_MFG_06,"JF_MFG_02,JF_MFG_05,JF_MFG_06,JF_MFG_09,JF_MFG_03",MANUFACTURING,industry_rule,confirmed
29223,금속 절삭기계 제조업,MANUFACTURING,제조업,JF_MFG_06,"JF_MFG_02,JF_MFG_05,JF_MFG_06,JF_MFG_09,JF_MFG_03",MANUFACTURING,industry_rule,confirmed
29224,금속 성형기계 제조업,MANUFACTURING,제조업,JF_MFG_06,"JF_MFG_02,JF_MFG_05,JF_MFG_06,JF_MFG_09,JF_MFG_03",MANUFACTURING,industry_rule,confirmed
29229,기타 가공 공작기계 제조업,MANUFACTURING,제조업,JF_MFG_06,"JF_MFG_02,JF_MFG_05,JF_MFG_06,JF_MFG_09,JF_MFG_03",MANUFACTURING,industry_rule,confirmed
29230,금속 주조 및 기타 야금용 기계 제조업,MANUFACTURING,제조업,JF_MFG_06,"JF_MFG_02,JF_MFG_05,JF_MFG_06,JF_MFG_09,JF_MFG_03",MANUFACTURING,industry_rule,confirmed
29241,건설 및 채광용 기계장비 제조업,MANUFACTURING,제조업,JF_MFG_06,"JF_MFG_02,JF_MFG_05,JF_MFG_06,JF_MFG_09,JF_MFG_03",MANUFACTURING,industry_rule,confirmed
29242,광물처리 및 취급장비 제조업,MANUFACTURING,제조업,JF_MFG_06,"JF_MFG_02,JF_MFG_05,JF_MFG_06,JF_MFG_09,JF_MFG_03",MANUFACTURING,industry_rule,confirmed
29250,음ㆍ식료품 및 담배 가공기계 제조업,MANUFACTURING,제조업,JF_MFG_06,"JF_MFG_02,JF_MFG_05,JF_MFG_06,JF_MFG_09,JF_MFG_03",MANUFACTURING,industry_rule,confirmed
29261,"산업용 섬유 세척, 염색, 정리 및 가공 기계 제조업",MANUFACTURING,제조업,JF_MFG_06,"JF_MFG_02,JF_MFG_05,JF_MFG_06,JF_MFG_09,JF_MFG_03",MANUFACTURING,industry_rule,confirmed
29269,"기타 섬유, 의복 및 가죽 가공 기계 제조업",MANUFACTURING,제조업,JF_MFG_06,"JF_MFG_02,JF_MFG_05,JF_MFG_06,JF_MFG_09,JF_MFG_03",MANUFACTURING,industry_rule,confirmed
29271,반도체 제조용 기계 제조업,MANUFACTURING,제조업,JF_MFG_05,"JF_MFG_02,JF_MFG_05,JF_MFG_06,JF_MFG_09,JF_MFG_03",MANUFACTURING,industry_rule,confirmed
29272,디스플레이 제조용 기계 제조업,MANUFACTURING,제조업,JF_MFG_05,"JF_MFG_02,JF_MFG_05,JF_MFG_06,JF_MFG_09,JF_MFG_03",MANUFACTURING,industry_rule,confirmed
29280,산업용 로봇 제조업,MANUFACTURING,제조업,JF_MFG_06,"JF_MFG_02,JF_MFG_05,JF_MFG_06,JF_MFG_09,JF_MFG_03",MANUFACTURING,industry_rule,confirmed
29291,"고무, 화학섬유 및 플라스틱 성형기 제조업",MANUFACTURING,제조업,JF_MFG_13,"JF_MFG_02,JF_MFG_05,JF_MFG_06,JF_MFG_09,JF_MFG_03",MANUFACTURING,industry_rule,confirmed
29292,인쇄 및 제책용 기계 제조업,MANUFACTURING,제조업,JF_MFG_06,"JF_MFG_02,JF_MFG_05,JF_MFG_06,JF_MFG_09,JF_MFG_03",MANUFACTURING,industry_rule,confirmed
29293,주형 및 금형 제조업,MANUFACTURING,제조업,JF_MFG_10,"JF_MFG_02,JF_MFG_05,JF_MFG_06,JF_MFG_09,JF_MFG_03",MANUFACTURING,industry_rule,confirmed
29299,그 외 기타 특수목적용 기계 제조업,MANUFACTURING,제조업,JF_MFG_06,"JF_MFG_02,JF_MFG_05,JF_MFG_06,JF_MFG_09,JF_MFG_03",MANUFACTURING,industry_rule,confirmed
30110,자동차용 엔진 제조업,MANUFACTURING,제조업,JF_MFG_09,"JF_MFG_02,JF_MFG_05,JF_MFG_06,JF_MFG_09,JF_MFG_03",MANUFACTURING,industry_rule,confirmed
30121,내연기관 승용차 및 기타 여객용 자동차 제조업,MANUFACTURING,제조업,JF_MFG_01,"JF_MFG_02,JF_MFG_05,JF_MFG_06,JF_MFG_09,JF_MFG_03",MANUFACTURING,industry_rule,confirmed
30122,전기 승용차 및 기타 여객용 전기 자동차 제조업,MANUFACTURING,제조업,JF_MFG_01,"JF_MFG_02,JF_MFG_05,JF_MFG_06,JF_MFG_09,JF_MFG_03",MANUFACTURING,industry_rule,confirmed
30123,내연기관 화물자동차 및 특수목적용 자동차 제조업,MANUFACTURING,제조업,JF_MFG_01,"JF_MFG_02,JF_MFG_05,JF_MFG_06,JF_MFG_09,JF_MFG_03",MANUFACTURING,industry_rule,confirmed
30124,전기 화물 자동차 및 특수 목적용 전기 자동차 제조업,MANUFACTURING,제조업,JF_MFG_01,"JF_MFG_02,JF_MFG_05,JF_MFG_06,JF_MFG_09,JF_MFG_03",MANUFACTURING,industry_rule,confirmed
30201,차체 및 특장차 제조업,MANUFACTURING,제조업,JF_MFG_01,"JF_MFG_02,JF_MFG_05,JF_MFG_06,JF_MFG_09,JF_MFG_03",MANUFACTURING,industry_rule,confirmed
30202,자동차 구조 및 장치 변경업,MANUFACTURING,제조업,JF_MFG_01,"JF_MFG_02,JF_MFG_05,JF_MFG_06,JF_MFG_09,JF_MFG_03",MANUFACTURING,industry_rule,confirmed
30203,트레일러 및 세미트레일러 제조업,MANUFACTURING,제조업,JF_MFG_01,"JF_MFG_02,JF_MFG_05,JF_MFG_06,JF_MFG_09,JF_MFG_03",MANUFACTURING,industry_rule,confirmed
30310,자동차 엔진용 신품 부품 제조업,MANUFACTURING,제조업,JF_MFG_01,"JF_MFG_02,JF_MFG_05,JF_MFG_06,JF_MFG_09,JF_MFG_03",MANUFACTURING,industry_rule,confirmed
30320,자동차 차체용 신품 부품 제조업,MANUFACTURING,제조업,JF_MFG_01,"JF_MFG_02,JF_MFG_05,JF_MFG_06,JF_MFG_09,JF_MFG_03",MANUFACTURING,industry_rule,confirmed
30331,자동차용 신품 동력전달장치 제조업,MANUFACTURING,제조업,JF_MFG_01,"JF_MFG_02,JF_MFG_05,JF_MFG_06,JF_MFG_09,JF_MFG_03",MANUFACTURING,industry_rule,confirmed
30332,자동차용 신품 전기장치 제조업,MANUFACTURING,제조업,JF_MFG_01,"JF_MFG_02,JF_MFG_05,JF_MFG_06,JF_MFG_09,JF_MFG_03",MANUFACTURING,industry_rule,confirmed
30391,자동차용 신품 조향장치 및 현가 장치 제조업,MANUFACTURING,제조업,JF_MFG_01,"JF_MFG_02,JF_MFG_05,JF_MFG_06,JF_MFG_09,JF_MFG_03",MANUFACTURING,industry_rule,confirmed
30392,자동차용 신품 제동장치 제조업,MANUFACTURING,제조업,JF_MFG_01,"JF_MFG_02,JF_MFG_05,JF_MFG_06,JF_MFG_09,JF_MFG_03",MANUFACTURING,industry_rule,confirmed
30393,자동차용 신품 의자 제조업,MANUFACTURING,제조업,JF_MFG_01,"JF_MFG_02,JF_MFG_05,JF_MFG_06,JF_MFG_09,JF_MFG_03",MANUFACTURING,industry_rule,confirmed
30399,그 외 자동차용 신품 부품 제조업,MANUFACTURING,제조업,JF_MFG_01,"JF_MFG_02,JF_MFG_05,JF_MFG_06,JF_MFG_09,JF_MFG_03",MANUFACTURING,industry_rule,confirmed
30400,자동차 재제조 부품 제조업,MANUFACTURING,제조업,JF_MFG_01,"JF_MFG_02,JF_MFG_05,JF_MFG_06,JF_MFG_09,JF_MFG_03",MANUFACTURING,industry_rule,confirmed
31111,강선 건조업,MANUFACTURING,제조업,JF_MFG_01,"JF_MFG_02,JF_MFG_05,JF_MFG_06,JF_MFG_09,JF_MFG_03",MANUFACTURING,industry_rule,confirmed
31112,합성수지선 건조업,MANUFACTURING,제조업,JF_MFG_01,"JF_MFG_02,JF_MFG_05,JF_MFG_06,JF_MFG_09,JF_MFG_03",MANUFACTURING,industry_rule,confirmed
31113,기타 선박 건조업,MANUFACTURING,제조업,JF_MFG_01,"JF_MFG_02,JF_MFG_05,JF_MFG_06,JF_MFG_09,JF_MFG_03",MANUFACTURING,industry_rule,confirmed
31114,선박 구성 부분품 제조업,MANUFACTURING,제조업,JF_MFG_01,"JF_MFG_02,JF_MFG_05,JF_MFG_06,JF_MFG_09,JF_MFG_03",MANUFACTURING,industry_rule,confirmed
31120,오락 및 스포츠용 보트 건조업,MANUFACTURING,제조업,JF_MFG_01,"JF_MFG_02,JF_MFG_05,JF_MFG_06,JF_MFG_09,JF_MFG_03",MANUFACTURING,industry_rule,confirmed
31201,기관차 및 기타 철도차량 제조업,MANUFACTURING,제조업,JF_MFG_01,"JF_MFG_02,JF_MFG_05,JF_MFG_06,JF_MFG_09,JF_MFG_03",MANUFACTURING,industry_rule,confirmed
31202,철도차량 부품 및 관련 장치물 제조업,MANUFACTURING,제조업,JF_MFG_01,"JF_MFG_02,JF_MFG_05,JF_MFG_06,JF_MFG_09,JF_MFG_03",MANUFACTURING,industry_rule,confirmed
31311,"유인 항공기, 항공우주선 및 보조장치 제조업",MANUFACTURING,제조업,JF_MFG_01,"JF_MFG_02,JF_MFG_05,JF_MFG_06,JF_MFG_09,JF_MFG_03",MANUFACTURING,industry_rule,confirmed
31312,무인 항공기 및 무인 비행장치 제조업,MANUFACTURING,제조업,JF_MFG_01,"JF_MFG_02,JF_MFG_05,JF_MFG_06,JF_MFG_09,JF_MFG_03",MANUFACTURING,industry_rule,confirmed
31321,항공기용 엔진 제조업,MANUFACTURING,제조업,JF_MFG_01,"JF_MFG_02,JF_MFG_05,JF_MFG_06,JF_MFG_09,JF_MFG_03",MANUFACTURING,industry_rule,confirmed
31322,항공기용 부품 제조업,MANUFACTURING,제조업,JF_MFG_01,"JF_MFG_02,JF_MFG_05,JF_MFG_06,JF_MFG_09,JF_MFG_03",MANUFACTURING,industry_rule,confirmed
31910,전투용 차량 제조업,MANUFACTURING,제조업,JF_MFG_01,"JF_MFG_02,JF_MFG_05,JF_MFG_06,JF_MFG_09,JF_MFG_03",MANUFACTURING,industry_rule,confirmed
31921,모터사이클 제조업,MANUFACTURING,제조업,JF_MFG_01,"JF_MFG_02,JF_MFG_05,JF_MFG_06,JF_MFG_09,JF_MFG_03",MANUFACTURING,industry_rule,confirmed
31922,개인용 전기식 이동수단 제조업,MANUFACTURING,제조업,JF_MFG_01,"JF_MFG_02,JF_MFG_05,JF_MFG_06,JF_MFG_09,JF_MFG_03",MANUFACTURING,industry_rule,confirmed
31991,자전거 및 환자용 차량 제조업,MANUFACTURING,제조업,JF_MFG_01,"JF_MFG_02,JF_MFG_05,JF_MFG_06,JF_MFG_09,JF_MFG_03",MANUFACTURING,industry_rule,confirmed
31999,그 외 기타 달리 분류되지 않은 운송장비 제조업,MANUFACTURING,제조업,JF_MFG_01,"JF_MFG_02,JF_MFG_05,JF_MFG_06,JF_MFG_09,JF_MFG_03",MANUFACTURING,industry_rule,confirmed
32011,매트리스 및 침대 제조업,MANUFACTURING,제조업,JF_MFG_01,"JF_MFG_02,JF_MFG_05,JF_MFG_06,JF_MFG_09,JF_MFG_03",MANUFACTURING,industry_rule,confirmed
32019,소파 및 기타 내장가구 제조업,MANUFACTURING,제조업,JF_MFG_01,"JF_MFG_02,JF_MFG_05,JF_MFG_06,JF_MFG_09,JF_MFG_03",MANUFACTURING,industry_rule,confirmed
32021,주방용 및 음식점용 목재가구 제조업,MANUFACTURING,제조업,JF_MFG_01,"JF_MFG_02,JF_MFG_05,JF_MFG_06,JF_MFG_09,JF_MFG_03",MANUFACTURING,industry_rule,confirmed
32029,기타 목재가구 제조업,MANUFACTURING,제조업,JF_MFG_01,"JF_MFG_02,JF_MFG_05,JF_MFG_06,JF_MFG_09,JF_MFG_03",MANUFACTURING,industry_rule,confirmed
32091,금속 가구 제조업,MANUFACTURING,제조업,JF_MFG_01,"JF_MFG_02,JF_MFG_05,JF_MFG_06,JF_MFG_09,JF_MFG_03",MANUFACTURING,industry_rule,confirmed
32099,그 외 기타 가구 제조업,MANUFACTURING,제조업,JF_MFG_01,"JF_MFG_02,JF_MFG_05,JF_MFG_06,JF_MFG_09,JF_MFG_03",MANUFACTURING,industry_rule,confirmed
33110,귀금속 및 관련제품 제조업,MANUFACTURING,제조업,JF_MFG_01,"JF_MFG_02,JF_MFG_05,JF_MFG_06,JF_MFG_09,JF_MFG_03",MANUFACTURING,industry_rule,confirmed
33120,모조 귀금속 및 모조 장신용품 제조업,MANUFACTURING,제조업,JF_MFG_01,"JF_MFG_02,JF_MFG_05,JF_MFG_06,JF_MFG_09,JF_MFG_03",MANUFACTURING,industry_rule,confirmed
33201,건반 악기 제조업,MANUFACTURING,제조업,JF_MFG_01,"JF_MFG_02,JF_MFG_05,JF_MFG_06,JF_MFG_09,JF_MFG_03",MANUFACTURING,industry_rule,confirmed
33209,기타 악기 및 전자 악기 제조업,MANUFACTURING,제조업,JF_MFG_01,"JF_MFG_02,JF_MFG_05,JF_MFG_06,JF_MFG_09,JF_MFG_03",MANUFACTURING,industry_rule,confirmed
33301,"체조, 육상 및 체력단련용 장비 제조업",MANUFACTURING,제조업,JF_MFG_01,"JF_MFG_02,JF_MFG_05,JF_MFG_06,JF_MFG_09,JF_MFG_03",MANUFACTURING,industry_rule,confirmed
33302,놀이터용 장비 제조업,MANUFACTURING,제조업,JF_MFG_01,"JF_MFG_02,JF_MFG_05,JF_MFG_06,JF_MFG_09,JF_MFG_03",MANUFACTURING,industry_rule,confirmed
33303,낚시 및 수렵용구 제조업,MANUFACTURING,제조업,JF_MFG_01,"JF_MFG_02,JF_MFG_05,JF_MFG_06,JF_MFG_09,JF_MFG_03",MANUFACTURING,industry_rule,confirmed
33309,기타 운동 및 경기용구 제조업,MANUFACTURING,제조업,JF_MFG_01,"JF_MFG_02,JF_MFG_05,JF_MFG_06,JF_MFG_09,JF_MFG_03",MANUFACTURING,industry_rule,confirmed
33401,인형 및 장난감 제조업,MANUFACTURING,제조업,JF_MFG_01,"JF_MFG_02,JF_MFG_05,JF_MFG_06,JF_MFG_09,JF_MFG_03",MANUFACTURING,industry_rule,confirmed
33402,영상게임기 제조업,MANUFACTURING,제조업,JF_MFG_01,"JF_MFG_02,JF_MFG_05,JF_MFG_06,JF_MFG_09,JF_MFG_03",MANUFACTURING,industry_rule,confirmed
33409,기타 오락용품 제조업,MANUFACTURING,제조업,JF_MFG_01,"JF_MFG_02,JF_MFG_05,JF_MFG_06,JF_MFG_09,JF_MFG_03",MANUFACTURING,industry_rule,confirmed
33910,간판 및 광고물 제조업,MANUFACTURING,제조업,JF_MFG_01,"JF_MFG_02,JF_MFG_05,JF_MFG_06,JF_MFG_09,JF_MFG_03",MANUFACTURING,industry_rule,confirmed
33920,사무 및 회화용품 제조업,MANUFACTURING,제조업,JF_MFG_01,"JF_MFG_02,JF_MFG_05,JF_MFG_06,JF_MFG_09,JF_MFG_03",MANUFACTURING,industry_rule,confirmed
33931,가발 및 유사 제품 제조업,MANUFACTURING,제조업,JF_MFG_01,"JF_MFG_02,JF_MFG_05,JF_MFG_06,JF_MFG_09,JF_MFG_03",MANUFACTURING,industry_rule,confirmed
33932,전시용 모형 제조업,MANUFACTURING,제조업,JF_MFG_01,"JF_MFG_02,JF_MFG_05,JF_MFG_06,JF_MFG_09,JF_MFG_03",MANUFACTURING,industry_rule,confirmed
33933,표구처리업,MANUFACTURING,제조업,JF_MFG_01,"JF_MFG_02,JF_MFG_05,JF_MFG_06,JF_MFG_09,JF_MFG_03",MANUFACTURING,industry_rule,confirmed
33991,단추 및 유사 파스너 제조업,MANUFACTURING,제조업,JF_MFG_01,"JF_MFG_02,JF_MFG_05,JF_MFG_06,JF_MFG_09,JF_MFG_03",MANUFACTURING,industry_rule,confirmed
33992,"라이터, 연소물 및 흡연용품 제조업",MANUFACTURING,제조업,JF_MFG_01,"JF_MFG_02,JF_MFG_05,JF_MFG_06,JF_MFG_09,JF_MFG_03",MANUFACTURING,industry_rule,confirmed
33993,비 및 솔 제조업,MANUFACTURING,제조업,JF_MFG_01,"JF_MFG_02,JF_MFG_05,JF_MFG_06,JF_MFG_09,JF_MFG_03",MANUFACTURING,industry_rule,confirmed
33999,그 외 기타 달리 분류되지 않은 제품 제조업,MANUFACTURING,제조업,JF_MFG_01,"JF_MFG_02,JF_MFG_05,JF_MFG_06,JF_MFG_09,JF_MFG_03",MANUFACTURING,industry_rule,confirmed
34011,건설ㆍ광업용 기계 및 장비 수리업,MANUFACTURING,제조업,JF_MFG_04,"JF_MFG_02,JF_MFG_05,JF_MFG_06,JF_MFG_09,JF_MFG_03",MANUFACTURING,industry_rule,confirmed
34019,기타 일반 기계 및 장비 수리업,MANUFACTURING,제조업,JF_MFG_04,"JF_MFG_02,JF_MFG_05,JF_MFG_06,JF_MFG_09,JF_MFG_03",MANUFACTURING,industry_rule,confirmed
34020,전기ㆍ전자 및 정밀기기 수리업,MANUFACTURING,제조업,JF_MFG_04,"JF_MFG_02,JF_MFG_05,JF_MFG_06,JF_MFG_09,JF_MFG_03",MANUFACTURING,industry_rule,confirmed
35111,원자력 발전업,ENERGY,전기·가스·에너지,JF_MFG_10,"JF_MFG_03,JF_MFG_05,JF_CON_03,JF_MFG_07,JF_STR_01",ENERGY,industry_rule,confirmed
35112,수력 발전업,ENERGY,전기·가스·에너지,JF_MFG_10,"JF_MFG_03,JF_MFG_05,JF_CON_03,JF_MFG_07,JF_STR_01",ENERGY,industry_rule,confirmed
35113,화력 발전업,ENERGY,전기·가스·에너지,JF_MFG_10,"JF_MFG_03,JF_MFG_05,JF_CON_03,JF_MFG_07,JF_STR_01",ENERGY,industry_rule,confirmed
35114,태양력 발전업,ENERGY,전기·가스·에너지,JF_MFG_10,"JF_MFG_03,JF_MFG_05,JF_CON_03,JF_MFG_07,JF_STR_01",ENERGY,industry_rule,confirmed
35115,풍력 발전업,ENERGY,전기·가스·에너지,JF_MFG_10,"JF_MFG_03,JF_MFG_05,JF_CON_03,JF_MFG_07,JF_STR_01",ENERGY,industry_rule,confirmed
35119,기타 발전업,ENERGY,전기·가스·에너지,JF_MFG_10,"JF_MFG_03,JF_MFG_05,JF_CON_03,JF_MFG_07,JF_STR_01",ENERGY,industry_rule,confirmed
35120,송전 및 배전업,ENERGY,전기·가스·에너지,JF_MFG_05,"JF_MFG_03,JF_MFG_05,JF_CON_03,JF_MFG_07,JF_STR_01",ENERGY,industry_rule,confirmed
35130,전기 판매업,ENERGY,전기·가스·에너지,JF_MFG_05,"JF_MFG_03,JF_MFG_05,JF_CON_03,JF_MFG_07,JF_STR_01",ENERGY,industry_rule,confirmed
35200,연료용 가스 제조 및 배관공급업,ENERGY,전기·가스·에너지,JF_MFG_10,"JF_MFG_03,JF_MFG_05,JF_CON_03,JF_MFG_07,JF_STR_01",ENERGY,industry_rule,confirmed
35300,"증기, 냉ㆍ온수 및 공기조절 공급업",ENERGY,전기·가스·에너지,JF_MFG_10,"JF_MFG_03,JF_MFG_05,JF_CON_03,JF_MFG_07,JF_STR_01",ENERGY,industry_rule,confirmed
36010,생활용수 공급업,ENVIRONMENT,환경·폐기물 처리,JF_MFG_03,"JF_MFG_07,JF_CON_04,JF_PUB_05,JF_RND_01,JF_ADM_01",ENVIRONMENT,industry_rule,confirmed
36020,산업용수 공급업,ENVIRONMENT,환경·폐기물 처리,JF_MFG_03,"JF_MFG_07,JF_CON_04,JF_PUB_05,JF_RND_01,JF_ADM_01",ENVIRONMENT,industry_rule,confirmed
37011,하수 처리업,ENVIRONMENT,환경·폐기물 처리,JF_MFG_03,"JF_MFG_07,JF_CON_04,JF_PUB_05,JF_RND_01,JF_ADM_01",ENVIRONMENT,industry_rule,confirmed
37012,폐수 처리업,ENVIRONMENT,환경·폐기물 처리,JF_MFG_03,"JF_MFG_07,JF_CON_04,JF_PUB_05,JF_RND_01,JF_ADM_01",ENVIRONMENT,industry_rule,confirmed
37021,사람 분뇨 처리업,ENVIRONMENT,환경·폐기물 처리,JF_MFG_03,"JF_MFG_07,JF_CON_04,JF_PUB_05,JF_RND_01,JF_ADM_01",ENVIRONMENT,industry_rule,confirmed
37022,축산 분뇨 처리업,ENVIRONMENT,환경·폐기물 처리,JF_MFG_03,"JF_MFG_07,JF_CON_04,JF_PUB_05,JF_RND_01,JF_ADM_01",ENVIRONMENT,industry_rule,confirmed
38110,"지정 외 폐기물 수집, 운반업",ENVIRONMENT,환경·폐기물 처리,JF_MFG_03,"JF_MFG_07,JF_CON_04,JF_PUB_05,JF_RND_01,JF_ADM_01",ENVIRONMENT,industry_rule,confirmed
38120,"지정 폐기물 수집, 운반업",ENVIRONMENT,환경·폐기물 처리,JF_MFG_03,"JF_MFG_07,JF_CON_04,JF_PUB_05,JF_RND_01,JF_ADM_01",ENVIRONMENT,industry_rule,confirmed
38130,"건설 폐기물 수집, 운반업",ENVIRONMENT,환경·폐기물 처리,JF_MFG_03,"JF_MFG_07,JF_CON_04,JF_PUB_05,JF_RND_01,JF_ADM_01",ENVIRONMENT,industry_rule,confirmed
38210,지정 외 폐기물 처리업,ENVIRONMENT,환경·폐기물 처리,JF_MFG_03,"JF_MFG_07,JF_CON_04,JF_PUB_05,JF_RND_01,JF_ADM_01",ENVIRONMENT,industry_rule,confirmed
38220,지정 폐기물 처리업,ENVIRONMENT,환경·폐기물 처리,JF_MFG_03,"JF_MFG_07,JF_CON_04,JF_PUB_05,JF_RND_01,JF_ADM_01",ENVIRONMENT,industry_rule,confirmed
38230,건설 폐기물 처리업,ENVIRONMENT,환경·폐기물 처리,JF_MFG_03,"JF_MFG_07,JF_CON_04,JF_PUB_05,JF_RND_01,JF_ADM_01",ENVIRONMENT,industry_rule,confirmed
38240,"방사성 폐기물 수집, 운반 및 처리업",ENVIRONMENT,환경·폐기물 처리,JF_MFG_10,"JF_MFG_07,JF_CON_04,JF_PUB_05,JF_RND_01,JF_ADM_01",ENVIRONMENT,industry_rule,confirmed
38311,금속류 해체 및 선별업,ENVIRONMENT,환경·폐기물 처리,JF_MFG_03,"JF_MFG_07,JF_CON_04,JF_PUB_05,JF_RND_01,JF_ADM_01",ENVIRONMENT,industry_rule,confirmed
38312,금속류 원료 재생업,ENVIRONMENT,환경·폐기물 처리,JF_MFG_03,"JF_MFG_07,JF_CON_04,JF_PUB_05,JF_RND_01,JF_ADM_01",ENVIRONMENT,industry_rule,confirmed
38321,비금속류 해체 및 선별업,ENVIRONMENT,환경·폐기물 처리,JF_MFG_03,"JF_MFG_07,JF_CON_04,JF_PUB_05,JF_RND_01,JF_ADM_01",ENVIRONMENT,industry_rule,confirmed
38322,비금속류 원료 재생업,ENVIRONMENT,환경·폐기물 처리,JF_MFG_03,"JF_MFG_07,JF_CON_04,JF_PUB_05,JF_RND_01,JF_ADM_01",ENVIRONMENT,industry_rule,confirmed
39001,토양 및 지하수 정화업,ENVIRONMENT,환경·폐기물 처리,JF_MFG_03,"JF_MFG_07,JF_CON_04,JF_PUB_05,JF_RND_01,JF_ADM_01",ENVIRONMENT,industry_rule,confirmed
39009,기타 환경 정화 및 복원업,ENVIRONMENT,환경·폐기물 처리,JF_MFG_03,"JF_MFG_07,JF_CON_04,JF_PUB_05,JF_RND_01,JF_ADM_01",ENVIRONMENT,industry_rule,confirmed
41111,단독 주택 건설업,CONSTRUCTION,건설·부동산,JF_CON_01,"JF_CON_02,JF_CON_03,JF_CON_04,JF_MFG_03,JF_CON_06",CONSTRUCTION,industry_rule,confirmed
41112,아파트 건설업,CONSTRUCTION,건설·부동산,JF_CON_01,"JF_CON_02,JF_CON_03,JF_CON_04,JF_MFG_03,JF_CON_06",CONSTRUCTION,industry_rule,confirmed
41119,기타 공동 주택 건설업,CONSTRUCTION,건설·부동산,JF_CON_01,"JF_CON_02,JF_CON_03,JF_CON_04,JF_MFG_03,JF_CON_06",CONSTRUCTION,industry_rule,confirmed
41121,사무ㆍ상업용 및 공공기관용 건물 건설업,CONSTRUCTION,건설·부동산,JF_CON_01,"JF_CON_02,JF_CON_03,JF_CON_04,JF_MFG_03,JF_CON_06",CONSTRUCTION,industry_rule,confirmed
41122,제조업 및 유사 산업용 건물 건설업,CONSTRUCTION,건설·부동산,JF_CON_01,"JF_CON_02,JF_CON_03,JF_CON_04,JF_MFG_03,JF_CON_06",CONSTRUCTION,industry_rule,confirmed
41129,기타 비주거용 건물 건설업,CONSTRUCTION,건설·부동산,JF_CON_01,"JF_CON_02,JF_CON_03,JF_CON_04,JF_MFG_03,JF_CON_06",CONSTRUCTION,industry_rule,confirmed
41210,지반조성 건설업,CONSTRUCTION,건설·부동산,JF_CON_02,"JF_CON_02,JF_CON_03,JF_CON_04,JF_MFG_03,JF_CON_06",CONSTRUCTION,industry_rule,confirmed
41221,도로 건설업,CONSTRUCTION,건설·부동산,JF_CON_01,"JF_CON_02,JF_CON_03,JF_CON_04,JF_MFG_03,JF_CON_06",CONSTRUCTION,industry_rule,confirmed
41222,"교량, 터널 및 철도 건설업",CONSTRUCTION,건설·부동산,JF_CON_01,"JF_CON_02,JF_CON_03,JF_CON_04,JF_MFG_03,JF_CON_06",CONSTRUCTION,industry_rule,confirmed
41223,"항만, 수로, 댐 및 유사 구조물 건설업",CONSTRUCTION,건설·부동산,JF_CON_01,"JF_CON_02,JF_CON_03,JF_CON_04,JF_MFG_03,JF_CON_06",CONSTRUCTION,industry_rule,confirmed
41224,환경설비 건설업,CONSTRUCTION,건설·부동산,JF_CON_01,"JF_CON_02,JF_CON_03,JF_CON_04,JF_MFG_03,JF_CON_06",CONSTRUCTION,industry_rule,confirmed
41225,산업생산시설 종합건설업,CONSTRUCTION,건설·부동산,JF_CON_01,"JF_CON_02,JF_CON_03,JF_CON_04,JF_MFG_03,JF_CON_06",CONSTRUCTION,industry_rule,confirmed
41226,조경 건설업,CONSTRUCTION,건설·부동산,JF_CON_06,"JF_CON_02,JF_CON_03,JF_CON_04,JF_MFG_03,JF_CON_06",CONSTRUCTION,industry_rule,confirmed
41229,기타 토목시설물 건설업,CONSTRUCTION,건설·부동산,JF_CON_01,"JF_CON_02,JF_CON_03,JF_CON_04,JF_MFG_03,JF_CON_06",CONSTRUCTION,industry_rule,confirmed
42110,건물 및 구축물 해체 공사업,CONSTRUCTION,건설·부동산,JF_CON_02,"JF_CON_02,JF_CON_03,JF_CON_04,JF_MFG_03,JF_CON_06",CONSTRUCTION,industry_rule,confirmed
42121,토공사업,CONSTRUCTION,건설·부동산,JF_CON_01,"JF_CON_02,JF_CON_03,JF_CON_04,JF_MFG_03,JF_CON_06",CONSTRUCTION,industry_rule,confirmed
42122,"보링, 그라우팅 및 관정 공사업",CONSTRUCTION,건설·부동산,JF_CON_01,"JF_CON_02,JF_CON_03,JF_CON_04,JF_MFG_03,JF_CON_06",CONSTRUCTION,industry_rule,confirmed
42123,파일공사 및 축조관련 기초 공사업,CONSTRUCTION,건설·부동산,JF_CON_01,"JF_CON_02,JF_CON_03,JF_CON_04,JF_MFG_03,JF_CON_06",CONSTRUCTION,industry_rule,confirmed
42129,기타 기반조성 관련 전문공사업,CONSTRUCTION,건설·부동산,JF_CON_01,"JF_CON_02,JF_CON_03,JF_CON_04,JF_MFG_03,JF_CON_06",CONSTRUCTION,industry_rule,confirmed
42131,철골 및 관련 구조물 공사업,CONSTRUCTION,건설·부동산,JF_CON_01,"JF_CON_02,JF_CON_03,JF_CON_04,JF_MFG_03,JF_CON_06",CONSTRUCTION,industry_rule,confirmed
42132,콘크리트 및 철근 공사업,CONSTRUCTION,건설·부동산,JF_CON_01,"JF_CON_02,JF_CON_03,JF_CON_04,JF_MFG_03,JF_CON_06",CONSTRUCTION,industry_rule,confirmed
42191,조적 및 석공사업,CONSTRUCTION,건설·부동산,JF_CON_01,"JF_CON_02,JF_CON_03,JF_CON_04,JF_MFG_03,JF_CON_06",CONSTRUCTION,industry_rule,confirmed
42192,포장 공사업,CONSTRUCTION,건설·부동산,JF_CON_01,"JF_CON_02,JF_CON_03,JF_CON_04,JF_MFG_03,JF_CON_06",CONSTRUCTION,industry_rule,confirmed
42193,철도궤도 전문공사업,CONSTRUCTION,건설·부동산,JF_CON_01,"JF_CON_02,JF_CON_03,JF_CON_04,JF_MFG_03,JF_CON_06",CONSTRUCTION,industry_rule,confirmed
42194,수중 공사업,CONSTRUCTION,건설·부동산,JF_CON_01,"JF_CON_02,JF_CON_03,JF_CON_04,JF_MFG_03,JF_CON_06",CONSTRUCTION,industry_rule,confirmed
42195,비계 및 형틀 공사업,CONSTRUCTION,건설·부동산,JF_CON_01,"JF_CON_02,JF_CON_03,JF_CON_04,JF_MFG_03,JF_CON_06",CONSTRUCTION,industry_rule,confirmed
42196,"지붕, 내ㆍ외벽 축조 관련 전문 공사업",CONSTRUCTION,건설·부동산,JF_CON_01,"JF_CON_02,JF_CON_03,JF_CON_04,JF_MFG_03,JF_CON_06",CONSTRUCTION,industry_rule,confirmed
42199,기타 옥외 시설물 축조 관련 전문공사업,CONSTRUCTION,건설·부동산,JF_CON_01,"JF_CON_02,JF_CON_03,JF_CON_04,JF_MFG_03,JF_CON_06",CONSTRUCTION,industry_rule,confirmed
42201,배관 및 냉ㆍ난방 공사업,CONSTRUCTION,건설·부동산,JF_CON_03,"JF_CON_02,JF_CON_03,JF_CON_04,JF_MFG_03,JF_CON_06",CONSTRUCTION,industry_rule,confirmed
42202,건물용 기계ㆍ장비 설치 공사업,CONSTRUCTION,건설·부동산,JF_CON_01,"JF_CON_02,JF_CON_03,JF_CON_04,JF_MFG_03,JF_CON_06",CONSTRUCTION,industry_rule,confirmed
42203,승강설비 설치 공사업,CONSTRUCTION,건설·부동산,JF_CON_01,"JF_CON_02,JF_CON_03,JF_CON_04,JF_MFG_03,JF_CON_06",CONSTRUCTION,industry_rule,confirmed
42204,"방음, 방진 및 내화 공사업",CONSTRUCTION,건설·부동산,JF_CON_04,"JF_CON_02,JF_CON_03,JF_CON_04,JF_MFG_03,JF_CON_06",CONSTRUCTION,industry_rule,confirmed
42205,소방시설 공사업,CONSTRUCTION,건설·부동산,JF_CON_04,"JF_CON_02,JF_CON_03,JF_CON_04,JF_MFG_03,JF_CON_06",CONSTRUCTION,industry_rule,confirmed
42209,기타 건물 관련설비 설치 공사업,CONSTRUCTION,건설·부동산,JF_CON_03,"JF_CON_02,JF_CON_03,JF_CON_04,JF_MFG_03,JF_CON_06",CONSTRUCTION,industry_rule,confirmed
42311,일반전기 공사업,CONSTRUCTION,건설·부동산,JF_CON_01,"JF_CON_02,JF_CON_03,JF_CON_04,JF_MFG_03,JF_CON_06",CONSTRUCTION,industry_rule,confirmed
42312,내부 전기배선 공사업,CONSTRUCTION,건설·부동산,JF_CON_01,"JF_CON_02,JF_CON_03,JF_CON_04,JF_MFG_03,JF_CON_06",CONSTRUCTION,industry_rule,confirmed
42321,일반 통신 공사업,CONSTRUCTION,건설·부동산,JF_CON_01,"JF_CON_02,JF_CON_03,JF_CON_04,JF_MFG_03,JF_CON_06",CONSTRUCTION,industry_rule,confirmed
42322,내부 통신배선 공사업,CONSTRUCTION,건설·부동산,JF_CON_01,"JF_CON_02,JF_CON_03,JF_CON_04,JF_MFG_03,JF_CON_06",CONSTRUCTION,industry_rule,confirmed
42411,도장 공사업,CONSTRUCTION,건설·부동산,JF_CON_05,"JF_CON_02,JF_CON_03,JF_CON_04,JF_MFG_03,JF_CON_06",CONSTRUCTION,industry_rule,confirmed
42412,"도배, 실내장식 및 내장 목공사업",CONSTRUCTION,건설·부동산,JF_CON_01,"JF_CON_02,JF_CON_03,JF_CON_04,JF_MFG_03,JF_CON_06",CONSTRUCTION,industry_rule,confirmed
42420,유리 및 창호 공사업,CONSTRUCTION,건설·부동산,JF_CON_01,"JF_CON_02,JF_CON_03,JF_CON_04,JF_MFG_03,JF_CON_06",CONSTRUCTION,industry_rule,confirmed
42491,"미장, 타일 및 방수 공사업",CONSTRUCTION,건설·부동산,JF_CON_01,"JF_CON_02,JF_CON_03,JF_CON_04,JF_MFG_03,JF_CON_06",CONSTRUCTION,industry_rule,confirmed
42492,건물용 금속공작물 설치 공사업,CONSTRUCTION,건설·부동산,JF_CON_02,"JF_CON_02,JF_CON_03,JF_CON_04,JF_MFG_03,JF_CON_06",CONSTRUCTION,industry_rule,confirmed
42499,그 외 기타 건축 마무리 공사업,CONSTRUCTION,건설·부동산,JF_CON_05,"JF_CON_02,JF_CON_03,JF_CON_04,JF_MFG_03,JF_CON_06",CONSTRUCTION,industry_rule,confirmed
42500,시설물 유지관리 공사업,CONSTRUCTION,건설·부동산,JF_CON_04,"JF_CON_02,JF_CON_03,JF_CON_04,JF_MFG_03,JF_CON_06",CONSTRUCTION,industry_rule,confirmed
42600,건설장비 운영업,CONSTRUCTION,건설·부동산,JF_CON_02,"JF_CON_02,JF_CON_03,JF_CON_04,JF_MFG_03,JF_CON_06",CONSTRUCTION,industry_rule,confirmed
45110,자동차 신품 판매업,RETAIL_TRADE,도매·소매업,JF_SAL_04,"JF_SAL_04,JF_OPS_03,JF_PMD_01,JF_MKT_05,JF_SVC_08",RETAIL_TRADE,industry_rule,confirmed
45120,중고 자동차 판매업,RETAIL_TRADE,도매·소매업,JF_SAL_04,"JF_SAL_04,JF_OPS_03,JF_PMD_01,JF_MKT_05,JF_SVC_08",RETAIL_TRADE,industry_rule,confirmed
45211,자동차 신품 타이어 및 튜브 판매업,RETAIL_TRADE,도매·소매업,JF_SAL_01,"JF_SAL_04,JF_OPS_03,JF_PMD_01,JF_MKT_05,JF_SVC_08",RETAIL_TRADE,industry_rule,confirmed
45212,자동차용 전용 신품 부품 판매업,RETAIL_TRADE,도매·소매업,JF_SAL_01,"JF_SAL_04,JF_OPS_03,JF_PMD_01,JF_MKT_05,JF_SVC_08",RETAIL_TRADE,industry_rule,confirmed
45213,자동차 내장용 신품 전기ㆍ전자ㆍ정밀 기기판매업,RETAIL_TRADE,도매·소매업,JF_SAL_01,"JF_SAL_04,JF_OPS_03,JF_PMD_01,JF_MKT_05,JF_SVC_08",RETAIL_TRADE,industry_rule,confirmed
45219,기타 자동차 신품 부품 및 내장품 판매업,RETAIL_TRADE,도매·소매업,JF_SAL_01,"JF_SAL_04,JF_OPS_03,JF_PMD_01,JF_MKT_05,JF_SVC_08",RETAIL_TRADE,industry_rule,confirmed
45220,자동차 중고 부품 및 내장품 판매업,RETAIL_TRADE,도매·소매업,JF_SAL_01,"JF_SAL_04,JF_OPS_03,JF_PMD_01,JF_MKT_05,JF_SVC_08",RETAIL_TRADE,industry_rule,confirmed
45301,모터사이클 및 부품 도매업,RETAIL_TRADE,도매·소매업,JF_SAL_01,"JF_SAL_04,JF_OPS_03,JF_PMD_01,JF_MKT_05,JF_SVC_08",RETAIL_TRADE,industry_rule,confirmed
45302,모터사이클 및 부품 소매업,RETAIL_TRADE,도매·소매업,JF_SAL_01,"JF_SAL_04,JF_OPS_03,JF_PMD_01,JF_MKT_05,JF_SVC_08",RETAIL_TRADE,industry_rule,confirmed
46101,"산업용 농ㆍ축산물, 섬유 원료 및 동물 중개업",RETAIL_TRADE,도매·소매업,JF_SAL_01,"JF_SAL_04,JF_OPS_03,JF_PMD_01,JF_MKT_05,JF_SVC_08",RETAIL_TRADE,industry_rule,confirmed
46102,음ㆍ식료품 및 담배 중개업,RETAIL_TRADE,도매·소매업,JF_SAL_01,"JF_SAL_04,JF_OPS_03,JF_PMD_01,JF_MKT_05,JF_SVC_08",RETAIL_TRADE,industry_rule,confirmed
46103,"섬유, 의복, 신발 및 가죽제품 중개업",RETAIL_TRADE,도매·소매업,JF_SAL_01,"JF_SAL_04,JF_OPS_03,JF_PMD_01,JF_MKT_05,JF_SVC_08",RETAIL_TRADE,industry_rule,confirmed
46104,목재 및 건축자재 중개업,RETAIL_TRADE,도매·소매업,JF_SAL_01,"JF_SAL_04,JF_OPS_03,JF_PMD_01,JF_MKT_05,JF_SVC_08",RETAIL_TRADE,industry_rule,confirmed
46105,"연료, 광물, 1차 금속, 비료 및 화학제품 중개업",RETAIL_TRADE,도매·소매업,JF_SAL_01,"JF_SAL_04,JF_OPS_03,JF_PMD_01,JF_MKT_05,JF_SVC_08",RETAIL_TRADE,industry_rule,confirmed
46106,기계 및 장비 중개업,RETAIL_TRADE,도매·소매업,JF_SAL_01,"JF_SAL_04,JF_OPS_03,JF_PMD_01,JF_MKT_05,JF_SVC_08",RETAIL_TRADE,industry_rule,confirmed
46107,그 외 기타 특정 상품 중개업,RETAIL_TRADE,도매·소매업,JF_SAL_01,"JF_SAL_04,JF_OPS_03,JF_PMD_01,JF_MKT_05,JF_SVC_08",RETAIL_TRADE,industry_rule,confirmed
46109,상품 종합 중개업,RETAIL_TRADE,도매·소매업,JF_SAL_01,"JF_SAL_04,JF_OPS_03,JF_PMD_01,JF_MKT_05,JF_SVC_08",RETAIL_TRADE,industry_rule,confirmed
46201,곡물 및 유지작물 도매업,RETAIL_TRADE,도매·소매업,JF_SAL_01,"JF_SAL_04,JF_OPS_03,JF_PMD_01,JF_MKT_05,JF_SVC_08",RETAIL_TRADE,industry_rule,confirmed
46202,종자 및 묘목 도매업,RETAIL_TRADE,도매·소매업,JF_SAL_01,"JF_SAL_04,JF_OPS_03,JF_PMD_01,JF_MKT_05,JF_SVC_08",RETAIL_TRADE,industry_rule,confirmed
46203,사료 도매업,RETAIL_TRADE,도매·소매업,JF_SAL_01,"JF_SAL_04,JF_OPS_03,JF_PMD_01,JF_MKT_05,JF_SVC_08",RETAIL_TRADE,industry_rule,confirmed
46204,화훼류 및 식물 도매업,RETAIL_TRADE,도매·소매업,JF_SAL_01,"JF_SAL_04,JF_OPS_03,JF_PMD_01,JF_MKT_05,JF_SVC_08",RETAIL_TRADE,industry_rule,confirmed
46205,육지 동물 및 반려 동물 도매업,RETAIL_TRADE,도매·소매업,JF_SAL_01,"JF_SAL_04,JF_OPS_03,JF_PMD_01,JF_MKT_05,JF_SVC_08",RETAIL_TRADE,industry_rule,confirmed
46209,기타 산업용 농산물 도매업,RETAIL_TRADE,도매·소매업,JF_SAL_01,"JF_SAL_04,JF_OPS_03,JF_PMD_01,JF_MKT_05,JF_SVC_08",RETAIL_TRADE,industry_rule,confirmed
46311,과실류 도매업,RETAIL_TRADE,도매·소매업,JF_SAL_01,"JF_SAL_04,JF_OPS_03,JF_PMD_01,JF_MKT_05,JF_SVC_08",RETAIL_TRADE,industry_rule,confirmed
46312,"채소류, 서류 및 향신작물류 도매업",RETAIL_TRADE,도매·소매업,JF_SAL_01,"JF_SAL_04,JF_OPS_03,JF_PMD_01,JF_MKT_05,JF_SVC_08",RETAIL_TRADE,industry_rule,confirmed
46313,육류 도매업,RETAIL_TRADE,도매·소매업,JF_SAL_01,"JF_SAL_04,JF_OPS_03,JF_PMD_01,JF_MKT_05,JF_SVC_08",RETAIL_TRADE,industry_rule,confirmed
46314,건어물 및 젓갈류 도매업,RETAIL_TRADE,도매·소매업,JF_SAL_01,"JF_SAL_04,JF_OPS_03,JF_PMD_01,JF_MKT_05,JF_SVC_08",RETAIL_TRADE,industry_rule,confirmed
46315,"신선, 냉동 및 기타 수산물 도매업",RETAIL_TRADE,도매·소매업,JF_SAL_01,"JF_SAL_04,JF_OPS_03,JF_PMD_01,JF_MKT_05,JF_SVC_08",RETAIL_TRADE,industry_rule,confirmed
46319,기타 신선식품 및 단순 가공식품 도매업,RETAIL_TRADE,도매·소매업,JF_SAL_01,"JF_SAL_04,JF_OPS_03,JF_PMD_01,JF_MKT_05,JF_SVC_08",RETAIL_TRADE,industry_rule,confirmed
46321,육류 가공식품 도매업,RETAIL_TRADE,도매·소매업,JF_SAL_01,"JF_SAL_04,JF_OPS_03,JF_PMD_01,JF_MKT_05,JF_SVC_08",RETAIL_TRADE,industry_rule,confirmed
46322,수산물 가공식품 도매업,RETAIL_TRADE,도매·소매업,JF_SAL_01,"JF_SAL_04,JF_OPS_03,JF_PMD_01,JF_MKT_05,JF_SVC_08",RETAIL_TRADE,industry_rule,confirmed
46323,"빵류, 과자류, 당류, 초콜릿 도매업",RETAIL_TRADE,도매·소매업,JF_SAL_01,"JF_SAL_04,JF_OPS_03,JF_PMD_01,JF_MKT_05,JF_SVC_08",RETAIL_TRADE,industry_rule,confirmed
46324,낙농품 및 동ㆍ식물성 유지 도매업,RETAIL_TRADE,도매·소매업,JF_SAL_01,"JF_SAL_04,JF_OPS_03,JF_PMD_01,JF_MKT_05,JF_SVC_08",RETAIL_TRADE,industry_rule,confirmed
46325,커피 및 차류 도매업,RETAIL_TRADE,도매·소매업,JF_SAL_01,"JF_SAL_04,JF_OPS_03,JF_PMD_01,JF_MKT_05,JF_SVC_08",RETAIL_TRADE,industry_rule,confirmed
46326,조미료 도매업,RETAIL_TRADE,도매·소매업,JF_SAL_01,"JF_SAL_04,JF_OPS_03,JF_PMD_01,JF_MKT_05,JF_SVC_08",RETAIL_TRADE,industry_rule,confirmed
46329,기타 가공식품 도매업,RETAIL_TRADE,도매·소매업,JF_SAL_01,"JF_SAL_04,JF_OPS_03,JF_PMD_01,JF_MKT_05,JF_SVC_08",RETAIL_TRADE,industry_rule,confirmed
46331,주류 도매업,RETAIL_TRADE,도매·소매업,JF_SAL_01,"JF_SAL_04,JF_OPS_03,JF_PMD_01,JF_MKT_05,JF_SVC_08",RETAIL_TRADE,industry_rule,confirmed
46332,비알코올음료 도매업,RETAIL_TRADE,도매·소매업,JF_SAL_01,"JF_SAL_04,JF_OPS_03,JF_PMD_01,JF_MKT_05,JF_SVC_08",RETAIL_TRADE,industry_rule,confirmed
46333,담배 도매업,RETAIL_TRADE,도매·소매업,JF_SAL_01,"JF_SAL_04,JF_OPS_03,JF_PMD_01,JF_MKT_05,JF_SVC_08",RETAIL_TRADE,industry_rule,confirmed
46411,생활용 섬유 및 실 도매업,RETAIL_TRADE,도매·소매업,JF_SAL_01,"JF_SAL_04,JF_OPS_03,JF_PMD_01,JF_MKT_05,JF_SVC_08",RETAIL_TRADE,industry_rule,confirmed
46412,커튼 및 침구용품 도매업,RETAIL_TRADE,도매·소매업,JF_SAL_01,"JF_SAL_04,JF_OPS_03,JF_PMD_01,JF_MKT_05,JF_SVC_08",RETAIL_TRADE,industry_rule,confirmed
46413,남녀용 겉옷 및 셔츠 도매업,RETAIL_TRADE,도매·소매업,JF_SAL_01,"JF_SAL_04,JF_OPS_03,JF_PMD_01,JF_MKT_05,JF_SVC_08",RETAIL_TRADE,industry_rule,confirmed
46414,유아용 의류 도매업,RETAIL_TRADE,도매·소매업,JF_SAL_01,"JF_SAL_04,JF_OPS_03,JF_PMD_01,JF_MKT_05,JF_SVC_08",RETAIL_TRADE,industry_rule,confirmed
46415,속옷 및 잠옷 도매업,RETAIL_TRADE,도매·소매업,JF_SAL_01,"JF_SAL_04,JF_OPS_03,JF_PMD_01,JF_MKT_05,JF_SVC_08",RETAIL_TRADE,industry_rule,confirmed
46416,가죽 및 모피제품 도매업,RETAIL_TRADE,도매·소매업,JF_SAL_01,"JF_SAL_04,JF_OPS_03,JF_PMD_01,JF_MKT_05,JF_SVC_08",RETAIL_TRADE,industry_rule,confirmed
46417,의복 액세서리 및 모조 장신구 도매업,RETAIL_TRADE,도매·소매업,JF_SAL_01,"JF_SAL_04,JF_OPS_03,JF_PMD_01,JF_MKT_05,JF_SVC_08",RETAIL_TRADE,industry_rule,confirmed
46419,기타 생활용 섬유 및 직물제품 도매업,RETAIL_TRADE,도매·소매업,JF_SAL_01,"JF_SAL_04,JF_OPS_03,JF_PMD_01,JF_MKT_05,JF_SVC_08",RETAIL_TRADE,industry_rule,confirmed
46420,신발 도매업,RETAIL_TRADE,도매·소매업,JF_SAL_01,"JF_SAL_04,JF_OPS_03,JF_PMD_01,JF_MKT_05,JF_SVC_08",RETAIL_TRADE,industry_rule,confirmed
46431,생활용 가구 도매업,RETAIL_TRADE,도매·소매업,JF_SAL_01,"JF_SAL_04,JF_OPS_03,JF_PMD_01,JF_MKT_05,JF_SVC_08",RETAIL_TRADE,industry_rule,confirmed
46432,"전구, 램프 및 조명장치 도매업",RETAIL_TRADE,도매·소매업,JF_SAL_01,"JF_SAL_04,JF_OPS_03,JF_PMD_01,JF_MKT_05,JF_SVC_08",RETAIL_TRADE,industry_rule,confirmed
46433,생활용 유리ㆍ요업ㆍ목재ㆍ금속 제품 및 날붙이 도매업,RETAIL_TRADE,도매·소매업,JF_SAL_01,"JF_SAL_04,JF_OPS_03,JF_PMD_01,JF_MKT_05,JF_SVC_08",RETAIL_TRADE,industry_rule,confirmed
46439,기타 비전기식 생활용 기기 및 기구 도매업,RETAIL_TRADE,도매·소매업,JF_SAL_01,"JF_SAL_04,JF_OPS_03,JF_PMD_01,JF_MKT_05,JF_SVC_08",RETAIL_TRADE,industry_rule,confirmed
46441,의약품 도매업,RETAIL_TRADE,도매·소매업,JF_SAL_01,"JF_SAL_04,JF_OPS_03,JF_PMD_01,JF_MKT_05,JF_SVC_08",RETAIL_TRADE,industry_rule,confirmed
46442,의료용품 도매업,RETAIL_TRADE,도매·소매업,JF_SAL_01,"JF_SAL_04,JF_OPS_03,JF_PMD_01,JF_MKT_05,JF_SVC_08",RETAIL_TRADE,industry_rule,confirmed
46443,화장품 및 화장용품 도매업,RETAIL_TRADE,도매·소매업,JF_SAL_01,"JF_SAL_04,JF_OPS_03,JF_PMD_01,JF_MKT_05,JF_SVC_08",RETAIL_TRADE,industry_rule,confirmed
46444,비누 및 세정제 도매업,RETAIL_TRADE,도매·소매업,JF_SAL_01,"JF_SAL_04,JF_OPS_03,JF_PMD_01,JF_MKT_05,JF_SVC_08",RETAIL_TRADE,industry_rule,confirmed
46451,"생활용 포장 및 위생용품, 봉투 및 유사 제품 도매업",RETAIL_TRADE,도매·소매업,JF_SAL_01,"JF_SAL_04,JF_OPS_03,JF_PMD_01,JF_MKT_05,JF_SVC_08",RETAIL_TRADE,industry_rule,confirmed
46452,"문구용품, 회화용품, 사무용품 도매업",RETAIL_TRADE,도매·소매업,JF_SAL_01,"JF_SAL_04,JF_OPS_03,JF_PMD_01,JF_MKT_05,JF_SVC_08",RETAIL_TRADE,industry_rule,confirmed
46453,"서적, 잡지 및 기타 인쇄물 도매업",RETAIL_TRADE,도매·소매업,JF_SAL_01,"JF_SAL_04,JF_OPS_03,JF_PMD_01,JF_MKT_05,JF_SVC_08",RETAIL_TRADE,industry_rule,confirmed
46461,음반 및 비디오물 도매업,RETAIL_TRADE,도매·소매업,JF_SAL_01,"JF_SAL_04,JF_OPS_03,JF_PMD_01,JF_MKT_05,JF_SVC_08",RETAIL_TRADE,industry_rule,confirmed
46462,악기 도매업,RETAIL_TRADE,도매·소매업,JF_SAL_01,"JF_SAL_04,JF_OPS_03,JF_PMD_01,JF_MKT_05,JF_SVC_08",RETAIL_TRADE,industry_rule,confirmed
46463,"장난감 및 취미, 오락용품 도매업",RETAIL_TRADE,도매·소매업,JF_SAL_01,"JF_SAL_04,JF_OPS_03,JF_PMD_01,JF_MKT_05,JF_SVC_08",RETAIL_TRADE,industry_rule,confirmed
46464,운동 및 경기용품 도매업,RETAIL_TRADE,도매·소매업,JF_SAL_01,"JF_SAL_04,JF_OPS_03,JF_PMD_01,JF_MKT_05,JF_SVC_08",RETAIL_TRADE,industry_rule,confirmed
46465,자전거 및 기타 운송장비 도매업,RETAIL_TRADE,도매·소매업,JF_SAL_01,"JF_SAL_04,JF_OPS_03,JF_PMD_01,JF_MKT_05,JF_SVC_08",RETAIL_TRADE,industry_rule,confirmed
46491,가방 및 보호용 케이스 도매업,RETAIL_TRADE,도매·소매업,JF_SAL_01,"JF_SAL_04,JF_OPS_03,JF_PMD_01,JF_MKT_05,JF_SVC_08",RETAIL_TRADE,industry_rule,confirmed
46492,시계 및 귀금속제품 도매업,RETAIL_TRADE,도매·소매업,JF_SAL_01,"JF_SAL_04,JF_OPS_03,JF_PMD_01,JF_MKT_05,JF_SVC_08",RETAIL_TRADE,industry_rule,confirmed
46493,"안경, 사진장비 및 광학용품 도매업",RETAIL_TRADE,도매·소매업,JF_SAL_01,"JF_SAL_04,JF_OPS_03,JF_PMD_01,JF_MKT_05,JF_SVC_08",RETAIL_TRADE,industry_rule,confirmed
46499,그 외 기타 생활용품 도매업,RETAIL_TRADE,도매·소매업,JF_SAL_01,"JF_SAL_04,JF_OPS_03,JF_PMD_01,JF_MKT_05,JF_SVC_08",RETAIL_TRADE,industry_rule,confirmed
46510,"컴퓨터 및 주변장치, 소프트웨어 도매업",RETAIL_TRADE,도매·소매업,JF_SAL_01,"JF_SAL_04,JF_OPS_03,JF_PMD_01,JF_MKT_05,JF_SVC_08",RETAIL_TRADE,industry_rule,confirmed
46521,가전제품 및 부품 도매업,RETAIL_TRADE,도매·소매업,JF_SAL_01,"JF_SAL_04,JF_OPS_03,JF_PMD_01,JF_MKT_05,JF_SVC_08",RETAIL_TRADE,industry_rule,confirmed
46522,통신ㆍ방송장비 및 부품 도매업,RETAIL_TRADE,도매·소매업,JF_SAL_01,"JF_SAL_04,JF_OPS_03,JF_PMD_01,JF_MKT_05,JF_SVC_08",RETAIL_TRADE,industry_rule,confirmed
46531,농림업용 기계 및 장비 도매업,RETAIL_TRADE,도매·소매업,JF_SAL_01,"JF_SAL_04,JF_OPS_03,JF_PMD_01,JF_MKT_05,JF_SVC_08",RETAIL_TRADE,industry_rule,confirmed
46532,건설ㆍ광업용 기계 및 장비 도매업,RETAIL_TRADE,도매·소매업,JF_SAL_01,"JF_SAL_04,JF_OPS_03,JF_PMD_01,JF_MKT_05,JF_SVC_08",RETAIL_TRADE,industry_rule,confirmed
46533,공작용 기계 및 장비 도매업,RETAIL_TRADE,도매·소매업,JF_SAL_01,"JF_SAL_04,JF_OPS_03,JF_PMD_01,JF_MKT_05,JF_SVC_08",RETAIL_TRADE,industry_rule,confirmed
46539,기타 산업용 기계 및 장비 도매업,RETAIL_TRADE,도매·소매업,JF_SAL_01,"JF_SAL_04,JF_OPS_03,JF_PMD_01,JF_MKT_05,JF_SVC_08",RETAIL_TRADE,industry_rule,confirmed
46591,사무용 가구 및 기기 도매업,RETAIL_TRADE,도매·소매업,JF_SAL_01,"JF_SAL_04,JF_OPS_03,JF_PMD_01,JF_MKT_05,JF_SVC_08",RETAIL_TRADE,industry_rule,confirmed
46592,의료기기 도매업,RETAIL_TRADE,도매·소매업,JF_SAL_01,"JF_SAL_04,JF_OPS_03,JF_PMD_01,JF_MKT_05,JF_SVC_08",RETAIL_TRADE,industry_rule,confirmed
46593,정밀기기 및 과학기기 도매업,RETAIL_TRADE,도매·소매업,JF_SAL_01,"JF_SAL_04,JF_OPS_03,JF_PMD_01,JF_MKT_05,JF_SVC_08",RETAIL_TRADE,industry_rule,confirmed
46594,수송용 운송장비 도매업,RETAIL_TRADE,도매·소매업,JF_SAL_01,"JF_SAL_04,JF_OPS_03,JF_PMD_01,JF_MKT_05,JF_SVC_08",RETAIL_TRADE,industry_rule,confirmed
46595,전기용 기계ㆍ장비 및 관련 기자재 도매업,RETAIL_TRADE,도매·소매업,JF_SAL_01,"JF_SAL_04,JF_OPS_03,JF_PMD_01,JF_MKT_05,JF_SVC_08",RETAIL_TRADE,industry_rule,confirmed
46596,전지 및 케이블 도매업,RETAIL_TRADE,도매·소매업,JF_SAL_01,"JF_SAL_04,JF_OPS_03,JF_PMD_01,JF_MKT_05,JF_SVC_08",RETAIL_TRADE,industry_rule,confirmed
46599,그 외 기타 기계 및 장비 도매업,RETAIL_TRADE,도매·소매업,JF_SAL_01,"JF_SAL_04,JF_OPS_03,JF_PMD_01,JF_MKT_05,JF_SVC_08",RETAIL_TRADE,industry_rule,confirmed
46611,원목 및 건축관련 목제품 도매업,RETAIL_TRADE,도매·소매업,JF_SAL_01,"JF_SAL_04,JF_OPS_03,JF_PMD_01,JF_MKT_05,JF_SVC_08",RETAIL_TRADE,industry_rule,confirmed
46612,"골재, 벽돌 및 시멘트 도매업",RETAIL_TRADE,도매·소매업,JF_SAL_01,"JF_SAL_04,JF_OPS_03,JF_PMD_01,JF_MKT_05,JF_SVC_08",RETAIL_TRADE,industry_rule,confirmed
46613,유리 및 창호 도매업,RETAIL_TRADE,도매·소매업,JF_SAL_01,"JF_SAL_04,JF_OPS_03,JF_PMD_01,JF_MKT_05,JF_SVC_08",RETAIL_TRADE,industry_rule,confirmed
46621,배관 및 냉ㆍ난방장치 도매업,RETAIL_TRADE,도매·소매업,JF_SAL_01,"JF_SAL_04,JF_OPS_03,JF_PMD_01,JF_MKT_05,JF_SVC_08",RETAIL_TRADE,industry_rule,confirmed
46622,"철물, 금속 파스너 및 수공구 도매업",RETAIL_TRADE,도매·소매업,JF_SAL_01,"JF_SAL_04,JF_OPS_03,JF_PMD_01,JF_MKT_05,JF_SVC_08",RETAIL_TRADE,industry_rule,confirmed
46691,도료 도매업,RETAIL_TRADE,도매·소매업,JF_SAL_01,"JF_SAL_04,JF_OPS_03,JF_PMD_01,JF_MKT_05,JF_SVC_08",RETAIL_TRADE,industry_rule,confirmed
46692,벽지 및 장판류 도매업,RETAIL_TRADE,도매·소매업,JF_SAL_01,"JF_SAL_04,JF_OPS_03,JF_PMD_01,JF_MKT_05,JF_SVC_08",RETAIL_TRADE,industry_rule,confirmed
46699,그 외 기타 건축자재 도매업,RETAIL_TRADE,도매·소매업,JF_SAL_01,"JF_SAL_04,JF_OPS_03,JF_PMD_01,JF_MKT_05,JF_SVC_08",RETAIL_TRADE,industry_rule,confirmed
46711,고체연료 및 관련제품 도매업,RETAIL_TRADE,도매·소매업,JF_SAL_01,"JF_SAL_04,JF_OPS_03,JF_PMD_01,JF_MKT_05,JF_SVC_08",RETAIL_TRADE,industry_rule,confirmed
46712,액체연료 및 관련제품 도매업,RETAIL_TRADE,도매·소매업,JF_SAL_01,"JF_SAL_04,JF_OPS_03,JF_PMD_01,JF_MKT_05,JF_SVC_08",RETAIL_TRADE,industry_rule,confirmed
46713,기체연료 및 관련제품 도매업,RETAIL_TRADE,도매·소매업,JF_SAL_01,"JF_SAL_04,JF_OPS_03,JF_PMD_01,JF_MKT_05,JF_SVC_08",RETAIL_TRADE,industry_rule,confirmed
46721,1차 금속제품 도매업,RETAIL_TRADE,도매·소매업,JF_SAL_01,"JF_SAL_04,JF_OPS_03,JF_PMD_01,JF_MKT_05,JF_SVC_08",RETAIL_TRADE,industry_rule,confirmed
46722,금속광물 도매업,RETAIL_TRADE,도매·소매업,JF_SAL_01,"JF_SAL_04,JF_OPS_03,JF_PMD_01,JF_MKT_05,JF_SVC_08",RETAIL_TRADE,industry_rule,confirmed
46731,"염료, 안료 및 관련제품 도매업",RETAIL_TRADE,도매·소매업,JF_SAL_01,"JF_SAL_04,JF_OPS_03,JF_PMD_01,JF_MKT_05,JF_SVC_08",RETAIL_TRADE,industry_rule,confirmed
46732,비료 및 농약 도매업,RETAIL_TRADE,도매·소매업,JF_SAL_01,"JF_SAL_04,JF_OPS_03,JF_PMD_01,JF_MKT_05,JF_SVC_08",RETAIL_TRADE,industry_rule,confirmed
46733,플라스틱물질 및 합성고무 도매업,RETAIL_TRADE,도매·소매업,JF_SAL_01,"JF_SAL_04,JF_OPS_03,JF_PMD_01,JF_MKT_05,JF_SVC_08",RETAIL_TRADE,industry_rule,confirmed
46739,기타 화학물질 및 화학제품 도매업,RETAIL_TRADE,도매·소매업,JF_SAL_01,"JF_SAL_04,JF_OPS_03,JF_PMD_01,JF_MKT_05,JF_SVC_08",RETAIL_TRADE,industry_rule,confirmed
46741,방직용 섬유 및 실 도매업,RETAIL_TRADE,도매·소매업,JF_SAL_01,"JF_SAL_04,JF_OPS_03,JF_PMD_01,JF_MKT_05,JF_SVC_08",RETAIL_TRADE,industry_rule,confirmed
46742,직물 도매업,RETAIL_TRADE,도매·소매업,JF_SAL_01,"JF_SAL_04,JF_OPS_03,JF_PMD_01,JF_MKT_05,JF_SVC_08",RETAIL_TRADE,industry_rule,confirmed
46750,"종이 원지, 판지, 종이상자 도매업",RETAIL_TRADE,도매·소매업,JF_SAL_01,"JF_SAL_04,JF_OPS_03,JF_PMD_01,JF_MKT_05,JF_SVC_08",RETAIL_TRADE,industry_rule,confirmed
46791,재생용 재료 수집 및 판매업,RETAIL_TRADE,도매·소매업,JF_SAL_04,"JF_SAL_04,JF_OPS_03,JF_PMD_01,JF_MKT_05,JF_SVC_08",RETAIL_TRADE,industry_rule,confirmed
46799,그 외 기타 상품 전문 도매업,RETAIL_TRADE,도매·소매업,JF_SAL_01,"JF_SAL_04,JF_OPS_03,JF_PMD_01,JF_MKT_05,JF_SVC_08",RETAIL_TRADE,industry_rule,confirmed
46800,상품 종합 도매업,RETAIL_TRADE,도매·소매업,JF_SAL_01,"JF_SAL_04,JF_OPS_03,JF_PMD_01,JF_MKT_05,JF_SVC_08",RETAIL_TRADE,industry_rule,confirmed
47111,백화점,RETAIL_TRADE,도매·소매업,JF_SAL_04,"JF_SAL_04,JF_OPS_03,JF_PMD_01,JF_MKT_05,JF_SVC_08",RETAIL_TRADE,industry_rule,confirmed
47112,대형 마트,RETAIL_TRADE,도매·소매업,JF_SAL_04,"JF_SAL_04,JF_OPS_03,JF_PMD_01,JF_MKT_05,JF_SVC_08",RETAIL_TRADE,industry_rule,confirmed
47119,기타 대형 종합 소매업,RETAIL_TRADE,도매·소매업,JF_SAL_04,"JF_SAL_04,JF_OPS_03,JF_PMD_01,JF_MKT_05,JF_SVC_08",RETAIL_TRADE,industry_rule,confirmed
47121,슈퍼마켓,RETAIL_TRADE,도매·소매업,JF_SAL_04,"JF_SAL_04,JF_OPS_03,JF_PMD_01,JF_MKT_05,JF_SVC_08",RETAIL_TRADE,industry_rule,confirmed
47122,체인화 편의점,RETAIL_TRADE,도매·소매업,JF_SAL_04,"JF_SAL_04,JF_OPS_03,JF_PMD_01,JF_MKT_05,JF_SVC_08",RETAIL_TRADE,industry_rule,confirmed
47129,기타 음ㆍ식료품 위주 종합 소매업,RETAIL_TRADE,도매·소매업,JF_SAL_04,"JF_SAL_04,JF_OPS_03,JF_PMD_01,JF_MKT_05,JF_SVC_08",RETAIL_TRADE,industry_rule,confirmed
47130,면세점,RETAIL_TRADE,도매·소매업,JF_SAL_04,"JF_SAL_04,JF_OPS_03,JF_PMD_01,JF_MKT_05,JF_SVC_08",RETAIL_TRADE,industry_rule,confirmed
47190,그 외 기타 종합 소매업,RETAIL_TRADE,도매·소매업,JF_SAL_04,"JF_SAL_04,JF_OPS_03,JF_PMD_01,JF_MKT_05,JF_SVC_08",RETAIL_TRADE,industry_rule,confirmed
47211,"곡물, 곡분 및 가축 사료 소매업",RETAIL_TRADE,도매·소매업,JF_SAL_04,"JF_SAL_04,JF_OPS_03,JF_PMD_01,JF_MKT_05,JF_SVC_08",RETAIL_TRADE,industry_rule,confirmed
47212,육류 소매업,RETAIL_TRADE,도매·소매업,JF_SAL_04,"JF_SAL_04,JF_OPS_03,JF_PMD_01,JF_MKT_05,JF_SVC_08",RETAIL_TRADE,industry_rule,confirmed
47213,건어물 및 젓갈류 소매업,RETAIL_TRADE,도매·소매업,JF_SAL_04,"JF_SAL_04,JF_OPS_03,JF_PMD_01,JF_MKT_05,JF_SVC_08",RETAIL_TRADE,industry_rule,confirmed
47214,"신선, 냉동 및 기타 수산물 소매업",RETAIL_TRADE,도매·소매업,JF_SAL_04,"JF_SAL_04,JF_OPS_03,JF_PMD_01,JF_MKT_05,JF_SVC_08",RETAIL_TRADE,industry_rule,confirmed
47215,"채소, 과실 및 뿌리작물 소매업",RETAIL_TRADE,도매·소매업,JF_SAL_04,"JF_SAL_04,JF_OPS_03,JF_PMD_01,JF_MKT_05,JF_SVC_08",RETAIL_TRADE,industry_rule,confirmed
47219,기타 신선식품 및 단순 가공식품 소매업,RETAIL_TRADE,도매·소매업,JF_SAL_04,"JF_SAL_04,JF_OPS_03,JF_PMD_01,JF_MKT_05,JF_SVC_08",RETAIL_TRADE,industry_rule,confirmed
47221,"빵류, 과자류 및 당류 소매업",RETAIL_TRADE,도매·소매업,JF_SAL_04,"JF_SAL_04,JF_OPS_03,JF_PMD_01,JF_MKT_05,JF_SVC_08",RETAIL_TRADE,industry_rule,confirmed
47222,건강 보조식품 소매업,RETAIL_TRADE,도매·소매업,JF_SAL_04,"JF_SAL_04,JF_OPS_03,JF_PMD_01,JF_MKT_05,JF_SVC_08",RETAIL_TRADE,industry_rule,confirmed
47223,조리 반찬류 소매업,RETAIL_TRADE,도매·소매업,JF_SAL_04,"JF_SAL_04,JF_OPS_03,JF_PMD_01,JF_MKT_05,JF_SVC_08",RETAIL_TRADE,industry_rule,confirmed
47229,기타 가공식품 소매업,RETAIL_TRADE,도매·소매업,JF_SAL_04,"JF_SAL_04,JF_OPS_03,JF_PMD_01,JF_MKT_05,JF_SVC_08",RETAIL_TRADE,industry_rule,confirmed
47231,음료 소매업,RETAIL_TRADE,도매·소매업,JF_SAL_04,"JF_SAL_04,JF_OPS_03,JF_PMD_01,JF_MKT_05,JF_SVC_08",RETAIL_TRADE,industry_rule,confirmed
47232,담배 소매업,RETAIL_TRADE,도매·소매업,JF_SAL_04,"JF_SAL_04,JF_OPS_03,JF_PMD_01,JF_MKT_05,JF_SVC_08",RETAIL_TRADE,industry_rule,confirmed
47311,"컴퓨터 및 주변장치, 소프트웨어 소매업",RETAIL_TRADE,도매·소매업,JF_SAL_04,"JF_SAL_04,JF_OPS_03,JF_PMD_01,JF_MKT_05,JF_SVC_08",RETAIL_TRADE,industry_rule,confirmed
47312,통신기기 소매업,RETAIL_TRADE,도매·소매업,JF_SAL_04,"JF_SAL_04,JF_OPS_03,JF_PMD_01,JF_MKT_05,JF_SVC_08",RETAIL_TRADE,industry_rule,confirmed
47320,가전제품 소매업,RETAIL_TRADE,도매·소매업,JF_SAL_04,"JF_SAL_04,JF_OPS_03,JF_PMD_01,JF_MKT_05,JF_SVC_08",RETAIL_TRADE,industry_rule,confirmed
47411,남자용 겉옷 소매업,RETAIL_TRADE,도매·소매업,JF_SAL_04,"JF_SAL_04,JF_OPS_03,JF_PMD_01,JF_MKT_05,JF_SVC_08",RETAIL_TRADE,industry_rule,confirmed
47412,여자용 겉옷 소매업,RETAIL_TRADE,도매·소매업,JF_SAL_04,"JF_SAL_04,JF_OPS_03,JF_PMD_01,JF_MKT_05,JF_SVC_08",RETAIL_TRADE,industry_rule,confirmed
47413,속옷 및 잠옷 소매업,RETAIL_TRADE,도매·소매업,JF_SAL_04,"JF_SAL_04,JF_OPS_03,JF_PMD_01,JF_MKT_05,JF_SVC_08",RETAIL_TRADE,industry_rule,confirmed
47414,셔츠 및 블라우스 소매업,RETAIL_TRADE,도매·소매업,JF_SAL_04,"JF_SAL_04,JF_OPS_03,JF_PMD_01,JF_MKT_05,JF_SVC_08",RETAIL_TRADE,industry_rule,confirmed
47415,한복 소매업,RETAIL_TRADE,도매·소매업,JF_SAL_04,"JF_SAL_04,JF_OPS_03,JF_PMD_01,JF_MKT_05,JF_SVC_08",RETAIL_TRADE,industry_rule,confirmed
47416,가죽 및 모피의복 소매업,RETAIL_TRADE,도매·소매업,JF_SAL_04,"JF_SAL_04,JF_OPS_03,JF_PMD_01,JF_MKT_05,JF_SVC_08",RETAIL_TRADE,industry_rule,confirmed
47417,유아용 의류 소매업,RETAIL_TRADE,도매·소매업,JF_SAL_04,"JF_SAL_04,JF_OPS_03,JF_PMD_01,JF_MKT_05,JF_SVC_08",RETAIL_TRADE,industry_rule,confirmed
47419,기타 의복 소매업,RETAIL_TRADE,도매·소매업,JF_SAL_04,"JF_SAL_04,JF_OPS_03,JF_PMD_01,JF_MKT_05,JF_SVC_08",RETAIL_TRADE,industry_rule,confirmed
47421,가정용 직물제품 소매업,RETAIL_TRADE,도매·소매업,JF_SAL_04,"JF_SAL_04,JF_OPS_03,JF_PMD_01,JF_MKT_05,JF_SVC_08",RETAIL_TRADE,industry_rule,confirmed
47422,의복 액세서리 및 모조 장신구 소매업,RETAIL_TRADE,도매·소매업,JF_SAL_04,"JF_SAL_04,JF_OPS_03,JF_PMD_01,JF_MKT_05,JF_SVC_08",RETAIL_TRADE,industry_rule,confirmed
47429,"섬유 원단, 실 및 기타 섬유제품 소매업",RETAIL_TRADE,도매·소매업,JF_SAL_04,"JF_SAL_04,JF_OPS_03,JF_PMD_01,JF_MKT_05,JF_SVC_08",RETAIL_TRADE,industry_rule,confirmed
47430,신발 소매업,RETAIL_TRADE,도매·소매업,JF_SAL_04,"JF_SAL_04,JF_OPS_03,JF_PMD_01,JF_MKT_05,JF_SVC_08",RETAIL_TRADE,industry_rule,confirmed
47440,가방 및 기타 가죽제품 소매업,RETAIL_TRADE,도매·소매업,JF_SAL_04,"JF_SAL_04,JF_OPS_03,JF_PMD_01,JF_MKT_05,JF_SVC_08",RETAIL_TRADE,industry_rule,confirmed
47511,철물 및 난방용구 소매업,RETAIL_TRADE,도매·소매업,JF_SAL_04,"JF_SAL_04,JF_OPS_03,JF_PMD_01,JF_MKT_05,JF_SVC_08",RETAIL_TRADE,industry_rule,confirmed
47512,공구 소매업,RETAIL_TRADE,도매·소매업,JF_SAL_04,"JF_SAL_04,JF_OPS_03,JF_PMD_01,JF_MKT_05,JF_SVC_08",RETAIL_TRADE,industry_rule,confirmed
47513,"벽지, 마루덮개 및 장판류 소매업",RETAIL_TRADE,도매·소매업,JF_SAL_04,"JF_SAL_04,JF_OPS_03,JF_PMD_01,JF_MKT_05,JF_SVC_08",RETAIL_TRADE,industry_rule,confirmed
47519,"페인트, 창호 및 기타 건설자재 소매업",RETAIL_TRADE,도매·소매업,JF_SAL_04,"JF_SAL_04,JF_OPS_03,JF_PMD_01,JF_MKT_05,JF_SVC_08",RETAIL_TRADE,industry_rule,confirmed
47520,가구 소매업,RETAIL_TRADE,도매·소매업,JF_SAL_04,"JF_SAL_04,JF_OPS_03,JF_PMD_01,JF_MKT_05,JF_SVC_08",RETAIL_TRADE,industry_rule,confirmed
47591,전기용품 및 조명장치 소매업,RETAIL_TRADE,도매·소매업,JF_SAL_04,"JF_SAL_04,JF_OPS_03,JF_PMD_01,JF_MKT_05,JF_SVC_08",RETAIL_TRADE,industry_rule,confirmed
47592,"주방용품 및 가정용 유리, 요업 제품 소매업",RETAIL_TRADE,도매·소매업,JF_SAL_04,"JF_SAL_04,JF_OPS_03,JF_PMD_01,JF_MKT_05,JF_SVC_08",RETAIL_TRADE,industry_rule,confirmed
47593,악기 소매업,RETAIL_TRADE,도매·소매업,JF_SAL_04,"JF_SAL_04,JF_OPS_03,JF_PMD_01,JF_MKT_05,JF_SVC_08",RETAIL_TRADE,industry_rule,confirmed
47599,그 외 기타 분류 안된 가정용품 소매업,RETAIL_TRADE,도매·소매업,JF_SAL_04,"JF_SAL_04,JF_OPS_03,JF_PMD_01,JF_MKT_05,JF_SVC_08",RETAIL_TRADE,industry_rule,confirmed
47611,"서적, 신문 및 잡지류 소매업",RETAIL_TRADE,도매·소매업,JF_SAL_04,"JF_SAL_04,JF_OPS_03,JF_PMD_01,JF_MKT_05,JF_SVC_08",RETAIL_TRADE,industry_rule,confirmed
47612,문구용품 및 회화용품 소매업,RETAIL_TRADE,도매·소매업,JF_SAL_04,"JF_SAL_04,JF_OPS_03,JF_PMD_01,JF_MKT_05,JF_SVC_08",RETAIL_TRADE,industry_rule,confirmed
47620,음반 및 비디오물 소매업,RETAIL_TRADE,도매·소매업,JF_SAL_04,"JF_SAL_04,JF_OPS_03,JF_PMD_01,JF_MKT_05,JF_SVC_08",RETAIL_TRADE,industry_rule,confirmed
47631,운동 및 경기용품 소매업,RETAIL_TRADE,도매·소매업,JF_SAL_04,"JF_SAL_04,JF_OPS_03,JF_PMD_01,JF_MKT_05,JF_SVC_08",RETAIL_TRADE,industry_rule,confirmed
47632,자전거 및 기타 운송장비 소매업,RETAIL_TRADE,도매·소매업,JF_SAL_04,"JF_SAL_04,JF_OPS_03,JF_PMD_01,JF_MKT_05,JF_SVC_08",RETAIL_TRADE,industry_rule,confirmed
47640,"게임용구, 인형 및 장난감 소매업",RETAIL_TRADE,도매·소매업,JF_SAL_04,"JF_SAL_04,JF_OPS_03,JF_PMD_01,JF_MKT_05,JF_SVC_08",RETAIL_TRADE,industry_rule,confirmed
47711,운송장비용 주유소 운영업,RETAIL_TRADE,도매·소매업,JF_SAL_04,"JF_SAL_04,JF_OPS_03,JF_PMD_01,JF_MKT_05,JF_SVC_08",RETAIL_TRADE,industry_rule,confirmed
47712,운송장비용 수소 충전업,RETAIL_TRADE,도매·소매업,JF_SAL_04,"JF_SAL_04,JF_OPS_03,JF_PMD_01,JF_MKT_05,JF_SVC_08",RETAIL_TRADE,industry_rule,confirmed
47713,운송장비용 기타 가스 충전업,RETAIL_TRADE,도매·소매업,JF_SAL_04,"JF_SAL_04,JF_OPS_03,JF_PMD_01,JF_MKT_05,JF_SVC_08",RETAIL_TRADE,industry_rule,confirmed
47721,가정용 고체연료 소매업,RETAIL_TRADE,도매·소매업,JF_SAL_04,"JF_SAL_04,JF_OPS_03,JF_PMD_01,JF_MKT_05,JF_SVC_08",RETAIL_TRADE,industry_rule,confirmed
47722,가정용 액체연료 소매업,RETAIL_TRADE,도매·소매업,JF_SAL_04,"JF_SAL_04,JF_OPS_03,JF_PMD_01,JF_MKT_05,JF_SVC_08",RETAIL_TRADE,industry_rule,confirmed
47723,가정용 가스연료 소매업,RETAIL_TRADE,도매·소매업,JF_SAL_04,"JF_SAL_04,JF_OPS_03,JF_PMD_01,JF_MKT_05,JF_SVC_08",RETAIL_TRADE,industry_rule,confirmed
47811,의약품 및 의료용품 소매업,RETAIL_TRADE,도매·소매업,JF_SAL_04,"JF_SAL_04,JF_OPS_03,JF_PMD_01,JF_MKT_05,JF_SVC_08",RETAIL_TRADE,industry_rule,confirmed
47812,의료용 기구 소매업,RETAIL_TRADE,도매·소매업,JF_SAL_04,"JF_SAL_04,JF_OPS_03,JF_PMD_01,JF_MKT_05,JF_SVC_08",RETAIL_TRADE,industry_rule,confirmed
47813,"화장품, 비누 및 방향제 소매업",RETAIL_TRADE,도매·소매업,JF_SAL_04,"JF_SAL_04,JF_OPS_03,JF_PMD_01,JF_MKT_05,JF_SVC_08",RETAIL_TRADE,industry_rule,confirmed
47821,사무용 기기 소매업,RETAIL_TRADE,도매·소매업,JF_SAL_04,"JF_SAL_04,JF_OPS_03,JF_PMD_01,JF_MKT_05,JF_SVC_08",RETAIL_TRADE,industry_rule,confirmed
47822,안경 및 렌즈 소매업,RETAIL_TRADE,도매·소매업,JF_SAL_04,"JF_SAL_04,JF_OPS_03,JF_PMD_01,JF_MKT_05,JF_SVC_08",RETAIL_TRADE,industry_rule,confirmed
47823,사진기 및 사진용품 소매업,RETAIL_TRADE,도매·소매업,JF_SAL_04,"JF_SAL_04,JF_OPS_03,JF_PMD_01,JF_MKT_05,JF_SVC_08",RETAIL_TRADE,industry_rule,confirmed
47829,기타 광학 및 정밀 기기 소매업,RETAIL_TRADE,도매·소매업,JF_SAL_04,"JF_SAL_04,JF_OPS_03,JF_PMD_01,JF_MKT_05,JF_SVC_08",RETAIL_TRADE,industry_rule,confirmed
47830,시계 및 귀금속 소매업,RETAIL_TRADE,도매·소매업,JF_SAL_04,"JF_SAL_04,JF_OPS_03,JF_PMD_01,JF_MKT_05,JF_SVC_08",RETAIL_TRADE,industry_rule,confirmed
47841,예술품 및 골동품 소매업,RETAIL_TRADE,도매·소매업,JF_SAL_04,"JF_SAL_04,JF_OPS_03,JF_PMD_01,JF_MKT_05,JF_SVC_08",RETAIL_TRADE,industry_rule,confirmed
47842,"기념품, 관광 민예품 및 장식용품 소매업",RETAIL_TRADE,도매·소매업,JF_SAL_04,"JF_SAL_04,JF_OPS_03,JF_PMD_01,JF_MKT_05,JF_SVC_08",RETAIL_TRADE,industry_rule,confirmed
47851,화초 및 식물 소매업,RETAIL_TRADE,도매·소매업,JF_SAL_04,"JF_SAL_04,JF_OPS_03,JF_PMD_01,JF_MKT_05,JF_SVC_08",RETAIL_TRADE,industry_rule,confirmed
47852,반려용 동물 및 관련용품 소매업,RETAIL_TRADE,도매·소매업,JF_SAL_04,"JF_SAL_04,JF_OPS_03,JF_PMD_01,JF_MKT_05,JF_SVC_08",RETAIL_TRADE,industry_rule,confirmed
47859,그 외 기타 분류 안된 상품 전문 소매업,RETAIL_TRADE,도매·소매업,JF_SAL_04,"JF_SAL_04,JF_OPS_03,JF_PMD_01,JF_MKT_05,JF_SVC_08",RETAIL_TRADE,industry_rule,confirmed
47861,중고 가구 소매업,RETAIL_TRADE,도매·소매업,JF_SAL_04,"JF_SAL_04,JF_OPS_03,JF_PMD_01,JF_MKT_05,JF_SVC_08",RETAIL_TRADE,industry_rule,confirmed
47862,중고 가전제품 및 통신장비 소매업,RETAIL_TRADE,도매·소매업,JF_SAL_04,"JF_SAL_04,JF_OPS_03,JF_PMD_01,JF_MKT_05,JF_SVC_08",RETAIL_TRADE,industry_rule,confirmed
47869,기타 중고 상품 소매업,RETAIL_TRADE,도매·소매업,JF_SAL_04,"JF_SAL_04,JF_OPS_03,JF_PMD_01,JF_MKT_05,JF_SVC_08",RETAIL_TRADE,industry_rule,confirmed
47911,전자상거래 소매 중개업,RETAIL_TRADE,도매·소매업,JF_SAL_04,"JF_SAL_04,JF_OPS_03,JF_PMD_01,JF_MKT_05,JF_SVC_08",RETAIL_TRADE,industry_rule,confirmed
47912,전자상거래 소매업,RETAIL_TRADE,도매·소매업,JF_SAL_04,"JF_SAL_04,JF_OPS_03,JF_PMD_01,JF_MKT_05,JF_SVC_08",RETAIL_TRADE,industry_rule,confirmed
47919,기타 통신 판매업,RETAIL_TRADE,도매·소매업,JF_SAL_04,"JF_SAL_04,JF_OPS_03,JF_PMD_01,JF_MKT_05,JF_SVC_08",RETAIL_TRADE,industry_rule,confirmed
47920,노점 및 유사이동 소매업,RETAIL_TRADE,도매·소매업,JF_SAL_04,"JF_SAL_04,JF_OPS_03,JF_PMD_01,JF_MKT_05,JF_SVC_08",RETAIL_TRADE,industry_rule,confirmed
47991,자동판매기 운영업,RETAIL_TRADE,도매·소매업,JF_SAL_01,"JF_SAL_04,JF_OPS_03,JF_PMD_01,JF_MKT_05,JF_SVC_08",RETAIL_TRADE,industry_rule,confirmed
47992,계약배달 판매업,RETAIL_TRADE,도매·소매업,JF_SAL_01,"JF_SAL_04,JF_OPS_03,JF_PMD_01,JF_MKT_05,JF_SVC_08",RETAIL_TRADE,industry_rule,confirmed
47993,방문 판매업,RETAIL_TRADE,도매·소매업,JF_SAL_01,"JF_SAL_04,JF_OPS_03,JF_PMD_01,JF_MKT_05,JF_SVC_08",RETAIL_TRADE,industry_rule,confirmed
47999,그 외 기타 무점포 소매업,RETAIL_TRADE,도매·소매업,JF_SAL_04,"JF_SAL_04,JF_OPS_03,JF_PMD_01,JF_MKT_05,JF_SVC_08",RETAIL_TRADE,industry_rule,confirmed
49101,철도 여객 운송업,LOGISTICS,운수·창고업,JF_SVC_01,"JF_OPS_06,JF_OPS_07,JF_OPS_01,JF_OPS_02,JF_SAL_03",LOGISTICS,industry_rule,confirmed
49102,철도 화물 운송업,LOGISTICS,운수·창고업,JF_OPS_03,"JF_OPS_06,JF_OPS_07,JF_OPS_01,JF_OPS_02,JF_SAL_03",LOGISTICS,industry_rule,confirmed
49211,도시철도 운송업,LOGISTICS,운수·창고업,JF_OPS_03,"JF_OPS_06,JF_OPS_07,JF_OPS_01,JF_OPS_02,JF_SAL_03",LOGISTICS,industry_rule,confirmed
49212,시내버스 운송업,LOGISTICS,운수·창고업,JF_OPS_03,"JF_OPS_06,JF_OPS_07,JF_OPS_01,JF_OPS_02,JF_SAL_03",LOGISTICS,industry_rule,confirmed
49219,기타 도시 정기 육상 여객 운송업,LOGISTICS,운수·창고업,JF_SVC_01,"JF_OPS_06,JF_OPS_07,JF_OPS_01,JF_OPS_02,JF_SAL_03",LOGISTICS,industry_rule,confirmed
49220,시외버스 운송업,LOGISTICS,운수·창고업,JF_SVC_01,"JF_OPS_06,JF_OPS_07,JF_OPS_01,JF_OPS_02,JF_SAL_03",LOGISTICS,industry_rule,confirmed
49231,택시 운송업,LOGISTICS,운수·창고업,JF_SVC_01,"JF_OPS_06,JF_OPS_07,JF_OPS_01,JF_OPS_02,JF_SAL_03",LOGISTICS,industry_rule,confirmed
49232,전세버스 운송업,LOGISTICS,운수·창고업,JF_SVC_01,"JF_OPS_06,JF_OPS_07,JF_OPS_01,JF_OPS_02,JF_SAL_03",LOGISTICS,industry_rule,confirmed
49233,특수여객자동차 운송업,LOGISTICS,운수·창고업,JF_SVC_01,"JF_OPS_06,JF_OPS_07,JF_OPS_01,JF_OPS_02,JF_SAL_03",LOGISTICS,industry_rule,confirmed
49239,기타 부정기 여객 육상 운송업,LOGISTICS,운수·창고업,JF_SVC_01,"JF_OPS_06,JF_OPS_07,JF_OPS_01,JF_OPS_02,JF_SAL_03",LOGISTICS,industry_rule,confirmed
49301,일반 화물자동차 운송업,LOGISTICS,운수·창고업,JF_OPS_03,"JF_OPS_06,JF_OPS_07,JF_OPS_01,JF_OPS_02,JF_SAL_03",LOGISTICS,industry_rule,confirmed
49302,개인 화물자동차 운송업,LOGISTICS,운수·창고업,JF_OPS_03,"JF_OPS_06,JF_OPS_07,JF_OPS_01,JF_OPS_02,JF_SAL_03",LOGISTICS,industry_rule,confirmed
49309,기타 도로화물 운송업,LOGISTICS,운수·창고업,JF_OPS_03,"JF_OPS_06,JF_OPS_07,JF_OPS_01,JF_OPS_02,JF_SAL_03",LOGISTICS,industry_rule,confirmed
49401,택배업,LOGISTICS,운수·창고업,JF_OPS_03,"JF_OPS_06,JF_OPS_07,JF_OPS_01,JF_OPS_02,JF_SAL_03",LOGISTICS,industry_rule,confirmed
49402,늘찬 배달업,LOGISTICS,운수·창고업,JF_OPS_03,"JF_OPS_06,JF_OPS_07,JF_OPS_01,JF_OPS_02,JF_SAL_03",LOGISTICS,industry_rule,confirmed
49500,파이프라인 운송업,LOGISTICS,운수·창고업,JF_OPS_03,"JF_OPS_06,JF_OPS_07,JF_OPS_01,JF_OPS_02,JF_SAL_03",LOGISTICS,industry_rule,confirmed
50111,외항 여객 운송업,LOGISTICS,운수·창고업,JF_SVC_01,"JF_OPS_06,JF_OPS_07,JF_OPS_01,JF_OPS_02,JF_SAL_03",LOGISTICS,industry_rule,confirmed
50112,외항 화물 운송업,LOGISTICS,운수·창고업,JF_OPS_03,"JF_OPS_06,JF_OPS_07,JF_OPS_01,JF_OPS_02,JF_SAL_03",LOGISTICS,industry_rule,confirmed
50121,내항 여객 운송업,LOGISTICS,운수·창고업,JF_SVC_01,"JF_OPS_06,JF_OPS_07,JF_OPS_01,JF_OPS_02,JF_SAL_03",LOGISTICS,industry_rule,confirmed
50122,내항 화물 운송업,LOGISTICS,운수·창고업,JF_OPS_03,"JF_OPS_06,JF_OPS_07,JF_OPS_01,JF_OPS_02,JF_SAL_03",LOGISTICS,industry_rule,confirmed
50130,기타 해상 운송업,LOGISTICS,운수·창고업,JF_OPS_03,"JF_OPS_06,JF_OPS_07,JF_OPS_01,JF_OPS_02,JF_SAL_03",LOGISTICS,industry_rule,confirmed
50201,항만 내 여객 운송업,LOGISTICS,운수·창고업,JF_OPS_03,"JF_OPS_06,JF_OPS_07,JF_OPS_01,JF_OPS_02,JF_SAL_03",LOGISTICS,industry_rule,confirmed
50209,기타 내륙 수상 여객 및 화물 운송업,LOGISTICS,운수·창고업,JF_SVC_01,"JF_OPS_06,JF_OPS_07,JF_OPS_01,JF_OPS_02,JF_SAL_03",LOGISTICS,industry_rule,confirmed
51100,항공 여객 운송업,LOGISTICS,운수·창고업,JF_SVC_01,"JF_OPS_06,JF_OPS_07,JF_OPS_01,JF_OPS_02,JF_SAL_03",LOGISTICS,industry_rule,confirmed
51200,항공 화물 운송업,LOGISTICS,운수·창고업,JF_OPS_03,"JF_OPS_06,JF_OPS_07,JF_OPS_01,JF_OPS_02,JF_SAL_03",LOGISTICS,industry_rule,confirmed
52101,일반 창고업,LOGISTICS,운수·창고업,JF_OPS_03,"JF_OPS_06,JF_OPS_07,JF_OPS_01,JF_OPS_02,JF_SAL_03",LOGISTICS,industry_rule,confirmed
52102,냉장 및 냉동 창고업,LOGISTICS,운수·창고업,JF_OPS_03,"JF_OPS_06,JF_OPS_07,JF_OPS_01,JF_OPS_02,JF_SAL_03",LOGISTICS,industry_rule,confirmed
52103,농산물 창고업,LOGISTICS,운수·창고업,JF_OPS_03,"JF_OPS_06,JF_OPS_07,JF_OPS_01,JF_OPS_02,JF_SAL_03",LOGISTICS,industry_rule,confirmed
52104,위험물품 보관업,LOGISTICS,운수·창고업,JF_OPS_05,"JF_OPS_06,JF_OPS_07,JF_OPS_01,JF_OPS_02,JF_SAL_03",LOGISTICS,industry_rule,confirmed
52109,기타 보관 및 창고업,LOGISTICS,운수·창고업,JF_OPS_05,"JF_OPS_06,JF_OPS_07,JF_OPS_01,JF_OPS_02,JF_SAL_03",LOGISTICS,industry_rule,confirmed
52911,철도 운송지원 서비스업,LOGISTICS,운수·창고업,JF_OPS_03,"JF_OPS_06,JF_OPS_07,JF_OPS_01,JF_OPS_02,JF_SAL_03",LOGISTICS,industry_rule,confirmed
52912,여객 자동차 터미널 운영업,LOGISTICS,운수·창고업,JF_OPS_03,"JF_OPS_06,JF_OPS_07,JF_OPS_01,JF_OPS_02,JF_SAL_03",LOGISTICS,industry_rule,confirmed
52913,물류 터미널 운영업,LOGISTICS,운수·창고업,JF_OPS_03,"JF_OPS_06,JF_OPS_07,JF_OPS_01,JF_OPS_02,JF_SAL_03",LOGISTICS,industry_rule,confirmed
52914,도로 및 관련시설 운영업,LOGISTICS,운수·창고업,JF_OPS_05,"JF_OPS_06,JF_OPS_07,JF_OPS_01,JF_OPS_02,JF_SAL_03",LOGISTICS,industry_rule,confirmed
52915,주차장 운영업,LOGISTICS,운수·창고업,JF_OPS_05,"JF_OPS_06,JF_OPS_07,JF_OPS_01,JF_OPS_02,JF_SAL_03",LOGISTICS,industry_rule,confirmed
52919,기타 육상 운송지원 서비스업,LOGISTICS,운수·창고업,JF_OPS_05,"JF_OPS_06,JF_OPS_07,JF_OPS_01,JF_OPS_02,JF_SAL_03",LOGISTICS,industry_rule,confirmed
52921,항구 및 기타 해상 터미널 운영업,LOGISTICS,운수·창고업,JF_OPS_05,"JF_OPS_06,JF_OPS_07,JF_OPS_01,JF_OPS_02,JF_SAL_03",LOGISTICS,industry_rule,confirmed
52922,선박관리업,LOGISTICS,운수·창고업,JF_OPS_05,"JF_OPS_06,JF_OPS_07,JF_OPS_01,JF_OPS_02,JF_SAL_03",LOGISTICS,industry_rule,confirmed
52929,기타 수상 운송지원 서비스업,LOGISTICS,운수·창고업,JF_OPS_05,"JF_OPS_06,JF_OPS_07,JF_OPS_01,JF_OPS_02,JF_SAL_03",LOGISTICS,industry_rule,confirmed
52931,공항 운영업,LOGISTICS,운수·창고업,JF_OPS_05,"JF_OPS_06,JF_OPS_07,JF_OPS_01,JF_OPS_02,JF_SAL_03",LOGISTICS,industry_rule,confirmed
52939,기타 항공 운송지원 서비스업,LOGISTICS,운수·창고업,JF_OPS_05,"JF_OPS_06,JF_OPS_07,JF_OPS_01,JF_OPS_02,JF_SAL_03",LOGISTICS,industry_rule,confirmed
52941,항공 및 육상 화물 취급업,LOGISTICS,운수·창고업,JF_OPS_06,"JF_OPS_06,JF_OPS_07,JF_OPS_01,JF_OPS_02,JF_SAL_03",LOGISTICS,industry_rule,confirmed
52942,수상 화물 취급업,LOGISTICS,운수·창고업,JF_OPS_06,"JF_OPS_06,JF_OPS_07,JF_OPS_01,JF_OPS_02,JF_SAL_03",LOGISTICS,industry_rule,confirmed
52991,통관 대리 및 관련서비스업,LOGISTICS,운수·창고업,JF_OPS_07,"JF_OPS_06,JF_OPS_07,JF_OPS_01,JF_OPS_02,JF_SAL_03",LOGISTICS,industry_rule,confirmed
52992,"화물운송 중개, 대리 및 관련 서비스업",LOGISTICS,운수·창고업,JF_OPS_07,"JF_OPS_06,JF_OPS_07,JF_OPS_01,JF_OPS_02,JF_SAL_03",LOGISTICS,industry_rule,confirmed
52993,"화물 포장, 검수 및 계량 서비스업",LOGISTICS,운수·창고업,JF_OPS_07,"JF_OPS_06,JF_OPS_07,JF_OPS_01,JF_OPS_02,JF_SAL_03",LOGISTICS,industry_rule,confirmed
52999,그 외 기타 분류 안된 운송 관련 서비스업,LOGISTICS,운수·창고업,JF_OPS_06,"JF_OPS_06,JF_OPS_07,JF_OPS_01,JF_OPS_02,JF_SAL_03",LOGISTICS,industry_rule,confirmed
55101,호텔업,HOSPITALITY,숙박·음식·여행,JF_SVC_01,"JF_SVC_02,JF_SVC_08,JF_SVC_09,JF_MKT_01,JF_HR_01",HOSPITALITY,industry_rule,confirmed
55102,여관업,HOSPITALITY,숙박·음식·여행,JF_SVC_01,"JF_SVC_02,JF_SVC_08,JF_SVC_09,JF_MKT_01,JF_HR_01",HOSPITALITY,industry_rule,confirmed
55103,휴양콘도 운영업,HOSPITALITY,숙박·음식·여행,JF_SVC_01,"JF_SVC_02,JF_SVC_08,JF_SVC_09,JF_MKT_01,JF_HR_01",HOSPITALITY,industry_rule,confirmed
55104,민박업,HOSPITALITY,숙박·음식·여행,JF_SVC_01,"JF_SVC_02,JF_SVC_08,JF_SVC_09,JF_MKT_01,JF_HR_01",HOSPITALITY,industry_rule,confirmed
55105,야영장업,HOSPITALITY,숙박·음식·여행,JF_SVC_01,"JF_SVC_02,JF_SVC_08,JF_SVC_09,JF_MKT_01,JF_HR_01",HOSPITALITY,industry_rule,confirmed
55109,기타 일반 및 생활 숙박시설 운영업,HOSPITALITY,숙박·음식·여행,JF_SVC_01,"JF_SVC_02,JF_SVC_08,JF_SVC_09,JF_MKT_01,JF_HR_01",HOSPITALITY,industry_rule,confirmed
55901,기숙사 및 고시원 운영업,HOSPITALITY,숙박·음식·여행,JF_SVC_01,"JF_SVC_02,JF_SVC_08,JF_SVC_09,JF_MKT_01,JF_HR_01",HOSPITALITY,industry_rule,confirmed
55909,그 외 기타 숙박업,HOSPITALITY,숙박·음식·여행,JF_SVC_01,"JF_SVC_02,JF_SVC_08,JF_SVC_09,JF_MKT_01,JF_HR_01",HOSPITALITY,industry_rule,confirmed
56111,한식 일반 음식점업,HOSPITALITY,숙박·음식·여행,JF_SVC_08,"JF_SVC_02,JF_SVC_08,JF_SVC_09,JF_MKT_01,JF_HR_01",HOSPITALITY,industry_rule,confirmed
56112,한식 면요리 전문점,HOSPITALITY,숙박·음식·여행,JF_SVC_08,"JF_SVC_02,JF_SVC_08,JF_SVC_09,JF_MKT_01,JF_HR_01",HOSPITALITY,industry_rule,confirmed
56113,한식 육류요리 전문점,HOSPITALITY,숙박·음식·여행,JF_SVC_08,"JF_SVC_02,JF_SVC_08,JF_SVC_09,JF_MKT_01,JF_HR_01",HOSPITALITY,industry_rule,confirmed
56114,한식 해산물요리 전문점,HOSPITALITY,숙박·음식·여행,JF_SVC_08,"JF_SVC_02,JF_SVC_08,JF_SVC_09,JF_MKT_01,JF_HR_01",HOSPITALITY,industry_rule,confirmed
56121,중식 음식점업,HOSPITALITY,숙박·음식·여행,JF_SVC_08,"JF_SVC_02,JF_SVC_08,JF_SVC_09,JF_MKT_01,JF_HR_01",HOSPITALITY,industry_rule,confirmed
56122,일식 음식점업,HOSPITALITY,숙박·음식·여행,JF_SVC_08,"JF_SVC_02,JF_SVC_08,JF_SVC_09,JF_MKT_01,JF_HR_01",HOSPITALITY,industry_rule,confirmed
56123,서양식 음식점업,HOSPITALITY,숙박·음식·여행,JF_SVC_08,"JF_SVC_02,JF_SVC_08,JF_SVC_09,JF_MKT_01,JF_HR_01",HOSPITALITY,industry_rule,confirmed
56129,기타 외국식 음식점업,HOSPITALITY,숙박·음식·여행,JF_SVC_08,"JF_SVC_02,JF_SVC_08,JF_SVC_09,JF_MKT_01,JF_HR_01",HOSPITALITY,industry_rule,confirmed
56130,기관 구내식당업,HOSPITALITY,숙박·음식·여행,JF_SVC_08,"JF_SVC_02,JF_SVC_08,JF_SVC_09,JF_MKT_01,JF_HR_01",HOSPITALITY,industry_rule,confirmed
56141,출장 음식 서비스업,HOSPITALITY,숙박·음식·여행,JF_SVC_08,"JF_SVC_02,JF_SVC_08,JF_SVC_09,JF_MKT_01,JF_HR_01",HOSPITALITY,industry_rule,confirmed
56142,이동 음식점업,HOSPITALITY,숙박·음식·여행,JF_SVC_08,"JF_SVC_02,JF_SVC_08,JF_SVC_09,JF_MKT_01,JF_HR_01",HOSPITALITY,industry_rule,confirmed
56150,제과점업,HOSPITALITY,숙박·음식·여행,JF_SVC_08,"JF_SVC_02,JF_SVC_08,JF_SVC_09,JF_MKT_01,JF_HR_01",HOSPITALITY,industry_rule,confirmed
56161,"피자, 햄버거, 샌드위치 및 유사 음식점업",HOSPITALITY,숙박·음식·여행,JF_SVC_08,"JF_SVC_02,JF_SVC_08,JF_SVC_09,JF_MKT_01,JF_HR_01",HOSPITALITY,industry_rule,confirmed
56162,치킨 전문점,HOSPITALITY,숙박·음식·여행,JF_SVC_08,"JF_SVC_02,JF_SVC_08,JF_SVC_09,JF_MKT_01,JF_HR_01",HOSPITALITY,industry_rule,confirmed
56191,김밥 및 기타 간이 음식점업,HOSPITALITY,숙박·음식·여행,JF_SVC_08,"JF_SVC_02,JF_SVC_08,JF_SVC_09,JF_MKT_01,JF_HR_01",HOSPITALITY,industry_rule,confirmed
56199,간이음식 포장 판매 전문점,HOSPITALITY,숙박·음식·여행,JF_SVC_08,"JF_SVC_02,JF_SVC_08,JF_SVC_09,JF_MKT_01,JF_HR_01",HOSPITALITY,industry_rule,confirmed
56211,일반 유흥주점업,HOSPITALITY,숙박·음식·여행,JF_SVC_08,"JF_SVC_02,JF_SVC_08,JF_SVC_09,JF_MKT_01,JF_HR_01",HOSPITALITY,industry_rule,confirmed
56212,무도 유흥주점업,HOSPITALITY,숙박·음식·여행,JF_SVC_08,"JF_SVC_02,JF_SVC_08,JF_SVC_09,JF_MKT_01,JF_HR_01",HOSPITALITY,industry_rule,confirmed
56213,생맥주 전문점,HOSPITALITY,숙박·음식·여행,JF_SVC_08,"JF_SVC_02,JF_SVC_08,JF_SVC_09,JF_MKT_01,JF_HR_01",HOSPITALITY,industry_rule,confirmed
56219,기타 주점업,HOSPITALITY,숙박·음식·여행,JF_SVC_08,"JF_SVC_02,JF_SVC_08,JF_SVC_09,JF_MKT_01,JF_HR_01",HOSPITALITY,industry_rule,confirmed
56221,커피 전문점,HOSPITALITY,숙박·음식·여행,JF_SVC_08,"JF_SVC_02,JF_SVC_08,JF_SVC_09,JF_MKT_01,JF_HR_01",HOSPITALITY,industry_rule,confirmed
56229,기타 비알코올 음료점업,HOSPITALITY,숙박·음식·여행,JF_SVC_08,"JF_SVC_02,JF_SVC_08,JF_SVC_09,JF_MKT_01,JF_HR_01",HOSPITALITY,industry_rule,confirmed
58111,교과서 및 학습서적 출판업,IT_TECH,정보통신업 (IT),JF_MED_03,"JF_DEV_02,JF_AI_01,JF_AI_03,JF_AI_07,JF_DEV_07",IT_TECH,industry_rule,confirmed
58112,만화 출판업,IT_TECH,정보통신업 (IT),JF_MED_03,"JF_DEV_02,JF_AI_01,JF_AI_03,JF_AI_07,JF_DEV_07",IT_TECH,industry_rule,confirmed
58113,일반 서적 출판업,IT_TECH,정보통신업 (IT),JF_MED_03,"JF_DEV_02,JF_AI_01,JF_AI_03,JF_AI_07,JF_DEV_07",IT_TECH,industry_rule,confirmed
58121,신문 발행업,IT_TECH,정보통신업 (IT),JF_MED_03,"JF_DEV_02,JF_AI_01,JF_AI_03,JF_AI_07,JF_DEV_07",IT_TECH,industry_rule,confirmed
58122,잡지 및 정기간행물 발행업,IT_TECH,정보통신업 (IT),JF_MED_03,"JF_DEV_02,JF_AI_01,JF_AI_03,JF_AI_07,JF_DEV_07",IT_TECH,industry_rule,confirmed
58123,정기 광고간행물 발행업,IT_TECH,정보통신업 (IT),JF_MED_03,"JF_DEV_02,JF_AI_01,JF_AI_03,JF_AI_07,JF_DEV_07",IT_TECH,industry_rule,confirmed
58190,기타 인쇄물 출판업,IT_TECH,정보통신업 (IT),JF_DES_02,"JF_DEV_02,JF_AI_01,JF_AI_03,JF_AI_07,JF_DEV_07",IT_TECH,industry_rule,confirmed
58211,유선 온라인 게임 소프트웨어 개발 및 공급업,IT_TECH,정보통신업 (IT),JF_DEV_05,"JF_DEV_02,JF_AI_01,JF_AI_03,JF_AI_07,JF_DEV_07",IT_TECH,industry_rule,confirmed
58212,모바일 게임 소프트웨어 개발 및 공급업,IT_TECH,정보통신업 (IT),JF_DEV_05,"JF_DEV_02,JF_AI_01,JF_AI_03,JF_AI_07,JF_DEV_07",IT_TECH,industry_rule,confirmed
58219,기타 게임 소프트웨어 개발 및 공급업,IT_TECH,정보통신업 (IT),JF_DEV_05,"JF_DEV_02,JF_AI_01,JF_AI_03,JF_AI_07,JF_DEV_07",IT_TECH,industry_rule,confirmed
58221,시스템 소프트웨어 개발 및 공급업,IT_TECH,정보통신업 (IT),JF_DEV_01,"JF_DEV_02,JF_AI_01,JF_AI_03,JF_AI_07,JF_DEV_07",IT_TECH,industry_rule,confirmed
58222,응용 소프트웨어 개발 및 공급업,IT_TECH,정보통신업 (IT),JF_DEV_08,"JF_DEV_02,JF_AI_01,JF_AI_03,JF_AI_07,JF_DEV_07",IT_TECH,industry_rule,confirmed
59111,일반 영화 및 비디오물 제작업,IT_TECH,정보통신업 (IT),JF_MED_01,"JF_DEV_02,JF_AI_01,JF_AI_03,JF_AI_07,JF_DEV_07",IT_TECH,industry_rule,confirmed
59112,애니메이션 영화 및 비디오물 제작업,IT_TECH,정보통신업 (IT),JF_MED_01,"JF_DEV_02,JF_AI_01,JF_AI_03,JF_AI_07,JF_DEV_07",IT_TECH,industry_rule,confirmed
59113,광고 영화 및 비디오물 제작업,IT_TECH,정보통신업 (IT),JF_MED_01,"JF_DEV_02,JF_AI_01,JF_AI_03,JF_AI_07,JF_DEV_07",IT_TECH,industry_rule,confirmed
59114,방송 프로그램 제작업,IT_TECH,정보통신업 (IT),JF_MED_01,"JF_DEV_02,JF_AI_01,JF_AI_03,JF_AI_07,JF_DEV_07",IT_TECH,industry_rule,confirmed
59120,"영화, 비디오물 및 방송프로그램 제작 관련 서비스업",IT_TECH,정보통신업 (IT),JF_MED_01,"JF_DEV_02,JF_AI_01,JF_AI_03,JF_AI_07,JF_DEV_07",IT_TECH,industry_rule,confirmed
59130,"영화, 비디오물 및 방송프로그램 배급업",IT_TECH,정보통신업 (IT),JF_MED_01,"JF_DEV_02,JF_AI_01,JF_AI_03,JF_AI_07,JF_DEV_07",IT_TECH,industry_rule,confirmed
59141,영화관 운영업,IT_TECH,정보통신업 (IT),JF_OPS_05,"JF_DEV_02,JF_AI_01,JF_AI_03,JF_AI_07,JF_DEV_07",IT_TECH,industry_rule,confirmed
59142,비디오물 감상실 운영업,IT_TECH,정보통신업 (IT),JF_OPS_05,"JF_DEV_02,JF_AI_01,JF_AI_03,JF_AI_07,JF_DEV_07",IT_TECH,industry_rule,confirmed
59201,음악 및 기타 오디오물 출판업,IT_TECH,정보통신업 (IT),JF_MED_05,"JF_DEV_02,JF_AI_01,JF_AI_03,JF_AI_07,JF_DEV_07",IT_TECH,industry_rule,confirmed
59202,녹음시설 운영업,IT_TECH,정보통신업 (IT),JF_OPS_05,"JF_DEV_02,JF_AI_01,JF_AI_03,JF_AI_07,JF_DEV_07",IT_TECH,industry_rule,confirmed
60100,라디오 방송업,IT_TECH,정보통신업 (IT),JF_MED_01,"JF_DEV_02,JF_AI_01,JF_AI_03,JF_AI_07,JF_DEV_07",IT_TECH,industry_rule,confirmed
60210,지상파 방송업,IT_TECH,정보통신업 (IT),JF_MED_01,"JF_DEV_02,JF_AI_01,JF_AI_03,JF_AI_07,JF_DEV_07",IT_TECH,industry_rule,confirmed
60221,프로그램 공급업,IT_TECH,정보통신업 (IT),JF_MED_01,"JF_DEV_02,JF_AI_01,JF_AI_03,JF_AI_07,JF_DEV_07",IT_TECH,industry_rule,confirmed
60222,유선 방송업,IT_TECH,정보통신업 (IT),JF_MED_01,"JF_DEV_02,JF_AI_01,JF_AI_03,JF_AI_07,JF_DEV_07",IT_TECH,industry_rule,confirmed
60229,위성 및 기타 방송업,IT_TECH,정보통신업 (IT),JF_MED_01,"JF_DEV_02,JF_AI_01,JF_AI_03,JF_AI_07,JF_DEV_07",IT_TECH,industry_rule,confirmed
60310,영상물 제공 서비스업,IT_TECH,정보통신업 (IT),JF_MED_01,"JF_DEV_02,JF_AI_01,JF_AI_03,JF_AI_07,JF_DEV_07",IT_TECH,industry_rule,confirmed
60320,오디오물 제공 서비스업,IT_TECH,정보통신업 (IT),JF_MED_01,"JF_DEV_02,JF_AI_01,JF_AI_03,JF_AI_07,JF_DEV_07",IT_TECH,industry_rule,confirmed
61100,공영 우편업,IT_TECH,정보통신업 (IT),JF_OPS_06,"JF_DEV_02,JF_AI_01,JF_AI_03,JF_AI_07,JF_DEV_07",IT_TECH,industry_rule,confirmed
61210,유선 통신업,IT_TECH,정보통신업 (IT),JF_MFG_08,"JF_DEV_02,JF_AI_01,JF_AI_03,JF_AI_07,JF_DEV_07",IT_TECH,industry_rule,confirmed
61220,무선 및 위성 통신업,IT_TECH,정보통신업 (IT),JF_MFG_08,"JF_DEV_02,JF_AI_01,JF_AI_03,JF_AI_07,JF_DEV_07",IT_TECH,industry_rule,confirmed
61291,통신 재판매업,IT_TECH,정보통신업 (IT),JF_MFG_08,"JF_DEV_02,JF_AI_01,JF_AI_03,JF_AI_07,JF_DEV_07",IT_TECH,industry_rule,confirmed
61299,그 외 기타 전기 통신업,IT_TECH,정보통신업 (IT),JF_MFG_08,"JF_DEV_02,JF_AI_01,JF_AI_03,JF_AI_07,JF_DEV_07",IT_TECH,industry_rule,confirmed
62010,컴퓨터 프로그래밍 서비스업,IT_TECH,정보통신업 (IT),JF_DEV_08,"JF_DEV_02,JF_AI_01,JF_AI_03,JF_AI_07,JF_DEV_07",IT_TECH,industry_rule,confirmed
62021,컴퓨터시스템 통합 자문 및 구축 서비스업,IT_TECH,정보통신업 (IT),JF_AI_08,"JF_DEV_02,JF_AI_01,JF_AI_03,JF_AI_07,JF_DEV_07",IT_TECH,industry_rule,confirmed
62022,컴퓨터시설 관리업,IT_TECH,정보통신업 (IT),JF_AI_08,"JF_DEV_02,JF_AI_01,JF_AI_03,JF_AI_07,JF_DEV_07",IT_TECH,industry_rule,confirmed
62090,기타 정보기술 및 컴퓨터운영 관련 서비스업,IT_TECH,정보통신업 (IT),JF_AI_08,"JF_DEV_02,JF_AI_01,JF_AI_03,JF_AI_07,JF_DEV_07",IT_TECH,industry_rule,confirmed
63111,자료 처리업,IT_TECH,정보통신업 (IT),JF_AI_04,"JF_DEV_02,JF_AI_01,JF_AI_03,JF_AI_07,JF_DEV_07",IT_TECH,industry_rule,confirmed
63112,호스팅 및 관련 서비스업,IT_TECH,정보통신업 (IT),JF_AI_07,"JF_DEV_02,JF_AI_01,JF_AI_03,JF_AI_07,JF_DEV_07",IT_TECH,industry_rule,confirmed
63120,포털 및 기타 인터넷 정보매개 서비스업,IT_TECH,정보통신업 (IT),JF_DEV_03,"JF_DEV_02,JF_AI_01,JF_AI_03,JF_AI_07,JF_DEV_07",IT_TECH,industry_rule,confirmed
63910,뉴스 제공업,IT_TECH,정보통신업 (IT),JF_MED_03,"JF_DEV_02,JF_AI_01,JF_AI_03,JF_AI_07,JF_DEV_07",IT_TECH,industry_rule,confirmed
63991,데이터베이스 및 온라인 정보 제공업,IT_TECH,정보통신업 (IT),JF_AI_04,"JF_DEV_02,JF_AI_01,JF_AI_03,JF_AI_07,JF_DEV_07",IT_TECH,industry_rule,confirmed
63992,가상자산 매매 및 중개업,IT_TECH,정보통신업 (IT),JF_DEV_09,"JF_DEV_02,JF_AI_01,JF_AI_03,JF_AI_07,JF_DEV_07",IT_TECH,industry_rule,confirmed
63999,그 외 기타 정보 서비스업,IT_TECH,정보통신업 (IT),JF_DEV_03,"JF_DEV_02,JF_AI_01,JF_AI_03,JF_AI_07,JF_DEV_07",IT_TECH,industry_rule,confirmed
64110,중앙은행,FINANCE,금융·보험업,JF_BNK_01,"JF_BNK_02,JF_BNK_03,JF_BNK_08,JF_BNK_09,JF_FIN_01",FINANCE,industry_rule,confirmed
64121,국내은행,FINANCE,금융·보험업,JF_BNK_01,"JF_BNK_02,JF_BNK_03,JF_BNK_08,JF_BNK_09,JF_FIN_01",FINANCE,industry_rule,confirmed
64122,외국은행,FINANCE,금융·보험업,JF_BNK_01,"JF_BNK_02,JF_BNK_03,JF_BNK_08,JF_BNK_09,JF_FIN_01",FINANCE,industry_rule,confirmed
64131,신용조합,FINANCE,금융·보험업,JF_BNK_01,"JF_BNK_02,JF_BNK_03,JF_BNK_08,JF_BNK_09,JF_FIN_01",FINANCE,industry_rule,confirmed
64132,상호저축은행 및 기타 저축기관,FINANCE,금융·보험업,JF_BNK_15,"JF_BNK_02,JF_BNK_03,JF_BNK_08,JF_BNK_09,JF_FIN_01",FINANCE,industry_rule,confirmed
64201,신탁업 및 집합투자업,FINANCE,금융·보험업,JF_BNK_15,"JF_BNK_02,JF_BNK_03,JF_BNK_08,JF_BNK_09,JF_FIN_01",FINANCE,industry_rule,confirmed
64209,기타 금융 투자업,FINANCE,금융·보험업,JF_BNK_15,"JF_BNK_02,JF_BNK_03,JF_BNK_08,JF_BNK_09,JF_FIN_01",FINANCE,industry_rule,confirmed
64911,금융리스업,FINANCE,금융·보험업,JF_BNK_03,"JF_BNK_02,JF_BNK_03,JF_BNK_08,JF_BNK_09,JF_FIN_01",FINANCE,industry_rule,confirmed
64912,개발금융기관,FINANCE,금융·보험업,JF_BNK_01,"JF_BNK_02,JF_BNK_03,JF_BNK_08,JF_BNK_09,JF_FIN_01",FINANCE,industry_rule,confirmed
64913,신용카드 및 할부금융업,FINANCE,금융·보험업,JF_BNK_03,"JF_BNK_02,JF_BNK_03,JF_BNK_08,JF_BNK_09,JF_FIN_01",FINANCE,industry_rule,confirmed
64919,그 외 기타 여신 금융업,FINANCE,금융·보험업,JF_BNK_03,"JF_BNK_02,JF_BNK_03,JF_BNK_08,JF_BNK_09,JF_FIN_01",FINANCE,industry_rule,confirmed
64991,기금 운영업,FINANCE,금융·보험업,JF_BNK_08,"JF_BNK_02,JF_BNK_03,JF_BNK_08,JF_BNK_09,JF_FIN_01",FINANCE,industry_rule,confirmed
64992,지주회사,FINANCE,금융·보험업,JF_BNK_01,"JF_BNK_02,JF_BNK_03,JF_BNK_08,JF_BNK_09,JF_FIN_01",FINANCE,industry_rule,confirmed
64999,그 외 기타 분류 안된 금융업,FINANCE,금융·보험업,JF_BNK_01,"JF_BNK_02,JF_BNK_03,JF_BNK_08,JF_BNK_09,JF_FIN_01",FINANCE,industry_rule,confirmed
65110,생명 보험업,FINANCE,금융·보험업,JF_BNK_04,"JF_BNK_02,JF_BNK_03,JF_BNK_08,JF_BNK_09,JF_FIN_01",FINANCE,industry_rule,confirmed
65121,손해 보험업,FINANCE,금융·보험업,JF_BNK_04,"JF_BNK_02,JF_BNK_03,JF_BNK_08,JF_BNK_09,JF_FIN_01",FINANCE,industry_rule,confirmed
65122,보증 보험업,FINANCE,금융·보험업,JF_BNK_04,"JF_BNK_02,JF_BNK_03,JF_BNK_08,JF_BNK_09,JF_FIN_01",FINANCE,industry_rule,confirmed
65200,재 보험업,FINANCE,금융·보험업,JF_BNK_04,"JF_BNK_02,JF_BNK_03,JF_BNK_08,JF_BNK_09,JF_FIN_01",FINANCE,industry_rule,confirmed
65301,개인 공제업,FINANCE,금융·보험업,JF_BNK_07,"JF_BNK_02,JF_BNK_03,JF_BNK_08,JF_BNK_09,JF_FIN_01",FINANCE,industry_rule,confirmed
65302,사업 공제업,FINANCE,금융·보험업,JF_BNK_07,"JF_BNK_02,JF_BNK_03,JF_BNK_08,JF_BNK_09,JF_FIN_01",FINANCE,industry_rule,confirmed
66110,금융시장 관리업,FINANCE,금융·보험업,JF_BNK_01,"JF_BNK_02,JF_BNK_03,JF_BNK_08,JF_BNK_09,JF_FIN_01",FINANCE,industry_rule,confirmed
66121,증권 중개업,FINANCE,금융·보험업,JF_BNK_11,"JF_BNK_02,JF_BNK_03,JF_BNK_08,JF_BNK_09,JF_FIN_01",FINANCE,industry_rule,confirmed
66122,선물 중개업,FINANCE,금융·보험업,JF_BNK_11,"JF_BNK_02,JF_BNK_03,JF_BNK_08,JF_BNK_09,JF_FIN_01",FINANCE,industry_rule,confirmed
66191,"증권 발행, 관리, 보관 및 거래 지원 서비스업",FINANCE,금융·보험업,JF_BNK_11,"JF_BNK_02,JF_BNK_03,JF_BNK_08,JF_BNK_09,JF_FIN_01",FINANCE,industry_rule,confirmed
66192,투자 자문업 및 투자 일임업,FINANCE,금융·보험업,JF_BNK_11,"JF_BNK_02,JF_BNK_03,JF_BNK_08,JF_BNK_09,JF_FIN_01",FINANCE,industry_rule,confirmed
66199,그 외 기타 금융 지원 서비스업,FINANCE,금융·보험업,JF_BNK_01,"JF_BNK_02,JF_BNK_03,JF_BNK_08,JF_BNK_09,JF_FIN_01",FINANCE,industry_rule,confirmed
66201,손해 사정업,FINANCE,금융·보험업,JF_BNK_07,"JF_BNK_02,JF_BNK_03,JF_BNK_08,JF_BNK_09,JF_FIN_01",FINANCE,industry_rule,confirmed
66202,보험 대리 및 중개업,FINANCE,금융·보험업,JF_BNK_06,"JF_BNK_02,JF_BNK_03,JF_BNK_08,JF_BNK_09,JF_FIN_01",FINANCE,industry_rule,confirmed
66209,기타 보험 및 연금관련 서비스업,FINANCE,금융·보험업,JF_BNK_01,"JF_BNK_02,JF_BNK_03,JF_BNK_08,JF_BNK_09,JF_FIN_01",FINANCE,industry_rule,confirmed
68111,주거용 건물 임대업,REAL_ESTATE,부동산업,JF_CON_06,"JF_OPS_05,JF_BNK_15,JF_STR_01,JF_SAL_04,JF_ADM_01",REAL_ESTATE,industry_rule,confirmed
68112,비주거용 건물 임대업,REAL_ESTATE,부동산업,JF_CON_06,"JF_OPS_05,JF_BNK_15,JF_STR_01,JF_SAL_04,JF_ADM_01",REAL_ESTATE,industry_rule,confirmed
68119,기타 부동산 임대업,REAL_ESTATE,부동산업,JF_CON_06,"JF_OPS_05,JF_BNK_15,JF_STR_01,JF_SAL_04,JF_ADM_01",REAL_ESTATE,industry_rule,confirmed
68121,주거용 건물 개발 및 공급업,REAL_ESTATE,부동산업,JF_CON_06,"JF_OPS_05,JF_BNK_15,JF_STR_01,JF_SAL_04,JF_ADM_01",REAL_ESTATE,industry_rule,confirmed
68122,비주거용 건물 개발 및 공급업,REAL_ESTATE,부동산업,JF_CON_06,"JF_OPS_05,JF_BNK_15,JF_STR_01,JF_SAL_04,JF_ADM_01",REAL_ESTATE,industry_rule,confirmed
68129,기타 부동산 개발 및 공급업,REAL_ESTATE,부동산업,JF_CON_06,"JF_OPS_05,JF_BNK_15,JF_STR_01,JF_SAL_04,JF_ADM_01",REAL_ESTATE,industry_rule,confirmed
68211,주거용 부동산 관리업,REAL_ESTATE,부동산업,JF_CON_06,"JF_OPS_05,JF_BNK_15,JF_STR_01,JF_SAL_04,JF_ADM_01",REAL_ESTATE,industry_rule,confirmed
68212,비주거용 부동산 관리업,REAL_ESTATE,부동산업,JF_CON_06,"JF_OPS_05,JF_BNK_15,JF_STR_01,JF_SAL_04,JF_ADM_01",REAL_ESTATE,industry_rule,confirmed
68221,부동산 중개 및 대리업,REAL_ESTATE,부동산업,JF_CON_06,"JF_OPS_05,JF_BNK_15,JF_STR_01,JF_SAL_04,JF_ADM_01",REAL_ESTATE,industry_rule,confirmed
68222,부동산 투자자문업,REAL_ESTATE,부동산업,JF_BNK_15,"JF_OPS_05,JF_BNK_15,JF_STR_01,JF_SAL_04,JF_ADM_01",REAL_ESTATE,industry_rule,confirmed
68223,부동산 감정평가업,REAL_ESTATE,부동산업,JF_CON_06,"JF_OPS_05,JF_BNK_15,JF_STR_01,JF_SAL_04,JF_ADM_01",REAL_ESTATE,industry_rule,confirmed
68224,부동산 분양 대행업,REAL_ESTATE,부동산업,JF_CON_06,"JF_OPS_05,JF_BNK_15,JF_STR_01,JF_SAL_04,JF_ADM_01",REAL_ESTATE,industry_rule,confirmed
70111,"물리, 화학 및 생물학 연구개발업",PROFESSIONAL_SVC,전문·과학·기술 서비스,JF_RND_01,"JF_ADM_02,JF_PRO_01,JF_RND_01,JF_STR_01,JF_ADM_06",PROFESSIONAL_SVC,industry_rule,confirmed
70112,농림수산학 및 수의학 연구개발업,PROFESSIONAL_SVC,전문·과학·기술 서비스,JF_RND_01,"JF_ADM_02,JF_PRO_01,JF_RND_01,JF_STR_01,JF_ADM_06",PROFESSIONAL_SVC,industry_rule,confirmed
70113,의학 및 약학 연구개발업,PROFESSIONAL_SVC,전문·과학·기술 서비스,JF_RND_02,"JF_ADM_02,JF_PRO_01,JF_RND_01,JF_STR_01,JF_ADM_06",PROFESSIONAL_SVC,industry_rule,confirmed
70119,기타 자연과학 연구개발업,PROFESSIONAL_SVC,전문·과학·기술 서비스,JF_RND_01,"JF_ADM_02,JF_PRO_01,JF_RND_01,JF_STR_01,JF_ADM_06",PROFESSIONAL_SVC,industry_rule,confirmed
70121,전기ㆍ전자공학 연구개발업,PROFESSIONAL_SVC,전문·과학·기술 서비스,JF_RND_01,"JF_ADM_02,JF_PRO_01,JF_RND_01,JF_STR_01,JF_ADM_06",PROFESSIONAL_SVC,industry_rule,confirmed
70129,기타 공학 연구개발업,PROFESSIONAL_SVC,전문·과학·기술 서비스,JF_RND_01,"JF_ADM_02,JF_PRO_01,JF_RND_01,JF_STR_01,JF_ADM_06",PROFESSIONAL_SVC,industry_rule,confirmed
70130,자연과학 및 공학 융합 연구개발업,PROFESSIONAL_SVC,전문·과학·기술 서비스,JF_RND_01,"JF_ADM_02,JF_PRO_01,JF_RND_01,JF_STR_01,JF_ADM_06",PROFESSIONAL_SVC,industry_rule,confirmed
70201,경제 및 경영학 연구개발업,PROFESSIONAL_SVC,전문·과학·기술 서비스,JF_STR_02,"JF_ADM_02,JF_PRO_01,JF_RND_01,JF_STR_01,JF_ADM_06",PROFESSIONAL_SVC,industry_rule,confirmed
70209,기타 인문 및 사회과학 연구개발업,PROFESSIONAL_SVC,전문·과학·기술 서비스,JF_STR_02,"JF_ADM_02,JF_PRO_01,JF_RND_01,JF_STR_01,JF_ADM_06",PROFESSIONAL_SVC,industry_rule,confirmed
71101,변호사업,PROFESSIONAL_SVC,전문·과학·기술 서비스,JF_PRO_01,"JF_ADM_02,JF_PRO_01,JF_RND_01,JF_STR_01,JF_ADM_06",PROFESSIONAL_SVC,industry_rule,confirmed
71102,변리사업,PROFESSIONAL_SVC,전문·과학·기술 서비스,JF_PRO_03,"JF_ADM_02,JF_PRO_01,JF_RND_01,JF_STR_01,JF_ADM_06",PROFESSIONAL_SVC,industry_rule,confirmed
71103,법무사업,PROFESSIONAL_SVC,전문·과학·기술 서비스,JF_PRO_02,"JF_ADM_02,JF_PRO_01,JF_RND_01,JF_STR_01,JF_ADM_06",PROFESSIONAL_SVC,industry_rule,confirmed
71109,기타 법무관련 서비스업,PROFESSIONAL_SVC,전문·과학·기술 서비스,JF_STR_02,"JF_ADM_02,JF_PRO_01,JF_RND_01,JF_STR_01,JF_ADM_06",PROFESSIONAL_SVC,industry_rule,confirmed
71201,공인회계사업,PROFESSIONAL_SVC,전문·과학·기술 서비스,JF_PRO_05,"JF_ADM_02,JF_PRO_01,JF_RND_01,JF_STR_01,JF_ADM_06",PROFESSIONAL_SVC,industry_rule,confirmed
71202,세무사업,PROFESSIONAL_SVC,전문·과학·기술 서비스,JF_PRO_05,"JF_ADM_02,JF_PRO_01,JF_RND_01,JF_STR_01,JF_ADM_06",PROFESSIONAL_SVC,industry_rule,confirmed
71209,기타 회계 관련 서비스업,PROFESSIONAL_SVC,전문·과학·기술 서비스,JF_STR_02,"JF_ADM_02,JF_PRO_01,JF_RND_01,JF_STR_01,JF_ADM_06",PROFESSIONAL_SVC,industry_rule,confirmed
71310,광고 대행업,PROFESSIONAL_SVC,전문·과학·기술 서비스,JF_MKT_07,"JF_ADM_02,JF_PRO_01,JF_RND_01,JF_STR_01,JF_ADM_06",PROFESSIONAL_SVC,industry_rule,confirmed
71391,옥외 광고업,PROFESSIONAL_SVC,전문·과학·기술 서비스,JF_MKT_07,"JF_ADM_02,JF_PRO_01,JF_RND_01,JF_STR_01,JF_ADM_06",PROFESSIONAL_SVC,industry_rule,confirmed
71392,"광고물 문안, 도안, 설계 등 작성업",PROFESSIONAL_SVC,전문·과학·기술 서비스,JF_MKT_07,"JF_ADM_02,JF_PRO_01,JF_RND_01,JF_STR_01,JF_ADM_06",PROFESSIONAL_SVC,industry_rule,confirmed
71399,그 외 기타 광고 관련 서비스업,PROFESSIONAL_SVC,전문·과학·기술 서비스,JF_MKT_07,"JF_ADM_02,JF_PRO_01,JF_RND_01,JF_STR_01,JF_ADM_06",PROFESSIONAL_SVC,industry_rule,confirmed
71400,시장조사 및 여론조사업,PROFESSIONAL_SVC,전문·과학·기술 서비스,JF_MKT_08,"JF_ADM_02,JF_PRO_01,JF_RND_01,JF_STR_01,JF_ADM_06",PROFESSIONAL_SVC,industry_rule,confirmed
71511,제조업 회사 본부,PROFESSIONAL_SVC,전문·과학·기술 서비스,JF_STR_01,"JF_ADM_02,JF_PRO_01,JF_RND_01,JF_STR_01,JF_ADM_06",PROFESSIONAL_SVC,industry_rule,confirmed
71519,기타 산업 회사 본부,PROFESSIONAL_SVC,전문·과학·기술 서비스,JF_STR_01,"JF_ADM_02,JF_PRO_01,JF_RND_01,JF_STR_01,JF_ADM_06",PROFESSIONAL_SVC,industry_rule,confirmed
71531,경영 컨설팅업,PROFESSIONAL_SVC,전문·과학·기술 서비스,JF_STR_02,"JF_ADM_02,JF_PRO_01,JF_RND_01,JF_STR_01,JF_ADM_06",PROFESSIONAL_SVC,industry_rule,confirmed
71532,공공관계 서비스업,PROFESSIONAL_SVC,전문·과학·기술 서비스,JF_STR_02,"JF_ADM_02,JF_PRO_01,JF_RND_01,JF_STR_01,JF_ADM_06",PROFESSIONAL_SVC,industry_rule,confirmed
71600,기타 전문 서비스업,PROFESSIONAL_SVC,전문·과학·기술 서비스,JF_STR_02,"JF_ADM_02,JF_PRO_01,JF_RND_01,JF_STR_01,JF_ADM_06",PROFESSIONAL_SVC,industry_rule,confirmed
72111,건축설계 및 관련 서비스업,PROFESSIONAL_SVC,전문·과학·기술 서비스,JF_STR_02,"JF_ADM_02,JF_PRO_01,JF_RND_01,JF_STR_01,JF_ADM_06",PROFESSIONAL_SVC,industry_rule,confirmed
72112,도시계획 및 조경설계 서비스업,PROFESSIONAL_SVC,전문·과학·기술 서비스,JF_STR_02,"JF_ADM_02,JF_PRO_01,JF_RND_01,JF_STR_01,JF_ADM_06",PROFESSIONAL_SVC,industry_rule,confirmed
72121,건물 및 토목 엔지니어링 서비스업,PROFESSIONAL_SVC,전문·과학·기술 서비스,JF_STR_02,"JF_ADM_02,JF_PRO_01,JF_RND_01,JF_STR_01,JF_ADM_06",PROFESSIONAL_SVC,industry_rule,confirmed
72122,환경 관련 엔지니어링 서비스업,PROFESSIONAL_SVC,전문·과학·기술 서비스,JF_STR_02,"JF_ADM_02,JF_PRO_01,JF_RND_01,JF_STR_01,JF_ADM_06",PROFESSIONAL_SVC,industry_rule,confirmed
72129,기타 엔지니어링 서비스업,PROFESSIONAL_SVC,전문·과학·기술 서비스,JF_STR_02,"JF_ADM_02,JF_PRO_01,JF_RND_01,JF_STR_01,JF_ADM_06",PROFESSIONAL_SVC,industry_rule,confirmed
72911,물질성분 검사 및 분석업,PROFESSIONAL_SVC,전문·과학·기술 서비스,JF_RND_01,"JF_ADM_02,JF_PRO_01,JF_RND_01,JF_STR_01,JF_ADM_06",PROFESSIONAL_SVC,industry_rule,confirmed
72919,"기타 기술 시험, 검사 및 분석업",PROFESSIONAL_SVC,전문·과학·기술 서비스,JF_RND_01,"JF_ADM_02,JF_PRO_01,JF_RND_01,JF_STR_01,JF_ADM_06",PROFESSIONAL_SVC,industry_rule,confirmed
72921,측량업,PROFESSIONAL_SVC,전문·과학·기술 서비스,JF_MFG_08,"JF_ADM_02,JF_PRO_01,JF_RND_01,JF_STR_01,JF_ADM_06",PROFESSIONAL_SVC,industry_rule,confirmed
72922,제도업,PROFESSIONAL_SVC,전문·과학·기술 서비스,JF_MFG_08,"JF_ADM_02,JF_PRO_01,JF_RND_01,JF_STR_01,JF_ADM_06",PROFESSIONAL_SVC,industry_rule,confirmed
72923,지질 조사·탐사 및 지도 제작업,PROFESSIONAL_SVC,전문·과학·기술 서비스,JF_MFG_08,"JF_ADM_02,JF_PRO_01,JF_RND_01,JF_STR_01,JF_ADM_06",PROFESSIONAL_SVC,industry_rule,confirmed
73100,수의업,PROFESSIONAL_SVC,전문·과학·기술 서비스,JF_PRO_12,"JF_ADM_02,JF_PRO_01,JF_RND_01,JF_STR_01,JF_ADM_06",PROFESSIONAL_SVC,industry_rule,confirmed
73201,인테리어 디자인업,PROFESSIONAL_SVC,전문·과학·기술 서비스,JF_CON_05,"JF_ADM_02,JF_PRO_01,JF_RND_01,JF_STR_01,JF_ADM_06",PROFESSIONAL_SVC,industry_rule,confirmed
73202,제품 디자인업,PROFESSIONAL_SVC,전문·과학·기술 서비스,JF_DES_06,"JF_ADM_02,JF_PRO_01,JF_RND_01,JF_STR_01,JF_ADM_06",PROFESSIONAL_SVC,industry_rule,confirmed
73203,시각 디자인업,PROFESSIONAL_SVC,전문·과학·기술 서비스,JF_DES_02,"JF_ADM_02,JF_PRO_01,JF_RND_01,JF_STR_01,JF_ADM_06",PROFESSIONAL_SVC,industry_rule,confirmed
73209,"패션, 섬유류 및 기타 전문 디자인업",PROFESSIONAL_SVC,전문·과학·기술 서비스,JF_DES_05,"JF_ADM_02,JF_PRO_01,JF_RND_01,JF_STR_01,JF_ADM_06",PROFESSIONAL_SVC,industry_rule,confirmed
73301,인물사진 및 행사용 영상 촬영업,PROFESSIONAL_SVC,전문·과학·기술 서비스,JF_DES_02,"JF_ADM_02,JF_PRO_01,JF_RND_01,JF_STR_01,JF_ADM_06",PROFESSIONAL_SVC,industry_rule,confirmed
73302,상업용 사진 촬영업,PROFESSIONAL_SVC,전문·과학·기술 서비스,JF_DES_02,"JF_ADM_02,JF_PRO_01,JF_RND_01,JF_STR_01,JF_ADM_06",PROFESSIONAL_SVC,industry_rule,confirmed
73303,사진 처리업,PROFESSIONAL_SVC,전문·과학·기술 서비스,JF_MED_03,"JF_ADM_02,JF_PRO_01,JF_RND_01,JF_STR_01,JF_ADM_06",PROFESSIONAL_SVC,industry_rule,confirmed
73901,매니저업,PROFESSIONAL_SVC,전문·과학·기술 서비스,JF_MED_04,"JF_ADM_02,JF_PRO_01,JF_RND_01,JF_STR_01,JF_ADM_06",PROFESSIONAL_SVC,industry_rule,confirmed
73902,번역 및 통역 서비스업,PROFESSIONAL_SVC,전문·과학·기술 서비스,JF_MED_06,"JF_ADM_02,JF_PRO_01,JF_RND_01,JF_STR_01,JF_ADM_06",PROFESSIONAL_SVC,industry_rule,confirmed
73903,사업 및 무형 재산권 중개업,PROFESSIONAL_SVC,전문·과학·기술 서비스,JF_STR_02,"JF_ADM_02,JF_PRO_01,JF_RND_01,JF_STR_01,JF_ADM_06",PROFESSIONAL_SVC,industry_rule,confirmed
73904,"물품 감정, 계량 및 견본 추출업",PROFESSIONAL_SVC,전문·과학·기술 서비스,JF_STR_02,"JF_ADM_02,JF_PRO_01,JF_RND_01,JF_STR_01,JF_ADM_06",PROFESSIONAL_SVC,industry_rule,confirmed
73905,고고유산 조사연구 서비스업,PROFESSIONAL_SVC,전문·과학·기술 서비스,JF_STR_02,"JF_ADM_02,JF_PRO_01,JF_RND_01,JF_STR_01,JF_ADM_06",PROFESSIONAL_SVC,industry_rule,confirmed
73909,"그 외 기타 분류 안된 전문, 과학 및 기술 서비스업",PROFESSIONAL_SVC,전문·과학·기술 서비스,JF_STR_02,"JF_ADM_02,JF_PRO_01,JF_RND_01,JF_STR_01,JF_ADM_06",PROFESSIONAL_SVC,industry_rule,confirmed
74100,사업시설 유지ㆍ관리 서비스업,BUSINESS_SVC,사업지원 서비스업,JF_ADM_01,"JF_HR_01,JF_STR_01,JF_OPS_01,JF_SVC_06,JF_SVC_07",BUSINESS_SVC,industry_rule,confirmed
74211,건축물 일반 청소업,BUSINESS_SVC,사업지원 서비스업,JF_SVC_07,"JF_HR_01,JF_STR_01,JF_OPS_01,JF_SVC_06,JF_SVC_07",BUSINESS_SVC,industry_rule,confirmed
74212,"산업설비, 운송장비 및 공공장소 청소업",BUSINESS_SVC,사업지원 서비스업,JF_SVC_07,"JF_HR_01,JF_STR_01,JF_OPS_01,JF_SVC_06,JF_SVC_07",BUSINESS_SVC,industry_rule,confirmed
74220,"소독, 구충 및 방제 서비스업",BUSINESS_SVC,사업지원 서비스업,JF_SVC_07,"JF_HR_01,JF_STR_01,JF_OPS_01,JF_SVC_06,JF_SVC_07",BUSINESS_SVC,industry_rule,confirmed
74300,조경 관리 및 유지 서비스업,BUSINESS_SVC,사업지원 서비스업,JF_SVC_07,"JF_HR_01,JF_STR_01,JF_OPS_01,JF_SVC_06,JF_SVC_07",BUSINESS_SVC,industry_rule,confirmed
75110,고용 알선업,BUSINESS_SVC,사업지원 서비스업,JF_SVC_07,"JF_HR_01,JF_STR_01,JF_OPS_01,JF_SVC_06,JF_SVC_07",BUSINESS_SVC,industry_rule,confirmed
75121,임시 및 일용 인력 공급업,BUSINESS_SVC,사업지원 서비스업,JF_SVC_07,"JF_HR_01,JF_STR_01,JF_OPS_01,JF_SVC_06,JF_SVC_07",BUSINESS_SVC,industry_rule,confirmed
75122,상용 인력 공급 및 인사관리 서비스업,BUSINESS_SVC,사업지원 서비스업,JF_SVC_07,"JF_HR_01,JF_STR_01,JF_OPS_01,JF_SVC_06,JF_SVC_07",BUSINESS_SVC,industry_rule,confirmed
75210,여행사업,BUSINESS_SVC,사업지원 서비스업,JF_SVC_01,"JF_HR_01,JF_STR_01,JF_OPS_01,JF_SVC_06,JF_SVC_07",BUSINESS_SVC,industry_rule,confirmed
75290,기타 여행 보조 및 예약 서비스업,BUSINESS_SVC,사업지원 서비스업,JF_SVC_01,"JF_HR_01,JF_STR_01,JF_OPS_01,JF_SVC_06,JF_SVC_07",BUSINESS_SVC,industry_rule,confirmed
75310,경비 및 경호 서비스업,BUSINESS_SVC,사업지원 서비스업,JF_SVC_04,"JF_HR_01,JF_STR_01,JF_OPS_01,JF_SVC_06,JF_SVC_07",BUSINESS_SVC,industry_rule,confirmed
75320,보안시스템 서비스업,BUSINESS_SVC,사업지원 서비스업,JF_SVC_04,"JF_HR_01,JF_STR_01,JF_OPS_01,JF_SVC_06,JF_SVC_07",BUSINESS_SVC,industry_rule,confirmed
75330,탐정 및 조사 서비스업,BUSINESS_SVC,사업지원 서비스업,JF_SVC_09,"JF_HR_01,JF_STR_01,JF_OPS_01,JF_SVC_06,JF_SVC_07",BUSINESS_SVC,industry_rule,confirmed
75911,문서 작성 및 복사업,BUSINESS_SVC,사업지원 서비스업,JF_SVC_09,"JF_HR_01,JF_STR_01,JF_OPS_01,JF_SVC_06,JF_SVC_07",BUSINESS_SVC,industry_rule,confirmed
75919,기타 사무지원 서비스업,BUSINESS_SVC,사업지원 서비스업,JF_SVC_09,"JF_HR_01,JF_STR_01,JF_OPS_01,JF_SVC_06,JF_SVC_07",BUSINESS_SVC,industry_rule,confirmed
75991,콜센터 및 텔레마케팅 서비스업,BUSINESS_SVC,사업지원 서비스업,JF_CS_02,"JF_HR_01,JF_STR_01,JF_OPS_01,JF_SVC_06,JF_SVC_07",BUSINESS_SVC,industry_rule,confirmed
75992,"전시, 컨벤션 및 행사 대행업",BUSINESS_SVC,사업지원 서비스업,JF_SVC_10,"JF_HR_01,JF_STR_01,JF_OPS_01,JF_SVC_06,JF_SVC_07",BUSINESS_SVC,industry_rule,confirmed
75993,신용 조사 및 추심 대행업,BUSINESS_SVC,사업지원 서비스업,JF_SVC_09,"JF_HR_01,JF_STR_01,JF_OPS_01,JF_SVC_06,JF_SVC_07",BUSINESS_SVC,industry_rule,confirmed
75994,포장 및 충전업,BUSINESS_SVC,사업지원 서비스업,JF_SVC_09,"JF_HR_01,JF_STR_01,JF_OPS_01,JF_SVC_06,JF_SVC_07",BUSINESS_SVC,industry_rule,confirmed
75995,온라인 활용 마케팅 및 관련 사업지원 서비스업,BUSINESS_SVC,사업지원 서비스업,JF_SVC_09,"JF_HR_01,JF_STR_01,JF_OPS_01,JF_SVC_06,JF_SVC_07",BUSINESS_SVC,industry_rule,confirmed
75999,그 외 기타 분류 안된 사업지원 서비스업,BUSINESS_SVC,사업지원 서비스업,JF_SVC_09,"JF_HR_01,JF_STR_01,JF_OPS_01,JF_SVC_06,JF_SVC_07",BUSINESS_SVC,industry_rule,confirmed
76110,자동차 임대업,BUSINESS_SVC,사업지원 서비스업,JF_SVC_09,"JF_HR_01,JF_STR_01,JF_OPS_01,JF_SVC_06,JF_SVC_07",BUSINESS_SVC,industry_rule,confirmed
76190,기타 운송장비 임대업,BUSINESS_SVC,사업지원 서비스업,JF_SVC_09,"JF_HR_01,JF_STR_01,JF_OPS_01,JF_SVC_06,JF_SVC_07",BUSINESS_SVC,industry_rule,confirmed
76210,스포츠 및 레크리에이션 용품 임대업,BUSINESS_SVC,사업지원 서비스업,JF_SVC_09,"JF_HR_01,JF_STR_01,JF_OPS_01,JF_SVC_06,JF_SVC_07",BUSINESS_SVC,industry_rule,confirmed
76220,음반 및 비디오물 임대업,BUSINESS_SVC,사업지원 서비스업,JF_SVC_09,"JF_HR_01,JF_STR_01,JF_OPS_01,JF_SVC_06,JF_SVC_07",BUSINESS_SVC,industry_rule,confirmed
76291,서적 임대업,BUSINESS_SVC,사업지원 서비스업,JF_SVC_09,"JF_HR_01,JF_STR_01,JF_OPS_01,JF_SVC_06,JF_SVC_07",BUSINESS_SVC,industry_rule,confirmed
76292,의류 임대업,BUSINESS_SVC,사업지원 서비스업,JF_SVC_09,"JF_HR_01,JF_STR_01,JF_OPS_01,JF_SVC_06,JF_SVC_07",BUSINESS_SVC,industry_rule,confirmed
76299,그 외 기타 개인 및 가정용품 임대업,BUSINESS_SVC,사업지원 서비스업,JF_SVC_09,"JF_HR_01,JF_STR_01,JF_OPS_01,JF_SVC_06,JF_SVC_07",BUSINESS_SVC,industry_rule,confirmed
76310,건설 및 토목공사용 기계ㆍ장비 임대업,BUSINESS_SVC,사업지원 서비스업,JF_SVC_09,"JF_HR_01,JF_STR_01,JF_OPS_01,JF_SVC_06,JF_SVC_07",BUSINESS_SVC,industry_rule,confirmed
76320,컴퓨터 및 사무용 기계ㆍ장비 임대업,BUSINESS_SVC,사업지원 서비스업,JF_SVC_09,"JF_HR_01,JF_STR_01,JF_OPS_01,JF_SVC_06,JF_SVC_07",BUSINESS_SVC,industry_rule,confirmed
76390,기타 산업용 기계 및 장비 임대업,BUSINESS_SVC,사업지원 서비스업,JF_SVC_09,"JF_HR_01,JF_STR_01,JF_OPS_01,JF_SVC_06,JF_SVC_07",BUSINESS_SVC,industry_rule,confirmed
76400,무형재산권 임대업,BUSINESS_SVC,사업지원 서비스업,JF_SVC_09,"JF_HR_01,JF_STR_01,JF_OPS_01,JF_SVC_06,JF_SVC_07",BUSINESS_SVC,industry_rule,confirmed
84111,입법기관,PUBLIC_ADMIN,공공행정·국방,JF_PUB_01,"JF_PUB_02,JF_HR_01,JF_ADM_01,JF_PUB_04,JF_PUB_05",PUBLIC_ADMIN,industry_rule,confirmed
84112,중앙 최고 집행기관,PUBLIC_ADMIN,공공행정·국방,JF_PUB_01,"JF_PUB_02,JF_HR_01,JF_ADM_01,JF_PUB_04,JF_PUB_05",PUBLIC_ADMIN,industry_rule,confirmed
84113,지방행정 집행기관,PUBLIC_ADMIN,공공행정·국방,JF_PUB_01,"JF_PUB_02,JF_HR_01,JF_ADM_01,JF_PUB_04,JF_PUB_05",PUBLIC_ADMIN,industry_rule,confirmed
84114,재정 및 경제정책 행정,PUBLIC_ADMIN,공공행정·국방,JF_PUB_01,"JF_PUB_02,JF_HR_01,JF_ADM_01,JF_PUB_04,JF_PUB_05",PUBLIC_ADMIN,industry_rule,confirmed
84119,기타 일반 공공 행정,PUBLIC_ADMIN,공공행정·국방,JF_PUB_01,"JF_PUB_02,JF_HR_01,JF_ADM_01,JF_PUB_04,JF_PUB_05",PUBLIC_ADMIN,industry_rule,confirmed
84120,정부기관 일반 보조 행정,PUBLIC_ADMIN,공공행정·국방,JF_PUB_02,"JF_PUB_02,JF_HR_01,JF_ADM_01,JF_PUB_04,JF_PUB_05",PUBLIC_ADMIN,industry_rule,confirmed
84211,교육 행정,PUBLIC_ADMIN,공공행정·국방,JF_PUB_01,"JF_PUB_02,JF_HR_01,JF_ADM_01,JF_PUB_04,JF_PUB_05",PUBLIC_ADMIN,industry_rule,confirmed
84212,문화 및 관광 행정,PUBLIC_ADMIN,공공행정·국방,JF_PUB_01,"JF_PUB_02,JF_HR_01,JF_ADM_01,JF_PUB_04,JF_PUB_05",PUBLIC_ADMIN,industry_rule,confirmed
84213,환경 행정,PUBLIC_ADMIN,공공행정·국방,JF_PUB_01,"JF_PUB_02,JF_HR_01,JF_ADM_01,JF_PUB_04,JF_PUB_05",PUBLIC_ADMIN,industry_rule,confirmed
84214,보건 및 복지 행정,PUBLIC_ADMIN,공공행정·국방,JF_PUB_01,"JF_PUB_02,JF_HR_01,JF_ADM_01,JF_PUB_04,JF_PUB_05",PUBLIC_ADMIN,industry_rule,confirmed
84219,기타 사회서비스 관리 행정,PUBLIC_ADMIN,공공행정·국방,JF_PUB_02,"JF_PUB_02,JF_HR_01,JF_ADM_01,JF_PUB_04,JF_PUB_05",PUBLIC_ADMIN,industry_rule,confirmed
84221,노동 행정,PUBLIC_ADMIN,공공행정·국방,JF_PUB_01,"JF_PUB_02,JF_HR_01,JF_ADM_01,JF_PUB_04,JF_PUB_05",PUBLIC_ADMIN,industry_rule,confirmed
84222,농림수산 행정,PUBLIC_ADMIN,공공행정·국방,JF_PUB_01,"JF_PUB_02,JF_HR_01,JF_ADM_01,JF_PUB_04,JF_PUB_05",PUBLIC_ADMIN,industry_rule,confirmed
84223,건설 및 운송 행정,PUBLIC_ADMIN,공공행정·국방,JF_PUB_01,"JF_PUB_02,JF_HR_01,JF_ADM_01,JF_PUB_04,JF_PUB_05",PUBLIC_ADMIN,industry_rule,confirmed
84224,우편 및 통신행정,PUBLIC_ADMIN,공공행정·국방,JF_PUB_01,"JF_PUB_02,JF_HR_01,JF_ADM_01,JF_PUB_04,JF_PUB_05",PUBLIC_ADMIN,industry_rule,confirmed
84229,기타 산업진흥 행정,PUBLIC_ADMIN,공공행정·국방,JF_PUB_02,"JF_PUB_02,JF_HR_01,JF_ADM_01,JF_PUB_04,JF_PUB_05",PUBLIC_ADMIN,industry_rule,confirmed
84310,외무 행정,PUBLIC_ADMIN,공공행정·국방,JF_PUB_04,"JF_PUB_02,JF_HR_01,JF_ADM_01,JF_PUB_04,JF_PUB_05",PUBLIC_ADMIN,industry_rule,confirmed
84320,국방 행정,PUBLIC_ADMIN,공공행정·국방,JF_PUB_04,"JF_PUB_02,JF_HR_01,JF_ADM_01,JF_PUB_04,JF_PUB_05",PUBLIC_ADMIN,industry_rule,confirmed
84401,법원,PUBLIC_ADMIN,공공행정·국방,JF_PUB_01,"JF_PUB_02,JF_HR_01,JF_ADM_01,JF_PUB_04,JF_PUB_05",PUBLIC_ADMIN,industry_rule,confirmed
84402,검찰,PUBLIC_ADMIN,공공행정·국방,JF_PUB_01,"JF_PUB_02,JF_HR_01,JF_ADM_01,JF_PUB_04,JF_PUB_05",PUBLIC_ADMIN,industry_rule,confirmed
84403,교도기관,PUBLIC_ADMIN,공공행정·국방,JF_PUB_04,"JF_PUB_02,JF_HR_01,JF_ADM_01,JF_PUB_04,JF_PUB_05",PUBLIC_ADMIN,industry_rule,confirmed
84404,경찰,PUBLIC_ADMIN,공공행정·국방,JF_PUB_04,"JF_PUB_02,JF_HR_01,JF_ADM_01,JF_PUB_04,JF_PUB_05",PUBLIC_ADMIN,industry_rule,confirmed
84405,소방서,PUBLIC_ADMIN,공공행정·국방,JF_PUB_04,"JF_PUB_02,JF_HR_01,JF_ADM_01,JF_PUB_04,JF_PUB_05",PUBLIC_ADMIN,industry_rule,confirmed
84409,기타 사법 및 공공질서 행정,PUBLIC_ADMIN,공공행정·국방,JF_PUB_04,"JF_PUB_02,JF_HR_01,JF_ADM_01,JF_PUB_04,JF_PUB_05",PUBLIC_ADMIN,industry_rule,confirmed
84500,사회보장 행정,PUBLIC_ADMIN,공공행정·국방,JF_PUB_05,"JF_PUB_02,JF_HR_01,JF_ADM_01,JF_PUB_04,JF_PUB_05",PUBLIC_ADMIN,industry_rule,confirmed
84611,건강보험업,PUBLIC_ADMIN,공공행정·국방,JF_PUB_05,"JF_PUB_02,JF_HR_01,JF_ADM_01,JF_PUB_04,JF_PUB_05",PUBLIC_ADMIN,industry_rule,confirmed
84619,산업 재해 및 기타 사회보장보험업,PUBLIC_ADMIN,공공행정·국방,JF_PUB_05,"JF_PUB_02,JF_HR_01,JF_ADM_01,JF_PUB_04,JF_PUB_05",PUBLIC_ADMIN,industry_rule,confirmed
84620,연금업,PUBLIC_ADMIN,공공행정·국방,JF_PUB_02,"JF_PUB_02,JF_HR_01,JF_ADM_01,JF_PUB_04,JF_PUB_05",PUBLIC_ADMIN,industry_rule,confirmed
85110,유아 교육기관,EDUCATION,교육서비스업,JF_EDU_01,"JF_EDU_02,JF_EDU_03,JF_EDU_04,JF_HR_05,JF_EDU_06",EDUCATION,industry_rule,confirmed
85120,초등학교,EDUCATION,교육서비스업,JF_EDU_01,"JF_EDU_02,JF_EDU_03,JF_EDU_04,JF_HR_05,JF_EDU_06",EDUCATION,industry_rule,confirmed
85211,중학교,EDUCATION,교육서비스업,JF_EDU_01,"JF_EDU_02,JF_EDU_03,JF_EDU_04,JF_HR_05,JF_EDU_06",EDUCATION,industry_rule,confirmed
85212,일반 고등학교,EDUCATION,교육서비스업,JF_EDU_01,"JF_EDU_02,JF_EDU_03,JF_EDU_04,JF_HR_05,JF_EDU_06",EDUCATION,industry_rule,confirmed
85221,상업 및 정보산업 특성화 고등학교,EDUCATION,교육서비스업,JF_EDU_01,"JF_EDU_02,JF_EDU_03,JF_EDU_04,JF_HR_05,JF_EDU_06",EDUCATION,industry_rule,confirmed
85222,공업 특성화 고등학교,EDUCATION,교육서비스업,JF_EDU_01,"JF_EDU_02,JF_EDU_03,JF_EDU_04,JF_HR_05,JF_EDU_06",EDUCATION,industry_rule,confirmed
85229,기타 특성화 고등학교,EDUCATION,교육서비스업,JF_EDU_01,"JF_EDU_02,JF_EDU_03,JF_EDU_04,JF_HR_05,JF_EDU_06",EDUCATION,industry_rule,confirmed
85301,전문대학,EDUCATION,교육서비스업,JF_EDU_02,"JF_EDU_02,JF_EDU_03,JF_EDU_04,JF_HR_05,JF_EDU_06",EDUCATION,industry_rule,confirmed
85302,대학교,EDUCATION,교육서비스업,JF_EDU_02,"JF_EDU_02,JF_EDU_03,JF_EDU_04,JF_HR_05,JF_EDU_06",EDUCATION,industry_rule,confirmed
85303,대학원,EDUCATION,교육서비스업,JF_EDU_02,"JF_EDU_02,JF_EDU_03,JF_EDU_04,JF_HR_05,JF_EDU_06",EDUCATION,industry_rule,confirmed
85410,특수학교,EDUCATION,교육서비스업,JF_EDU_01,"JF_EDU_02,JF_EDU_03,JF_EDU_04,JF_HR_05,JF_EDU_06",EDUCATION,industry_rule,confirmed
85420,외국인 학교,EDUCATION,교육서비스업,JF_EDU_01,"JF_EDU_02,JF_EDU_03,JF_EDU_04,JF_HR_05,JF_EDU_06",EDUCATION,industry_rule,confirmed
85430,대안학교,EDUCATION,교육서비스업,JF_EDU_01,"JF_EDU_02,JF_EDU_03,JF_EDU_04,JF_HR_05,JF_EDU_06",EDUCATION,industry_rule,confirmed
85501,일반 교과 학원,EDUCATION,교육서비스업,JF_EDU_03,"JF_EDU_02,JF_EDU_03,JF_EDU_04,JF_HR_05,JF_EDU_06",EDUCATION,industry_rule,confirmed
85502,방문 교육 학원,EDUCATION,교육서비스업,JF_EDU_03,"JF_EDU_02,JF_EDU_03,JF_EDU_04,JF_HR_05,JF_EDU_06",EDUCATION,industry_rule,confirmed
85503,온라인 교육 학원,EDUCATION,교육서비스업,JF_EDU_03,"JF_EDU_02,JF_EDU_03,JF_EDU_04,JF_HR_05,JF_EDU_06",EDUCATION,industry_rule,confirmed
85611,태권도 및 무술 교육기관,EDUCATION,교육서비스업,JF_EDU_03,"JF_EDU_02,JF_EDU_03,JF_EDU_04,JF_HR_05,JF_EDU_06",EDUCATION,industry_rule,confirmed
85612,기타 스포츠 교육기관,EDUCATION,교육서비스업,JF_EDU_03,"JF_EDU_02,JF_EDU_03,JF_EDU_04,JF_HR_05,JF_EDU_06",EDUCATION,industry_rule,confirmed
85613,레크리에이션 교육기관,EDUCATION,교육서비스업,JF_EDU_03,"JF_EDU_02,JF_EDU_03,JF_EDU_04,JF_HR_05,JF_EDU_06",EDUCATION,industry_rule,confirmed
85614,청소년 수련시설 운영업,EDUCATION,교육서비스업,JF_EDU_04,"JF_EDU_02,JF_EDU_03,JF_EDU_04,JF_HR_05,JF_EDU_06",EDUCATION,industry_rule,confirmed
85621,음악학원,EDUCATION,교육서비스업,JF_EDU_03,"JF_EDU_02,JF_EDU_03,JF_EDU_04,JF_HR_05,JF_EDU_06",EDUCATION,industry_rule,confirmed
85622,미술학원,EDUCATION,교육서비스업,JF_EDU_03,"JF_EDU_02,JF_EDU_03,JF_EDU_04,JF_HR_05,JF_EDU_06",EDUCATION,industry_rule,confirmed
85629,기타 예술학원,EDUCATION,교육서비스업,JF_EDU_03,"JF_EDU_02,JF_EDU_03,JF_EDU_04,JF_HR_05,JF_EDU_06",EDUCATION,industry_rule,confirmed
85631,외국어학원,EDUCATION,교육서비스업,JF_EDU_03,"JF_EDU_02,JF_EDU_03,JF_EDU_04,JF_HR_05,JF_EDU_06",EDUCATION,industry_rule,confirmed
85632,기타 교습학원,EDUCATION,교육서비스업,JF_EDU_03,"JF_EDU_02,JF_EDU_03,JF_EDU_04,JF_HR_05,JF_EDU_06",EDUCATION,industry_rule,confirmed
85640,사회교육시설,EDUCATION,교육서비스업,JF_EDU_04,"JF_EDU_02,JF_EDU_03,JF_EDU_04,JF_HR_05,JF_EDU_06",EDUCATION,industry_rule,confirmed
85650,직원훈련기관,EDUCATION,교육서비스업,JF_HR_05,"JF_EDU_02,JF_EDU_03,JF_EDU_04,JF_HR_05,JF_EDU_06",EDUCATION,industry_rule,confirmed
85661,운전학원,EDUCATION,교육서비스업,JF_EDU_03,"JF_EDU_02,JF_EDU_03,JF_EDU_04,JF_HR_05,JF_EDU_06",EDUCATION,industry_rule,confirmed
85669,기타 기술 및 직업훈련학원,EDUCATION,교육서비스업,JF_EDU_03,"JF_EDU_02,JF_EDU_03,JF_EDU_04,JF_HR_05,JF_EDU_06",EDUCATION,industry_rule,confirmed
85691,컴퓨터 학원,EDUCATION,교육서비스업,JF_EDU_03,"JF_EDU_02,JF_EDU_03,JF_EDU_04,JF_HR_05,JF_EDU_06",EDUCATION,industry_rule,confirmed
85699,그 외 기타 분류 안된 교육기관,EDUCATION,교육서비스업,JF_EDU_06,"JF_EDU_02,JF_EDU_03,JF_EDU_04,JF_HR_05,JF_EDU_06",EDUCATION,industry_rule,confirmed
85701,교육관련 자문 및 평가업,EDUCATION,교육서비스업,JF_EDU_06,"JF_EDU_02,JF_EDU_03,JF_EDU_04,JF_HR_05,JF_EDU_06",EDUCATION,industry_rule,confirmed
85709,기타 교육지원 서비스업,EDUCATION,교육서비스업,JF_EDU_06,"JF_EDU_02,JF_EDU_03,JF_EDU_04,JF_HR_05,JF_EDU_06",EDUCATION,industry_rule,confirmed
86101,종합 병원,HEALTHCARE,보건·사회복지,JF_PRO_07,"JF_MED_H02,JF_PRO_10,JF_MED_H04,JF_SOC_01,JF_RND_02",HEALTHCARE,industry_rule,confirmed
86102,일반 병원,HEALTHCARE,보건·사회복지,JF_PRO_07,"JF_MED_H02,JF_PRO_10,JF_MED_H04,JF_SOC_01,JF_RND_02",HEALTHCARE,industry_rule,confirmed
86103,치과 병원,HEALTHCARE,보건·사회복지,JF_PRO_07,"JF_MED_H02,JF_PRO_10,JF_MED_H04,JF_SOC_01,JF_RND_02",HEALTHCARE,industry_rule,confirmed
86104,한방 병원,HEALTHCARE,보건·사회복지,JF_PRO_07,"JF_MED_H02,JF_PRO_10,JF_MED_H04,JF_SOC_01,JF_RND_02",HEALTHCARE,industry_rule,confirmed
86105,요양 병원,HEALTHCARE,보건·사회복지,JF_PRO_07,"JF_MED_H02,JF_PRO_10,JF_MED_H04,JF_SOC_01,JF_RND_02",HEALTHCARE,industry_rule,confirmed
86201,일반 의원,HEALTHCARE,보건·사회복지,JF_PRO_07,"JF_MED_H02,JF_PRO_10,JF_MED_H04,JF_SOC_01,JF_RND_02",HEALTHCARE,industry_rule,confirmed
86202,치과 의원,HEALTHCARE,보건·사회복지,JF_PRO_07,"JF_MED_H02,JF_PRO_10,JF_MED_H04,JF_SOC_01,JF_RND_02",HEALTHCARE,industry_rule,confirmed
86203,한의원,HEALTHCARE,보건·사회복지,JF_PRO_07,"JF_MED_H02,JF_PRO_10,JF_MED_H04,JF_SOC_01,JF_RND_02",HEALTHCARE,industry_rule,confirmed
86204,방사선 진단 및 병리 검사 의원,HEALTHCARE,보건·사회복지,JF_PRO_10,"JF_MED_H02,JF_PRO_10,JF_MED_H04,JF_SOC_01,JF_RND_02",HEALTHCARE,industry_rule,confirmed
86300,공중 보건 의료업,HEALTHCARE,보건·사회복지,JF_PRO_07,"JF_MED_H02,JF_PRO_10,JF_MED_H04,JF_SOC_01,JF_RND_02",HEALTHCARE,industry_rule,confirmed
86901,앰뷸런스 서비스업,HEALTHCARE,보건·사회복지,JF_PRO_11,"JF_MED_H02,JF_PRO_10,JF_MED_H04,JF_SOC_01,JF_RND_02",HEALTHCARE,industry_rule,confirmed
86902,유사 의료업,HEALTHCARE,보건·사회복지,JF_PUB_05,"JF_MED_H02,JF_PRO_10,JF_MED_H04,JF_SOC_01,JF_RND_02",HEALTHCARE,industry_rule,confirmed
86909,그 외 기타 보건업,HEALTHCARE,보건·사회복지,JF_PUB_05,"JF_MED_H02,JF_PRO_10,JF_MED_H04,JF_SOC_01,JF_RND_02",HEALTHCARE,industry_rule,confirmed
87111,노인 요양 복지시설 운영업,HEALTHCARE,보건·사회복지,JF_SOC_01,"JF_MED_H02,JF_PRO_10,JF_MED_H04,JF_SOC_01,JF_RND_02",HEALTHCARE,industry_rule,confirmed
87112,노인 양로 복지시설 운영업,HEALTHCARE,보건·사회복지,JF_SOC_01,"JF_MED_H02,JF_PRO_10,JF_MED_H04,JF_SOC_01,JF_RND_02",HEALTHCARE,industry_rule,confirmed
87121,신체 부자유자 거주 복지시설 운영업,HEALTHCARE,보건·사회복지,JF_SOC_01,"JF_MED_H02,JF_PRO_10,JF_MED_H04,JF_SOC_01,JF_RND_02",HEALTHCARE,industry_rule,confirmed
87122,"정신질환, 정신지체 및 약물 중독자 거주 복지시설 운영업",HEALTHCARE,보건·사회복지,JF_SOC_01,"JF_MED_H02,JF_PRO_10,JF_MED_H04,JF_SOC_01,JF_RND_02",HEALTHCARE,industry_rule,confirmed
87131,아동 및 부녀자 거주 복지시설 운영업,HEALTHCARE,보건·사회복지,JF_SOC_01,"JF_MED_H02,JF_PRO_10,JF_MED_H04,JF_SOC_01,JF_RND_02",HEALTHCARE,industry_rule,confirmed
87139,그 외 기타 거주 복지시설 운영업,HEALTHCARE,보건·사회복지,JF_SOC_01,"JF_MED_H02,JF_PRO_10,JF_MED_H04,JF_SOC_01,JF_RND_02",HEALTHCARE,industry_rule,confirmed
87210,보육시설 운영업,HEALTHCARE,보건·사회복지,JF_SOC_01,"JF_MED_H02,JF_PRO_10,JF_MED_H04,JF_SOC_01,JF_RND_02",HEALTHCARE,industry_rule,confirmed
87291,직업재활원 운영업,HEALTHCARE,보건·사회복지,JF_SOC_01,"JF_MED_H02,JF_PRO_10,JF_MED_H04,JF_SOC_01,JF_RND_02",HEALTHCARE,industry_rule,confirmed
87292,종합복지관 운영업,HEALTHCARE,보건·사회복지,JF_SOC_01,"JF_MED_H02,JF_PRO_10,JF_MED_H04,JF_SOC_01,JF_RND_02",HEALTHCARE,industry_rule,confirmed
87293,방문 복지서비스 제공업,HEALTHCARE,보건·사회복지,JF_SOC_01,"JF_MED_H02,JF_PRO_10,JF_MED_H04,JF_SOC_01,JF_RND_02",HEALTHCARE,industry_rule,confirmed
87294,사회복지 상담서비스 제공업,HEALTHCARE,보건·사회복지,JF_SOC_01,"JF_MED_H02,JF_PRO_10,JF_MED_H04,JF_SOC_01,JF_RND_02",HEALTHCARE,industry_rule,confirmed
87299,그 외 기타 비거주 복지 서비스업,HEALTHCARE,보건·사회복지,JF_SOC_01,"JF_MED_H02,JF_PRO_10,JF_MED_H04,JF_SOC_01,JF_RND_02",HEALTHCARE,industry_rule,confirmed
90110,공연시설 운영업,ARTS_SPORTS,문화·예술·스포츠,JF_OPS_05,"JF_MED_02,JF_MED_03,JF_MED_04,JF_DES_02,JF_SVC_05",ARTS_SPORTS,industry_rule,confirmed
90121,연극단체,ARTS_SPORTS,문화·예술·스포츠,JF_MED_01,"JF_MED_02,JF_MED_03,JF_MED_04,JF_DES_02,JF_SVC_05",ARTS_SPORTS,industry_rule,confirmed
90122,무용 및 음악단체,ARTS_SPORTS,문화·예술·스포츠,JF_MED_01,"JF_MED_02,JF_MED_03,JF_MED_04,JF_DES_02,JF_SVC_05",ARTS_SPORTS,industry_rule,confirmed
90123,기타 공연단체,ARTS_SPORTS,문화·예술·스포츠,JF_MED_01,"JF_MED_02,JF_MED_03,JF_MED_04,JF_DES_02,JF_SVC_05",ARTS_SPORTS,industry_rule,confirmed
90131,공연 예술가,ARTS_SPORTS,문화·예술·스포츠,JF_MED_01,"JF_MED_02,JF_MED_03,JF_MED_04,JF_DES_02,JF_SVC_05",ARTS_SPORTS,industry_rule,confirmed
90132,비공연 예술가,ARTS_SPORTS,문화·예술·스포츠,JF_MED_01,"JF_MED_02,JF_MED_03,JF_MED_04,JF_DES_02,JF_SVC_05",ARTS_SPORTS,industry_rule,confirmed
90191,공연 기획업,ARTS_SPORTS,문화·예술·스포츠,JF_MED_05,"JF_MED_02,JF_MED_03,JF_MED_04,JF_DES_02,JF_SVC_05",ARTS_SPORTS,industry_rule,confirmed
90199,그 외 기타 창작 및 예술관련 서비스업,ARTS_SPORTS,문화·예술·스포츠,JF_MED_01,"JF_MED_02,JF_MED_03,JF_MED_04,JF_DES_02,JF_SVC_05",ARTS_SPORTS,industry_rule,confirmed
90211,도서관 및 기록보존소 운영업,ARTS_SPORTS,문화·예술·스포츠,JF_MED_07,"JF_MED_02,JF_MED_03,JF_MED_04,JF_DES_02,JF_SVC_05",ARTS_SPORTS,industry_rule,confirmed
90212,독서실 운영업,ARTS_SPORTS,문화·예술·스포츠,JF_EDU_04,"JF_MED_02,JF_MED_03,JF_MED_04,JF_DES_02,JF_SVC_05",ARTS_SPORTS,industry_rule,confirmed
90221,박물관 운영업,ARTS_SPORTS,문화·예술·스포츠,JF_MED_07,"JF_MED_02,JF_MED_03,JF_MED_04,JF_DES_02,JF_SVC_05",ARTS_SPORTS,industry_rule,confirmed
90222,사적지 관리 운영업,ARTS_SPORTS,문화·예술·스포츠,JF_OPS_05,"JF_MED_02,JF_MED_03,JF_MED_04,JF_DES_02,JF_SVC_05",ARTS_SPORTS,industry_rule,confirmed
90231,식물원 및 동물원 운영업,ARTS_SPORTS,문화·예술·스포츠,JF_OPS_05,"JF_MED_02,JF_MED_03,JF_MED_04,JF_DES_02,JF_SVC_05",ARTS_SPORTS,industry_rule,confirmed
90232,자연공원 운영업,ARTS_SPORTS,문화·예술·스포츠,JF_OPS_05,"JF_MED_02,JF_MED_03,JF_MED_04,JF_DES_02,JF_SVC_05",ARTS_SPORTS,industry_rule,confirmed
90290,기타 유사 여가관련 서비스업,ARTS_SPORTS,문화·예술·스포츠,JF_OPS_05,"JF_MED_02,JF_MED_03,JF_MED_04,JF_DES_02,JF_SVC_05",ARTS_SPORTS,industry_rule,confirmed
91111,실내 경기장 운영업,ARTS_SPORTS,문화·예술·스포츠,JF_MED_08,"JF_MED_02,JF_MED_03,JF_MED_04,JF_DES_02,JF_SVC_05",ARTS_SPORTS,industry_rule,confirmed
91112,실외 경기장 운영업,ARTS_SPORTS,문화·예술·스포츠,JF_MED_08,"JF_MED_02,JF_MED_03,JF_MED_04,JF_DES_02,JF_SVC_05",ARTS_SPORTS,industry_rule,confirmed
91113,경주장 및 동물 경기장 운영업,ARTS_SPORTS,문화·예술·스포츠,JF_MED_08,"JF_MED_02,JF_MED_03,JF_MED_04,JF_DES_02,JF_SVC_05",ARTS_SPORTS,industry_rule,confirmed
91121,골프장 운영업,ARTS_SPORTS,문화·예술·스포츠,JF_MED_08,"JF_MED_02,JF_MED_03,JF_MED_04,JF_DES_02,JF_SVC_05",ARTS_SPORTS,industry_rule,confirmed
91122,스키장 운영업,ARTS_SPORTS,문화·예술·스포츠,JF_MED_08,"JF_MED_02,JF_MED_03,JF_MED_04,JF_DES_02,JF_SVC_05",ARTS_SPORTS,industry_rule,confirmed
91131,종합 스포츠시설 운영업,ARTS_SPORTS,문화·예술·스포츠,JF_OPS_05,"JF_MED_02,JF_MED_03,JF_MED_04,JF_DES_02,JF_SVC_05",ARTS_SPORTS,industry_rule,confirmed
91132,체력단련시설 운영업,ARTS_SPORTS,문화·예술·스포츠,JF_OPS_05,"JF_MED_02,JF_MED_03,JF_MED_04,JF_DES_02,JF_SVC_05",ARTS_SPORTS,industry_rule,confirmed
91133,수영장 운영업,ARTS_SPORTS,문화·예술·스포츠,JF_OPS_05,"JF_MED_02,JF_MED_03,JF_MED_04,JF_DES_02,JF_SVC_05",ARTS_SPORTS,industry_rule,confirmed
91134,볼링장 운영업,ARTS_SPORTS,문화·예술·스포츠,JF_OPS_05,"JF_MED_02,JF_MED_03,JF_MED_04,JF_DES_02,JF_SVC_05",ARTS_SPORTS,industry_rule,confirmed
91135,당구장 운영업,ARTS_SPORTS,문화·예술·스포츠,JF_OPS_05,"JF_MED_02,JF_MED_03,JF_MED_04,JF_DES_02,JF_SVC_05",ARTS_SPORTS,industry_rule,confirmed
91136,골프연습장 운영업,ARTS_SPORTS,문화·예술·스포츠,JF_OPS_05,"JF_MED_02,JF_MED_03,JF_MED_04,JF_DES_02,JF_SVC_05",ARTS_SPORTS,industry_rule,confirmed
91139,그 외 기타 스포츠시설 운영업,ARTS_SPORTS,문화·예술·스포츠,JF_MED_08,"JF_MED_02,JF_MED_03,JF_MED_04,JF_DES_02,JF_SVC_05",ARTS_SPORTS,industry_rule,confirmed
91191,스포츠 클럽 운영업,ARTS_SPORTS,문화·예술·스포츠,JF_OPS_05,"JF_MED_02,JF_MED_03,JF_MED_04,JF_DES_02,JF_SVC_05",ARTS_SPORTS,industry_rule,confirmed
91199,그 외 기타 스포츠 서비스업,ARTS_SPORTS,문화·예술·스포츠,JF_OPS_05,"JF_MED_02,JF_MED_03,JF_MED_04,JF_DES_02,JF_SVC_05",ARTS_SPORTS,industry_rule,confirmed
91210,유원지 및 테마파크 운영업,ARTS_SPORTS,문화·예술·스포츠,JF_OPS_05,"JF_MED_02,JF_MED_03,JF_MED_04,JF_DES_02,JF_SVC_05",ARTS_SPORTS,industry_rule,confirmed
91221,전자 게임장 운영업,ARTS_SPORTS,문화·예술·스포츠,JF_OPS_05,"JF_MED_02,JF_MED_03,JF_MED_04,JF_DES_02,JF_SVC_05",ARTS_SPORTS,industry_rule,confirmed
91222,컴퓨터 게임방 운영업,ARTS_SPORTS,문화·예술·스포츠,JF_OPS_05,"JF_MED_02,JF_MED_03,JF_MED_04,JF_DES_02,JF_SVC_05",ARTS_SPORTS,industry_rule,confirmed
91223,노래연습장 운영업,ARTS_SPORTS,문화·예술·스포츠,JF_OPS_05,"JF_MED_02,JF_MED_03,JF_MED_04,JF_DES_02,JF_SVC_05",ARTS_SPORTS,industry_rule,confirmed
91229,기타 오락장 운영업,ARTS_SPORTS,문화·예술·스포츠,JF_OPS_05,"JF_MED_02,JF_MED_03,JF_MED_04,JF_DES_02,JF_SVC_05",ARTS_SPORTS,industry_rule,confirmed
91231,낚시장 운영업,ARTS_SPORTS,문화·예술·스포츠,JF_OPS_05,"JF_MED_02,JF_MED_03,JF_MED_04,JF_DES_02,JF_SVC_05",ARTS_SPORTS,industry_rule,confirmed
91239,기타 수상오락 서비스업,ARTS_SPORTS,문화·예술·스포츠,JF_OPS_05,"JF_MED_02,JF_MED_03,JF_MED_04,JF_DES_02,JF_SVC_05",ARTS_SPORTS,industry_rule,confirmed
91241,복권발행 및 판매업,ARTS_SPORTS,문화·예술·스포츠,JF_MED_08,"JF_MED_02,JF_MED_03,JF_MED_04,JF_DES_02,JF_SVC_05",ARTS_SPORTS,industry_rule,confirmed
91242,카지노 운영업,ARTS_SPORTS,문화·예술·스포츠,JF_MED_08,"JF_MED_02,JF_MED_03,JF_MED_04,JF_DES_02,JF_SVC_05",ARTS_SPORTS,industry_rule,confirmed
91249,기타 사행시설 관리 및 운영업,ARTS_SPORTS,문화·예술·스포츠,JF_OPS_05,"JF_MED_02,JF_MED_03,JF_MED_04,JF_DES_02,JF_SVC_05",ARTS_SPORTS,industry_rule,confirmed
91291,무도장 운영업,ARTS_SPORTS,문화·예술·스포츠,JF_MED_08,"JF_MED_02,JF_MED_03,JF_MED_04,JF_DES_02,JF_SVC_05",ARTS_SPORTS,industry_rule,confirmed
91292,체육공원 및 유사 공원 운영업,ARTS_SPORTS,문화·예술·스포츠,JF_MED_08,"JF_MED_02,JF_MED_03,JF_MED_04,JF_DES_02,JF_SVC_05",ARTS_SPORTS,industry_rule,confirmed
91293,기원 운영업,ARTS_SPORTS,문화·예술·스포츠,JF_MED_08,"JF_MED_02,JF_MED_03,JF_MED_04,JF_DES_02,JF_SVC_05",ARTS_SPORTS,industry_rule,confirmed
91299,그 외 기타 분류 안된 오락관련 서비스업,ARTS_SPORTS,문화·예술·스포츠,JF_MED_08,"JF_MED_02,JF_MED_03,JF_MED_04,JF_DES_02,JF_SVC_05",ARTS_SPORTS,industry_rule,confirmed
94110,산업 단체,ASSOC_ORG,기타 서비스업,JF_PUB_03,"JF_PUB_01,JF_ADM_01,JF_HR_01,JF_MKT_06,JF_STR_01",OTHER_SVC,industry_rule,confirmed
94120,전문가 단체,ASSOC_ORG,기타 서비스업,JF_PUB_03,"JF_PUB_01,JF_ADM_01,JF_HR_01,JF_MKT_06,JF_STR_01",OTHER_SVC,industry_rule,confirmed
