code,name,name_official,name_clean,level,level_num,level_ko,parent_code,child_count,is_leaf,sort_order,path_codes,path_names,major_code,middle_code,small_code,detail_code,subdetail_code,major_name,middle_name,small_name,detail_name,subdetail_name,source_system,source_version,effective_from,effective_to,status,loaded_at,job_family_id,service_status,job_family_mapping_status,ncs_unit_code,keco_code,onet_soc_code,klevel_band,core_skill_tags,salary_p50,salary_p75,diagnostic_level_band,updated_at
1,관리자,관리자,관리자,major,1,대분류,,5,False,1,1,관리자,1,,,,,관리자,,,,,KSCO,8,2025-01-01,,active,2026-03-10 00:55:07,JF_PUB_01,hierarchy_only,,,,,,,,,,2026-03-23
11,의회‧정부 및 기업 고위직,의회‧정부 및 기업 고위직,의회정부및기업고위직,middle,2,중분류,1.0,2,False,2,1/11,관리자 / 의회‧정부 및 기업 고위직,1,11.0,,,,관리자,의회‧정부 및 기업 고위직,,,,KSCO,8,2025-01-01,,active,2026-03-10 00:55:07,JF_PUB_01,hierarchy_only,,,,,,,,,,2026-03-23
111,의회 의원‧고위 공무원 및 공공단체 임원,의회 의원‧고위 공무원 및 공공단체 임원,의회의원고위공무원및공공단체임원,small,3,소분류,11.0,2,False,3,1/11/111,관리자 / 의회‧정부 및 기업 고위직 / 의회 의원‧고위 공무원 및 공공단체 임원,1,11.0,111.0,,,관리자,의회‧정부 및 기업 고위직,의회 의원‧고위 공무원 및 공공단체 임원,,,KSCO,8,2025-01-01,,active,2026-03-10 00:55:07,JF_PUB_01,hierarchy_only,,,,,,,,,,2026-03-23
1111,의회 의원,의회 의원,의회의원,detail,4,세분류,111.0,0,True,4,1/11/111/1111,관리자 / 의회‧정부 및 기업 고위직 / 의회 의원‧고위 공무원 및 공공단체 임원 / 의회 의원,1,11.0,111.0,1111.0,,관리자,의회‧정부 및 기업 고위직,의회 의원‧고위 공무원 및 공공단체 임원,의회 의원,,KSCO,8,2025-01-01,,active,2026-03-10 00:55:07,JF_PUB_01,active,auto_mapped,,,,,,,,,2026-03-23
1112,고위 공무원 및 정당‧특수 단체 임원,고위 공무원 및 정당‧특수 단체 임원,고위공무원및정당특수단체임원,detail,4,세분류,111.0,0,True,5,1/11/111/1112,관리자 / 의회‧정부 및 기업 고위직 / 의회 의원‧고위 공무원 및 공공단체 임원 / 고위 공무원 및 정당‧특수 단체 임원,1,11.0,111.0,1112.0,,관리자,의회‧정부 및 기업 고위직,의회 의원‧고위 공무원 및 공공단체 임원,고위 공무원 및 정당‧특수 단체 임원,,KSCO,8,2025-01-01,,active,2026-03-10 00:55:07,JF_PUB_01,active,auto_mapped,,,,,,,,,2026-03-23
112,기업 대표 및 기업 고위 임원,기업 대표 및 기업 고위 임원,기업대표및기업고위임원,small,3,소분류,11.0,1,False,6,1/11/112,관리자 / 의회‧정부 및 기업 고위직 / 기업 대표 및 기업 고위 임원,1,11.0,112.0,,,관리자,의회‧정부 및 기업 고위직,기업 대표 및 기업 고위 임원,,,KSCO,8,2025-01-01,,active,2026-03-10 00:55:07,JF_STR_05,hierarchy_only,,,,,,,,,,2026-03-23
1120,기업 대표 및 기업 고위 임원,기업 대표 및 기업 고위 임원,기업대표및기업고위임원,detail,4,세분류,112.0,0,True,7,1/11/112/1120,관리자 / 의회‧정부 및 기업 고위직 / 기업 대표 및 기업 고위 임원 / 기업 대표 및 기업 고위 임원,1,11.0,112.0,1120.0,,관리자,의회‧정부 및 기업 고위직,기업 대표 및 기업 고위 임원,기업 대표 및 기업 고위 임원,,KSCO,8,2025-01-01,,active,2026-03-10 00:55:07,JF_STR_05,active,auto_mapped,,,,,,,,,2026-03-23
12,행정‧경영 지원 및 마케팅 관리직,행정‧경영 지원 및 마케팅 관리직,행정경영지원및마케팅관리직,middle,2,중분류,1.0,2,False,8,1/12,관리자 / 행정‧경영 지원 및 마케팅 관리직,1,12.0,,,,관리자,행정‧경영 지원 및 마케팅 관리직,,,,KSCO,8,2025-01-01,,active,2026-03-10 00:55:07,JF_MKT_01,hierarchy_only,,,,,,,,,,2026-03-16
121,행정 및 경영 지원 관리자,행정 및 경영 지원 관리자,행정및경영지원관리자,small,3,소분류,12.0,2,False,9,1/12/121,관리자 / 행정‧경영 지원 및 마케팅 관리직 / 행정 및 경영 지원 관리자,1,12.0,121.0,,,관리자,행정‧경영 지원 및 마케팅 관리직,행정 및 경영 지원 관리자,,,KSCO,8,2025-01-01,,active,2026-03-10 00:55:07,JF_MKT_01,hierarchy_only,,,,,,,,,,2026-03-16
1211,정부 행정 관리자,정부 행정 관리자,정부행정관리자,detail,4,세분류,121.0,0,True,10,1/12/121/1211,관리자 / 행정‧경영 지원 및 마케팅 관리직 / 행정 및 경영 지원 관리자 / 정부 행정 관리자,1,12.0,121.0,1211.0,,관리자,행정‧경영 지원 및 마케팅 관리직,행정 및 경영 지원 관리자,정부 행정 관리자,,KSCO,8,2025-01-01,,active,2026-03-10 00:55:07,JF_PUB_01,active,auto_mapped,,,,,,,,,2026-03-23
1212,경영 지원 관리자,경영 지원 관리자,경영지원관리자,detail,4,세분류,121.0,0,True,11,1/12/121/1212,관리자 / 행정‧경영 지원 및 마케팅 관리직 / 행정 및 경영 지원 관리자 / 경영 지원 관리자,1,12.0,121.0,1212.0,,관리자,행정‧경영 지원 및 마케팅 관리직,행정 및 경영 지원 관리자,경영 지원 관리자,,KSCO,8,2025-01-01,,active,2026-03-10 00:55:07,JF_STR_05,active,auto_mapped,,,,,,,,,2026-03-23
122,마케팅 및 광고‧홍보 관리자,마케팅 및 광고‧홍보 관리자,마케팅및광고홍보관리자,small,3,소분류,12.0,1,False,12,1/12/122,관리자 / 행정‧경영 지원 및 마케팅 관리직 / 마케팅 및 광고‧홍보 관리자,1,12.0,122.0,,,관리자,행정‧경영 지원 및 마케팅 관리직,마케팅 및 광고‧홍보 관리자,,,KSCO,8,2025-01-01,,active,2026-03-10 00:55:07,JF_MKT_01,hierarchy_only,,,,,,,,,,2026-03-16
1220,마케팅 및 광고‧홍보 관리자,마케팅 및 광고‧홍보 관리자,마케팅및광고홍보관리자,detail,4,세분류,122.0,0,True,13,1/12/122/1220,관리자 / 행정‧경영 지원 및 마케팅 관리직 / 마케팅 및 광고‧홍보 관리자 / 마케팅 및 광고‧홍보 관리자,1,12.0,122.0,1220.0,,관리자,행정‧경영 지원 및 마케팅 관리직,마케팅 및 광고‧홍보 관리자,마케팅 및 광고‧홍보 관리자,,KSCO,8,2025-01-01,,active,2026-03-10 00:55:07,JF_MKT_01,active,auto_mapped,,,,,,,,,2026-03-16
13,전문 서비스 관리직,전문 서비스 관리직,전문서비스관리직,middle,2,중분류,1.0,6,False,14,1/13,관리자 / 전문 서비스 관리직,1,13.0,,,,관리자,전문 서비스 관리직,,,,KSCO,8,2025-01-01,,active,2026-03-10 00:55:07,JF_STR_02,hierarchy_only,,,,,,,,,,2026-03-23
131,연구‧교육 및 법률 관련 관리자,연구‧교육 및 법률 관련 관리자,연구교육및법률관련관리자,small,3,소분류,13.0,3,False,15,1/13/131,관리자 / 전문 서비스 관리직 / 연구‧교육 및 법률 관련 관리자,1,13.0,131.0,,,관리자,전문 서비스 관리직,연구‧교육 및 법률 관련 관리자,,,KSCO,8,2025-01-01,,active,2026-03-10 00:55:07,JF_EDU_01,hierarchy_only,,,,,,,,,,2026-03-16
1311,연구 관리자,연구 관리자,연구관리자,detail,4,세분류,131.0,0,True,16,1/13/131/1311,관리자 / 전문 서비스 관리직 / 연구‧교육 및 법률 관련 관리자 / 연구 관리자,1,13.0,131.0,1311.0,,관리자,전문 서비스 관리직,연구‧교육 및 법률 관련 관리자,연구 관리자,,KSCO,8,2025-01-01,,active,2026-03-10 00:55:07,JF_RND_01,active,auto_mapped,,,,,,,,,2026-03-23
1312,교육 관리자,교육 관리자,교육관리자,detail,4,세분류,131.0,0,True,17,1/13/131/1312,관리자 / 전문 서비스 관리직 / 연구‧교육 및 법률 관련 관리자 / 교육 관리자,1,13.0,131.0,1312.0,,관리자,전문 서비스 관리직,연구‧교육 및 법률 관련 관리자,교육 관리자,,KSCO,8,2025-01-01,,active,2026-03-10 00:55:07,JF_EDU_01,active,auto_mapped,,,,,,,,,2026-03-16
1313,법률‧경찰‧소방 및 교도 관리자,법률‧경찰‧소방 및 교도 관리자,법률경찰소방및교도관리자,detail,4,세분류,131.0,0,True,18,1/13/131/1313,관리자 / 전문 서비스 관리직 / 연구‧교육 및 법률 관련 관리자 / 법률‧경찰‧소방 및 교도 관리자,1,13.0,131.0,1313.0,,관리자,전문 서비스 관리직,연구‧교육 및 법률 관련 관리자,법률‧경찰‧소방 및 교도 관리자,,KSCO,8,2025-01-01,,active,2026-03-10 00:55:07,JF_PUB_04,active,auto_mapped,,,,,,,,,2026-03-23
132,보험 및 금융 관리자,보험 및 금융 관리자,보험및금융관리자,small,3,소분류,13.0,1,False,19,1/13/132,관리자 / 전문 서비스 관리직 / 보험 및 금융 관리자,1,13.0,132.0,,,관리자,전문 서비스 관리직,보험 및 금융 관리자,,,KSCO,8,2025-01-01,,active,2026-03-10 00:55:07,JF_FIN_01,hierarchy_only,,,,,,,,,,2026-03-16
1320,보험 및 금융 관리자,보험 및 금융 관리자,보험및금융관리자,detail,4,세분류,132.0,0,True,20,1/13/132/1320,관리자 / 전문 서비스 관리직 / 보험 및 금융 관리자 / 보험 및 금융 관리자,1,13.0,132.0,1320.0,,관리자,전문 서비스 관리직,보험 및 금융 관리자,보험 및 금융 관리자,,KSCO,8,2025-01-01,,active,2026-03-10 00:55:07,JF_FIN_01,active,auto_mapped,,,,,,,,,2026-03-16
133,보건 및 사회복지 관련 관리자,보건 및 사회복지 관련 관리자,보건및사회복지관련관리자,small,3,소분류,13.0,2,False,21,1/13/133,관리자 / 전문 서비스 관리직 / 보건 및 사회복지 관련 관리자,1,13.0,133.0,,,관리자,전문 서비스 관리직,보건 및 사회복지 관련 관리자,,,KSCO,8,2025-01-01,,active,2026-03-10 00:55:07,JF_EDU_02,hierarchy_only,,,,,,,,,,2026-03-16
1331,보건 의료 관련 관리자,보건 의료 관련 관리자,보건의료관련관리자,detail,4,세분류,133.0,0,True,22,1/13/133/1331,관리자 / 전문 서비스 관리직 / 보건 및 사회복지 관련 관리자 / 보건 의료 관련 관리자,1,13.0,133.0,1331.0,,관리자,전문 서비스 관리직,보건 및 사회복지 관련 관리자,보건 의료 관련 관리자,,KSCO,8,2025-01-01,,active,2026-03-10 00:55:07,JF_PUB_05,active,auto_mapped,,,,,,,,,2026-03-23
1332,사회복지 관련 관리자,사회복지 관련 관리자,사회복지관련관리자,detail,4,세분류,133.0,0,True,23,1/13/133/1332,관리자 / 전문 서비스 관리직 / 보건 및 사회복지 관련 관리자 / 사회복지 관련 관리자,1,13.0,133.0,1332.0,,관리자,전문 서비스 관리직,보건 및 사회복지 관련 관리자,사회복지 관련 관리자,,KSCO,8,2025-01-01,,active,2026-03-10 00:55:07,JF_SOC_01,active,auto_mapped,,,,,,,,,2026-03-23
134,문화‧예술 관련 관리자,문화‧예술 관련 관리자,문화예술관련관리자,small,3,소분류,13.0,1,False,24,1/13/134,관리자 / 전문 서비스 관리직 / 문화‧예술 관련 관리자,1,13.0,134.0,,,관리자,전문 서비스 관리직,문화‧예술 관련 관리자,,,KSCO,8,2025-01-01,,active,2026-03-10 00:55:07,JF_SVC_02,hierarchy_only,,,,,,,,,,2026-03-16
1340,문화‧예술 관련 관리자,문화‧예술 관련 관리자,문화예술관련관리자,detail,4,세분류,134.0,0,True,25,1/13/134/1340,관리자 / 전문 서비스 관리직 / 문화‧예술 관련 관리자 / 문화‧예술 관련 관리자,1,13.0,134.0,1340.0,,관리자,전문 서비스 관리직,문화‧예술 관련 관리자,문화‧예술 관련 관리자,,KSCO,8,2025-01-01,,active,2026-03-10 00:55:07,JF_SVC_02,active,auto_mapped,,,,,,,,,2026-03-16
135,정보 통신 관련 관리자,정보 통신 관련 관리자,정보통신관련관리자,small,3,소분류,13.0,1,False,26,1/13/135,관리자 / 전문 서비스 관리직 / 정보 통신 관련 관리자,1,13.0,135.0,,,관리자,전문 서비스 관리직,정보 통신 관련 관리자,,,KSCO,8,2025-01-01,,active,2026-03-10 00:55:07,JF_AI_08,hierarchy_only,,,,,,,,,,2026-03-23
1350,정보 통신 관련 관리자,정보 통신 관련 관리자,정보통신관련관리자,detail,4,세분류,135.0,0,True,27,1/13/135/1350,관리자 / 전문 서비스 관리직 / 정보 통신 관련 관리자 / 정보 통신 관련 관리자,1,13.0,135.0,1350.0,,관리자,전문 서비스 관리직,정보 통신 관련 관리자,정보 통신 관련 관리자,,KSCO,8,2025-01-01,,active,2026-03-10 00:55:07,JF_AI_08,active,auto_mapped,,,,,,,,,2026-03-23
139,기타 전문 서비스 관리자,기타 전문 서비스 관리자,기타전문서비스관리자,small,3,소분류,13.0,1,False,28,1/13/139,관리자 / 전문 서비스 관리직 / 기타 전문 서비스 관리자,1,13.0,139.0,,,관리자,전문 서비스 관리직,기타 전문 서비스 관리자,,,KSCO,8,2025-01-01,,active,2026-03-10 00:55:07,JF_STR_02,hierarchy_only,,,,,,,,,,2026-03-23
1390,기타 전문 서비스 관리자,기타 전문 서비스 관리자,기타전문서비스관리자,detail,4,세분류,139.0,0,True,29,1/13/139/1390,관리자 / 전문 서비스 관리직 / 기타 전문 서비스 관리자 / 기타 전문 서비스 관리자,1,13.0,139.0,1390.0,,관리자,전문 서비스 관리직,기타 전문 서비스 관리자,기타 전문 서비스 관리자,,KSCO,8,2025-01-01,,active,2026-03-10 00:55:07,JF_STR_02,active,auto_mapped,,,,,,,,,2026-03-23
14,건설‧전기 및 생산 관련 관리직,건설‧전기 및 생산 관련 관리직,건설전기및생산관련관리직,middle,2,중분류,1.0,2,False,30,1/14,관리자 / 건설‧전기 및 생산 관련 관리직,1,14.0,,,,관리자,건설‧전기 및 생산 관련 관리직,,,,KSCO,8,2025-01-01,,active,2026-03-10 00:55:07,JF_MFG_05,hierarchy_only,,,,,,,,,,2026-03-16
141,건설‧전기 및 생산 관련 관리자,건설‧전기 및 생산 관련 관리자,건설전기및생산관련관리자,small,3,소분류,14.0,3,False,31,1/14/141,관리자 / 건설‧전기 및 생산 관련 관리직 / 건설‧전기 및 생산 관련 관리자,1,14.0,141.0,,,관리자,건설‧전기 및 생산 관련 관리직,건설‧전기 및 생산 관련 관리자,,,KSCO,8,2025-01-01,,active,2026-03-10 00:55:07,JF_MFG_05,hierarchy_only,,,,,,,,,,2026-03-16
1411,건설 및 광업 관련 관리자,건설 및 광업 관련 관리자,건설및광업관련관리자,detail,4,세분류,141.0,0,True,32,1/14/141/1411,관리자 / 건설‧전기 및 생산 관련 관리직 / 건설‧전기 및 생산 관련 관리자 / 건설 및 광업 관련 관리자,1,14.0,141.0,1411.0,,관리자,건설‧전기 및 생산 관련 관리직,건설‧전기 및 생산 관련 관리자,건설 및 광업 관련 관리자,,KSCO,8,2025-01-01,,active,2026-03-10 00:55:07,JF_MFG_05,active,auto_mapped,,,,,,,,,2026-03-16
1412,전기‧가스 및 수도 관련 관리자,전기‧가스 및 수도 관련 관리자,전기가스및수도관련관리자,detail,4,세분류,141.0,0,True,33,1/14/141/1412,관리자 / 건설‧전기 및 생산 관련 관리직 / 건설‧전기 및 생산 관련 관리자 / 전기‧가스 및 수도 관련 관리자,1,14.0,141.0,1412.0,,관리자,건설‧전기 및 생산 관련 관리직,건설‧전기 및 생산 관련 관리자,전기‧가스 및 수도 관련 관리자,,KSCO,8,2025-01-01,,active,2026-03-10 00:55:07,JF_MFG_05,active,auto_mapped,,,,,,,,,2026-03-16
1413,제품 생산 관련 관리자,제품 생산 관련 관리자,제품생산관련관리자,detail,4,세분류,141.0,0,True,34,1/14/141/1413,관리자 / 건설‧전기 및 생산 관련 관리직 / 건설‧전기 및 생산 관련 관리자 / 제품 생산 관련 관리자,1,14.0,141.0,1413.0,,관리자,건설‧전기 및 생산 관련 관리직,건설‧전기 및 생산 관련 관리자,제품 생산 관련 관리자,,KSCO,8,2025-01-01,,active,2026-03-10 00:55:07,JF_MFG_05,active,auto_mapped,,,,,,,,,2026-03-16
149,기타 건설‧전기 및 생산 관련 관리자,기타 건설‧전기 및 생산 관련 관리자,기타건설전기및생산관련관리자,small,3,소분류,14.0,1,False,35,1/14/149,관리자 / 건설‧전기 및 생산 관련 관리직 / 기타 건설‧전기 및 생산 관련 관리자,1,14.0,149.0,,,관리자,건설‧전기 및 생산 관련 관리직,기타 건설‧전기 및 생산 관련 관리자,,,KSCO,8,2025-01-01,,active,2026-03-10 00:55:07,JF_MFG_05,hierarchy_only,,,,,,,,,,2026-03-16
1490,기타 건설‧전기 및 생산 관련 관리자,기타 건설‧전기 및 생산 관련 관리자,기타건설전기및생산관련관리자,detail,4,세분류,149.0,0,True,36,1/14/149/1490,관리자 / 건설‧전기 및 생산 관련 관리직 / 기타 건설‧전기 및 생산 관련 관리자 / 기타 건설‧전기 및 생산 관련 관리자,1,14.0,149.0,1490.0,,관리자,건설‧전기 및 생산 관련 관리직,기타 건설‧전기 및 생산 관련 관리자,기타 건설‧전기 및 생산 관련 관리자,,KSCO,8,2025-01-01,,active,2026-03-10 00:55:07,JF_MFG_05,active,auto_mapped,,,,,,,,,2026-03-16
15,판매 및 고객 서비스 관리직,판매 및 고객 서비스 관리직,판매및고객서비스관리직,middle,2,중분류,1.0,4,False,37,1/15,관리자 / 판매 및 고객 서비스 관리직,1,15.0,,,,관리자,판매 및 고객 서비스 관리직,,,,KSCO,8,2025-01-01,,active,2026-03-10 00:55:07,JF_SAL_01,hierarchy_only,,,,,,,,,,2026-03-23
151,판매 및 운송 관리자,판매 및 운송 관리자,판매및운송관리자,small,3,소분류,15.0,2,False,38,1/15/151,관리자 / 판매 및 고객 서비스 관리직 / 판매 및 운송 관리자,1,15.0,151.0,,,관리자,판매 및 고객 서비스 관리직,판매 및 운송 관리자,,,KSCO,8,2025-01-01,,active,2026-03-10 00:55:07,JF_SAL_01,hierarchy_only,,,,,,,,,,2026-03-23
1511,영업 및 판매 관련 관리자,영업 및 판매 관련 관리자,영업및판매관련관리자,detail,4,세분류,151.0,0,True,39,1/15/151/1511,관리자 / 판매 및 고객 서비스 관리직 / 판매 및 운송 관리자 / 영업 및 판매 관련 관리자,1,15.0,151.0,1511.0,,관리자,판매 및 고객 서비스 관리직,판매 및 운송 관리자,영업 및 판매 관련 관리자,,KSCO,8,2025-01-01,,active,2026-03-10 00:55:07,JF_SAL_01,active,auto_mapped,,,,,,,,,2026-03-23
1512,운송 관련 관리자,운송 관련 관리자,운송관련관리자,detail,4,세분류,151.0,0,True,40,1/15/151/1512,관리자 / 판매 및 고객 서비스 관리직 / 판매 및 운송 관리자 / 운송 관련 관리자,1,15.0,151.0,1512.0,,관리자,판매 및 고객 서비스 관리직,판매 및 운송 관리자,운송 관련 관리자,,KSCO,8,2025-01-01,,active,2026-03-10 00:55:07,JF_OPS_06,active,auto_mapped,,,,,,,,,2026-03-23
152,고객 서비스 관리자,고객 서비스 관리자,고객서비스관리자,small,3,소분류,15.0,2,False,41,1/15/152,관리자 / 판매 및 고객 서비스 관리직 / 고객 서비스 관리자,1,15.0,152.0,,,관리자,판매 및 고객 서비스 관리직,고객 서비스 관리자,,,KSCO,8,2025-01-01,,active,2026-03-10 00:55:07,JF_SAL_01,hierarchy_only,,,,,,,,,,2026-03-23
1521,숙박‧여행‧오락 및 스포츠 관련 관리자,숙박‧여행‧오락 및 스포츠 관련 관리자,숙박여행오락및스포츠관련관리자,detail,4,세분류,152.0,0,True,42,1/15/152/1521,관리자 / 판매 및 고객 서비스 관리직 / 고객 서비스 관리자 / 숙박‧여행‧오락 및 스포츠 관련 관리자,1,15.0,152.0,1521.0,,관리자,판매 및 고객 서비스 관리직,고객 서비스 관리자,숙박‧여행‧오락 및 스포츠 관련 관리자,,KSCO,8,2025-01-01,,active,2026-03-10 00:55:07,JF_SVC_01,active,auto_mapped,,,,,,,,,2026-03-23
1522,음식 서비스 관련 관리자,음식 서비스 관련 관리자,음식서비스관련관리자,detail,4,세분류,152.0,0,True,43,1/15/152/1522,관리자 / 판매 및 고객 서비스 관리직 / 고객 서비스 관리자 / 음식 서비스 관련 관리자,1,15.0,152.0,1522.0,,관리자,판매 및 고객 서비스 관리직,고객 서비스 관리자,음식 서비스 관련 관리자,,KSCO,8,2025-01-01,,active,2026-03-10 00:55:07,JF_SVC_02,active,auto_mapped,,,,,,,,,2026-03-23
153,환경‧청소 및 경비 관련 관리자,환경‧청소 및 경비 관련 관리자,환경청소및경비관련관리자,small,3,소분류,15.0,1,False,44,1/15/153,관리자 / 판매 및 고객 서비스 관리직 / 환경‧청소 및 경비 관련 관리자,1,15.0,153.0,,,관리자,판매 및 고객 서비스 관리직,환경‧청소 및 경비 관련 관리자,,,KSCO,8,2025-01-01,,active,2026-03-10 00:55:07,JF_SAL_01,hierarchy_only,,,,,,,,,,2026-03-23
1530,환경‧청소 및 경비 관련 관리자,환경‧청소 및 경비 관련 관리자,환경청소및경비관련관리자,detail,4,세분류,153.0,0,True,45,1/15/153/1530,관리자 / 판매 및 고객 서비스 관리직 / 환경‧청소 및 경비 관련 관리자 / 환경‧청소 및 경비 관련 관리자,1,15.0,153.0,1530.0,,관리자,판매 및 고객 서비스 관리직,환경‧청소 및 경비 관련 관리자,환경‧청소 및 경비 관련 관리자,,KSCO,8,2025-01-01,,active,2026-03-10 00:55:07,JF_SVC_07,active,auto_mapped,,,,,,,,,2026-03-23
159,기타 판매 및 고객 서비스 관리자,기타 판매 및 고객 서비스 관리자,기타판매및고객서비스관리자,small,3,소분류,15.0,1,False,46,1/15/159,관리자 / 판매 및 고객 서비스 관리직 / 기타 판매 및 고객 서비스 관리자,1,15.0,159.0,,,관리자,판매 및 고객 서비스 관리직,기타 판매 및 고객 서비스 관리자,,,KSCO,8,2025-01-01,,active,2026-03-10 00:55:07,JF_SAL_01,hierarchy_only,,,,,,,,,,2026-03-23
1590,기타 판매 및 고객 서비스 관리자,기타 판매 및 고객 서비스 관리자,기타판매및고객서비스관리자,detail,4,세분류,159.0,0,True,47,1/15/159/1590,관리자 / 판매 및 고객 서비스 관리직 / 기타 판매 및 고객 서비스 관리자 / 기타 판매 및 고객 서비스 관리자,1,15.0,159.0,1590.0,,관리자,판매 및 고객 서비스 관리직,기타 판매 및 고객 서비스 관리자,기타 판매 및 고객 서비스 관리자,,KSCO,8,2025-01-01,,active,2026-03-10 00:55:07,JF_SAL_06,active,auto_mapped,,,,,,,,,2026-03-23
2,"전문가 및 관련
종사자","전문가 및 관련
종사자",전문가및관련종사자,major,1,대분류,,9,False,48,2,"전문가 및 관련
종사자",2,,,,,"전문가 및 관련
종사자",,,,,KSCO,8,2025-01-01,,active,2026-03-10 00:55:07,JF_STR_02,hierarchy_only,,,,,,,,,,2026-03-23
21,과학 전문가 및 관련직,과학 전문가 및 관련직,과학전문가및관련직,middle,2,중분류,2.0,3,False,49,2/21,"전문가 및 관련
종사자 / 과학 전문가 및 관련직",2,21.0,,,,"전문가 및 관련
종사자",과학 전문가 및 관련직,,,,KSCO,8,2025-01-01,,active,2026-03-10 00:55:07,JF_STR_02,hierarchy_only,,,,,,,,,,2026-03-23
211,생명 및 자연과학 관련 전문가,생명 및 자연과학 관련 전문가,생명및자연과학관련전문가,small,3,소분류,21.0,2,False,50,2/21/211,"전문가 및 관련
종사자 / 과학 전문가 및 관련직 / 생명 및 자연과학 관련 전문가",2,21.0,211.0,,,"전문가 및 관련
종사자",과학 전문가 및 관련직,생명 및 자연과학 관련 전문가,,,KSCO,8,2025-01-01,,active,2026-03-10 00:55:07,JF_RND_01,hierarchy_only,,,,,,,,,,2026-03-16
2111,생명과학 연구원,생명과학 연구원,생명과학연구원,detail,4,세분류,211.0,0,True,51,2/21/211/2111,"전문가 및 관련
종사자 / 과학 전문가 및 관련직 / 생명 및 자연과학 관련 전문가 / 생명과학 연구원",2,21.0,211.0,2111.0,,"전문가 및 관련
종사자",과학 전문가 및 관련직,생명 및 자연과학 관련 전문가,생명과학 연구원,,KSCO,8,2025-01-01,,active,2026-03-10 00:55:07,JF_RND_01,active,auto_mapped,,,,,,,,,2026-03-16
2112,자연과학 연구원,자연과학 연구원,자연과학연구원,detail,4,세분류,211.0,0,True,52,2/21/211/2112,"전문가 및 관련
종사자 / 과학 전문가 및 관련직 / 생명 및 자연과학 관련 전문가 / 자연과학 연구원",2,21.0,211.0,2112.0,,"전문가 및 관련
종사자",과학 전문가 및 관련직,생명 및 자연과학 관련 전문가,자연과학 연구원,,KSCO,8,2025-01-01,,active,2026-03-10 00:55:07,JF_RND_01,active,auto_mapped,,,,,,,,,2026-03-16
212,인문 및 사회과학 전문가,인문 및 사회과학 전문가,인문및사회과학전문가,small,3,소분류,21.0,2,False,53,2/21/212,"전문가 및 관련
종사자 / 과학 전문가 및 관련직 / 인문 및 사회과학 전문가",2,21.0,212.0,,,"전문가 및 관련
종사자",과학 전문가 및 관련직,인문 및 사회과학 전문가,,,KSCO,8,2025-01-01,,active,2026-03-10 00:55:07,JF_STR_02,hierarchy_only,,,,,,,,,,2026-03-23
2121,인문과학 연구원,인문과학 연구원,인문과학연구원,detail,4,세분류,212.0,0,True,54,2/21/212/2121,"전문가 및 관련
종사자 / 과학 전문가 및 관련직 / 인문 및 사회과학 전문가 / 인문과학 연구원",2,21.0,212.0,2121.0,,"전문가 및 관련
종사자",과학 전문가 및 관련직,인문 및 사회과학 전문가,인문과학 연구원,,KSCO,8,2025-01-01,,active,2026-03-10 00:55:07,JF_RND_01,active,auto_mapped,,,,,,,,,2026-03-23
2122,사회과학 연구원,사회과학 연구원,사회과학연구원,detail,4,세분류,212.0,0,True,55,2/21/212/2122,"전문가 및 관련
종사자 / 과학 전문가 및 관련직 / 인문 및 사회과학 전문가 / 사회과학 연구원",2,21.0,212.0,2122.0,,"전문가 및 관련
종사자",과학 전문가 및 관련직,인문 및 사회과학 전문가,사회과학 연구원,,KSCO,8,2025-01-01,,active,2026-03-10 00:55:07,JF_STR_02,active,auto_mapped,,,,,,,,,2026-03-23
213,생명 및 자연과학 관련 시험원,생명 및 자연과학 관련 시험원,생명및자연과학관련시험원,small,3,소분류,21.0,3,False,56,2/21/213,"전문가 및 관련
종사자 / 과학 전문가 및 관련직 / 생명 및 자연과학 관련 시험원",2,21.0,213.0,,,"전문가 및 관련
종사자",과학 전문가 및 관련직,생명 및 자연과학 관련 시험원,,,KSCO,8,2025-01-01,,active,2026-03-10 00:55:07,JF_RND_01,hierarchy_only,,,,,,,,,,2026-03-16
2131,생명과학 시험원,생명과학 시험원,생명과학시험원,detail,4,세분류,213.0,0,True,57,2/21/213/2131,"전문가 및 관련
종사자 / 과학 전문가 및 관련직 / 생명 및 자연과학 관련 시험원 / 생명과학 시험원",2,21.0,213.0,2131.0,,"전문가 및 관련
종사자",과학 전문가 및 관련직,생명 및 자연과학 관련 시험원,생명과학 시험원,,KSCO,8,2025-01-01,,active,2026-03-10 00:55:07,JF_RND_01,active,auto_mapped,,,,,,,,,2026-03-16
2132,농림어업 관련 시험원,농림어업 관련 시험원,농림어업관련시험원,detail,4,세분류,213.0,0,True,58,2/21/213/2132,"전문가 및 관련
종사자 / 과학 전문가 및 관련직 / 생명 및 자연과학 관련 시험원 / 농림어업 관련 시험원",2,21.0,213.0,2132.0,,"전문가 및 관련
종사자",과학 전문가 및 관련직,생명 및 자연과학 관련 시험원,농림어업 관련 시험원,,KSCO,8,2025-01-01,,active,2026-03-10 00:55:07,JF_RND_01,active,auto_mapped,,,,,,,,,2026-03-16
2133,자연과학 시험원,자연과학 시험원,자연과학시험원,detail,4,세분류,213.0,0,True,59,2/21/213/2133,"전문가 및 관련
종사자 / 과학 전문가 및 관련직 / 생명 및 자연과학 관련 시험원 / 자연과학 시험원",2,21.0,213.0,2133.0,,"전문가 및 관련
종사자",과학 전문가 및 관련직,생명 및 자연과학 관련 시험원,자연과학 시험원,,KSCO,8,2025-01-01,,active,2026-03-10 00:55:07,JF_RND_01,active,auto_mapped,,,,,,,,,2026-03-16
22,정보 통신 전문가 및 기술직,정보 통신 전문가 및 기술직,정보통신전문가및기술직,middle,2,중분류,2.0,6,False,60,2/22,"전문가 및 관련
종사자 / 정보 통신 전문가 및 기술직",2,22.0,,,,"전문가 및 관련
종사자",정보 통신 전문가 및 기술직,,,,KSCO,8,2025-01-01,,active,2026-03-10 00:55:07,JF_STR_02,hierarchy_only,,,,,,,,,,2026-03-23
221,컴퓨터 하드웨어 및 통신공학 전문가,컴퓨터 하드웨어 및 통신공학 전문가,컴퓨터하드웨어및통신공학전문가,small,3,소분류,22.0,2,False,61,2/22/221,"전문가 및 관련
종사자 / 정보 통신 전문가 및 기술직 / 컴퓨터 하드웨어 및 통신공학 전문가",2,22.0,221.0,,,"전문가 및 관련
종사자",정보 통신 전문가 및 기술직,컴퓨터 하드웨어 및 통신공학 전문가,,,KSCO,8,2025-01-01,,active,2026-03-10 00:55:07,JF_MFG_08,hierarchy_only,,,,,,,,,,2026-03-23
2211,컴퓨터 하드웨어 기술자 및 연구원,컴퓨터 하드웨어 기술자 및 연구원,컴퓨터하드웨어기술자및연구원,detail,4,세분류,221.0,0,True,62,2/22/221/2211,"전문가 및 관련
종사자 / 정보 통신 전문가 및 기술직 / 컴퓨터 하드웨어 및 통신공학 전문가 / 컴퓨터 하드웨어 기술자 및 연구원",2,22.0,221.0,2211.0,,"전문가 및 관련
종사자",정보 통신 전문가 및 기술직,컴퓨터 하드웨어 및 통신공학 전문가,컴퓨터 하드웨어 기술자 및 연구원,,KSCO,8,2025-01-01,,active,2026-03-10 00:55:07,JF_DEV_06,active,auto_mapped,,,,,,,,,2026-03-23
2212,통신공학 기술자 및 연구원,통신공학 기술자 및 연구원,통신공학기술자및연구원,detail,4,세분류,221.0,0,True,63,2/22/221/2212,"전문가 및 관련
종사자 / 정보 통신 전문가 및 기술직 / 컴퓨터 하드웨어 및 통신공학 전문가 / 통신공학 기술자 및 연구원",2,22.0,221.0,2212.0,,"전문가 및 관련
종사자",정보 통신 전문가 및 기술직,컴퓨터 하드웨어 및 통신공학 전문가,통신공학 기술자 및 연구원,,KSCO,8,2025-01-01,,active,2026-03-10 00:55:07,JF_MFG_08,active,auto_mapped,,,,,,,,,2026-03-23
222,컴퓨터 시스템 및 소프트웨어 전문가,컴퓨터 시스템 및 소프트웨어 전문가,컴퓨터시스템및소프트웨어전문가,small,3,소분류,22.0,5,False,64,2/22/222,"전문가 및 관련
종사자 / 정보 통신 전문가 및 기술직 / 컴퓨터 시스템 및 소프트웨어 전문가",2,22.0,222.0,,,"전문가 및 관련
종사자",정보 통신 전문가 및 기술직,컴퓨터 시스템 및 소프트웨어 전문가,,,KSCO,8,2025-01-01,,active,2026-03-10 00:55:07,JF_MFG_08,hierarchy_only,,,,,,,,,,2026-03-23
2221,컴퓨터 시스템 전문가,컴퓨터 시스템 전문가,컴퓨터시스템전문가,detail,4,세분류,222.0,0,True,65,2/22/222/2221,"전문가 및 관련
종사자 / 정보 통신 전문가 및 기술직 / 컴퓨터 시스템 및 소프트웨어 전문가 / 컴퓨터 시스템 전문가",2,22.0,222.0,2221.0,,"전문가 및 관련
종사자",정보 통신 전문가 및 기술직,컴퓨터 시스템 및 소프트웨어 전문가,컴퓨터 시스템 전문가,,KSCO,8,2025-01-01,,active,2026-03-10 00:55:07,JF_AI_08,active,auto_mapped,,,,,,,,,2026-03-23
2222,시스템 소프트웨어 개발자,시스템 소프트웨어 개발자,시스템소프트웨어개발자,detail,4,세분류,222.0,0,True,66,2/22/222/2222,"전문가 및 관련
종사자 / 정보 통신 전문가 및 기술직 / 컴퓨터 시스템 및 소프트웨어 전문가 / 시스템 소프트웨어 개발자",2,22.0,222.0,2222.0,,"전문가 및 관련
종사자",정보 통신 전문가 및 기술직,컴퓨터 시스템 및 소프트웨어 전문가,시스템 소프트웨어 개발자,,KSCO,8,2025-01-01,,active,2026-03-10 00:55:07,JF_DEV_01,active,auto_mapped,,,,,,,,,2026-03-23
2223,응용 소프트웨어 개발자,응용 소프트웨어 개발자,응용소프트웨어개발자,detail,4,세분류,222.0,0,True,67,2/22/222/2223,"전문가 및 관련
종사자 / 정보 통신 전문가 및 기술직 / 컴퓨터 시스템 및 소프트웨어 전문가 / 응용 소프트웨어 개발자",2,22.0,222.0,2223.0,,"전문가 및 관련
종사자",정보 통신 전문가 및 기술직,컴퓨터 시스템 및 소프트웨어 전문가,응용 소프트웨어 개발자,,KSCO,8,2025-01-01,,active,2026-03-10 00:55:07,JF_DEV_03,active,auto_mapped,,,,,,,,,2026-03-23
2224,웹 개발자,웹 개발자,웹개발자,detail,4,세분류,222.0,0,True,68,2/22/222/2224,"전문가 및 관련
종사자 / 정보 통신 전문가 및 기술직 / 컴퓨터 시스템 및 소프트웨어 전문가 / 웹 개발자",2,22.0,222.0,2224.0,,"전문가 및 관련
종사자",정보 통신 전문가 및 기술직,컴퓨터 시스템 및 소프트웨어 전문가,웹 개발자,,KSCO,8,2025-01-01,,active,2026-03-10 00:55:07,JF_DEV_02,active,auto_mapped,,,,,,,,,2026-03-23
2229,기타 컴퓨터 시스템 및 소프트웨어 전문가,기타 컴퓨터 시스템 및 소프트웨어 전문가,기타컴퓨터시스템및소프트웨어전문가,detail,4,세분류,222.0,0,True,69,2/22/222/2229,"전문가 및 관련
종사자 / 정보 통신 전문가 및 기술직 / 컴퓨터 시스템 및 소프트웨어 전문가 / 기타 컴퓨터 시스템 및 소프트웨어 전문가",2,22.0,222.0,2229.0,,"전문가 및 관련
종사자",정보 통신 전문가 및 기술직,컴퓨터 시스템 및 소프트웨어 전문가,기타 컴퓨터 시스템 및 소프트웨어 전문가,,KSCO,8,2025-01-01,,active,2026-03-10 00:55:07,JF_DEV_03,active,auto_mapped,,,,,,,,,2026-03-23
223,네트워크 및 정보 보안 전문가,네트워크 및 정보 보안 전문가,네트워크및정보보안전문가,small,3,소분류,22.0,3,False,70,2/22/223,"전문가 및 관련
종사자 / 정보 통신 전문가 및 기술직 / 네트워크 및 정보 보안 전문가",2,22.0,223.0,,,"전문가 및 관련
종사자",정보 통신 전문가 및 기술직,네트워크 및 정보 보안 전문가,,,KSCO,8,2025-01-01,,active,2026-03-10 00:55:07,JF_AI_09,hierarchy_only,,,,,,,,,,2026-03-23
2231,네트워크 시스템 개발자,네트워크 시스템 개발자,네트워크시스템개발자,detail,4,세분류,223.0,0,True,71,2/22/223/2231,"전문가 및 관련
종사자 / 정보 통신 전문가 및 기술직 / 네트워크 및 정보 보안 전문가 / 네트워크 시스템 개발자",2,22.0,223.0,2231.0,,"전문가 및 관련
종사자",정보 통신 전문가 및 기술직,네트워크 및 정보 보안 전문가,네트워크 시스템 개발자,,KSCO,8,2025-01-01,,active,2026-03-10 00:55:07,JF_AI_08,active,auto_mapped,,,,,,,,,2026-03-23
2232,정보 보안 전문가,정보 보안 전문가,정보보안전문가,detail,4,세분류,223.0,0,True,72,2/22/223/2232,"전문가 및 관련
종사자 / 정보 통신 전문가 및 기술직 / 네트워크 및 정보 보안 전문가 / 정보 보안 전문가",2,22.0,223.0,2232.0,,"전문가 및 관련
종사자",정보 통신 전문가 및 기술직,네트워크 및 정보 보안 전문가,정보 보안 전문가,,KSCO,8,2025-01-01,,active,2026-03-10 00:55:07,JF_AI_09,active,auto_mapped,,,,,,,,,2026-03-23
2239,기타 네트워크 및 정보 보안 전문가,기타 네트워크 및 정보 보안 전문가,기타네트워크및정보보안전문가,detail,4,세분류,223.0,0,True,73,2/22/223/2239,"전문가 및 관련
종사자 / 정보 통신 전문가 및 기술직 / 네트워크 및 정보 보안 전문가 / 기타 네트워크 및 정보 보안 전문가",2,22.0,223.0,2239.0,,"전문가 및 관련
종사자",정보 통신 전문가 및 기술직,네트워크 및 정보 보안 전문가,기타 네트워크 및 정보 보안 전문가,,KSCO,8,2025-01-01,,active,2026-03-10 00:55:07,JF_AI_09,active,auto_mapped,,,,,,,,,2026-03-23
224,데이터 전문가,데이터 전문가,데이터전문가,small,3,소분류,22.0,2,False,74,2/22/224,"전문가 및 관련
종사자 / 정보 통신 전문가 및 기술직 / 데이터 전문가",2,22.0,224.0,,,"전문가 및 관련
종사자",정보 통신 전문가 및 기술직,데이터 전문가,,,KSCO,8,2025-01-01,,active,2026-03-10 00:55:07,JF_AI_03,hierarchy_only,,,,,,,,,,2026-03-23
2241,데이터 시스템 전문가,데이터 시스템 전문가,데이터시스템전문가,detail,4,세분류,224.0,0,True,75,2/22/224/2241,"전문가 및 관련
종사자 / 정보 통신 전문가 및 기술직 / 데이터 전문가 / 데이터 시스템 전문가",2,22.0,224.0,2241.0,,"전문가 및 관련
종사자",정보 통신 전문가 및 기술직,데이터 전문가,데이터 시스템 전문가,,KSCO,8,2025-01-01,,active,2026-03-10 00:55:07,JF_AI_03,active,auto_mapped,,,,,,,,,2026-03-23
2242,데이터 분석가,데이터 분석가,데이터분석가,detail,4,세분류,224.0,0,True,76,2/22/224/2242,"전문가 및 관련
종사자 / 정보 통신 전문가 및 기술직 / 데이터 전문가 / 데이터 분석가",2,22.0,224.0,2242.0,,"전문가 및 관련
종사자",정보 통신 전문가 및 기술직,데이터 전문가,데이터 분석가,,KSCO,8,2025-01-01,,active,2026-03-10 00:55:07,JF_AI_04,active,auto_mapped,,,,,,,,,2026-03-23
225,정보 시스템 및 웹 운영자,정보 시스템 및 웹 운영자,정보시스템및웹운영자,small,3,소분류,22.0,2,False,77,2/22/225,"전문가 및 관련
종사자 / 정보 통신 전문가 및 기술직 / 정보 시스템 및 웹 운영자",2,22.0,225.0,,,"전문가 및 관련
종사자",정보 통신 전문가 및 기술직,정보 시스템 및 웹 운영자,,,KSCO,8,2025-01-01,,active,2026-03-10 00:55:07,JF_MFG_08,hierarchy_only,,,,,,,,,,2026-03-23
2251,정보 시스템 운영자,정보 시스템 운영자,정보시스템운영자,detail,4,세분류,225.0,0,True,78,2/22/225/2251,"전문가 및 관련
종사자 / 정보 통신 전문가 및 기술직 / 정보 시스템 및 웹 운영자 / 정보 시스템 운영자",2,22.0,225.0,2251.0,,"전문가 및 관련
종사자",정보 통신 전문가 및 기술직,정보 시스템 및 웹 운영자,정보 시스템 운영자,,KSCO,8,2025-01-01,,active,2026-03-10 00:55:07,JF_AI_08,active,auto_mapped,,,,,,,,,2026-03-23
2252,웹 운영자,웹 운영자,웹운영자,detail,4,세분류,225.0,0,True,79,2/22/225/2252,"전문가 및 관련
종사자 / 정보 통신 전문가 및 기술직 / 정보 시스템 및 웹 운영자 / 웹 운영자",2,22.0,225.0,2252.0,,"전문가 및 관련
종사자",정보 통신 전문가 및 기술직,정보 시스템 및 웹 운영자,웹 운영자,,KSCO,8,2025-01-01,,active,2026-03-10 00:55:07,JF_AI_08,active,auto_mapped,,,,,,,,,2026-03-23
226,통신 및 방송 송출 장비 기사,통신 및 방송 송출 장비 기사,통신및방송송출장비기사,small,3,소분류,22.0,1,False,80,2/22/226,"전문가 및 관련
종사자 / 정보 통신 전문가 및 기술직 / 통신 및 방송 송출 장비 기사",2,22.0,226.0,,,"전문가 및 관련
종사자",정보 통신 전문가 및 기술직,통신 및 방송 송출 장비 기사,,,KSCO,8,2025-01-01,,active,2026-03-10 00:55:07,JF_DES_03,hierarchy_only,,,,,,,,,,2026-03-16
2260,통신 및 방송 송출 장비 기사,통신 및 방송 송출 장비 기사,통신및방송송출장비기사,detail,4,세분류,226.0,0,True,81,2/22/226/2260,"전문가 및 관련
종사자 / 정보 통신 전문가 및 기술직 / 통신 및 방송 송출 장비 기사 / 통신 및 방송 송출 장비 기사",2,22.0,226.0,2260.0,,"전문가 및 관련
종사자",정보 통신 전문가 및 기술직,통신 및 방송 송출 장비 기사,통신 및 방송 송출 장비 기사,,KSCO,8,2025-01-01,,active,2026-03-10 00:55:07,JF_DES_03,active,auto_mapped,,,,,,,,,2026-03-16
23,공학 전문가 및 기술직,공학 전문가 및 기술직,공학전문가및기술직,middle,2,중분류,2.0,9,False,82,2/23,"전문가 및 관련
종사자 / 공학 전문가 및 기술직",2,23.0,,,,"전문가 및 관련
종사자",공학 전문가 및 기술직,,,,KSCO,8,2025-01-01,,active,2026-03-10 00:55:07,JF_STR_02,hierarchy_only,,,,,,,,,,2026-03-23
231,건축‧토목 공학 기술자 및 시험원,건축‧토목 공학 기술자 및 시험원,건축토목공학기술자및시험원,small,3,소분류,23.0,7,False,83,2/23/231,"전문가 및 관련
종사자 / 공학 전문가 및 기술직 / 건축‧토목 공학 기술자 및 시험원",2,23.0,231.0,,,"전문가 및 관련
종사자",공학 전문가 및 기술직,건축‧토목 공학 기술자 및 시험원,,,KSCO,8,2025-01-01,,active,2026-03-10 00:55:07,JF_MFG_05,hierarchy_only,,,,,,,,,,2026-03-16
2311,건축가,건축가,건축가,detail,4,세분류,231.0,0,True,84,2/23/231/2311,"전문가 및 관련
종사자 / 공학 전문가 및 기술직 / 건축‧토목 공학 기술자 및 시험원 / 건축가",2,23.0,231.0,2311.0,,"전문가 및 관련
종사자",공학 전문가 및 기술직,건축‧토목 공학 기술자 및 시험원,건축가,,KSCO,8,2025-01-01,,active,2026-03-10 00:55:07,JF_MFG_05,active,auto_mapped,,,,,,,,,2026-03-16
2312,건축공학 기술자,건축공학 기술자,건축공학기술자,detail,4,세분류,231.0,0,True,85,2/23/231/2312,"전문가 및 관련
종사자 / 공학 전문가 및 기술직 / 건축‧토목 공학 기술자 및 시험원 / 건축공학 기술자",2,23.0,231.0,2312.0,,"전문가 및 관련
종사자",공학 전문가 및 기술직,건축‧토목 공학 기술자 및 시험원,건축공학 기술자,,KSCO,8,2025-01-01,,active,2026-03-10 00:55:07,JF_MFG_05,active,auto_mapped,,,,,,,,,2026-03-16
2313,토목공학 기술자,토목공학 기술자,토목공학기술자,detail,4,세분류,231.0,0,True,86,2/23/231/2313,"전문가 및 관련
종사자 / 공학 전문가 및 기술직 / 건축‧토목 공학 기술자 및 시험원 / 토목공학 기술자",2,23.0,231.0,2313.0,,"전문가 및 관련
종사자",공학 전문가 및 기술직,건축‧토목 공학 기술자 및 시험원,토목공학 기술자,,KSCO,8,2025-01-01,,active,2026-03-10 00:55:07,JF_MFG_05,active,auto_mapped,,,,,,,,,2026-03-16
2314,조경 기술자,조경 기술자,조경기술자,detail,4,세분류,231.0,0,True,87,2/23/231/2314,"전문가 및 관련
종사자 / 공학 전문가 및 기술직 / 건축‧토목 공학 기술자 및 시험원 / 조경 기술자",2,23.0,231.0,2314.0,,"전문가 및 관련
종사자",공학 전문가 및 기술직,건축‧토목 공학 기술자 및 시험원,조경 기술자,,KSCO,8,2025-01-01,,active,2026-03-10 00:55:07,JF_MFG_05,active,auto_mapped,,,,,,,,,2026-03-16
2315,도시 및 교통 관련 전문가,도시 및 교통 관련 전문가,도시및교통관련전문가,detail,4,세분류,231.0,0,True,88,2/23/231/2315,"전문가 및 관련
종사자 / 공학 전문가 및 기술직 / 건축‧토목 공학 기술자 및 시험원 / 도시 및 교통 관련 전문가",2,23.0,231.0,2315.0,,"전문가 및 관련
종사자",공학 전문가 및 기술직,건축‧토목 공학 기술자 및 시험원,도시 및 교통 관련 전문가,,KSCO,8,2025-01-01,,active,2026-03-10 00:55:07,JF_MFG_05,active,auto_mapped,,,,,,,,,2026-03-16
2316,측량 및 공간정보 전문가,측량 및 공간정보 전문가,측량및공간정보전문가,detail,4,세분류,231.0,0,True,89,2/23/231/2316,"전문가 및 관련
종사자 / 공학 전문가 및 기술직 / 건축‧토목 공학 기술자 및 시험원 / 측량 및 공간정보 전문가",2,23.0,231.0,2316.0,,"전문가 및 관련
종사자",공학 전문가 및 기술직,건축‧토목 공학 기술자 및 시험원,측량 및 공간정보 전문가,,KSCO,8,2025-01-01,,active,2026-03-10 00:55:07,JF_MFG_05,active,auto_mapped,,,,,,,,,2026-03-16
2317,건설자재 시험원,건설자재 시험원,건설자재시험원,detail,4,세분류,231.0,0,True,90,2/23/231/2317,"전문가 및 관련
종사자 / 공학 전문가 및 기술직 / 건축‧토목 공학 기술자 및 시험원 / 건설자재 시험원",2,23.0,231.0,2317.0,,"전문가 및 관련
종사자",공학 전문가 및 기술직,건축‧토목 공학 기술자 및 시험원,건설자재 시험원,,KSCO,8,2025-01-01,,active,2026-03-10 00:55:07,JF_MFG_05,active,auto_mapped,,,,,,,,,2026-03-16
232,화학공학 기술자 및 시험원,화학공학 기술자 및 시험원,화학공학기술자및시험원,small,3,소분류,23.0,2,False,91,2/23/232,"전문가 및 관련
종사자 / 공학 전문가 및 기술직 / 화학공학 기술자 및 시험원",2,23.0,232.0,,,"전문가 및 관련
종사자",공학 전문가 및 기술직,화학공학 기술자 및 시험원,,,KSCO,8,2025-01-01,,active,2026-03-10 00:55:07,JF_RND_03,hierarchy_only,,,,,,,,,,2026-03-16
2321,화학공학 기술자 및 연구원,화학공학 기술자 및 연구원,화학공학기술자및연구원,detail,4,세분류,232.0,0,True,92,2/23/232/2321,"전문가 및 관련
종사자 / 공학 전문가 및 기술직 / 화학공학 기술자 및 시험원 / 화학공학 기술자 및 연구원",2,23.0,232.0,2321.0,,"전문가 및 관련
종사자",공학 전문가 및 기술직,화학공학 기술자 및 시험원,화학공학 기술자 및 연구원,,KSCO,8,2025-01-01,,active,2026-03-10 00:55:07,JF_RND_03,active,auto_mapped,,,,,,,,,2026-03-16
2322,화학공학 시험원,화학공학 시험원,화학공학시험원,detail,4,세분류,232.0,0,True,93,2/23/232/2322,"전문가 및 관련
종사자 / 공학 전문가 및 기술직 / 화학공학 기술자 및 시험원 / 화학공학 시험원",2,23.0,232.0,2322.0,,"전문가 및 관련
종사자",공학 전문가 및 기술직,화학공학 기술자 및 시험원,화학공학 시험원,,KSCO,8,2025-01-01,,active,2026-03-10 00:55:07,JF_RND_03,active,auto_mapped,,,,,,,,,2026-03-16
233,금속‧재료공학 기술자 및 시험원,금속‧재료공학 기술자 및 시험원,금속재료공학기술자및시험원,small,3,소분류,23.0,2,False,94,2/23/233,"전문가 및 관련
종사자 / 공학 전문가 및 기술직 / 금속‧재료공학 기술자 및 시험원",2,23.0,233.0,,,"전문가 및 관련
종사자",공학 전문가 및 기술직,금속‧재료공학 기술자 및 시험원,,,KSCO,8,2025-01-01,,active,2026-03-10 00:55:07,JF_RND_02,hierarchy_only,,,,,,,,,,2026-03-16
2331,금속‧재료공학 연구원 및 기술자,금속‧재료공학 연구원 및 기술자,금속재료공학연구원및기술자,detail,4,세분류,233.0,0,True,95,2/23/233/2331,"전문가 및 관련
종사자 / 공학 전문가 및 기술직 / 금속‧재료공학 기술자 및 시험원 / 금속‧재료공학 연구원 및 기술자",2,23.0,233.0,2331.0,,"전문가 및 관련
종사자",공학 전문가 및 기술직,금속‧재료공학 기술자 및 시험원,금속‧재료공학 연구원 및 기술자,,KSCO,8,2025-01-01,,active,2026-03-10 00:55:07,JF_RND_02,active,auto_mapped,,,,,,,,,2026-03-16
2332,금속 및 재료공학 시험원,금속 및 재료공학 시험원,금속및재료공학시험원,detail,4,세분류,233.0,0,True,96,2/23/233/2332,"전문가 및 관련
종사자 / 공학 전문가 및 기술직 / 금속‧재료공학 기술자 및 시험원 / 금속 및 재료공학 시험원",2,23.0,233.0,2332.0,,"전문가 및 관련
종사자",공학 전문가 및 기술직,금속‧재료공학 기술자 및 시험원,금속 및 재료공학 시험원,,KSCO,8,2025-01-01,,active,2026-03-10 00:55:07,JF_RND_02,active,auto_mapped,,,,,,,,,2026-03-16
234,전기‧전자공학 기술자 및 시험원,전기‧전자공학 기술자 및 시험원,전기전자공학기술자및시험원,small,3,소분류,23.0,4,False,97,2/23/234,"전문가 및 관련
종사자 / 공학 전문가 및 기술직 / 전기‧전자공학 기술자 및 시험원",2,23.0,234.0,,,"전문가 및 관련
종사자",공학 전문가 및 기술직,전기‧전자공학 기술자 및 시험원,,,KSCO,8,2025-01-01,,active,2026-03-10 00:55:07,JF_RND_02,hierarchy_only,,,,,,,,,,2026-03-16
2341,전기공학 기술자 및 연구원,전기공학 기술자 및 연구원,전기공학기술자및연구원,detail,4,세분류,234.0,0,True,98,2/23/234/2341,"전문가 및 관련
종사자 / 공학 전문가 및 기술직 / 전기‧전자공학 기술자 및 시험원 / 전기공학 기술자 및 연구원",2,23.0,234.0,2341.0,,"전문가 및 관련
종사자",공학 전문가 및 기술직,전기‧전자공학 기술자 및 시험원,전기공학 기술자 및 연구원,,KSCO,8,2025-01-01,,active,2026-03-10 00:55:07,JF_RND_02,active,auto_mapped,,,,,,,,,2026-03-16
2342,반도체공학 기술자 및 연구원,반도체공학 기술자 및 연구원,반도체공학기술자및연구원,detail,4,세분류,234.0,0,True,99,2/23/234/2342,"전문가 및 관련
종사자 / 공학 전문가 및 기술직 / 전기‧전자공학 기술자 및 시험원 / 반도체공학 기술자 및 연구원",2,23.0,234.0,2342.0,,"전문가 및 관련
종사자",공학 전문가 및 기술직,전기‧전자공학 기술자 및 시험원,반도체공학 기술자 및 연구원,,KSCO,8,2025-01-01,,active,2026-03-10 00:55:07,JF_RND_02,active,auto_mapped,,,,,,,,,2026-03-16
2343,전자공학 기술자 및 연구원,전자공학 기술자 및 연구원,전자공학기술자및연구원,detail,4,세분류,234.0,0,True,100,2/23/234/2343,"전문가 및 관련
종사자 / 공학 전문가 및 기술직 / 전기‧전자공학 기술자 및 시험원 / 전자공학 기술자 및 연구원",2,23.0,234.0,2343.0,,"전문가 및 관련
종사자",공학 전문가 및 기술직,전기‧전자공학 기술자 및 시험원,전자공학 기술자 및 연구원,,KSCO,8,2025-01-01,,active,2026-03-10 00:55:07,JF_RND_02,active,auto_mapped,,,,,,,,,2026-03-16
2344,전기 및 전자공학 시험원,전기 및 전자공학 시험원,전기및전자공학시험원,detail,4,세분류,234.0,0,True,101,2/23/234/2344,"전문가 및 관련
종사자 / 공학 전문가 및 기술직 / 전기‧전자공학 기술자 및 시험원 / 전기 및 전자공학 시험원",2,23.0,234.0,2344.0,,"전문가 및 관련
종사자",공학 전문가 및 기술직,전기‧전자공학 기술자 및 시험원,전기 및 전자공학 시험원,,KSCO,8,2025-01-01,,active,2026-03-10 00:55:07,JF_RND_02,active,auto_mapped,,,,,,,,,2026-03-16
235,기계‧로봇공학 기술자 및 시험원,기계‧로봇공학 기술자 및 시험원,기계로봇공학기술자및시험원,small,3,소분류,23.0,3,False,102,2/23/235,"전문가 및 관련
종사자 / 공학 전문가 및 기술직 / 기계‧로봇공학 기술자 및 시험원",2,23.0,235.0,,,"전문가 및 관련
종사자",공학 전문가 및 기술직,기계‧로봇공학 기술자 및 시험원,,,KSCO,8,2025-01-01,,active,2026-03-10 00:55:07,JF_RND_02,hierarchy_only,,,,,,,,,,2026-03-16
2351,기계공학 기술자 및 연구원,기계공학 기술자 및 연구원,기계공학기술자및연구원,detail,4,세분류,235.0,0,True,103,2/23/235/2351,"전문가 및 관련
종사자 / 공학 전문가 및 기술직 / 기계‧로봇공학 기술자 및 시험원 / 기계공학 기술자 및 연구원",2,23.0,235.0,2351.0,,"전문가 및 관련
종사자",공학 전문가 및 기술직,기계‧로봇공학 기술자 및 시험원,기계공학 기술자 및 연구원,,KSCO,8,2025-01-01,,active,2026-03-10 00:55:07,JF_RND_02,active,auto_mapped,,,,,,,,,2026-03-16
2352,로봇공학 기술자 및 연구원,로봇공학 기술자 및 연구원,로봇공학기술자및연구원,detail,4,세분류,235.0,0,True,104,2/23/235/2352,"전문가 및 관련
종사자 / 공학 전문가 및 기술직 / 기계‧로봇공학 기술자 및 시험원 / 로봇공학 기술자 및 연구원",2,23.0,235.0,2352.0,,"전문가 및 관련
종사자",공학 전문가 및 기술직,기계‧로봇공학 기술자 및 시험원,로봇공학 기술자 및 연구원,,KSCO,8,2025-01-01,,active,2026-03-10 00:55:07,JF_RND_02,active,auto_mapped,,,,,,,,,2026-03-16
2353,기계 및 로봇공학 시험원,기계 및 로봇공학 시험원,기계및로봇공학시험원,detail,4,세분류,235.0,0,True,105,2/23/235/2353,"전문가 및 관련
종사자 / 공학 전문가 및 기술직 / 기계‧로봇공학 기술자 및 시험원 / 기계 및 로봇공학 시험원",2,23.0,235.0,2353.0,,"전문가 및 관련
종사자",공학 전문가 및 기술직,기계‧로봇공학 기술자 및 시험원,기계 및 로봇공학 시험원,,KSCO,8,2025-01-01,,active,2026-03-10 00:55:07,JF_RND_02,active,auto_mapped,,,,,,,,,2026-03-16
236,소방‧방재‧산업안전 기술자 및 시험원,소방‧방재‧산업안전 기술자 및 시험원,소방방재산업안전기술자및시험원,small,3,소분류,23.0,5,False,106,2/23/236,"전문가 및 관련
종사자 / 공학 전문가 및 기술직 / 소방‧방재‧산업안전 기술자 및 시험원",2,23.0,236.0,,,"전문가 및 관련
종사자",공학 전문가 및 기술직,소방‧방재‧산업안전 기술자 및 시험원,,,KSCO,8,2025-01-01,,active,2026-03-10 00:55:07,JF_STR_02,hierarchy_only,,,,,,,,,,2026-03-23
2361,방재 기술자 및 연구원,방재 기술자 및 연구원,방재기술자및연구원,detail,4,세분류,236.0,0,True,107,2/23/236/2361,"전문가 및 관련
종사자 / 공학 전문가 및 기술직 / 소방‧방재‧산업안전 기술자 및 시험원 / 방재 기술자 및 연구원",2,23.0,236.0,2361.0,,"전문가 및 관련
종사자",공학 전문가 및 기술직,소방‧방재‧산업안전 기술자 및 시험원,방재 기술자 및 연구원,,KSCO,8,2025-01-01,,active,2026-03-10 00:55:07,JF_MFG_03,active,auto_mapped,,,,,,,,,2026-03-23
2362,소방공학 기술자 및 연구원,소방공학 기술자 및 연구원,소방공학기술자및연구원,detail,4,세분류,236.0,0,True,108,2/23/236/2362,"전문가 및 관련
종사자 / 공학 전문가 및 기술직 / 소방‧방재‧산업안전 기술자 및 시험원 / 소방공학 기술자 및 연구원",2,23.0,236.0,2362.0,,"전문가 및 관련
종사자",공학 전문가 및 기술직,소방‧방재‧산업안전 기술자 및 시험원,소방공학 기술자 및 연구원,,KSCO,8,2025-01-01,,active,2026-03-10 00:55:07,JF_RND_01,active,auto_mapped,,,,,,,,,2026-03-23
2363,산업안전 및 산업위험 관리 기술자,산업안전 및 산업위험 관리 기술자,산업안전및산업위험관리기술자,detail,4,세분류,236.0,0,True,109,2/23/236/2363,"전문가 및 관련
종사자 / 공학 전문가 및 기술직 / 소방‧방재‧산업안전 기술자 및 시험원 / 산업안전 및 산업위험 관리 기술자",2,23.0,236.0,2363.0,,"전문가 및 관련
종사자",공학 전문가 및 기술직,소방‧방재‧산업안전 기술자 및 시험원,산업안전 및 산업위험 관리 기술자,,KSCO,8,2025-01-01,,active,2026-03-10 00:55:07,JF_MFG_03,active,auto_mapped,,,,,,,,,2026-03-23
2364,산업보건 및 산업환경 관리 기술자,산업보건 및 산업환경 관리 기술자,산업보건및산업환경관리기술자,detail,4,세분류,236.0,0,True,110,2/23/236/2364,"전문가 및 관련
종사자 / 공학 전문가 및 기술직 / 소방‧방재‧산업안전 기술자 및 시험원 / 산업보건 및 산업환경 관리 기술자",2,23.0,236.0,2364.0,,"전문가 및 관련
종사자",공학 전문가 및 기술직,소방‧방재‧산업안전 기술자 및 시험원,산업보건 및 산업환경 관리 기술자,,KSCO,8,2025-01-01,,active,2026-03-10 00:55:07,JF_RND_03,active,auto_mapped,,,,,,,,,2026-03-16
2365,소방‧방재 및 산업안전 시험원,소방‧방재 및 산업안전 시험원,소방방재및산업안전시험원,detail,4,세분류,236.0,0,True,111,2/23/236/2365,"전문가 및 관련
종사자 / 공학 전문가 및 기술직 / 소방‧방재‧산업안전 기술자 및 시험원 / 소방‧방재 및 산업안전 시험원",2,23.0,236.0,2365.0,,"전문가 및 관련
종사자",공학 전문가 및 기술직,소방‧방재‧산업안전 기술자 및 시험원,소방‧방재 및 산업안전 시험원,,KSCO,8,2025-01-01,,active,2026-03-10 00:55:07,JF_MFG_03,active,auto_mapped,,,,,,,,,2026-03-23
237,환경공학‧가스‧에너지 기술자 및 시험원,환경공학‧가스‧에너지 기술자 및 시험원,환경공학가스에너지기술자및시험원,small,3,소분류,23.0,6,False,112,2/23/237,"전문가 및 관련
종사자 / 공학 전문가 및 기술직 / 환경공학‧가스‧에너지 기술자 및 시험원",2,23.0,237.0,,,"전문가 및 관련
종사자",공학 전문가 및 기술직,환경공학‧가스‧에너지 기술자 및 시험원,,,KSCO,8,2025-01-01,,active,2026-03-10 00:55:07,JF_RND_03,hierarchy_only,,,,,,,,,,2026-03-16
2371,환경공학 기술자 및 연구원,환경공학 기술자 및 연구원,환경공학기술자및연구원,detail,4,세분류,237.0,0,True,113,2/23/237/2371,"전문가 및 관련
종사자 / 공학 전문가 및 기술직 / 환경공학‧가스‧에너지 기술자 및 시험원 / 환경공학 기술자 및 연구원",2,23.0,237.0,2371.0,,"전문가 및 관련
종사자",공학 전문가 및 기술직,환경공학‧가스‧에너지 기술자 및 시험원,환경공학 기술자 및 연구원,,KSCO,8,2025-01-01,,active,2026-03-10 00:55:07,JF_RND_03,active,auto_mapped,,,,,,,,,2026-03-16
2372,신재생에너지 기술자 및 연구원,신재생에너지 기술자 및 연구원,신재생에너지기술자및연구원,detail,4,세분류,237.0,0,True,114,2/23/237/2372,"전문가 및 관련
종사자 / 공학 전문가 및 기술직 / 환경공학‧가스‧에너지 기술자 및 시험원 / 신재생에너지 기술자 및 연구원",2,23.0,237.0,2372.0,,"전문가 및 관련
종사자",공학 전문가 및 기술직,환경공학‧가스‧에너지 기술자 및 시험원,신재생에너지 기술자 및 연구원,,KSCO,8,2025-01-01,,active,2026-03-10 00:55:07,JF_RND_03,active,auto_mapped,,,,,,,,,2026-03-16
2373,가스‧에너지 기술자 및 연구원,가스‧에너지 기술자 및 연구원,가스에너지기술자및연구원,detail,4,세분류,237.0,0,True,115,2/23/237/2373,"전문가 및 관련
종사자 / 공학 전문가 및 기술직 / 환경공학‧가스‧에너지 기술자 및 시험원 / 가스‧에너지 기술자 및 연구원",2,23.0,237.0,2373.0,,"전문가 및 관련
종사자",공학 전문가 및 기술직,환경공학‧가스‧에너지 기술자 및 시험원,가스‧에너지 기술자 및 연구원,,KSCO,8,2025-01-01,,active,2026-03-10 00:55:07,JF_RND_03,active,auto_mapped,,,,,,,,,2026-03-16
2374,환경공학 시험원,환경공학 시험원,환경공학시험원,detail,4,세분류,237.0,0,True,116,2/23/237/2374,"전문가 및 관련
종사자 / 공학 전문가 및 기술직 / 환경공학‧가스‧에너지 기술자 및 시험원 / 환경공학 시험원",2,23.0,237.0,2374.0,,"전문가 및 관련
종사자",공학 전문가 및 기술직,환경공학‧가스‧에너지 기술자 및 시험원,환경공학 시험원,,KSCO,8,2025-01-01,,active,2026-03-10 00:55:07,JF_RND_03,active,auto_mapped,,,,,,,,,2026-03-16
2375,신재생에너지 시험원,신재생에너지 시험원,신재생에너지시험원,detail,4,세분류,237.0,0,True,117,2/23/237/2375,"전문가 및 관련
종사자 / 공학 전문가 및 기술직 / 환경공학‧가스‧에너지 기술자 및 시험원 / 신재생에너지 시험원",2,23.0,237.0,2375.0,,"전문가 및 관련
종사자",공학 전문가 및 기술직,환경공학‧가스‧에너지 기술자 및 시험원,신재생에너지 시험원,,KSCO,8,2025-01-01,,active,2026-03-10 00:55:07,JF_RND_03,active,auto_mapped,,,,,,,,,2026-03-16
2376,가스 및 에너지 시험원,가스 및 에너지 시험원,가스및에너지시험원,detail,4,세분류,237.0,0,True,118,2/23/237/2376,"전문가 및 관련
종사자 / 공학 전문가 및 기술직 / 환경공학‧가스‧에너지 기술자 및 시험원 / 가스 및 에너지 시험원",2,23.0,237.0,2376.0,,"전문가 및 관련
종사자",공학 전문가 및 기술직,환경공학‧가스‧에너지 기술자 및 시험원,가스 및 에너지 시험원,,KSCO,8,2025-01-01,,active,2026-03-10 00:55:07,JF_RND_03,active,auto_mapped,,,,,,,,,2026-03-16
238,항공기‧선박 기관사 및 관제사,항공기‧선박 기관사 및 관제사,항공기선박기관사및관제사,small,3,소분류,23.0,3,False,119,2/23/238,"전문가 및 관련
종사자 / 공학 전문가 및 기술직 / 항공기‧선박 기관사 및 관제사",2,23.0,238.0,,,"전문가 및 관련
종사자",공학 전문가 및 기술직,항공기‧선박 기관사 및 관제사,,,KSCO,8,2025-01-01,,active,2026-03-10 00:55:07,JF_SVC_04,hierarchy_only,,,,,,,,,,2026-03-16
2381,항공기 조종사,항공기 조종사,항공기조종사,detail,4,세분류,238.0,0,True,120,2/23/238/2381,"전문가 및 관련
종사자 / 공학 전문가 및 기술직 / 항공기‧선박 기관사 및 관제사 / 항공기 조종사",2,23.0,238.0,2381.0,,"전문가 및 관련
종사자",공학 전문가 및 기술직,항공기‧선박 기관사 및 관제사,항공기 조종사,,KSCO,8,2025-01-01,,active,2026-03-10 00:55:07,JF_SVC_04,active,auto_mapped,,,,,,,,,2026-03-16
2382,선장 및 항해사‧도선사,선장 및 항해사‧도선사,선장및항해사도선사,detail,4,세분류,238.0,0,True,121,2/23/238/2382,"전문가 및 관련
종사자 / 공학 전문가 및 기술직 / 항공기‧선박 기관사 및 관제사 / 선장 및 항해사‧도선사",2,23.0,238.0,2382.0,,"전문가 및 관련
종사자",공학 전문가 및 기술직,항공기‧선박 기관사 및 관제사,선장 및 항해사‧도선사,,KSCO,8,2025-01-01,,active,2026-03-10 00:55:07,JF_SVC_04,active,auto_mapped,,,,,,,,,2026-03-16
2383,관제사,관제사,관제사,detail,4,세분류,238.0,0,True,122,2/23/238/2383,"전문가 및 관련
종사자 / 공학 전문가 및 기술직 / 항공기‧선박 기관사 및 관제사 / 관제사",2,23.0,238.0,2383.0,,"전문가 및 관련
종사자",공학 전문가 및 기술직,항공기‧선박 기관사 및 관제사,관제사,,KSCO,8,2025-01-01,,active,2026-03-10 00:55:07,JF_SVC_04,active,auto_mapped,,,,,,,,,2026-03-16
239,기타 공학 전문가 및 관련 종사자,기타 공학 전문가 및 관련 종사자,기타공학전문가및관련종사자,small,3,소분류,23.0,6,False,123,2/23/239,"전문가 및 관련
종사자 / 공학 전문가 및 기술직 / 기타 공학 전문가 및 관련 종사자",2,23.0,239.0,,,"전문가 및 관련
종사자",공학 전문가 및 기술직,기타 공학 전문가 및 관련 종사자,,,KSCO,8,2025-01-01,,active,2026-03-10 00:55:07,JF_STR_02,hierarchy_only,,,,,,,,,,2026-03-23
2391,식품공학 기술자 및 연구원,식품공학 기술자 및 연구원,식품공학기술자및연구원,detail,4,세분류,239.0,0,True,124,2/23/239/2391,"전문가 및 관련
종사자 / 공학 전문가 및 기술직 / 기타 공학 전문가 및 관련 종사자 / 식품공학 기술자 및 연구원",2,23.0,239.0,2391.0,,"전문가 및 관련
종사자",공학 전문가 및 기술직,기타 공학 전문가 및 관련 종사자,식품공학 기술자 및 연구원,,KSCO,8,2025-01-01,,active,2026-03-10 00:55:07,JF_RND_03,active,auto_mapped,,,,,,,,,2026-03-23
2392,섬유공학 기술자 및 연구원,섬유공학 기술자 및 연구원,섬유공학기술자및연구원,detail,4,세분류,239.0,0,True,125,2/23/239/2392,"전문가 및 관련
종사자 / 공학 전문가 및 기술직 / 기타 공학 전문가 및 관련 종사자 / 섬유공학 기술자 및 연구원",2,23.0,239.0,2392.0,,"전문가 및 관련
종사자",공학 전문가 및 기술직,기타 공학 전문가 및 관련 종사자,섬유공학 기술자 및 연구원,,KSCO,8,2025-01-01,,active,2026-03-10 00:55:07,JF_RND_01,active,auto_mapped,,,,,,,,,2026-03-23
2393,식품공학 시험원,식품공학 시험원,식품공학시험원,detail,4,세분류,239.0,0,True,126,2/23/239/2393,"전문가 및 관련
종사자 / 공학 전문가 및 기술직 / 기타 공학 전문가 및 관련 종사자 / 식품공학 시험원",2,23.0,239.0,2393.0,,"전문가 및 관련
종사자",공학 전문가 및 기술직,기타 공학 전문가 및 관련 종사자,식품공학 시험원,,KSCO,8,2025-01-01,,active,2026-03-10 00:55:07,JF_RND_03,active,auto_mapped,,,,,,,,,2026-03-23
2394,섬유공학 시험원,섬유공학 시험원,섬유공학시험원,detail,4,세분류,239.0,0,True,127,2/23/239/2394,"전문가 및 관련
종사자 / 공학 전문가 및 기술직 / 기타 공학 전문가 및 관련 종사자 / 섬유공학 시험원",2,23.0,239.0,2394.0,,"전문가 및 관련
종사자",공학 전문가 및 기술직,기타 공학 전문가 및 관련 종사자,섬유공학 시험원,,KSCO,8,2025-01-01,,active,2026-03-10 00:55:07,JF_RND_01,active,auto_mapped,,,,,,,,,2026-03-23
2395,제도사,제도사,제도사,detail,4,세분류,239.0,0,True,128,2/23/239/2395,"전문가 및 관련
종사자 / 공학 전문가 및 기술직 / 기타 공학 전문가 및 관련 종사자 / 제도사",2,23.0,239.0,2395.0,,"전문가 및 관련
종사자",공학 전문가 및 기술직,기타 공학 전문가 및 관련 종사자,제도사,,KSCO,8,2025-01-01,,active,2026-03-10 00:55:07,JF_MFG_06,active,auto_mapped,,,,,,,,,2026-03-23
2399,기타 공학 관련 기술자 및 시험원,기타 공학 관련 기술자 및 시험원,기타공학관련기술자및시험원,detail,4,세분류,239.0,0,True,129,2/23/239/2399,"전문가 및 관련
종사자 / 공학 전문가 및 기술직 / 기타 공학 전문가 및 관련 종사자 / 기타 공학 관련 기술자 및 시험원",2,23.0,239.0,2399.0,,"전문가 및 관련
종사자",공학 전문가 및 기술직,기타 공학 전문가 및 관련 종사자,기타 공학 관련 기술자 및 시험원,,KSCO,8,2025-01-01,,active,2026-03-10 00:55:07,JF_MFG_09,active,auto_mapped,,,,,,,,,2026-03-23
24,보건 전문가 및 관련직,보건 전문가 및 관련직,보건전문가및관련직,middle,2,중분류,2.0,7,False,130,2/24,"전문가 및 관련
종사자 / 보건 전문가 및 관련직",2,24.0,,,,"전문가 및 관련
종사자",보건 전문가 및 관련직,,,,KSCO,8,2025-01-01,,active,2026-03-10 00:55:07,JF_EDU_02,hierarchy_only,,,,,,,,,,2026-03-16
241,의사·한의사 및 치과의사,의사·한의사 및 치과의사,의사한의사및치과의사,small,3,소분류,24.0,4,False,131,2/24/241,"전문가 및 관련
종사자 / 보건 전문가 및 관련직 / 의사·한의사 및 치과의사",2,24.0,241.0,,,"전문가 및 관련
종사자",보건 전문가 및 관련직,의사·한의사 및 치과의사,,,KSCO,8,2025-01-01,,active,2026-03-10 00:55:07,JF_PRO_07,hierarchy_only,,,,,,,,,,2026-03-23
2411,전문 의사,전문 의사,전문의사,detail,4,세분류,241.0,0,True,132,2/24/241/2411,"전문가 및 관련
종사자 / 보건 전문가 및 관련직 / 의사·한의사 및 치과의사 / 전문 의사",2,24.0,241.0,2411.0,,"전문가 및 관련
종사자",보건 전문가 및 관련직,의사·한의사 및 치과의사,전문 의사,,KSCO,8,2025-01-01,,active,2026-03-10 00:55:07,JF_PRO_07,active,auto_mapped,,,,,,,,,2026-03-23
2412,일반 의사,일반 의사,일반의사,detail,4,세분류,241.0,0,True,133,2/24/241/2412,"전문가 및 관련
종사자 / 보건 전문가 및 관련직 / 의사·한의사 및 치과의사 / 일반 의사",2,24.0,241.0,2412.0,,"전문가 및 관련
종사자",보건 전문가 및 관련직,의사·한의사 및 치과의사,일반 의사,,KSCO,8,2025-01-01,,active,2026-03-10 00:55:07,JF_PRO_07,active,auto_mapped,,,,,,,,,2026-03-23
2413,한의사,한의사,한의사,detail,4,세분류,241.0,0,True,134,2/24/241/2413,"전문가 및 관련
종사자 / 보건 전문가 및 관련직 / 의사·한의사 및 치과의사 / 한의사",2,24.0,241.0,2413.0,,"전문가 및 관련
종사자",보건 전문가 및 관련직,의사·한의사 및 치과의사,한의사,,KSCO,8,2025-01-01,,active,2026-03-10 00:55:07,JF_PRO_07,active,auto_mapped,,,,,,,,,2026-03-23
2414,치과의사,치과의사,치과의사,detail,4,세분류,241.0,0,True,135,2/24/241/2414,"전문가 및 관련
종사자 / 보건 전문가 및 관련직 / 의사·한의사 및 치과의사 / 치과의사",2,24.0,241.0,2414.0,,"전문가 및 관련
종사자",보건 전문가 및 관련직,의사·한의사 및 치과의사,치과의사,,KSCO,8,2025-01-01,,active,2026-03-10 00:55:07,JF_PRO_07,active,auto_mapped,,,,,,,,,2026-03-23
242,수의사,수의사,수의사,small,3,소분류,24.0,1,False,136,2/24/242,"전문가 및 관련
종사자 / 보건 전문가 및 관련직 / 수의사",2,24.0,242.0,,,"전문가 및 관련
종사자",보건 전문가 및 관련직,수의사,,,KSCO,8,2025-01-01,,active,2026-03-10 00:55:07,JF_PRO_12,hierarchy_only,,,,,,,,,,2026-03-23
2420,수의사,수의사,수의사,detail,4,세분류,242.0,0,True,137,2/24/242/2420,"전문가 및 관련
종사자 / 보건 전문가 및 관련직 / 수의사 / 수의사",2,24.0,242.0,2420.0,,"전문가 및 관련
종사자",보건 전문가 및 관련직,수의사,수의사,,KSCO,8,2025-01-01,,active,2026-03-10 00:55:07,JF_PRO_12,active,auto_mapped,,,,,,,,,2026-03-23
243,약사 및 한약사,약사 및 한약사,약사및한약사,small,3,소분류,24.0,2,False,138,2/24/243,"전문가 및 관련
종사자 / 보건 전문가 및 관련직 / 약사 및 한약사",2,24.0,243.0,,,"전문가 및 관련
종사자",보건 전문가 및 관련직,약사 및 한약사,,,KSCO,8,2025-01-01,,active,2026-03-10 00:55:07,JF_PRO_08,hierarchy_only,,,,,,,,,,2026-03-23
2431,약사,약사,약사,detail,4,세분류,243.0,0,True,139,2/24/243/2431,"전문가 및 관련
종사자 / 보건 전문가 및 관련직 / 약사 및 한약사 / 약사",2,24.0,243.0,2431.0,,"전문가 및 관련
종사자",보건 전문가 및 관련직,약사 및 한약사,약사,,KSCO,8,2025-01-01,,active,2026-03-10 00:55:07,JF_PRO_08,active,auto_mapped,,,,,,,,,2026-03-23
2432,한약사,한약사,한약사,detail,4,세분류,243.0,0,True,140,2/24/243/2432,"전문가 및 관련
종사자 / 보건 전문가 및 관련직 / 약사 및 한약사 / 한약사",2,24.0,243.0,2432.0,,"전문가 및 관련
종사자",보건 전문가 및 관련직,약사 및 한약사,한약사,,KSCO,8,2025-01-01,,active,2026-03-10 00:55:07,JF_PRO_08,active,auto_mapped,,,,,,,,,2026-03-23
244,간호사,간호사,간호사,small,3,소분류,24.0,1,False,141,2/24/244,"전문가 및 관련
종사자 / 보건 전문가 및 관련직 / 간호사",2,24.0,244.0,,,"전문가 및 관련
종사자",보건 전문가 및 관련직,간호사,,,KSCO,8,2025-01-01,,active,2026-03-10 00:55:07,JF_PRO_09,hierarchy_only,,,,,,,,,,2026-03-23
2440,간호사,간호사,간호사,detail,4,세분류,244.0,0,True,142,2/24/244/2440,"전문가 및 관련
종사자 / 보건 전문가 및 관련직 / 간호사 / 간호사",2,24.0,244.0,2440.0,,"전문가 및 관련
종사자",보건 전문가 및 관련직,간호사,간호사,,KSCO,8,2025-01-01,,active,2026-03-10 00:55:07,JF_PRO_09,active,auto_mapped,,,,,,,,,2026-03-23
245,영양사,영양사,영양사,small,3,소분류,24.0,1,False,143,2/24/245,"전문가 및 관련
종사자 / 보건 전문가 및 관련직 / 영양사",2,24.0,245.0,,,"전문가 및 관련
종사자",보건 전문가 및 관련직,영양사,,,KSCO,8,2025-01-01,,active,2026-03-10 00:55:07,JF_EDU_02,hierarchy_only,,,,,,,,,,2026-03-16
2450,영양사,영양사,영양사,detail,4,세분류,245.0,0,True,144,2/24/245/2450,"전문가 및 관련
종사자 / 보건 전문가 및 관련직 / 영양사 / 영양사",2,24.0,245.0,2450.0,,"전문가 및 관련
종사자",보건 전문가 및 관련직,영양사,영양사,,KSCO,8,2025-01-01,,active,2026-03-10 00:55:07,JF_EDU_02,active,auto_mapped,,,,,,,,,2026-03-16
246,치료‧재활사 및 의료기사,치료‧재활사 및 의료기사,치료재활사및의료기사,small,3,소분류,24.0,9,False,145,2/24/246,"전문가 및 관련
종사자 / 보건 전문가 및 관련직 / 치료‧재활사 및 의료기사",2,24.0,246.0,,,"전문가 및 관련
종사자",보건 전문가 및 관련직,치료‧재활사 및 의료기사,,,KSCO,8,2025-01-01,,active,2026-03-10 00:55:07,JF_EDU_02,hierarchy_only,,,,,,,,,,2026-03-16
2461,임상병리사,임상병리사,임상병리사,detail,4,세분류,246.0,0,True,146,2/24/246/2461,"전문가 및 관련
종사자 / 보건 전문가 및 관련직 / 치료‧재활사 및 의료기사 / 임상병리사",2,24.0,246.0,2461.0,,"전문가 및 관련
종사자",보건 전문가 및 관련직,치료‧재활사 및 의료기사,임상병리사,,KSCO,8,2025-01-01,,active,2026-03-10 00:55:07,JF_PRO_10,active,auto_mapped,,,,,,,,,2026-03-23
2462,방사선사,방사선사,방사선사,detail,4,세분류,246.0,0,True,147,2/24/246/2462,"전문가 및 관련
종사자 / 보건 전문가 및 관련직 / 치료‧재활사 및 의료기사 / 방사선사",2,24.0,246.0,2462.0,,"전문가 및 관련
종사자",보건 전문가 및 관련직,치료‧재활사 및 의료기사,방사선사,,KSCO,8,2025-01-01,,active,2026-03-10 00:55:07,JF_PRO_10,active,auto_mapped,,,,,,,,,2026-03-23
2463,치과기공사,치과기공사,치과기공사,detail,4,세분류,246.0,0,True,148,2/24/246/2463,"전문가 및 관련
종사자 / 보건 전문가 및 관련직 / 치료‧재활사 및 의료기사 / 치과기공사",2,24.0,246.0,2463.0,,"전문가 및 관련
종사자",보건 전문가 및 관련직,치료‧재활사 및 의료기사,치과기공사,,KSCO,8,2025-01-01,,active,2026-03-10 00:55:07,JF_PRO_10,active,auto_mapped,,,,,,,,,2026-03-23
2464,치과위생사,치과위생사,치과위생사,detail,4,세분류,246.0,0,True,149,2/24/246/2464,"전문가 및 관련
종사자 / 보건 전문가 및 관련직 / 치료‧재활사 및 의료기사 / 치과위생사",2,24.0,246.0,2464.0,,"전문가 및 관련
종사자",보건 전문가 및 관련직,치료‧재활사 및 의료기사,치과위생사,,KSCO,8,2025-01-01,,active,2026-03-10 00:55:07,JF_PRO_10,active,auto_mapped,,,,,,,,,2026-03-23
2465,재활공학 기사,재활공학 기사,재활공학기사,detail,4,세분류,246.0,0,True,150,2/24/246/2465,"전문가 및 관련
종사자 / 보건 전문가 및 관련직 / 치료‧재활사 및 의료기사 / 재활공학 기사",2,24.0,246.0,2465.0,,"전문가 및 관련
종사자",보건 전문가 및 관련직,치료‧재활사 및 의료기사,재활공학 기사,,KSCO,8,2025-01-01,,active,2026-03-10 00:55:07,JF_EDU_02,active,auto_mapped,,,,,,,,,2026-03-16
2466,물리 및 작업 치료사,물리 및 작업 치료사,물리및작업치료사,detail,4,세분류,246.0,0,True,151,2/24/246/2466,"전문가 및 관련
종사자 / 보건 전문가 및 관련직 / 치료‧재활사 및 의료기사 / 물리 및 작업 치료사",2,24.0,246.0,2466.0,,"전문가 및 관련
종사자",보건 전문가 및 관련직,치료‧재활사 및 의료기사,물리 및 작업 치료사,,KSCO,8,2025-01-01,,active,2026-03-10 00:55:07,JF_EDU_02,active,auto_mapped,,,,,,,,,2026-03-16
2467,임상심리사,임상심리사,임상심리사,detail,4,세분류,246.0,0,True,152,2/24/246/2467,"전문가 및 관련
종사자 / 보건 전문가 및 관련직 / 치료‧재활사 및 의료기사 / 임상심리사",2,24.0,246.0,2467.0,,"전문가 및 관련
종사자",보건 전문가 및 관련직,치료‧재활사 및 의료기사,임상심리사,,KSCO,8,2025-01-01,,active,2026-03-10 00:55:07,JF_SOC_02,active,auto_mapped,,,,,,,,,2026-03-23
2468,언어 및 청각능력 재활사,언어 및 청각능력 재활사,언어및청각능력재활사,detail,4,세분류,246.0,0,True,153,2/24/246/2468,"전문가 및 관련
종사자 / 보건 전문가 및 관련직 / 치료‧재활사 및 의료기사 / 언어 및 청각능력 재활사",2,24.0,246.0,2468.0,,"전문가 및 관련
종사자",보건 전문가 및 관련직,치료‧재활사 및 의료기사,언어 및 청각능력 재활사,,KSCO,8,2025-01-01,,active,2026-03-10 00:55:07,JF_EDU_02,active,auto_mapped,,,,,,,,,2026-03-16
2469,기타 치료·재활사 및 의료기사,기타 치료·재활사 및 의료기사,기타치료재활사및의료기사,detail,4,세분류,246.0,0,True,154,2/24/246/2469,"전문가 및 관련
종사자 / 보건 전문가 및 관련직 / 치료‧재활사 및 의료기사 / 기타 치료·재활사 및 의료기사",2,24.0,246.0,2469.0,,"전문가 및 관련
종사자",보건 전문가 및 관련직,치료‧재활사 및 의료기사,기타 치료·재활사 및 의료기사,,KSCO,8,2025-01-01,,active,2026-03-10 00:55:07,JF_PRO_10,active,auto_mapped,,,,,,,,,2026-03-23
249,기타 보건 전문가 및 관련 종사자,기타 보건 전문가 및 관련 종사자,기타보건전문가및관련종사자,small,3,소분류,24.0,7,False,155,2/24/249,"전문가 및 관련
종사자 / 보건 전문가 및 관련직 / 기타 보건 전문가 및 관련 종사자",2,24.0,249.0,,,"전문가 및 관련
종사자",보건 전문가 및 관련직,기타 보건 전문가 및 관련 종사자,,,KSCO,8,2025-01-01,,active,2026-03-10 00:55:07,JF_EDU_02,hierarchy_only,,,,,,,,,,2026-03-16
2491,응급 구조사,응급 구조사,응급구조사,detail,4,세분류,249.0,0,True,156,2/24/249/2491,"전문가 및 관련
종사자 / 보건 전문가 및 관련직 / 기타 보건 전문가 및 관련 종사자 / 응급 구조사",2,24.0,249.0,2491.0,,"전문가 및 관련
종사자",보건 전문가 및 관련직,기타 보건 전문가 및 관련 종사자,응급 구조사,,KSCO,8,2025-01-01,,active,2026-03-10 00:55:07,JF_EDU_02,active,auto_mapped,,,,,,,,,2026-03-16
2492,위생사,위생사,위생사,detail,4,세분류,249.0,0,True,157,2/24/249/2492,"전문가 및 관련
종사자 / 보건 전문가 및 관련직 / 기타 보건 전문가 및 관련 종사자 / 위생사",2,24.0,249.0,2492.0,,"전문가 및 관련
종사자",보건 전문가 및 관련직,기타 보건 전문가 및 관련 종사자,위생사,,KSCO,8,2025-01-01,,active,2026-03-10 00:55:07,JF_EDU_02,active,auto_mapped,,,,,,,,,2026-03-16
2493,안경사,안경사,안경사,detail,4,세분류,249.0,0,True,158,2/24/249/2493,"전문가 및 관련
종사자 / 보건 전문가 및 관련직 / 기타 보건 전문가 및 관련 종사자 / 안경사",2,24.0,249.0,2493.0,,"전문가 및 관련
종사자",보건 전문가 및 관련직,기타 보건 전문가 및 관련 종사자,안경사,,KSCO,8,2025-01-01,,active,2026-03-10 00:55:07,JF_EDU_02,active,auto_mapped,,,,,,,,,2026-03-16
2494,보건의료정보 관리사,보건의료정보 관리사,보건의료정보관리사,detail,4,세분류,249.0,0,True,159,2/24/249/2494,"전문가 및 관련
종사자 / 보건 전문가 및 관련직 / 기타 보건 전문가 및 관련 종사자 / 보건의료정보 관리사",2,24.0,249.0,2494.0,,"전문가 및 관련
종사자",보건 전문가 및 관련직,기타 보건 전문가 및 관련 종사자,보건의료정보 관리사,,KSCO,8,2025-01-01,,active,2026-03-10 00:55:07,JF_MED_H04,active,auto_mapped,,,,,,,,,2026-03-23
2495,간호조무사,간호조무사,간호조무사,detail,4,세분류,249.0,0,True,160,2/24/249/2495,"전문가 및 관련
종사자 / 보건 전문가 및 관련직 / 기타 보건 전문가 및 관련 종사자 / 간호조무사",2,24.0,249.0,2495.0,,"전문가 및 관련
종사자",보건 전문가 및 관련직,기타 보건 전문가 및 관련 종사자,간호조무사,,KSCO,8,2025-01-01,,active,2026-03-10 00:55:07,JF_MED_H02,active,auto_mapped,,,,,,,,,2026-03-23
2496,안마사,안마사,안마사,detail,4,세분류,249.0,0,True,161,2/24/249/2496,"전문가 및 관련
종사자 / 보건 전문가 및 관련직 / 기타 보건 전문가 및 관련 종사자 / 안마사",2,24.0,249.0,2496.0,,"전문가 및 관련
종사자",보건 전문가 및 관련직,기타 보건 전문가 및 관련 종사자,안마사,,KSCO,8,2025-01-01,,active,2026-03-10 00:55:07,JF_EDU_02,active,auto_mapped,,,,,,,,,2026-03-16
2497,환자안전 관리사,환자안전 관리사,환자안전관리사,detail,4,세분류,249.0,0,True,162,2/24/249/2497,"전문가 및 관련
종사자 / 보건 전문가 및 관련직 / 기타 보건 전문가 및 관련 종사자 / 환자안전 관리사",2,24.0,249.0,2497.0,,"전문가 및 관련
종사자",보건 전문가 및 관련직,기타 보건 전문가 및 관련 종사자,환자안전 관리사,,KSCO,8,2025-01-01,,active,2026-03-10 00:55:07,JF_EDU_02,active,auto_mapped,,,,,,,,,2026-03-16
25,사회복지·종교 전문가 및 관련직,사회복지·종교 전문가 및 관련직,사회복지종교전문가및관련직,middle,2,중분류,2.0,4,False,163,2/25,"전문가 및 관련
종사자 / 사회복지·종교 전문가 및 관련직",2,25.0,,,,"전문가 및 관련
종사자",사회복지·종교 전문가 및 관련직,,,,KSCO,8,2025-01-01,,active,2026-03-10 00:55:07,JF_EDU_03,hierarchy_only,,,,,,,,,,2026-03-16
251,보육교사,보육교사,보육교사,small,3,소분류,25.0,1,False,164,2/25/251,"전문가 및 관련
종사자 / 사회복지·종교 전문가 및 관련직 / 보육교사",2,25.0,251.0,,,"전문가 및 관련
종사자",사회복지·종교 전문가 및 관련직,보육교사,,,KSCO,8,2025-01-01,,active,2026-03-10 00:55:07,JF_EDU_03,hierarchy_only,,,,,,,,,,2026-03-16
2510,보육교사,보육교사,보육교사,detail,4,세분류,251.0,0,True,165,2/25/251/2510,"전문가 및 관련
종사자 / 사회복지·종교 전문가 및 관련직 / 보육교사 / 보육교사",2,25.0,251.0,2510.0,,"전문가 및 관련
종사자",사회복지·종교 전문가 및 관련직,보육교사,보육교사,,KSCO,8,2025-01-01,,active,2026-03-10 00:55:07,JF_EDU_03,active,auto_mapped,,,,,,,,,2026-03-16
252,시민사회 활동가,시민사회 활동가,시민사회활동가,small,3,소분류,25.0,1,False,166,2/25/252,"전문가 및 관련
종사자 / 사회복지·종교 전문가 및 관련직 / 시민사회 활동가",2,25.0,252.0,,,"전문가 및 관련
종사자",사회복지·종교 전문가 및 관련직,시민사회 활동가,,,KSCO,8,2025-01-01,,active,2026-03-10 00:55:07,JF_EDU_03,hierarchy_only,,,,,,,,,,2026-03-16
2520,시민사회 활동가,시민사회 활동가,시민사회활동가,detail,4,세분류,252.0,0,True,167,2/25/252/2520,"전문가 및 관련
종사자 / 사회복지·종교 전문가 및 관련직 / 시민사회 활동가 / 시민사회 활동가",2,25.0,252.0,2520.0,,"전문가 및 관련
종사자",사회복지·종교 전문가 및 관련직,시민사회 활동가,시민사회 활동가,,KSCO,8,2025-01-01,,active,2026-03-10 00:55:07,JF_EDU_03,active,auto_mapped,,,,,,,,,2026-03-16
253,사회복지 전문가 및 관련 종사자,사회복지 전문가 및 관련 종사자,사회복지전문가및관련종사자,small,3,소분류,25.0,5,False,168,2/25/253,"전문가 및 관련
종사자 / 사회복지·종교 전문가 및 관련직 / 사회복지 전문가 및 관련 종사자",2,25.0,253.0,,,"전문가 및 관련
종사자",사회복지·종교 전문가 및 관련직,사회복지 전문가 및 관련 종사자,,,KSCO,8,2025-01-01,,active,2026-03-10 00:55:07,JF_EDU_03,hierarchy_only,,,,,,,,,,2026-03-16
2531,사회복지사,사회복지사,사회복지사,detail,4,세분류,253.0,0,True,169,2/25/253/2531,"전문가 및 관련
종사자 / 사회복지·종교 전문가 및 관련직 / 사회복지 전문가 및 관련 종사자 / 사회복지사",2,25.0,253.0,2531.0,,"전문가 및 관련
종사자",사회복지·종교 전문가 및 관련직,사회복지 전문가 및 관련 종사자,사회복지사,,KSCO,8,2025-01-01,,active,2026-03-10 00:55:07,JF_EDU_03,active,auto_mapped,,,,,,,,,2026-03-16
2532,직업 관련 상담사,직업 관련 상담사,직업관련상담사,detail,4,세분류,253.0,0,True,170,2/25/253/2532,"전문가 및 관련
종사자 / 사회복지·종교 전문가 및 관련직 / 사회복지 전문가 및 관련 종사자 / 직업 관련 상담사",2,25.0,253.0,2532.0,,"전문가 및 관련
종사자",사회복지·종교 전문가 및 관련직,사회복지 전문가 및 관련 종사자,직업 관련 상담사,,KSCO,8,2025-01-01,,active,2026-03-10 00:55:07,JF_EDU_03,active,auto_mapped,,,,,,,,,2026-03-16
2533,상담 전문가,상담 전문가,상담전문가,detail,4,세분류,253.0,0,True,171,2/25/253/2533,"전문가 및 관련
종사자 / 사회복지·종교 전문가 및 관련직 / 사회복지 전문가 및 관련 종사자 / 상담 전문가",2,25.0,253.0,2533.0,,"전문가 및 관련
종사자",사회복지·종교 전문가 및 관련직,사회복지 전문가 및 관련 종사자,상담 전문가,,KSCO,8,2025-01-01,,active,2026-03-10 00:55:07,JF_EDU_03,active,auto_mapped,,,,,,,,,2026-03-16
2534,청소년 지도사,청소년 지도사,청소년지도사,detail,4,세분류,253.0,0,True,172,2/25/253/2534,"전문가 및 관련
종사자 / 사회복지·종교 전문가 및 관련직 / 사회복지 전문가 및 관련 종사자 / 청소년 지도사",2,25.0,253.0,2534.0,,"전문가 및 관련
종사자",사회복지·종교 전문가 및 관련직,사회복지 전문가 및 관련 종사자,청소년 지도사,,KSCO,8,2025-01-01,,active,2026-03-10 00:55:07,JF_EDU_03,active,auto_mapped,,,,,,,,,2026-03-16
2539,기타 사회복지 전문가 및 관련 종사원,기타 사회복지 전문가 및 관련 종사원,기타사회복지전문가및관련종사원,detail,4,세분류,253.0,0,True,173,2/25/253/2539,"전문가 및 관련
종사자 / 사회복지·종교 전문가 및 관련직 / 사회복지 전문가 및 관련 종사자 / 기타 사회복지 전문가 및 관련 종사원",2,25.0,253.0,2539.0,,"전문가 및 관련
종사자",사회복지·종교 전문가 및 관련직,사회복지 전문가 및 관련 종사자,기타 사회복지 전문가 및 관련 종사원,,KSCO,8,2025-01-01,,active,2026-03-10 00:55:07,JF_EDU_03,active,auto_mapped,,,,,,,,,2026-03-16
254,종교 관련 종사자,종교 관련 종사자,종교관련종사자,small,3,소분류,25.0,2,False,174,2/25/254,"전문가 및 관련
종사자 / 사회복지·종교 전문가 및 관련직 / 종교 관련 종사자",2,25.0,254.0,,,"전문가 및 관련
종사자",사회복지·종교 전문가 및 관련직,종교 관련 종사자,,,KSCO,8,2025-01-01,,active,2026-03-10 00:55:07,JF_EDU_03,hierarchy_only,,,,,,,,,,2026-03-16
2541,성직자,성직자,성직자,detail,4,세분류,254.0,0,True,175,2/25/254/2541,"전문가 및 관련
종사자 / 사회복지·종교 전문가 및 관련직 / 종교 관련 종사자 / 성직자",2,25.0,254.0,2541.0,,"전문가 및 관련
종사자",사회복지·종교 전문가 및 관련직,종교 관련 종사자,성직자,,KSCO,8,2025-01-01,,active,2026-03-10 00:55:07,JF_EDU_03,active,auto_mapped,,,,,,,,,2026-03-16
2549,기타 종교 관련 종사원,기타 종교 관련 종사원,기타종교관련종사원,detail,4,세분류,254.0,0,True,176,2/25/254/2549,"전문가 및 관련
종사자 / 사회복지·종교 전문가 및 관련직 / 종교 관련 종사자 / 기타 종교 관련 종사원",2,25.0,254.0,2549.0,,"전문가 및 관련
종사자",사회복지·종교 전문가 및 관련직,종교 관련 종사자,기타 종교 관련 종사원,,KSCO,8,2025-01-01,,active,2026-03-10 00:55:07,JF_EDU_03,active,auto_mapped,,,,,,,,,2026-03-16
26,교육 전문가 및 관련직,교육 전문가 및 관련직,교육전문가및관련직,middle,2,중분류,2.0,5,False,177,2/26,"전문가 및 관련
종사자 / 교육 전문가 및 관련직",2,26.0,,,,"전문가 및 관련
종사자",교육 전문가 및 관련직,,,,KSCO,8,2025-01-01,,active,2026-03-10 00:55:07,JF_EDU_01,hierarchy_only,,,,,,,,,,2026-03-16
261,대학교수 및 강사,대학교수 및 강사,대학교수및강사,small,3,소분류,26.0,2,False,178,2/26/261,"전문가 및 관련
종사자 / 교육 전문가 및 관련직 / 대학교수 및 강사",2,26.0,261.0,,,"전문가 및 관련
종사자",교육 전문가 및 관련직,대학교수 및 강사,,,KSCO,8,2025-01-01,,active,2026-03-10 00:55:07,JF_SVC_01,hierarchy_only,,,,,,,,,,2026-03-16
2611,대학교수,대학교수,대학교수,detail,4,세분류,261.0,0,True,179,2/26/261/2611,"전문가 및 관련
종사자 / 교육 전문가 및 관련직 / 대학교수 및 강사 / 대학교수",2,26.0,261.0,2611.0,,"전문가 및 관련
종사자",교육 전문가 및 관련직,대학교수 및 강사,대학교수,,KSCO,8,2025-01-01,,active,2026-03-10 00:55:07,JF_SVC_01,active,auto_mapped,,,,,,,,,2026-03-16
2612,대학 강사,대학 강사,대학강사,detail,4,세분류,261.0,0,True,180,2/26/261/2612,"전문가 및 관련
종사자 / 교육 전문가 및 관련직 / 대학교수 및 강사 / 대학 강사",2,26.0,261.0,2612.0,,"전문가 및 관련
종사자",교육 전문가 및 관련직,대학교수 및 강사,대학 강사,,KSCO,8,2025-01-01,,active,2026-03-10 00:55:07,JF_SVC_01,active,auto_mapped,,,,,,,,,2026-03-16
262,학교 교사,학교 교사,학교교사,small,3,소분류,26.0,3,False,181,2/26/262,"전문가 및 관련
종사자 / 교육 전문가 및 관련직 / 학교 교사",2,26.0,262.0,,,"전문가 및 관련
종사자",교육 전문가 및 관련직,학교 교사,,,KSCO,8,2025-01-01,,active,2026-03-10 00:55:07,JF_EDU_01,hierarchy_only,,,,,,,,,,2026-03-16
2621,중‧고등학교 교사,중‧고등학교 교사,중고등학교교사,detail,4,세분류,262.0,0,True,182,2/26/262/2621,"전문가 및 관련
종사자 / 교육 전문가 및 관련직 / 학교 교사 / 중‧고등학교 교사",2,26.0,262.0,2621.0,,"전문가 및 관련
종사자",교육 전문가 및 관련직,학교 교사,중‧고등학교 교사,,KSCO,8,2025-01-01,,active,2026-03-10 00:55:07,JF_EDU_01,active,auto_mapped,,,,,,,,,2026-03-16
2622,초등학교 교사,초등학교 교사,초등학교교사,detail,4,세분류,262.0,0,True,183,2/26/262/2622,"전문가 및 관련
종사자 / 교육 전문가 및 관련직 / 학교 교사 / 초등학교 교사",2,26.0,262.0,2622.0,,"전문가 및 관련
종사자",교육 전문가 및 관련직,학교 교사,초등학교 교사,,KSCO,8,2025-01-01,,active,2026-03-10 00:55:07,JF_EDU_01,active,auto_mapped,,,,,,,,,2026-03-16
2623,특수교육 교사,특수교육 교사,특수교육교사,detail,4,세분류,262.0,0,True,184,2/26/262/2623,"전문가 및 관련
종사자 / 교육 전문가 및 관련직 / 학교 교사 / 특수교육 교사",2,26.0,262.0,2623.0,,"전문가 및 관련
종사자",교육 전문가 및 관련직,학교 교사,특수교육 교사,,KSCO,8,2025-01-01,,active,2026-03-10 00:55:07,JF_EDU_01,active,auto_mapped,,,,,,,,,2026-03-16
263,유치원 교사,유치원 교사,유치원교사,small,3,소분류,26.0,1,False,185,2/26/263,"전문가 및 관련
종사자 / 교육 전문가 및 관련직 / 유치원 교사",2,26.0,263.0,,,"전문가 및 관련
종사자",교육 전문가 및 관련직,유치원 교사,,,KSCO,8,2025-01-01,,active,2026-03-10 00:55:07,JF_EDU_01,hierarchy_only,,,,,,,,,,2026-03-16
2630,유치원 교사,유치원 교사,유치원교사,detail,4,세분류,263.0,0,True,186,2/26/263/2630,"전문가 및 관련
종사자 / 교육 전문가 및 관련직 / 유치원 교사 / 유치원 교사",2,26.0,263.0,2630.0,,"전문가 및 관련
종사자",교육 전문가 및 관련직,유치원 교사,유치원 교사,,KSCO,8,2025-01-01,,active,2026-03-10 00:55:07,JF_EDU_01,active,auto_mapped,,,,,,,,,2026-03-16
264,문리‧기술 및 예능 강사,문리‧기술 및 예능 강사,문리기술및예능강사,small,3,소분류,26.0,9,False,187,2/26/264,"전문가 및 관련
종사자 / 교육 전문가 및 관련직 / 문리‧기술 및 예능 강사",2,26.0,264.0,,,"전문가 및 관련
종사자",교육 전문가 및 관련직,문리‧기술 및 예능 강사,,,KSCO,8,2025-01-01,,active,2026-03-10 00:55:07,JF_SVC_01,hierarchy_only,,,,,,,,,,2026-03-16
2641,외국어 강사,외국어 강사,외국어강사,detail,4,세분류,264.0,0,True,188,2/26/264/2641,"전문가 및 관련
종사자 / 교육 전문가 및 관련직 / 문리‧기술 및 예능 강사 / 외국어 강사",2,26.0,264.0,2641.0,,"전문가 및 관련
종사자",교육 전문가 및 관련직,문리‧기술 및 예능 강사,외국어 강사,,KSCO,8,2025-01-01,,active,2026-03-10 00:55:07,JF_SVC_01,active,auto_mapped,,,,,,,,,2026-03-16
2642,문리강사,문리강사,문리강사,detail,4,세분류,264.0,0,True,189,2/26/264/2642,"전문가 및 관련
종사자 / 교육 전문가 및 관련직 / 문리‧기술 및 예능 강사 / 문리강사",2,26.0,264.0,2642.0,,"전문가 및 관련
종사자",교육 전문가 및 관련직,문리‧기술 및 예능 강사,문리강사,,KSCO,8,2025-01-01,,active,2026-03-10 00:55:07,JF_SVC_01,active,auto_mapped,,,,,,,,,2026-03-16
2643,정보통신기술 강사,정보통신기술 강사,정보통신기술강사,detail,4,세분류,264.0,0,True,190,2/26/264/2643,"전문가 및 관련
종사자 / 교육 전문가 및 관련직 / 문리‧기술 및 예능 강사 / 정보통신기술 강사",2,26.0,264.0,2643.0,,"전문가 및 관련
종사자",교육 전문가 및 관련직,문리‧기술 및 예능 강사,정보통신기술 강사,,KSCO,8,2025-01-01,,active,2026-03-10 00:55:07,JF_SVC_01,active,auto_mapped,,,,,,,,,2026-03-16
2644,간호조무 및 요양보호 강사,간호조무 및 요양보호 강사,간호조무및요양보호강사,detail,4,세분류,264.0,0,True,191,2/26/264/2644,"전문가 및 관련
종사자 / 교육 전문가 및 관련직 / 문리‧기술 및 예능 강사 / 간호조무 및 요양보호 강사",2,26.0,264.0,2644.0,,"전문가 및 관련
종사자",교육 전문가 및 관련직,문리‧기술 및 예능 강사,간호조무 및 요양보호 강사,,KSCO,8,2025-01-01,,active,2026-03-10 00:55:07,JF_MED_H02,active,auto_mapped,,,,,,,,,2026-03-23
2645,자동차 운전 강사,자동차 운전 강사,자동차운전강사,detail,4,세분류,264.0,0,True,192,2/26/264/2645,"전문가 및 관련
종사자 / 교육 전문가 및 관련직 / 문리‧기술 및 예능 강사 / 자동차 운전 강사",2,26.0,264.0,2645.0,,"전문가 및 관련
종사자",교육 전문가 및 관련직,문리‧기술 및 예능 강사,자동차 운전 강사,,KSCO,8,2025-01-01,,active,2026-03-10 00:55:07,JF_SVC_01,active,auto_mapped,,,,,,,,,2026-03-16
2646,기술 및 기능계 강사,기술 및 기능계 강사,기술및기능계강사,detail,4,세분류,264.0,0,True,193,2/26/264/2646,"전문가 및 관련
종사자 / 교육 전문가 및 관련직 / 문리‧기술 및 예능 강사 / 기술 및 기능계 강사",2,26.0,264.0,2646.0,,"전문가 및 관련
종사자",교육 전문가 및 관련직,문리‧기술 및 예능 강사,기술 및 기능계 강사,,KSCO,8,2025-01-01,,active,2026-03-10 00:55:07,JF_SVC_01,active,auto_mapped,,,,,,,,,2026-03-16
2647,예능 강사,예능 강사,예능강사,detail,4,세분류,264.0,0,True,194,2/26/264/2647,"전문가 및 관련
종사자 / 교육 전문가 및 관련직 / 문리‧기술 및 예능 강사 / 예능 강사",2,26.0,264.0,2647.0,,"전문가 및 관련
종사자",교육 전문가 및 관련직,문리‧기술 및 예능 강사,예능 강사,,KSCO,8,2025-01-01,,active,2026-03-10 00:55:07,JF_SVC_01,active,auto_mapped,,,,,,,,,2026-03-16
2648,학습‧교구 관련 방문강사,학습‧교구 관련 방문강사,학습교구관련방문강사,detail,4,세분류,264.0,0,True,195,2/26/264/2648,"전문가 및 관련
종사자 / 교육 전문가 및 관련직 / 문리‧기술 및 예능 강사 / 학습‧교구 관련 방문강사",2,26.0,264.0,2648.0,,"전문가 및 관련
종사자",교육 전문가 및 관련직,문리‧기술 및 예능 강사,학습‧교구 관련 방문강사,,KSCO,8,2025-01-01,,active,2026-03-10 00:55:07,JF_SVC_01,active,auto_mapped,,,,,,,,,2026-03-16
2649,기타 문리‧기술 및 예능 강사,기타 문리‧기술 및 예능 강사,기타문리기술및예능강사,detail,4,세분류,264.0,0,True,196,2/26/264/2649,"전문가 및 관련
종사자 / 교육 전문가 및 관련직 / 문리‧기술 및 예능 강사 / 기타 문리‧기술 및 예능 강사",2,26.0,264.0,2649.0,,"전문가 및 관련
종사자",교육 전문가 및 관련직,문리‧기술 및 예능 강사,기타 문리‧기술 및 예능 강사,,KSCO,8,2025-01-01,,active,2026-03-10 00:55:07,JF_SVC_01,active,auto_mapped,,,,,,,,,2026-03-16
269,기타 교육 전문가,기타 교육 전문가,기타교육전문가,small,3,소분류,26.0,3,False,197,2/26/269,"전문가 및 관련
종사자 / 교육 전문가 및 관련직 / 기타 교육 전문가",2,26.0,269.0,,,"전문가 및 관련
종사자",교육 전문가 및 관련직,기타 교육 전문가,,,KSCO,8,2025-01-01,,active,2026-03-10 00:55:07,JF_EDU_01,hierarchy_only,,,,,,,,,,2026-03-16
2691,장학관‧연구관 및 교육 관련 전문가,장학관‧연구관 및 교육 관련 전문가,장학관연구관및교육관련전문가,detail,4,세분류,269.0,0,True,198,2/26/269/2691,"전문가 및 관련
종사자 / 교육 전문가 및 관련직 / 기타 교육 전문가 / 장학관‧연구관 및 교육 관련 전문가",2,26.0,269.0,2691.0,,"전문가 및 관련
종사자",교육 전문가 및 관련직,기타 교육 전문가,장학관‧연구관 및 교육 관련 전문가,,KSCO,8,2025-01-01,,active,2026-03-10 00:55:07,JF_EDU_01,active,auto_mapped,,,,,,,,,2026-03-16
2692,대학 교육 조교,대학 교육 조교,대학교육조교,detail,4,세분류,269.0,0,True,199,2/26/269/2692,"전문가 및 관련
종사자 / 교육 전문가 및 관련직 / 기타 교육 전문가 / 대학 교육 조교",2,26.0,269.0,2692.0,,"전문가 및 관련
종사자",교육 전문가 및 관련직,기타 교육 전문가,대학 교육 조교,,KSCO,8,2025-01-01,,active,2026-03-10 00:55:07,JF_EDU_01,active,auto_mapped,,,,,,,,,2026-03-16
2699,기타 교사,기타 교사,기타교사,detail,4,세분류,269.0,0,True,200,2/26/269/2699,"전문가 및 관련
종사자 / 교육 전문가 및 관련직 / 기타 교육 전문가 / 기타 교사",2,26.0,269.0,2699.0,,"전문가 및 관련
종사자",교육 전문가 및 관련직,기타 교육 전문가,기타 교사,,KSCO,8,2025-01-01,,active,2026-03-10 00:55:07,JF_EDU_01,active,auto_mapped,,,,,,,,,2026-03-16
27,법률 및 행정 전문직,법률 및 행정 전문직,법률및행정전문직,middle,2,중분류,2.0,2,False,201,2/27,"전문가 및 관련
종사자 / 법률 및 행정 전문직",2,27.0,,,,"전문가 및 관련
종사자",법률 및 행정 전문직,,,,KSCO,8,2025-01-01,,active,2026-03-10 00:55:07,JF_FIN_04,hierarchy_only,,,,,,,,,,2026-03-16
271,법률 전문가,법률 전문가,법률전문가,small,3,소분류,27.0,5,False,202,2/27/271,"전문가 및 관련
종사자 / 법률 및 행정 전문직 / 법률 전문가",2,27.0,271.0,,,"전문가 및 관련
종사자",법률 및 행정 전문직,법률 전문가,,,KSCO,8,2025-01-01,,active,2026-03-10 00:55:07,JF_FIN_04,hierarchy_only,,,,,,,,,,2026-03-16
2711,판사 및 검사,판사 및 검사,판사및검사,detail,4,세분류,271.0,0,True,203,2/27/271/2711,"전문가 및 관련
종사자 / 법률 및 행정 전문직 / 법률 전문가 / 판사 및 검사",2,27.0,271.0,2711.0,,"전문가 및 관련
종사자",법률 및 행정 전문직,법률 전문가,판사 및 검사,,KSCO,8,2025-01-01,,active,2026-03-10 00:55:07,JF_FIN_04,active,auto_mapped,,,,,,,,,2026-03-16
2712,변호사,변호사,변호사,detail,4,세분류,271.0,0,True,204,2/27/271/2712,"전문가 및 관련
종사자 / 법률 및 행정 전문직 / 법률 전문가 / 변호사",2,27.0,271.0,2712.0,,"전문가 및 관련
종사자",법률 및 행정 전문직,법률 전문가,변호사,,KSCO,8,2025-01-01,,active,2026-03-10 00:55:07,JF_FIN_04,active,auto_mapped,,,,,,,,,2026-03-23
2713,법무사 및 집행관,법무사 및 집행관,법무사및집행관,detail,4,세분류,271.0,0,True,205,2/27/271/2713,"전문가 및 관련
종사자 / 법률 및 행정 전문직 / 법률 전문가 / 법무사 및 집행관",2,27.0,271.0,2713.0,,"전문가 및 관련
종사자",법률 및 행정 전문직,법률 전문가,법무사 및 집행관,,KSCO,8,2025-01-01,,active,2026-03-10 00:55:07,JF_FIN_04,active,auto_mapped,,,,,,,,,2026-03-23
2714,변리사,변리사,변리사,detail,4,세분류,271.0,0,True,206,2/27/271/2714,"전문가 및 관련
종사자 / 법률 및 행정 전문직 / 법률 전문가 / 변리사",2,27.0,271.0,2714.0,,"전문가 및 관련
종사자",법률 및 행정 전문직,법률 전문가,변리사,,KSCO,8,2025-01-01,,active,2026-03-10 00:55:07,JF_FIN_04,active,auto_mapped,,,,,,,,,2026-03-23
2719,기타 법률 전문가,기타 법률 전문가,기타법률전문가,detail,4,세분류,271.0,0,True,207,2/27/271/2719,"전문가 및 관련
종사자 / 법률 및 행정 전문직 / 법률 전문가 / 기타 법률 전문가",2,27.0,271.0,2719.0,,"전문가 및 관련
종사자",법률 및 행정 전문직,법률 전문가,기타 법률 전문가,,KSCO,8,2025-01-01,,active,2026-03-10 00:55:07,JF_FIN_04,active,auto_mapped,,,,,,,,,2026-03-16
272,정부 행정 전문가 및 관련 종사자,정부 행정 전문가 및 관련 종사자,정부행정전문가및관련종사자,small,3,소분류,27.0,2,False,208,2/27/272,"전문가 및 관련
종사자 / 법률 및 행정 전문직 / 정부 행정 전문가 및 관련 종사자",2,27.0,272.0,,,"전문가 및 관련
종사자",법률 및 행정 전문직,정부 행정 전문가 및 관련 종사자,,,KSCO,8,2025-01-01,,active,2026-03-10 00:55:07,JF_FIN_04,hierarchy_only,,,,,,,,,,2026-03-16
2721,정부 행정 전문가,정부 행정 전문가,정부행정전문가,detail,4,세분류,272.0,0,True,209,2/27/272/2721,"전문가 및 관련
종사자 / 법률 및 행정 전문직 / 정부 행정 전문가 및 관련 종사자 / 정부 행정 전문가",2,27.0,272.0,2721.0,,"전문가 및 관련
종사자",법률 및 행정 전문직,정부 행정 전문가 및 관련 종사자,정부 행정 전문가,,KSCO,8,2025-01-01,,active,2026-03-10 00:55:07,JF_FIN_04,active,auto_mapped,,,,,,,,,2026-03-16
2722,행정사,행정사,행정사,detail,4,세분류,272.0,0,True,210,2/27/272/2722,"전문가 및 관련
종사자 / 법률 및 행정 전문직 / 정부 행정 전문가 및 관련 종사자 / 행정사",2,27.0,272.0,2722.0,,"전문가 및 관련
종사자",법률 및 행정 전문직,정부 행정 전문가 및 관련 종사자,행정사,,KSCO,8,2025-01-01,,active,2026-03-10 00:55:07,JF_FIN_04,active,auto_mapped,,,,,,,,,2026-03-16
28,경영‧금융 전문가 및 관련직,경영‧금융 전문가 및 관련직,경영금융전문가및관련직,middle,2,중분류,2.0,4,False,211,2/28,"전문가 및 관련
종사자 / 경영‧금융 전문가 및 관련직",2,28.0,,,,"전문가 및 관련
종사자",경영‧금융 전문가 및 관련직,,,,KSCO,8,2025-01-01,,active,2026-03-10 00:55:07,JF_FIN_01,hierarchy_only,,,,,,,,,,2026-03-16
281,인사 및 경영 전문가,인사 및 경영 전문가,인사및경영전문가,small,3,소분류,28.0,5,False,212,2/28/281,"전문가 및 관련
종사자 / 경영‧금융 전문가 및 관련직 / 인사 및 경영 전문가",2,28.0,281.0,,,"전문가 및 관련
종사자",경영‧금융 전문가 및 관련직,인사 및 경영 전문가,,,KSCO,8,2025-01-01,,active,2026-03-10 00:55:07,JF_FIN_01,hierarchy_only,,,,,,,,,,2026-03-16
2811,인사 및 노사 관련 전문가,인사 및 노사 관련 전문가,인사및노사관련전문가,detail,4,세분류,281.0,0,True,213,2/28/281/2811,"전문가 및 관련
종사자 / 경영‧금융 전문가 및 관련직 / 인사 및 경영 전문가 / 인사 및 노사 관련 전문가",2,28.0,281.0,2811.0,,"전문가 및 관련
종사자",경영‧금융 전문가 및 관련직,인사 및 경영 전문가,인사 및 노사 관련 전문가,,KSCO,8,2025-01-01,,active,2026-03-10 00:55:07,JF_PRO_04,active,auto_mapped,,,,,,,,,2026-03-23
2812,회계사,회계사,회계사,detail,4,세분류,281.0,0,True,214,2/28/281/2812,"전문가 및 관련
종사자 / 경영‧금융 전문가 및 관련직 / 인사 및 경영 전문가 / 회계사",2,28.0,281.0,2812.0,,"전문가 및 관련
종사자",경영‧금융 전문가 및 관련직,인사 및 경영 전문가,회계사,,KSCO,8,2025-01-01,,active,2026-03-10 00:55:07,JF_FIN_01,active,auto_mapped,,,,,,,,,2026-03-16
2813,세무사,세무사,세무사,detail,4,세분류,281.0,0,True,215,2/28/281/2813,"전문가 및 관련
종사자 / 경영‧금융 전문가 및 관련직 / 인사 및 경영 전문가 / 세무사",2,28.0,281.0,2813.0,,"전문가 및 관련
종사자",경영‧금융 전문가 및 관련직,인사 및 경영 전문가,세무사,,KSCO,8,2025-01-01,,active,2026-03-10 00:55:07,JF_PRO_05,active,auto_mapped,,,,,,,,,2026-03-23
2814,관세사,관세사,관세사,detail,4,세분류,281.0,0,True,216,2/28/281/2814,"전문가 및 관련
종사자 / 경영‧금융 전문가 및 관련직 / 인사 및 경영 전문가 / 관세사",2,28.0,281.0,2814.0,,"전문가 및 관련
종사자",경영‧금융 전문가 및 관련직,인사 및 경영 전문가,관세사,,KSCO,8,2025-01-01,,active,2026-03-10 00:55:07,JF_PRO_05,active,auto_mapped,,,,,,,,,2026-03-23
2815,경영 및 진단 전문가,경영 및 진단 전문가,경영및진단전문가,detail,4,세분류,281.0,0,True,217,2/28/281/2815,"전문가 및 관련
종사자 / 경영‧금융 전문가 및 관련직 / 인사 및 경영 전문가 / 경영 및 진단 전문가",2,28.0,281.0,2815.0,,"전문가 및 관련
종사자",경영‧금융 전문가 및 관련직,인사 및 경영 전문가,경영 및 진단 전문가,,KSCO,8,2025-01-01,,active,2026-03-10 00:55:07,JF_STR_01,active,auto_mapped,,,,,,,,,2026-03-23
282,금융 및 보험 전문가,금융 및 보험 전문가,금융및보험전문가,small,3,소분류,28.0,6,False,218,2/28/282,"전문가 및 관련
종사자 / 경영‧금융 전문가 및 관련직 / 금융 및 보험 전문가",2,28.0,282.0,,,"전문가 및 관련
종사자",경영‧금융 전문가 및 관련직,금융 및 보험 전문가,,,KSCO,8,2025-01-01,,active,2026-03-10 00:55:07,JF_FIN_01,hierarchy_only,,,,,,,,,,2026-03-16
2821,투자 및 신용 분석가,투자 및 신용 분석가,투자및신용분석가,detail,4,세분류,282.0,0,True,219,2/28/282/2821,"전문가 및 관련
종사자 / 경영‧금융 전문가 및 관련직 / 금융 및 보험 전문가 / 투자 및 신용 분석가",2,28.0,282.0,2821.0,,"전문가 및 관련
종사자",경영‧금융 전문가 및 관련직,금융 및 보험 전문가,투자 및 신용 분석가,,KSCO,8,2025-01-01,,active,2026-03-10 00:55:07,JF_FIN_01,active,auto_mapped,,,,,,,,,2026-03-16
2822,자산 운용가,자산 운용가,자산운용가,detail,4,세분류,282.0,0,True,220,2/28/282/2822,"전문가 및 관련
종사자 / 경영‧금융 전문가 및 관련직 / 금융 및 보험 전문가 / 자산 운용가",2,28.0,282.0,2822.0,,"전문가 및 관련
종사자",경영‧금융 전문가 및 관련직,금융 및 보험 전문가,자산 운용가,,KSCO,8,2025-01-01,,active,2026-03-10 00:55:07,JF_FIN_01,active,auto_mapped,,,,,,,,,2026-03-16
2823,보험 및 금융 상품 개발자,보험 및 금융 상품 개발자,보험및금융상품개발자,detail,4,세분류,282.0,0,True,221,2/28/282/2823,"전문가 및 관련
종사자 / 경영‧금융 전문가 및 관련직 / 금융 및 보험 전문가 / 보험 및 금융 상품 개발자",2,28.0,282.0,2823.0,,"전문가 및 관련
종사자",경영‧금융 전문가 및 관련직,금융 및 보험 전문가,보험 및 금융 상품 개발자,,KSCO,8,2025-01-01,,active,2026-03-10 00:55:07,JF_BNK_05,active,auto_mapped,,,,,,,,,2026-03-23
2824,증권 및 외환 딜러,증권 및 외환 딜러,증권및외환딜러,detail,4,세분류,282.0,0,True,222,2/28/282/2824,"전문가 및 관련
종사자 / 경영‧금융 전문가 및 관련직 / 금융 및 보험 전문가 / 증권 및 외환 딜러",2,28.0,282.0,2824.0,,"전문가 및 관련
종사자",경영‧금융 전문가 및 관련직,금융 및 보험 전문가,증권 및 외환 딜러,,KSCO,8,2025-01-01,,active,2026-03-10 00:55:07,JF_FIN_01,active,auto_mapped,,,,,,,,,2026-03-16
2825,손해 사정사,손해 사정사,손해사정사,detail,4,세분류,282.0,0,True,223,2/28/282/2825,"전문가 및 관련
종사자 / 경영‧금융 전문가 및 관련직 / 금융 및 보험 전문가 / 손해 사정사",2,28.0,282.0,2825.0,,"전문가 및 관련
종사자",경영‧금융 전문가 및 관련직,금융 및 보험 전문가,손해 사정사,,KSCO,8,2025-01-01,,active,2026-03-10 00:55:07,JF_FIN_01,active,auto_mapped,,,,,,,,,2026-03-16
2829,기타 금융 및 보험 관련 전문가,기타 금융 및 보험 관련 전문가,기타금융및보험관련전문가,detail,4,세분류,282.0,0,True,224,2/28/282/2829,"전문가 및 관련
종사자 / 경영‧금융 전문가 및 관련직 / 금융 및 보험 전문가 / 기타 금융 및 보험 관련 전문가",2,28.0,282.0,2829.0,,"전문가 및 관련
종사자",경영‧금융 전문가 및 관련직,금융 및 보험 전문가,기타 금융 및 보험 관련 전문가,,KSCO,8,2025-01-01,,active,2026-03-10 00:55:07,JF_FIN_01,active,auto_mapped,,,,,,,,,2026-03-16
283,상품 기획‧홍보 및 조사 전문가,상품 기획‧홍보 및 조사 전문가,상품기획홍보및조사전문가,small,3,소분류,28.0,5,False,225,2/28/283,"전문가 및 관련
종사자 / 경영‧금융 전문가 및 관련직 / 상품 기획‧홍보 및 조사 전문가",2,28.0,283.0,,,"전문가 및 관련
종사자",경영‧금융 전문가 및 관련직,상품 기획‧홍보 및 조사 전문가,,,KSCO,8,2025-01-01,,active,2026-03-10 00:55:07,JF_FIN_01,hierarchy_only,,,,,,,,,,2026-03-16
2831,상품 기획 전문가,상품 기획 전문가,상품기획전문가,detail,4,세분류,283.0,0,True,226,2/28/283/2831,"전문가 및 관련
종사자 / 경영‧금융 전문가 및 관련직 / 상품 기획‧홍보 및 조사 전문가 / 상품 기획 전문가",2,28.0,283.0,2831.0,,"전문가 및 관련
종사자",경영‧금융 전문가 및 관련직,상품 기획‧홍보 및 조사 전문가,상품 기획 전문가,,KSCO,8,2025-01-01,,active,2026-03-10 00:55:07,JF_STR_04,active,auto_mapped,,,,,,,,,2026-03-23
2832,여행 상품 개발자,여행 상품 개발자,여행상품개발자,detail,4,세분류,283.0,0,True,227,2/28/283/2832,"전문가 및 관련
종사자 / 경영‧금융 전문가 및 관련직 / 상품 기획‧홍보 및 조사 전문가 / 여행 상품 개발자",2,28.0,283.0,2832.0,,"전문가 및 관련
종사자",경영‧금융 전문가 및 관련직,상품 기획‧홍보 및 조사 전문가,여행 상품 개발자,,KSCO,8,2025-01-01,,active,2026-03-10 00:55:07,JF_STR_04,active,auto_mapped,,,,,,,,,2026-03-23
2833,광고 및 홍보 전문가,광고 및 홍보 전문가,광고및홍보전문가,detail,4,세분류,283.0,0,True,228,2/28/283/2833,"전문가 및 관련
종사자 / 경영‧금융 전문가 및 관련직 / 상품 기획‧홍보 및 조사 전문가 / 광고 및 홍보 전문가",2,28.0,283.0,2833.0,,"전문가 및 관련
종사자",경영‧금융 전문가 및 관련직,상품 기획‧홍보 및 조사 전문가,광고 및 홍보 전문가,,KSCO,8,2025-01-01,,active,2026-03-10 00:55:07,JF_MKT_07,active,auto_mapped,,,,,,,,,2026-03-23
2834,조사 전문가,조사 전문가,조사전문가,detail,4,세분류,283.0,0,True,229,2/28/283/2834,"전문가 및 관련
종사자 / 경영‧금융 전문가 및 관련직 / 상품 기획‧홍보 및 조사 전문가 / 조사 전문가",2,28.0,283.0,2834.0,,"전문가 및 관련
종사자",경영‧금융 전문가 및 관련직,상품 기획‧홍보 및 조사 전문가,조사 전문가,,KSCO,8,2025-01-01,,active,2026-03-10 00:55:07,JF_MKT_08,active,auto_mapped,,,,,,,,,2026-03-23
2835,행사·전시 및 회의 기획자,행사·전시 및 회의 기획자,행사전시및회의기획자,detail,4,세분류,283.0,0,True,230,2/28/283/2835,"전문가 및 관련
종사자 / 경영‧금융 전문가 및 관련직 / 상품 기획‧홍보 및 조사 전문가 / 행사·전시 및 회의 기획자",2,28.0,283.0,2835.0,,"전문가 및 관련
종사자",경영‧금융 전문가 및 관련직,상품 기획‧홍보 및 조사 전문가,행사·전시 및 회의 기획자,,KSCO,8,2025-01-01,,active,2026-03-10 00:55:07,JF_MED_01,active,auto_mapped,,,,,,,,,2026-03-23
284,감정‧기술 영업 및 중개 관련 종사자,감정‧기술 영업 및 중개 관련 종사자,감정기술영업및중개관련종사자,small,3,소분류,28.0,6,False,231,2/28/284,"전문가 및 관련
종사자 / 경영‧금융 전문가 및 관련직 / 감정‧기술 영업 및 중개 관련 종사자",2,28.0,284.0,,,"전문가 및 관련
종사자",경영‧금융 전문가 및 관련직,감정‧기술 영업 및 중개 관련 종사자,,,KSCO,8,2025-01-01,,active,2026-03-10 00:55:07,JF_FIN_01,hierarchy_only,,,,,,,,,,2026-03-16
2841,감정 관련 전문가,감정 관련 전문가,감정관련전문가,detail,4,세분류,284.0,0,True,232,2/28/284/2841,"전문가 및 관련
종사자 / 경영‧금융 전문가 및 관련직 / 감정‧기술 영업 및 중개 관련 종사자 / 감정 관련 전문가",2,28.0,284.0,2841.0,,"전문가 및 관련
종사자",경영‧금융 전문가 및 관련직,감정‧기술 영업 및 중개 관련 종사자,감정 관련 전문가,,KSCO,8,2025-01-01,,active,2026-03-10 00:55:07,JF_PRO_06,active,auto_mapped,,,,,,,,,2026-03-23
2842,해외 영업원,해외 영업원,해외영업원,detail,4,세분류,284.0,0,True,233,2/28/284/2842,"전문가 및 관련
종사자 / 경영‧금융 전문가 및 관련직 / 감정‧기술 영업 및 중개 관련 종사자 / 해외 영업원",2,28.0,284.0,2842.0,,"전문가 및 관련
종사자",경영‧금융 전문가 및 관련직,감정‧기술 영업 및 중개 관련 종사자,해외 영업원,,KSCO,8,2025-01-01,,active,2026-03-10 00:55:07,JF_SAL_03,active,auto_mapped,,,,,,,,,2026-03-23
2843,기술 영업원,기술 영업원,기술영업원,detail,4,세분류,284.0,0,True,234,2/28/284/2843,"전문가 및 관련
종사자 / 경영‧금융 전문가 및 관련직 / 감정‧기술 영업 및 중개 관련 종사자 / 기술 영업원",2,28.0,284.0,2843.0,,"전문가 및 관련
종사자",경영‧금융 전문가 및 관련직,감정‧기술 영업 및 중개 관련 종사자,기술 영업원,,KSCO,8,2025-01-01,,active,2026-03-10 00:55:07,JF_SAL_02,active,auto_mapped,,,,,,,,,2026-03-23
2844,상품 중개인 및 경매사,상품 중개인 및 경매사,상품중개인및경매사,detail,4,세분류,284.0,0,True,235,2/28/284/2844,"전문가 및 관련
종사자 / 경영‧금융 전문가 및 관련직 / 감정‧기술 영업 및 중개 관련 종사자 / 상품 중개인 및 경매사",2,28.0,284.0,2844.0,,"전문가 및 관련
종사자",경영‧금융 전문가 및 관련직,감정‧기술 영업 및 중개 관련 종사자,상품 중개인 및 경매사,,KSCO,8,2025-01-01,,active,2026-03-10 00:55:07,JF_SAL_06,active,auto_mapped,,,,,,,,,2026-03-23
2845,부동산 컨설턴트 및 중개사,부동산 컨설턴트 및 중개사,부동산컨설턴트및중개사,detail,4,세분류,284.0,0,True,236,2/28/284/2845,"전문가 및 관련
종사자 / 경영‧금융 전문가 및 관련직 / 감정‧기술 영업 및 중개 관련 종사자 / 부동산 컨설턴트 및 중개사",2,28.0,284.0,2845.0,,"전문가 및 관련
종사자",경영‧금융 전문가 및 관련직,감정‧기술 영업 및 중개 관련 종사자,부동산 컨설턴트 및 중개사,,KSCO,8,2025-01-01,,active,2026-03-10 00:55:07,JF_SAL_06,active,auto_mapped,,,,,,,,,2026-03-23
2849,기타 기술 영업 및 중개 관련 종사원,기타 기술 영업 및 중개 관련 종사원,기타기술영업및중개관련종사원,detail,4,세분류,284.0,0,True,237,2/28/284/2849,"전문가 및 관련
종사자 / 경영‧금융 전문가 및 관련직 / 감정‧기술 영업 및 중개 관련 종사자 / 기타 기술 영업 및 중개 관련 종사원",2,28.0,284.0,2849.0,,"전문가 및 관련
종사자",경영‧금융 전문가 및 관련직,감정‧기술 영업 및 중개 관련 종사자,기타 기술 영업 및 중개 관련 종사원,,KSCO,8,2025-01-01,,active,2026-03-10 00:55:07,JF_SAL_02,active,auto_mapped,,,,,,,,,2026-03-23
29,문화·예술·스포츠·기타 전문가 및 관련직,문화·예술·스포츠·기타 전문가 및 관련직,문화예술스포츠기타전문가및관련직,middle,2,중분류,2.0,8,False,238,2/29,"전문가 및 관련
종사자 / 문화·예술·스포츠·기타 전문가 및 관련직",2,29.0,,,,"전문가 및 관련
종사자",문화·예술·스포츠·기타 전문가 및 관련직,,,,KSCO,8,2025-01-01,,active,2026-03-10 00:55:07,JF_STR_02,hierarchy_only,,,,,,,,,,2026-03-23
291,작가 및 언론 관련 전문가,작가 및 언론 관련 전문가,작가및언론관련전문가,small,3,소분류,29.0,4,False,239,2/29/291,"전문가 및 관련
종사자 / 문화·예술·스포츠·기타 전문가 및 관련직 / 작가 및 언론 관련 전문가",2,29.0,291.0,,,"전문가 및 관련
종사자",문화·예술·스포츠·기타 전문가 및 관련직,작가 및 언론 관련 전문가,,,KSCO,8,2025-01-01,,active,2026-03-10 00:55:07,JF_SVC_02,hierarchy_only,,,,,,,,,,2026-03-16
2911,작가,작가,작가,detail,4,세분류,291.0,0,True,240,2/29/291/2911,"전문가 및 관련
종사자 / 문화·예술·스포츠·기타 전문가 및 관련직 / 작가 및 언론 관련 전문가 / 작가",2,29.0,291.0,2911.0,,"전문가 및 관련
종사자",문화·예술·스포츠·기타 전문가 및 관련직,작가 및 언론 관련 전문가,작가,,KSCO,8,2025-01-01,,active,2026-03-10 00:55:07,JF_SVC_02,active,auto_mapped,,,,,,,,,2026-03-16
2912,출판물 전문가,출판물 전문가,출판물전문가,detail,4,세분류,291.0,0,True,241,2/29/291/2912,"전문가 및 관련
종사자 / 문화·예술·스포츠·기타 전문가 및 관련직 / 작가 및 언론 관련 전문가 / 출판물 전문가",2,29.0,291.0,2912.0,,"전문가 및 관련
종사자",문화·예술·스포츠·기타 전문가 및 관련직,작가 및 언론 관련 전문가,출판물 전문가,,KSCO,8,2025-01-01,,active,2026-03-10 00:55:07,JF_SVC_02,active,auto_mapped,,,,,,,,,2026-03-16
2913,기자 및 언론 관련 전문가,기자 및 언론 관련 전문가,기자및언론관련전문가,detail,4,세분류,291.0,0,True,242,2/29/291/2913,"전문가 및 관련
종사자 / 문화·예술·스포츠·기타 전문가 및 관련직 / 작가 및 언론 관련 전문가 / 기자 및 언론 관련 전문가",2,29.0,291.0,2913.0,,"전문가 및 관련
종사자",문화·예술·스포츠·기타 전문가 및 관련직,작가 및 언론 관련 전문가,기자 및 언론 관련 전문가,,KSCO,8,2025-01-01,,active,2026-03-10 00:55:07,JF_SVC_02,active,auto_mapped,,,,,,,,,2026-03-16
2914,번역가 및 통역가,번역가 및 통역가,번역가및통역가,detail,4,세분류,291.0,0,True,243,2/29/291/2914,"전문가 및 관련
종사자 / 문화·예술·스포츠·기타 전문가 및 관련직 / 작가 및 언론 관련 전문가 / 번역가 및 통역가",2,29.0,291.0,2914.0,,"전문가 및 관련
종사자",문화·예술·스포츠·기타 전문가 및 관련직,작가 및 언론 관련 전문가,번역가 및 통역가,,KSCO,8,2025-01-01,,active,2026-03-10 00:55:07,JF_SVC_02,active,auto_mapped,,,,,,,,,2026-03-16
292,학예사‧사서 및 기록물 관리사,학예사‧사서 및 기록물 관리사,학예사사서및기록물관리사,small,3,소분류,29.0,2,False,244,2/29/292,"전문가 및 관련
종사자 / 문화·예술·스포츠·기타 전문가 및 관련직 / 학예사‧사서 및 기록물 관리사",2,29.0,292.0,,,"전문가 및 관련
종사자",문화·예술·스포츠·기타 전문가 및 관련직,학예사‧사서 및 기록물 관리사,,,KSCO,8,2025-01-01,,active,2026-03-10 00:55:07,JF_STR_02,hierarchy_only,,,,,,,,,,2026-03-23
2921,학예사 및 문화재 보존원,학예사 및 문화재 보존원,학예사및문화재보존원,detail,4,세분류,292.0,0,True,245,2/29/292/2921,"전문가 및 관련
종사자 / 문화·예술·스포츠·기타 전문가 및 관련직 / 학예사‧사서 및 기록물 관리사 / 학예사 및 문화재 보존원",2,29.0,292.0,2921.0,,"전문가 및 관련
종사자",문화·예술·스포츠·기타 전문가 및 관련직,학예사‧사서 및 기록물 관리사,학예사 및 문화재 보존원,,KSCO,8,2025-01-01,,active,2026-03-10 00:55:07,JF_MED_07,active,auto_mapped,,,,,,,,,2026-03-23
2922,사서 및 기록물 관리사,사서 및 기록물 관리사,사서및기록물관리사,detail,4,세분류,292.0,0,True,246,2/29/292/2922,"전문가 및 관련
종사자 / 문화·예술·스포츠·기타 전문가 및 관련직 / 학예사‧사서 및 기록물 관리사 / 사서 및 기록물 관리사",2,29.0,292.0,2922.0,,"전문가 및 관련
종사자",문화·예술·스포츠·기타 전문가 및 관련직,학예사‧사서 및 기록물 관리사,사서 및 기록물 관리사,,KSCO,8,2025-01-01,,active,2026-03-10 00:55:07,JF_MED_07,active,auto_mapped,,,,,,,,,2026-03-23
293,연극‧영화 및 영상 전문가,연극‧영화 및 영상 전문가,연극영화및영상전문가,small,3,소분류,29.0,9,False,247,2/29/293,"전문가 및 관련
종사자 / 문화·예술·스포츠·기타 전문가 및 관련직 / 연극‧영화 및 영상 전문가",2,29.0,293.0,,,"전문가 및 관련
종사자",문화·예술·스포츠·기타 전문가 및 관련직,연극‧영화 및 영상 전문가,,,KSCO,8,2025-01-01,,active,2026-03-10 00:55:07,JF_DES_03,hierarchy_only,,,,,,,,,,2026-03-16
2931,감독 및 기술 감독,감독 및 기술 감독,감독및기술감독,detail,4,세분류,293.0,0,True,248,2/29/293/2931,"전문가 및 관련
종사자 / 문화·예술·스포츠·기타 전문가 및 관련직 / 연극‧영화 및 영상 전문가 / 감독 및 기술 감독",2,29.0,293.0,2931.0,,"전문가 및 관련
종사자",문화·예술·스포츠·기타 전문가 및 관련직,연극‧영화 및 영상 전문가,감독 및 기술 감독,,KSCO,8,2025-01-01,,active,2026-03-10 00:55:07,JF_DES_03,active,auto_mapped,,,,,,,,,2026-03-16
2932,배우 및 모델,배우 및 모델,배우및모델,detail,4,세분류,293.0,0,True,249,2/29/293/2932,"전문가 및 관련
종사자 / 문화·예술·스포츠·기타 전문가 및 관련직 / 연극‧영화 및 영상 전문가 / 배우 및 모델",2,29.0,293.0,2932.0,,"전문가 및 관련
종사자",문화·예술·스포츠·기타 전문가 및 관련직,연극‧영화 및 영상 전문가,배우 및 모델,,KSCO,8,2025-01-01,,active,2026-03-10 00:55:07,JF_DES_03,active,auto_mapped,,,,,,,,,2026-03-16
2933,아나운서 및 리포터,아나운서 및 리포터,아나운서및리포터,detail,4,세분류,293.0,0,True,250,2/29/293/2933,"전문가 및 관련
종사자 / 문화·예술·스포츠·기타 전문가 및 관련직 / 연극‧영화 및 영상 전문가 / 아나운서 및 리포터",2,29.0,293.0,2933.0,,"전문가 및 관련
종사자",문화·예술·스포츠·기타 전문가 및 관련직,연극‧영화 및 영상 전문가,아나운서 및 리포터,,KSCO,8,2025-01-01,,active,2026-03-10 00:55:07,JF_DES_03,active,auto_mapped,,,,,,,,,2026-03-16
2934,촬영기사,촬영기사,촬영기사,detail,4,세분류,293.0,0,True,251,2/29/293/2934,"전문가 및 관련
종사자 / 문화·예술·스포츠·기타 전문가 및 관련직 / 연극‧영화 및 영상 전문가 / 촬영기사",2,29.0,293.0,2934.0,,"전문가 및 관련
종사자",문화·예술·스포츠·기타 전문가 및 관련직,연극‧영화 및 영상 전문가,촬영기사,,KSCO,8,2025-01-01,,active,2026-03-10 00:55:07,JF_DES_03,active,auto_mapped,,,,,,,,,2026-03-16
2935,음향 및 녹음 기사,음향 및 녹음 기사,음향및녹음기사,detail,4,세분류,293.0,0,True,252,2/29/293/2935,"전문가 및 관련
종사자 / 문화·예술·스포츠·기타 전문가 및 관련직 / 연극‧영화 및 영상 전문가 / 음향 및 녹음 기사",2,29.0,293.0,2935.0,,"전문가 및 관련
종사자",문화·예술·스포츠·기타 전문가 및 관련직,연극‧영화 및 영상 전문가,음향 및 녹음 기사,,KSCO,8,2025-01-01,,active,2026-03-10 00:55:07,JF_DES_03,active,auto_mapped,,,,,,,,,2026-03-16
2936,영상‧녹화 및 편집 기사,영상‧녹화 및 편집 기사,영상녹화및편집기사,detail,4,세분류,293.0,0,True,253,2/29/293/2936,"전문가 및 관련
종사자 / 문화·예술·스포츠·기타 전문가 및 관련직 / 연극‧영화 및 영상 전문가 / 영상‧녹화 및 편집 기사",2,29.0,293.0,2936.0,,"전문가 및 관련
종사자",문화·예술·스포츠·기타 전문가 및 관련직,연극‧영화 및 영상 전문가,영상‧녹화 및 편집 기사,,KSCO,8,2025-01-01,,active,2026-03-10 00:55:07,JF_DES_03,active,auto_mapped,,,,,,,,,2026-03-16
2937,조명기사 및 영사기사,조명기사 및 영사기사,조명기사및영사기사,detail,4,세분류,293.0,0,True,254,2/29/293/2937,"전문가 및 관련
종사자 / 문화·예술·스포츠·기타 전문가 및 관련직 / 연극‧영화 및 영상 전문가 / 조명기사 및 영사기사",2,29.0,293.0,2937.0,,"전문가 및 관련
종사자",문화·예술·스포츠·기타 전문가 및 관련직,연극‧영화 및 영상 전문가,조명기사 및 영사기사,,KSCO,8,2025-01-01,,active,2026-03-10 00:55:07,JF_DES_03,active,auto_mapped,,,,,,,,,2026-03-16
2938,미디어 콘텐츠 창작자,미디어 콘텐츠 창작자,미디어콘텐츠창작자,detail,4,세분류,293.0,0,True,255,2/29/293/2938,"전문가 및 관련
종사자 / 문화·예술·스포츠·기타 전문가 및 관련직 / 연극‧영화 및 영상 전문가 / 미디어 콘텐츠 창작자",2,29.0,293.0,2938.0,,"전문가 및 관련
종사자",문화·예술·스포츠·기타 전문가 및 관련직,연극‧영화 및 영상 전문가,미디어 콘텐츠 창작자,,KSCO,8,2025-01-01,,active,2026-03-10 00:55:07,JF_DES_03,active,auto_mapped,,,,,,,,,2026-03-16
2939,기타 연극·영화 및 영상 관련 종사원,기타 연극·영화 및 영상 관련 종사원,기타연극영화및영상관련종사원,detail,4,세분류,293.0,0,True,256,2/29/293/2939,"전문가 및 관련
종사자 / 문화·예술·스포츠·기타 전문가 및 관련직 / 연극‧영화 및 영상 전문가 / 기타 연극·영화 및 영상 관련 종사원",2,29.0,293.0,2939.0,,"전문가 및 관련
종사자",문화·예술·스포츠·기타 전문가 및 관련직,연극‧영화 및 영상 전문가,기타 연극·영화 및 영상 관련 종사원,,KSCO,8,2025-01-01,,active,2026-03-10 00:55:07,JF_DES_03,active,auto_mapped,,,,,,,,,2026-03-16
294,시각 및 공연 예술가,시각 및 공연 예술가,시각및공연예술가,small,3,소분류,29.0,8,False,257,2/29/294,"전문가 및 관련
종사자 / 문화·예술·스포츠·기타 전문가 및 관련직 / 시각 및 공연 예술가",2,29.0,294.0,,,"전문가 및 관련
종사자",문화·예술·스포츠·기타 전문가 및 관련직,시각 및 공연 예술가,,,KSCO,8,2025-01-01,,active,2026-03-10 00:55:07,JF_STR_02,hierarchy_only,,,,,,,,,,2026-03-23
2941,화가 및 조각가,화가 및 조각가,화가및조각가,detail,4,세분류,294.0,0,True,258,2/29/294/2941,"전문가 및 관련
종사자 / 문화·예술·스포츠·기타 전문가 및 관련직 / 시각 및 공연 예술가 / 화가 및 조각가",2,29.0,294.0,2941.0,,"전문가 및 관련
종사자",문화·예술·스포츠·기타 전문가 및 관련직,시각 및 공연 예술가,화가 및 조각가,,KSCO,8,2025-01-01,,active,2026-03-10 00:55:07,JF_MED_04,active,auto_mapped,,,,,,,,,2026-03-23
2942,사진기자 및 사진가,사진기자 및 사진가,사진기자및사진가,detail,4,세분류,294.0,0,True,259,2/29/294/2942,"전문가 및 관련
종사자 / 문화·예술·스포츠·기타 전문가 및 관련직 / 시각 및 공연 예술가 / 사진기자 및 사진가",2,29.0,294.0,2942.0,,"전문가 및 관련
종사자",문화·예술·스포츠·기타 전문가 및 관련직,시각 및 공연 예술가,사진기자 및 사진가,,KSCO,8,2025-01-01,,active,2026-03-10 00:55:07,JF_SVC_02,active,auto_mapped,,,,,,,,,2026-03-16
2943,만화가 및 만화영화 작가,만화가 및 만화영화 작가,만화가및만화영화작가,detail,4,세분류,294.0,0,True,260,2/29/294/2943,"전문가 및 관련
종사자 / 문화·예술·스포츠·기타 전문가 및 관련직 / 시각 및 공연 예술가 / 만화가 및 만화영화 작가",2,29.0,294.0,2943.0,,"전문가 및 관련
종사자",문화·예술·스포츠·기타 전문가 및 관련직,시각 및 공연 예술가,만화가 및 만화영화 작가,,KSCO,8,2025-01-01,,active,2026-03-10 00:55:07,JF_SVC_02,active,auto_mapped,,,,,,,,,2026-03-16
2944,국악 및 전통 예능인,국악 및 전통 예능인,국악및전통예능인,detail,4,세분류,294.0,0,True,261,2/29/294/2944,"전문가 및 관련
종사자 / 문화·예술·스포츠·기타 전문가 및 관련직 / 시각 및 공연 예술가 / 국악 및 전통 예능인",2,29.0,294.0,2944.0,,"전문가 및 관련
종사자",문화·예술·스포츠·기타 전문가 및 관련직,시각 및 공연 예술가,국악 및 전통 예능인,,KSCO,8,2025-01-01,,active,2026-03-10 00:55:07,JF_MED_04,active,auto_mapped,,,,,,,,,2026-03-23
2945,지휘자‧작곡가 및 연주가,지휘자‧작곡가 및 연주가,지휘자작곡가및연주가,detail,4,세분류,294.0,0,True,262,2/29/294/2945,"전문가 및 관련
종사자 / 문화·예술·스포츠·기타 전문가 및 관련직 / 시각 및 공연 예술가 / 지휘자‧작곡가 및 연주가",2,29.0,294.0,2945.0,,"전문가 및 관련
종사자",문화·예술·스포츠·기타 전문가 및 관련직,시각 및 공연 예술가,지휘자‧작곡가 및 연주가,,KSCO,8,2025-01-01,,active,2026-03-10 00:55:07,JF_MED_04,active,auto_mapped,,,,,,,,,2026-03-23
2946,가수 및 성악가,가수 및 성악가,가수및성악가,detail,4,세분류,294.0,0,True,263,2/29/294/2946,"전문가 및 관련
종사자 / 문화·예술·스포츠·기타 전문가 및 관련직 / 시각 및 공연 예술가 / 가수 및 성악가",2,29.0,294.0,2946.0,,"전문가 및 관련
종사자",문화·예술·스포츠·기타 전문가 및 관련직,시각 및 공연 예술가,가수 및 성악가,,KSCO,8,2025-01-01,,active,2026-03-10 00:55:07,JF_MED_04,active,auto_mapped,,,,,,,,,2026-03-23
2947,무용가 및 안무가,무용가 및 안무가,무용가및안무가,detail,4,세분류,294.0,0,True,264,2/29/294/2947,"전문가 및 관련
종사자 / 문화·예술·스포츠·기타 전문가 및 관련직 / 시각 및 공연 예술가 / 무용가 및 안무가",2,29.0,294.0,2947.0,,"전문가 및 관련
종사자",문화·예술·스포츠·기타 전문가 및 관련직,시각 및 공연 예술가,무용가 및 안무가,,KSCO,8,2025-01-01,,active,2026-03-10 00:55:07,JF_MED_04,active,auto_mapped,,,,,,,,,2026-03-23
2949,기타 시각 및 공연 예술가,기타 시각 및 공연 예술가,기타시각및공연예술가,detail,4,세분류,294.0,0,True,265,2/29/294/2949,"전문가 및 관련
종사자 / 문화·예술·스포츠·기타 전문가 및 관련직 / 시각 및 공연 예술가 / 기타 시각 및 공연 예술가",2,29.0,294.0,2949.0,,"전문가 및 관련
종사자",문화·예술·스포츠·기타 전문가 및 관련직,시각 및 공연 예술가,기타 시각 및 공연 예술가,,KSCO,8,2025-01-01,,active,2026-03-10 00:55:07,JF_MED_04,active,auto_mapped,,,,,,,,,2026-03-23
295,디자이너,디자이너,디자이너,small,3,소분류,29.0,5,False,266,2/29/295,"전문가 및 관련
종사자 / 문화·예술·스포츠·기타 전문가 및 관련직 / 디자이너",2,29.0,295.0,,,"전문가 및 관련
종사자",문화·예술·스포츠·기타 전문가 및 관련직,디자이너,,,KSCO,8,2025-01-01,,active,2026-03-10 00:55:07,JF_STR_02,hierarchy_only,,,,,,,,,,2026-03-23
2951,제품 디자이너,제품 디자이너,제품디자이너,detail,4,세분류,295.0,0,True,267,2/29/295/2951,"전문가 및 관련
종사자 / 문화·예술·스포츠·기타 전문가 및 관련직 / 디자이너 / 제품 디자이너",2,29.0,295.0,2951.0,,"전문가 및 관련
종사자",문화·예술·스포츠·기타 전문가 및 관련직,디자이너,제품 디자이너,,KSCO,8,2025-01-01,,active,2026-03-10 00:55:07,JF_DES_06,active,auto_mapped,,,,,,,,,2026-03-23
2952,패션 디자이너,패션 디자이너,패션디자이너,detail,4,세분류,295.0,0,True,268,2/29/295/2952,"전문가 및 관련
종사자 / 문화·예술·스포츠·기타 전문가 및 관련직 / 디자이너 / 패션 디자이너",2,29.0,295.0,2952.0,,"전문가 및 관련
종사자",문화·예술·스포츠·기타 전문가 및 관련직,디자이너,패션 디자이너,,KSCO,8,2025-01-01,,active,2026-03-10 00:55:07,JF_DES_05,active,auto_mapped,,,,,,,,,2026-03-23
2953,실내장식 디자이너,실내장식 디자이너,실내장식디자이너,detail,4,세분류,295.0,0,True,269,2/29/295/2953,"전문가 및 관련
종사자 / 문화·예술·스포츠·기타 전문가 및 관련직 / 디자이너 / 실내장식 디자이너",2,29.0,295.0,2953.0,,"전문가 및 관련
종사자",문화·예술·스포츠·기타 전문가 및 관련직,디자이너,실내장식 디자이너,,KSCO,8,2025-01-01,,active,2026-03-10 00:55:07,JF_DES_07,active,auto_mapped,,,,,,,,,2026-03-23
2954,시각 디자이너,시각 디자이너,시각디자이너,detail,4,세분류,295.0,0,True,270,2/29/295/2954,"전문가 및 관련
종사자 / 문화·예술·스포츠·기타 전문가 및 관련직 / 디자이너 / 시각 디자이너",2,29.0,295.0,2954.0,,"전문가 및 관련
종사자",문화·예술·스포츠·기타 전문가 및 관련직,디자이너,시각 디자이너,,KSCO,8,2025-01-01,,active,2026-03-10 00:55:07,JF_DES_02,active,auto_mapped,,,,,,,,,2026-03-23
2955,미디어 콘텐츠 디자이너,미디어 콘텐츠 디자이너,미디어콘텐츠디자이너,detail,4,세분류,295.0,0,True,271,2/29/295/2955,"전문가 및 관련
종사자 / 문화·예술·스포츠·기타 전문가 및 관련직 / 디자이너 / 미디어 콘텐츠 디자이너",2,29.0,295.0,2955.0,,"전문가 및 관련
종사자",문화·예술·스포츠·기타 전문가 및 관련직,디자이너,미디어 콘텐츠 디자이너,,KSCO,8,2025-01-01,,active,2026-03-10 00:55:07,JF_DES_03,active,auto_mapped,,,,,,,,,2026-03-23
296,스포츠 및 레크리에이션 관련 전문가,스포츠 및 레크리에이션 관련 전문가,스포츠및레크리에이션관련전문가,small,3,소분류,29.0,5,False,272,2/29/296,"전문가 및 관련
종사자 / 문화·예술·스포츠·기타 전문가 및 관련직 / 스포츠 및 레크리에이션 관련 전문가",2,29.0,296.0,,,"전문가 및 관련
종사자",문화·예술·스포츠·기타 전문가 및 관련직,스포츠 및 레크리에이션 관련 전문가,,,KSCO,8,2025-01-01,,active,2026-03-10 00:55:07,JF_STR_02,hierarchy_only,,,,,,,,,,2026-03-23
2961,스포츠 감독 및 코치,스포츠 감독 및 코치,스포츠감독및코치,detail,4,세분류,296.0,0,True,273,2/29/296/2961,"전문가 및 관련
종사자 / 문화·예술·스포츠·기타 전문가 및 관련직 / 스포츠 및 레크리에이션 관련 전문가 / 스포츠 감독 및 코치",2,29.0,296.0,2961.0,,"전문가 및 관련
종사자",문화·예술·스포츠·기타 전문가 및 관련직,스포츠 및 레크리에이션 관련 전문가,스포츠 감독 및 코치,,KSCO,8,2025-01-01,,active,2026-03-10 00:55:07,JF_MED_08,active,auto_mapped,,,,,,,,,2026-03-23
2962,직업 운동선수,직업 운동선수,직업운동선수,detail,4,세분류,296.0,0,True,274,2/29/296/2962,"전문가 및 관련
종사자 / 문화·예술·스포츠·기타 전문가 및 관련직 / 스포츠 및 레크리에이션 관련 전문가 / 직업 운동선수",2,29.0,296.0,2962.0,,"전문가 및 관련
종사자",문화·예술·스포츠·기타 전문가 및 관련직,스포츠 및 레크리에이션 관련 전문가,직업 운동선수,,KSCO,8,2025-01-01,,active,2026-03-10 00:55:07,JF_STR_02,active,auto_mapped,,,,,,,,,2026-03-23
2963,경기 심판 및 경기 기록원,경기 심판 및 경기 기록원,경기심판및경기기록원,detail,4,세분류,296.0,0,True,275,2/29/296/2963,"전문가 및 관련
종사자 / 문화·예술·스포츠·기타 전문가 및 관련직 / 스포츠 및 레크리에이션 관련 전문가 / 경기 심판 및 경기 기록원",2,29.0,296.0,2963.0,,"전문가 및 관련
종사자",문화·예술·스포츠·기타 전문가 및 관련직,스포츠 및 레크리에이션 관련 전문가,경기 심판 및 경기 기록원,,KSCO,8,2025-01-01,,active,2026-03-10 00:55:07,JF_MED_08,active,auto_mapped,,,,,,,,,2026-03-23
2964,스포츠 강사 및 트레이너,스포츠 강사 및 트레이너,스포츠강사및트레이너,detail,4,세분류,296.0,0,True,276,2/29/296/2964,"전문가 및 관련
종사자 / 문화·예술·스포츠·기타 전문가 및 관련직 / 스포츠 및 레크리에이션 관련 전문가 / 스포츠 강사 및 트레이너",2,29.0,296.0,2964.0,,"전문가 및 관련
종사자",문화·예술·스포츠·기타 전문가 및 관련직,스포츠 및 레크리에이션 관련 전문가,스포츠 강사 및 트레이너,,KSCO,8,2025-01-01,,active,2026-03-10 00:55:07,JF_SVC_01,active,auto_mapped,,,,,,,,,2026-03-16
2969,기타 스포츠 및 레크리에이션 관련 전문가,기타 스포츠 및 레크리에이션 관련 전문가,기타스포츠및레크리에이션관련전문가,detail,4,세분류,296.0,0,True,277,2/29/296/2969,"전문가 및 관련
종사자 / 문화·예술·스포츠·기타 전문가 및 관련직 / 스포츠 및 레크리에이션 관련 전문가 / 기타 스포츠 및 레크리에이션 관련 전문가",2,29.0,296.0,2969.0,,"전문가 및 관련
종사자",문화·예술·스포츠·기타 전문가 및 관련직,스포츠 및 레크리에이션 관련 전문가,기타 스포츠 및 레크리에이션 관련 전문가,,KSCO,8,2025-01-01,,active,2026-03-10 00:55:07,JF_SVC_10,active,auto_mapped,,,,,,,,,2026-03-23
297,식문화 관련 전문가,식문화 관련 전문가,식문화관련전문가,small,3,소분류,29.0,1,False,278,2/29/297,"전문가 및 관련
종사자 / 문화·예술·스포츠·기타 전문가 및 관련직 / 식문화 관련 전문가",2,29.0,297.0,,,"전문가 및 관련
종사자",문화·예술·스포츠·기타 전문가 및 관련직,식문화 관련 전문가,,,KSCO,8,2025-01-01,,active,2026-03-10 00:55:07,JF_STR_02,hierarchy_only,,,,,,,,,,2026-03-23
2970,주방장 및 요리 연구가,주방장 및 요리 연구가,주방장및요리연구가,detail,4,세분류,297.0,0,True,279,2/29/297/2970,"전문가 및 관련
종사자 / 문화·예술·스포츠·기타 전문가 및 관련직 / 식문화 관련 전문가 / 주방장 및 요리 연구가",2,29.0,297.0,2970.0,,"전문가 및 관련
종사자",문화·예술·스포츠·기타 전문가 및 관련직,식문화 관련 전문가,주방장 및 요리 연구가,,KSCO,8,2025-01-01,,active,2026-03-10 00:55:07,JF_SVC_02,active,auto_mapped,,,,,,,,,2026-03-23
298,문화‧예술 관련 기획자,문화‧예술 관련 기획자,문화예술관련기획자,small,3,소분류,29.0,2,False,280,2/29/298,"전문가 및 관련
종사자 / 문화·예술·스포츠·기타 전문가 및 관련직 / 문화‧예술 관련 기획자",2,29.0,298.0,,,"전문가 및 관련
종사자",문화·예술·스포츠·기타 전문가 및 관련직,문화‧예술 관련 기획자,,,KSCO,8,2025-01-01,,active,2026-03-10 00:55:07,JF_STR_02,hierarchy_only,,,,,,,,,,2026-03-23
2981,공연 및 시각예술 기획자,공연 및 시각예술 기획자,공연및시각예술기획자,detail,4,세분류,298.0,0,True,281,2/29/298/2981,"전문가 및 관련
종사자 / 문화·예술·스포츠·기타 전문가 및 관련직 / 문화‧예술 관련 기획자 / 공연 및 시각예술 기획자",2,29.0,298.0,2981.0,,"전문가 및 관련
종사자",문화·예술·스포츠·기타 전문가 및 관련직,문화‧예술 관련 기획자,공연 및 시각예술 기획자,,KSCO,8,2025-01-01,,active,2026-03-10 00:55:07,JF_MED_01,active,auto_mapped,,,,,,,,,2026-03-23
2982,영화 및 음반 기획자,영화 및 음반 기획자,영화및음반기획자,detail,4,세분류,298.0,0,True,282,2/29/298/2982,"전문가 및 관련
종사자 / 문화·예술·스포츠·기타 전문가 및 관련직 / 문화‧예술 관련 기획자 / 영화 및 음반 기획자",2,29.0,298.0,2982.0,,"전문가 및 관련
종사자",문화·예술·스포츠·기타 전문가 및 관련직,문화‧예술 관련 기획자,영화 및 음반 기획자,,KSCO,8,2025-01-01,,active,2026-03-10 00:55:07,JF_MED_01,active,auto_mapped,,,,,,,,,2026-03-23
3,사무 종사자,사무 종사자,사무종사자,major,1,대분류,,7,False,283,3,사무 종사자,3,,,,,사무 종사자,,,,,KSCO,8,2025-01-01,,active,2026-03-10 00:55:07,JF_HR_04,hierarchy_only,,,,,,,,,,2026-03-16
31,기획‧영업 및 인사 사무직,기획‧영업 및 인사 사무직,기획영업및인사사무직,middle,2,중분류,3.0,2,False,284,3/31,사무 종사자 / 기획‧영업 및 인사 사무직,3,31.0,,,,사무 종사자,기획‧영업 및 인사 사무직,,,,KSCO,8,2025-01-01,,active,2026-03-10 00:55:07,JF_HR_01,hierarchy_only,,,,,,,,,,2026-03-16
311,기획 및 마케팅 사무원,기획 및 마케팅 사무원,기획및마케팅사무원,small,3,소분류,31.0,2,False,285,3/31/311,사무 종사자 / 기획‧영업 및 인사 사무직 / 기획 및 마케팅 사무원,3,31.0,311.0,,,사무 종사자,기획‧영업 및 인사 사무직,기획 및 마케팅 사무원,,,KSCO,8,2025-01-01,,active,2026-03-10 00:55:07,JF_HR_01,hierarchy_only,,,,,,,,,,2026-03-16
3111,경영 기획 사무원,경영 기획 사무원,경영기획사무원,detail,4,세분류,311.0,0,True,286,3/31/311/3111,사무 종사자 / 기획‧영업 및 인사 사무직 / 기획 및 마케팅 사무원 / 경영 기획 사무원,3,31.0,311.0,3111.0,,사무 종사자,기획‧영업 및 인사 사무직,기획 및 마케팅 사무원,경영 기획 사무원,,KSCO,8,2025-01-01,,active,2026-03-10 00:55:07,JF_HR_01,active,auto_mapped,,,,,,,,,2026-03-16
3112,영업 및 마케팅 사무원,영업 및 마케팅 사무원,영업및마케팅사무원,detail,4,세분류,311.0,0,True,287,3/31/311/3112,사무 종사자 / 기획‧영업 및 인사 사무직 / 기획 및 마케팅 사무원 / 영업 및 마케팅 사무원,3,31.0,311.0,3112.0,,사무 종사자,기획‧영업 및 인사 사무직,기획 및 마케팅 사무원,영업 및 마케팅 사무원,,KSCO,8,2025-01-01,,active,2026-03-10 00:55:07,JF_HR_01,active,auto_mapped,,,,,,,,,2026-03-16
312,인사 및 교육·훈련 사무원,인사 및 교육·훈련 사무원,인사및교육훈련사무원,small,3,소분류,31.0,2,False,288,3/31/312,사무 종사자 / 기획‧영업 및 인사 사무직 / 인사 및 교육·훈련 사무원,3,31.0,312.0,,,사무 종사자,기획‧영업 및 인사 사무직,인사 및 교육·훈련 사무원,,,KSCO,8,2025-01-01,,active,2026-03-10 00:55:07,JF_HR_01,hierarchy_only,,,,,,,,,,2026-03-16
3121,인사 및 노무 사무원,인사 및 노무 사무원,인사및노무사무원,detail,4,세분류,312.0,0,True,289,3/31/312/3121,사무 종사자 / 기획‧영업 및 인사 사무직 / 인사 및 교육·훈련 사무원 / 인사 및 노무 사무원,3,31.0,312.0,3121.0,,사무 종사자,기획‧영업 및 인사 사무직,인사 및 교육·훈련 사무원,인사 및 노무 사무원,,KSCO,8,2025-01-01,,active,2026-03-10 00:55:07,JF_HR_01,active,auto_mapped,,,,,,,,,2026-03-16
3122,교육 및 훈련 사무원,교육 및 훈련 사무원,교육및훈련사무원,detail,4,세분류,312.0,0,True,290,3/31/312/3122,사무 종사자 / 기획‧영업 및 인사 사무직 / 인사 및 교육·훈련 사무원 / 교육 및 훈련 사무원,3,31.0,312.0,3122.0,,사무 종사자,기획‧영업 및 인사 사무직,인사 및 교육·훈련 사무원,교육 및 훈련 사무원,,KSCO,8,2025-01-01,,active,2026-03-10 00:55:07,JF_HR_01,active,auto_mapped,,,,,,,,,2026-03-16
32,자재·생산 및 운송 사무직,자재·생산 및 운송 사무직,자재생산및운송사무직,middle,2,중분류,3.0,2,False,291,3/32,사무 종사자 / 자재·생산 및 운송 사무직,3,32.0,,,,사무 종사자,자재·생산 및 운송 사무직,,,,KSCO,8,2025-01-01,,active,2026-03-10 00:55:07,JF_HR_04,hierarchy_only,,,,,,,,,,2026-03-16
321,자재 및 생산관리 사무원,자재 및 생산관리 사무원,자재및생산관리사무원,small,3,소분류,32.0,2,False,292,3/32/321,사무 종사자 / 자재·생산 및 운송 사무직 / 자재 및 생산관리 사무원,3,32.0,321.0,,,사무 종사자,자재·생산 및 운송 사무직,자재 및 생산관리 사무원,,,KSCO,8,2025-01-01,,active,2026-03-10 00:55:07,JF_HR_04,hierarchy_only,,,,,,,,,,2026-03-16
3211,자재관리 사무원,자재관리 사무원,자재관리사무원,detail,4,세분류,321.0,0,True,293,3/32/321/3211,사무 종사자 / 자재·생산 및 운송 사무직 / 자재 및 생산관리 사무원 / 자재관리 사무원,3,32.0,321.0,3211.0,,사무 종사자,자재·생산 및 운송 사무직,자재 및 생산관리 사무원,자재관리 사무원,,KSCO,8,2025-01-01,,active,2026-03-10 00:55:07,JF_OPS_02,active,auto_mapped,,,,,,,,,2026-03-23
3212,생산 및 품질관리 사무원,생산 및 품질관리 사무원,생산및품질관리사무원,detail,4,세분류,321.0,0,True,294,3/32/321/3212,사무 종사자 / 자재·생산 및 운송 사무직 / 자재 및 생산관리 사무원 / 생산 및 품질관리 사무원,3,32.0,321.0,3212.0,,사무 종사자,자재·생산 및 운송 사무직,자재 및 생산관리 사무원,생산 및 품질관리 사무원,,KSCO,8,2025-01-01,,active,2026-03-10 00:55:07,JF_MFG_02,active,auto_mapped,,,,,,,,,2026-03-23
322,운송 및 무역 사무원,운송 및 무역 사무원,운송및무역사무원,small,3,소분류,32.0,4,False,295,3/32/322,사무 종사자 / 자재·생산 및 운송 사무직 / 운송 및 무역 사무원,3,32.0,322.0,,,사무 종사자,자재·생산 및 운송 사무직,운송 및 무역 사무원,,,KSCO,8,2025-01-01,,active,2026-03-10 00:55:07,JF_SAL_01,hierarchy_only,,,,,,,,,,2026-03-23
3221,도로 및 철도운송 사무원,도로 및 철도운송 사무원,도로및철도운송사무원,detail,4,세분류,322.0,0,True,296,3/32/322/3221,사무 종사자 / 자재·생산 및 운송 사무직 / 운송 및 무역 사무원 / 도로 및 철도운송 사무원,3,32.0,322.0,3221.0,,사무 종사자,자재·생산 및 운송 사무직,운송 및 무역 사무원,도로 및 철도운송 사무원,,KSCO,8,2025-01-01,,active,2026-03-10 00:55:07,JF_SVC_01,active,auto_mapped,,,,,,,,,2026-03-23
3222,수상 및 항공운송 사무원,수상 및 항공운송 사무원,수상및항공운송사무원,detail,4,세분류,322.0,0,True,297,3/32/322/3222,사무 종사자 / 자재·생산 및 운송 사무직 / 운송 및 무역 사무원 / 수상 및 항공운송 사무원,3,32.0,322.0,3222.0,,사무 종사자,자재·생산 및 운송 사무직,운송 및 무역 사무원,수상 및 항공운송 사무원,,KSCO,8,2025-01-01,,active,2026-03-10 00:55:07,JF_SVC_01,active,auto_mapped,,,,,,,,,2026-03-23
3223,무역 사무원,무역 사무원,무역사무원,detail,4,세분류,322.0,0,True,298,3/32/322/3223,사무 종사자 / 자재·생산 및 운송 사무직 / 운송 및 무역 사무원 / 무역 사무원,3,32.0,322.0,3223.0,,사무 종사자,자재·생산 및 운송 사무직,운송 및 무역 사무원,무역 사무원,,KSCO,8,2025-01-01,,active,2026-03-10 00:55:07,JF_SVC_01,active,auto_mapped,,,,,,,,,2026-03-23
3229,기타 운송 및 무역 사무원,기타 운송 및 무역 사무원,기타운송및무역사무원,detail,4,세분류,322.0,0,True,299,3/32/322/3229,사무 종사자 / 자재·생산 및 운송 사무직 / 운송 및 무역 사무원 / 기타 운송 및 무역 사무원,3,32.0,322.0,3229.0,,사무 종사자,자재·생산 및 운송 사무직,운송 및 무역 사무원,기타 운송 및 무역 사무원,,KSCO,8,2025-01-01,,active,2026-03-10 00:55:07,JF_OPS_07,active,auto_mapped,,,,,,,,,2026-03-23
33,회계·경리 및 통계 사무직,회계·경리 및 통계 사무직,회계경리및통계사무직,middle,2,중분류,3.0,2,False,300,3/33,사무 종사자 / 회계·경리 및 통계 사무직,3,33.0,,,,사무 종사자,회계·경리 및 통계 사무직,,,,KSCO,8,2025-01-01,,active,2026-03-10 00:55:07,JF_FIN_01,hierarchy_only,,,,,,,,,,2026-03-16
331,회계 및 경리 사무원,회계 및 경리 사무원,회계및경리사무원,small,3,소분류,33.0,2,False,301,3/33/331,사무 종사자 / 회계·경리 및 통계 사무직 / 회계 및 경리 사무원,3,33.0,331.0,,,사무 종사자,회계·경리 및 통계 사무직,회계 및 경리 사무원,,,KSCO,8,2025-01-01,,active,2026-03-10 00:55:07,JF_FIN_01,hierarchy_only,,,,,,,,,,2026-03-16
3311,회계 사무원,회계 사무원,회계사무원,detail,4,세분류,331.0,0,True,302,3/33/331/3311,사무 종사자 / 회계·경리 및 통계 사무직 / 회계 및 경리 사무원 / 회계 사무원,3,33.0,331.0,3311.0,,사무 종사자,회계·경리 및 통계 사무직,회계 및 경리 사무원,회계 사무원,,KSCO,8,2025-01-01,,active,2026-03-10 00:55:07,JF_FIN_01,active,auto_mapped,,,,,,,,,2026-03-16
3312,경리 사무원,경리 사무원,경리사무원,detail,4,세분류,331.0,0,True,303,3/33/331/3312,사무 종사자 / 회계·경리 및 통계 사무직 / 회계 및 경리 사무원 / 경리 사무원,3,33.0,331.0,3312.0,,사무 종사자,회계·경리 및 통계 사무직,회계 및 경리 사무원,경리 사무원,,KSCO,8,2025-01-01,,active,2026-03-10 00:55:07,JF_FIN_01,active,auto_mapped,,,,,,,,,2026-03-16
332,통계‧데이터 관련 사무원,통계‧데이터 관련 사무원,통계데이터관련사무원,small,3,소분류,33.0,1,False,304,3/33/332,사무 종사자 / 회계·경리 및 통계 사무직 / 통계‧데이터 관련 사무원,3,33.0,332.0,,,사무 종사자,회계·경리 및 통계 사무직,통계‧데이터 관련 사무원,,,KSCO,8,2025-01-01,,active,2026-03-10 00:55:07,JF_FIN_01,hierarchy_only,,,,,,,,,,2026-03-16
3320,통계‧데이터 관련 사무원,통계‧데이터 관련 사무원,통계데이터관련사무원,detail,4,세분류,332.0,0,True,305,3/33/332/3320,사무 종사자 / 회계·경리 및 통계 사무직 / 통계‧데이터 관련 사무원 / 통계‧데이터 관련 사무원,3,33.0,332.0,3320.0,,사무 종사자,회계·경리 및 통계 사무직,통계‧데이터 관련 사무원,통계‧데이터 관련 사무원,,KSCO,8,2025-01-01,,active,2026-03-10 00:55:07,JF_AI_04,active,auto_mapped,,,,,,,,,2026-03-23
34,금융 사무직,금융 사무직,금융사무직,middle,2,중분류,3.0,1,False,306,3/34,사무 종사자 / 금융 사무직,3,34.0,,,,사무 종사자,금융 사무직,,,,KSCO,8,2025-01-01,,active,2026-03-10 00:55:07,JF_HR_04,hierarchy_only,,,,,,,,,,2026-03-16
340,금융 사무 종사자,금융 사무 종사자,금융사무종사자,small,3,소분류,34.0,6,False,307,3/34/340,사무 종사자 / 금융 사무직 / 금융 사무 종사자,3,34.0,340.0,,,사무 종사자,금융 사무직,금융 사무 종사자,,,KSCO,8,2025-01-01,,active,2026-03-10 00:55:07,JF_HR_04,hierarchy_only,,,,,,,,,,2026-03-16
3401,출납 창구 사무원,출납 창구 사무원,출납창구사무원,detail,4,세분류,340.0,0,True,308,3/34/340/3401,사무 종사자 / 금융 사무직 / 금융 사무 종사자 / 출납 창구 사무원,3,34.0,340.0,3401.0,,사무 종사자,금융 사무직,금융 사무 종사자,출납 창구 사무원,,KSCO,8,2025-01-01,,active,2026-03-10 00:55:07,JF_BNK_01,active,auto_mapped,,,,,,,,,2026-03-23
3402,보험 심사원 및 사무원,보험 심사원 및 사무원,보험심사원및사무원,detail,4,세분류,340.0,0,True,309,3/34/340/3402,사무 종사자 / 금융 사무직 / 금융 사무 종사자 / 보험 심사원 및 사무원,3,34.0,340.0,3402.0,,사무 종사자,금융 사무직,금융 사무 종사자,보험 심사원 및 사무원,,KSCO,8,2025-01-01,,active,2026-03-10 00:55:07,JF_BNK_08,active,auto_mapped,,,,,,,,,2026-03-23
3403,은행 사무원,은행 사무원,은행사무원,detail,4,세분류,340.0,0,True,310,3/34/340/3403,사무 종사자 / 금융 사무직 / 금융 사무 종사자 / 은행 사무원,3,34.0,340.0,3403.0,,사무 종사자,금융 사무직,금융 사무 종사자,은행 사무원,,KSCO,8,2025-01-01,,active,2026-03-10 00:55:07,JF_BNK_01,active,auto_mapped,,,,,,,,,2026-03-23
3404,증권 사무원,증권 사무원,증권사무원,detail,4,세분류,340.0,0,True,311,3/34/340/3404,사무 종사자 / 금융 사무직 / 금융 사무 종사자 / 증권 사무원,3,34.0,340.0,3404.0,,사무 종사자,금융 사무직,금융 사무 종사자,증권 사무원,,KSCO,8,2025-01-01,,active,2026-03-10 00:55:07,JF_BNK_09,active,auto_mapped,,,,,,,,,2026-03-23
3405,수금원 및 신용 추심원,수금원 및 신용 추심원,수금원및신용추심원,detail,4,세분류,340.0,0,True,312,3/34/340/3405,사무 종사자 / 금융 사무직 / 금융 사무 종사자 / 수금원 및 신용 추심원,3,34.0,340.0,3405.0,,사무 종사자,금융 사무직,금융 사무 종사자,수금원 및 신용 추심원,,KSCO,8,2025-01-01,,active,2026-03-10 00:55:07,JF_BNK_08,active,auto_mapped,,,,,,,,,2026-03-23
3409,기타 금융 사무원,기타 금융 사무원,기타금융사무원,detail,4,세분류,340.0,0,True,313,3/34/340/3409,사무 종사자 / 금융 사무직 / 금융 사무 종사자 / 기타 금융 사무원,3,34.0,340.0,3409.0,,사무 종사자,금융 사무직,금융 사무 종사자,기타 금융 사무원,,KSCO,8,2025-01-01,,active,2026-03-10 00:55:07,JF_BNK_01,active,auto_mapped,,,,,,,,,2026-03-23
35,법률‧감사 및 정부 행정 사무직,법률‧감사 및 정부 행정 사무직,법률감사및정부행정사무직,middle,2,중분류,3.0,2,False,314,3/35,사무 종사자 / 법률‧감사 및 정부 행정 사무직,3,35.0,,,,사무 종사자,법률‧감사 및 정부 행정 사무직,,,,KSCO,8,2025-01-01,,active,2026-03-10 00:55:07,JF_FIN_04,hierarchy_only,,,,,,,,,,2026-03-16
351,법률 및 감사 사무 종사자,법률 및 감사 사무 종사자,법률및감사사무종사자,small,3,소분류,35.0,2,False,315,3/35/351,사무 종사자 / 법률‧감사 및 정부 행정 사무직 / 법률 및 감사 사무 종사자,3,35.0,351.0,,,사무 종사자,법률‧감사 및 정부 행정 사무직,법률 및 감사 사무 종사자,,,KSCO,8,2025-01-01,,active,2026-03-10 00:55:07,JF_FIN_04,hierarchy_only,,,,,,,,,,2026-03-16
3511,법률 관련 사무원,법률 관련 사무원,법률관련사무원,detail,4,세분류,351.0,0,True,316,3/35/351/3511,사무 종사자 / 법률‧감사 및 정부 행정 사무직 / 법률 및 감사 사무 종사자 / 법률 관련 사무원,3,35.0,351.0,3511.0,,사무 종사자,법률‧감사 및 정부 행정 사무직,법률 및 감사 사무 종사자,법률 관련 사무원,,KSCO,8,2025-01-01,,active,2026-03-10 00:55:07,JF_FIN_04,active,auto_mapped,,,,,,,,,2026-03-16
3512,감사 사무원,감사 사무원,감사사무원,detail,4,세분류,351.0,0,True,317,3/35/351/3512,사무 종사자 / 법률‧감사 및 정부 행정 사무직 / 법률 및 감사 사무 종사자 / 감사 사무원,3,35.0,351.0,3512.0,,사무 종사자,법률‧감사 및 정부 행정 사무직,법률 및 감사 사무 종사자,감사 사무원,,KSCO,8,2025-01-01,,active,2026-03-10 00:55:07,JF_FIN_04,active,auto_mapped,,,,,,,,,2026-03-16
352,정부 행정 사무 종사자,정부 행정 사무 종사자,정부행정사무종사자,small,3,소분류,35.0,4,False,318,3/35/352,사무 종사자 / 법률‧감사 및 정부 행정 사무직 / 정부 행정 사무 종사자,3,35.0,352.0,,,사무 종사자,법률‧감사 및 정부 행정 사무직,정부 행정 사무 종사자,,,KSCO,8,2025-01-01,,active,2026-03-10 00:55:07,JF_FIN_04,hierarchy_only,,,,,,,,,,2026-03-16
3521,조세 행정 사무원,조세 행정 사무원,조세행정사무원,detail,4,세분류,352.0,0,True,319,3/35/352/3521,사무 종사자 / 법률‧감사 및 정부 행정 사무직 / 정부 행정 사무 종사자 / 조세 행정 사무원,3,35.0,352.0,3521.0,,사무 종사자,법률‧감사 및 정부 행정 사무직,정부 행정 사무 종사자,조세 행정 사무원,,KSCO,8,2025-01-01,,active,2026-03-10 00:55:07,JF_FIN_04,active,auto_mapped,,,,,,,,,2026-03-16
3522,관세 행정 사무원,관세 행정 사무원,관세행정사무원,detail,4,세분류,352.0,0,True,320,3/35/352/3522,사무 종사자 / 법률‧감사 및 정부 행정 사무직 / 정부 행정 사무 종사자 / 관세 행정 사무원,3,35.0,352.0,3522.0,,사무 종사자,법률‧감사 및 정부 행정 사무직,정부 행정 사무 종사자,관세 행정 사무원,,KSCO,8,2025-01-01,,active,2026-03-10 00:55:07,JF_FIN_04,active,auto_mapped,,,,,,,,,2026-03-16
3523,병무 행정 사무원,병무 행정 사무원,병무행정사무원,detail,4,세분류,352.0,0,True,321,3/35/352/3523,사무 종사자 / 법률‧감사 및 정부 행정 사무직 / 정부 행정 사무 종사자 / 병무 행정 사무원,3,35.0,352.0,3523.0,,사무 종사자,법률‧감사 및 정부 행정 사무직,정부 행정 사무 종사자,병무 행정 사무원,,KSCO,8,2025-01-01,,active,2026-03-10 00:55:07,JF_FIN_04,active,auto_mapped,,,,,,,,,2026-03-16
3529,기타 정부 행정 사무원,기타 정부 행정 사무원,기타정부행정사무원,detail,4,세분류,352.0,0,True,322,3/35/352/3529,사무 종사자 / 법률‧감사 및 정부 행정 사무직 / 정부 행정 사무 종사자 / 기타 정부 행정 사무원,3,35.0,352.0,3529.0,,사무 종사자,법률‧감사 및 정부 행정 사무직,정부 행정 사무 종사자,기타 정부 행정 사무원,,KSCO,8,2025-01-01,,active,2026-03-10 00:55:07,JF_FIN_04,active,auto_mapped,,,,,,,,,2026-03-16
36,상담‧안내 및 접수 사무직,상담‧안내 및 접수 사무직,상담안내및접수사무직,middle,2,중분류,3.0,2,False,323,3/36,사무 종사자 / 상담‧안내 및 접수 사무직,3,36.0,,,,사무 종사자,상담‧안내 및 접수 사무직,,,,KSCO,8,2025-01-01,,active,2026-03-10 00:55:07,JF_HR_04,hierarchy_only,,,,,,,,,,2026-03-16
361,여행‧안내 및 접수 사무원,여행‧안내 및 접수 사무원,여행안내및접수사무원,small,3,소분류,36.0,2,False,324,3/36/361,사무 종사자 / 상담‧안내 및 접수 사무직 / 여행‧안내 및 접수 사무원,3,36.0,361.0,,,사무 종사자,상담‧안내 및 접수 사무직,여행‧안내 및 접수 사무원,,,KSCO,8,2025-01-01,,active,2026-03-10 00:55:07,JF_HR_04,hierarchy_only,,,,,,,,,,2026-03-16
3611,여행 사무원,여행 사무원,여행사무원,detail,4,세분류,361.0,0,True,325,3/36/361/3611,사무 종사자 / 상담‧안내 및 접수 사무직 / 여행‧안내 및 접수 사무원 / 여행 사무원,3,36.0,361.0,3611.0,,사무 종사자,상담‧안내 및 접수 사무직,여행‧안내 및 접수 사무원,여행 사무원,,KSCO,8,2025-01-01,,active,2026-03-10 00:55:07,JF_HR_04,active,auto_mapped,,,,,,,,,2026-03-16
3612,안내‧접수원 및 전화교환원,안내‧접수원 및 전화교환원,안내접수원및전화교환원,detail,4,세분류,361.0,0,True,326,3/36/361/3612,사무 종사자 / 상담‧안내 및 접수 사무직 / 여행‧안내 및 접수 사무원 / 안내‧접수원 및 전화교환원,3,36.0,361.0,3612.0,,사무 종사자,상담‧안내 및 접수 사무직,여행‧안내 및 접수 사무원,안내‧접수원 및 전화교환원,,KSCO,8,2025-01-01,,active,2026-03-10 00:55:07,JF_HR_04,active,auto_mapped,,,,,,,,,2026-03-16
362,고객 상담 및 모니터 요원,고객 상담 및 모니터 요원,고객상담및모니터요원,small,3,소분류,36.0,1,False,327,3/36/362,사무 종사자 / 상담‧안내 및 접수 사무직 / 고객 상담 및 모니터 요원,3,36.0,362.0,,,사무 종사자,상담‧안내 및 접수 사무직,고객 상담 및 모니터 요원,,,KSCO,8,2025-01-01,,active,2026-03-10 00:55:07,JF_HR_04,hierarchy_only,,,,,,,,,,2026-03-16
3620,고객 상담 및 모니터 요원,고객 상담 및 모니터 요원,고객상담및모니터요원,detail,4,세분류,362.0,0,True,328,3/36/362/3620,사무 종사자 / 상담‧안내 및 접수 사무직 / 고객 상담 및 모니터 요원 / 고객 상담 및 모니터 요원,3,36.0,362.0,3620.0,,사무 종사자,상담‧안내 및 접수 사무직,고객 상담 및 모니터 요원,고객 상담 및 모니터 요원,,KSCO,8,2025-01-01,,active,2026-03-10 00:55:07,JF_HR_04,active,auto_mapped,,,,,,,,,2026-03-16
37,일반 지원 사무직,일반 지원 사무직,일반지원사무직,middle,2,중분류,3.0,2,False,329,3/37,사무 종사자 / 일반 지원 사무직,3,37.0,,,,사무 종사자,일반 지원 사무직,,,,KSCO,8,2025-01-01,,active,2026-03-10 00:55:07,JF_HR_04,hierarchy_only,,,,,,,,,,2026-03-16
371,총무 사무원 및 대학 행정조교,총무 사무원 및 대학 행정조교,총무사무원및대학행정조교,small,3,소분류,37.0,1,False,330,3/37/371,사무 종사자 / 일반 지원 사무직 / 총무 사무원 및 대학 행정조교,3,37.0,371.0,,,사무 종사자,일반 지원 사무직,총무 사무원 및 대학 행정조교,,,KSCO,8,2025-01-01,,active,2026-03-10 00:55:07,JF_HR_04,hierarchy_only,,,,,,,,,,2026-03-16
3710,총무 사무원 및 대학 행정조교,총무 사무원 및 대학 행정조교,총무사무원및대학행정조교,detail,4,세분류,371.0,0,True,331,3/37/371/3710,사무 종사자 / 일반 지원 사무직 / 총무 사무원 및 대학 행정조교 / 총무 사무원 및 대학 행정조교,3,37.0,371.0,3710.0,,사무 종사자,일반 지원 사무직,총무 사무원 및 대학 행정조교,총무 사무원 및 대학 행정조교,,KSCO,8,2025-01-01,,active,2026-03-10 00:55:07,JF_HR_04,active,auto_mapped,,,,,,,,,2026-03-16
372,비서 및 사무 지원 종사자,비서 및 사무 지원 종사자,비서및사무지원종사자,small,3,소분류,37.0,6,False,332,3/37/372,사무 종사자 / 일반 지원 사무직 / 비서 및 사무 지원 종사자,3,37.0,372.0,,,사무 종사자,일반 지원 사무직,비서 및 사무 지원 종사자,,,KSCO,8,2025-01-01,,active,2026-03-10 00:55:07,JF_HR_04,hierarchy_only,,,,,,,,,,2026-03-16
3721,비서,비서,비서,detail,4,세분류,372.0,0,True,333,3/37/372/3721,사무 종사자 / 일반 지원 사무직 / 비서 및 사무 지원 종사자 / 비서,3,37.0,372.0,3721.0,,사무 종사자,일반 지원 사무직,비서 및 사무 지원 종사자,비서,,KSCO,8,2025-01-01,,active,2026-03-10 00:55:07,JF_HR_04,active,auto_mapped,,,,,,,,,2026-03-16
3722,연예인 및 스포츠 매니저,연예인 및 스포츠 매니저,연예인및스포츠매니저,detail,4,세분류,372.0,0,True,334,3/37/372/3722,사무 종사자 / 일반 지원 사무직 / 비서 및 사무 지원 종사자 / 연예인 및 스포츠 매니저,3,37.0,372.0,3722.0,,사무 종사자,일반 지원 사무직,비서 및 사무 지원 종사자,연예인 및 스포츠 매니저,,KSCO,8,2025-01-01,,active,2026-03-10 00:55:07,JF_MED_04,active,auto_mapped,,,,,,,,,2026-03-23
3723,전산 자료 입력원,전산 자료 입력원,전산자료입력원,detail,4,세분류,372.0,0,True,335,3/37/372/3723,사무 종사자 / 일반 지원 사무직 / 비서 및 사무 지원 종사자 / 전산 자료 입력원,3,37.0,372.0,3723.0,,사무 종사자,일반 지원 사무직,비서 및 사무 지원 종사자,전산 자료 입력원,,KSCO,8,2025-01-01,,active,2026-03-10 00:55:07,JF_HR_04,active,auto_mapped,,,,,,,,,2026-03-16
3724,속기사,속기사,속기사,detail,4,세분류,372.0,0,True,336,3/37/372/3724,사무 종사자 / 일반 지원 사무직 / 비서 및 사무 지원 종사자 / 속기사,3,37.0,372.0,3724.0,,사무 종사자,일반 지원 사무직,비서 및 사무 지원 종사자,속기사,,KSCO,8,2025-01-01,,active,2026-03-10 00:55:07,JF_HR_04,active,auto_mapped,,,,,,,,,2026-03-16
3725,자원봉사 관리원,자원봉사 관리원,자원봉사관리원,detail,4,세분류,372.0,0,True,337,3/37/372/3725,사무 종사자 / 일반 지원 사무직 / 비서 및 사무 지원 종사자 / 자원봉사 관리원,3,37.0,372.0,3725.0,,사무 종사자,일반 지원 사무직,비서 및 사무 지원 종사자,자원봉사 관리원,,KSCO,8,2025-01-01,,active,2026-03-10 00:55:07,JF_HR_04,active,auto_mapped,,,,,,,,,2026-03-16
3729,기타 사무 지원 종사원,기타 사무 지원 종사원,기타사무지원종사원,detail,4,세분류,372.0,0,True,338,3/37/372/3729,사무 종사자 / 일반 지원 사무직 / 비서 및 사무 지원 종사자 / 기타 사무 지원 종사원,3,37.0,372.0,3729.0,,사무 종사자,일반 지원 사무직,비서 및 사무 지원 종사자,기타 사무 지원 종사원,,KSCO,8,2025-01-01,,active,2026-03-10 00:55:07,JF_HR_04,active,auto_mapped,,,,,,,,,2026-03-16
4,서비스 종사자,서비스 종사자,서비스종사자,major,1,대분류,,5,False,339,4,서비스 종사자,4,,,,,서비스 종사자,,,,,KSCO,8,2025-01-01,,active,2026-03-10 00:55:07,JF_SVC_03,hierarchy_only,,,,,,,,,,2026-03-16
41,경찰‧소방 및 보안 관련 서비스직,경찰‧소방 및 보안 관련 서비스직,경찰소방및보안관련서비스직,middle,2,중분류,4.0,2,False,340,4/41,서비스 종사자 / 경찰‧소방 및 보안 관련 서비스직,4,41.0,,,,서비스 종사자,경찰‧소방 및 보안 관련 서비스직,,,,KSCO,8,2025-01-01,,active,2026-03-10 00:55:07,JF_SVC_05,hierarchy_only,,,,,,,,,,2026-03-16
411,경찰‧소방 및 교도 관련 종사자,경찰‧소방 및 교도 관련 종사자,경찰소방및교도관련종사자,small,3,소분류,41.0,3,False,341,4/41/411,서비스 종사자 / 경찰‧소방 및 보안 관련 서비스직 / 경찰‧소방 및 교도 관련 종사자,4,41.0,411.0,,,서비스 종사자,경찰‧소방 및 보안 관련 서비스직,경찰‧소방 및 교도 관련 종사자,,,KSCO,8,2025-01-01,,active,2026-03-10 00:55:07,JF_SVC_05,hierarchy_only,,,,,,,,,,2026-03-16
4111,경찰관 및 수사관,경찰관 및 수사관,경찰관및수사관,detail,4,세분류,411.0,0,True,342,4/41/411/4111,서비스 종사자 / 경찰‧소방 및 보안 관련 서비스직 / 경찰‧소방 및 교도 관련 종사자 / 경찰관 및 수사관,4,41.0,411.0,4111.0,,서비스 종사자,경찰‧소방 및 보안 관련 서비스직,경찰‧소방 및 교도 관련 종사자,경찰관 및 수사관,,KSCO,8,2025-01-01,,active,2026-03-10 00:55:07,JF_SVC_05,active,auto_mapped,,,,,,,,,2026-03-16
4112,소방관,소방관,소방관,detail,4,세분류,411.0,0,True,343,4/41/411/4112,서비스 종사자 / 경찰‧소방 및 보안 관련 서비스직 / 경찰‧소방 및 교도 관련 종사자 / 소방관,4,41.0,411.0,4112.0,,서비스 종사자,경찰‧소방 및 보안 관련 서비스직,경찰‧소방 및 교도 관련 종사자,소방관,,KSCO,8,2025-01-01,,active,2026-03-10 00:55:07,JF_SVC_05,active,auto_mapped,,,,,,,,,2026-03-16
4113,소년원 학교 교사 및 교도관,소년원 학교 교사 및 교도관,소년원학교교사및교도관,detail,4,세분류,411.0,0,True,344,4/41/411/4113,서비스 종사자 / 경찰‧소방 및 보안 관련 서비스직 / 경찰‧소방 및 교도 관련 종사자 / 소년원 학교 교사 및 교도관,4,41.0,411.0,4113.0,,서비스 종사자,경찰‧소방 및 보안 관련 서비스직,경찰‧소방 및 교도 관련 종사자,소년원 학교 교사 및 교도관,,KSCO,8,2025-01-01,,active,2026-03-10 00:55:07,JF_SVC_05,active,auto_mapped,,,,,,,,,2026-03-16
412,경호 및 보안 관련 종사자,경호 및 보안 관련 종사자,경호및보안관련종사자,small,3,소분류,41.0,5,False,345,4/41/412,서비스 종사자 / 경찰‧소방 및 보안 관련 서비스직 / 경호 및 보안 관련 종사자,4,41.0,412.0,,,서비스 종사자,경찰‧소방 및 보안 관련 서비스직,경호 및 보안 관련 종사자,,,KSCO,8,2025-01-01,,active,2026-03-10 00:55:07,JF_SVC_05,hierarchy_only,,,,,,,,,,2026-03-16
4121,경호원,경호원,경호원,detail,4,세분류,412.0,0,True,346,4/41/412/4121,서비스 종사자 / 경찰‧소방 및 보안 관련 서비스직 / 경호 및 보안 관련 종사자 / 경호원,4,41.0,412.0,4121.0,,서비스 종사자,경찰‧소방 및 보안 관련 서비스직,경호 및 보안 관련 종사자,경호원,,KSCO,8,2025-01-01,,active,2026-03-10 00:55:07,JF_SVC_05,active,auto_mapped,,,,,,,,,2026-03-16
4122,청원경찰,청원경찰,청원경찰,detail,4,세분류,412.0,0,True,347,4/41/412/4122,서비스 종사자 / 경찰‧소방 및 보안 관련 서비스직 / 경호 및 보안 관련 종사자 / 청원경찰,4,41.0,412.0,4122.0,,서비스 종사자,경찰‧소방 및 보안 관련 서비스직,경호 및 보안 관련 종사자,청원경찰,,KSCO,8,2025-01-01,,active,2026-03-10 00:55:07,JF_SVC_05,active,auto_mapped,,,,,,,,,2026-03-16
4123,시설 및 특수 경비원,시설 및 특수 경비원,시설및특수경비원,detail,4,세분류,412.0,0,True,348,4/41/412/4123,서비스 종사자 / 경찰‧소방 및 보안 관련 서비스직 / 경호 및 보안 관련 종사자 / 시설 및 특수 경비원,4,41.0,412.0,4123.0,,서비스 종사자,경찰‧소방 및 보안 관련 서비스직,경호 및 보안 관련 종사자,시설 및 특수 경비원,,KSCO,8,2025-01-01,,active,2026-03-10 00:55:07,JF_SVC_05,active,auto_mapped,,,,,,,,,2026-03-16
4124,보안 관제원,보안 관제원,보안관제원,detail,4,세분류,412.0,0,True,349,4/41/412/4124,서비스 종사자 / 경찰‧소방 및 보안 관련 서비스직 / 경호 및 보안 관련 종사자 / 보안 관제원,4,41.0,412.0,4124.0,,서비스 종사자,경찰‧소방 및 보안 관련 서비스직,경호 및 보안 관련 종사자,보안 관제원,,KSCO,8,2025-01-01,,active,2026-03-10 00:55:07,JF_SVC_05,active,auto_mapped,,,,,,,,,2026-03-16
4129,기타 경호 및 보안 관련 종사원,기타 경호 및 보안 관련 종사원,기타경호및보안관련종사원,detail,4,세분류,412.0,0,True,350,4/41/412/4129,서비스 종사자 / 경찰‧소방 및 보안 관련 서비스직 / 경호 및 보안 관련 종사자 / 기타 경호 및 보안 관련 종사원,4,41.0,412.0,4129.0,,서비스 종사자,경찰‧소방 및 보안 관련 서비스직,경호 및 보안 관련 종사자,기타 경호 및 보안 관련 종사원,,KSCO,8,2025-01-01,,active,2026-03-10 00:55:07,JF_SVC_05,active,auto_mapped,,,,,,,,,2026-03-16
42,돌봄 및 보건 서비스직,돌봄 및 보건 서비스직,돌봄및보건서비스직,middle,2,중분류,4.0,4,False,351,4/42,서비스 종사자 / 돌봄 및 보건 서비스직,4,42.0,,,,서비스 종사자,돌봄 및 보건 서비스직,,,,KSCO,8,2025-01-01,,active,2026-03-10 00:55:07,JF_EDU_03,hierarchy_only,,,,,,,,,,2026-03-16
421,교사 보조 및 아동 돌봄 종사자,교사 보조 및 아동 돌봄 종사자,교사보조및아동돌봄종사자,small,3,소분류,42.0,3,False,352,4/42/421,서비스 종사자 / 돌봄 및 보건 서비스직 / 교사 보조 및 아동 돌봄 종사자,4,42.0,421.0,,,서비스 종사자,돌봄 및 보건 서비스직,교사 보조 및 아동 돌봄 종사자,,,KSCO,8,2025-01-01,,active,2026-03-10 00:55:07,JF_EDU_03,hierarchy_only,,,,,,,,,,2026-03-16
4211,교사 보조 및 관련 종사원,교사 보조 및 관련 종사원,교사보조및관련종사원,detail,4,세분류,421.0,0,True,353,4/42/421/4211,서비스 종사자 / 돌봄 및 보건 서비스직 / 교사 보조 및 아동 돌봄 종사자 / 교사 보조 및 관련 종사원,4,42.0,421.0,4211.0,,서비스 종사자,돌봄 및 보건 서비스직,교사 보조 및 아동 돌봄 종사자,교사 보조 및 관련 종사원,,KSCO,8,2025-01-01,,active,2026-03-10 00:55:07,JF_EDU_03,active,auto_mapped,,,,,,,,,2026-03-16
4212,보육 관련 시설 돌봄 종사원,보육 관련 시설 돌봄 종사원,보육관련시설돌봄종사원,detail,4,세분류,421.0,0,True,354,4/42/421/4212,서비스 종사자 / 돌봄 및 보건 서비스직 / 교사 보조 및 아동 돌봄 종사자 / 보육 관련 시설 돌봄 종사원,4,42.0,421.0,4212.0,,서비스 종사자,돌봄 및 보건 서비스직,교사 보조 및 아동 돌봄 종사자,보육 관련 시설 돌봄 종사원,,KSCO,8,2025-01-01,,active,2026-03-10 00:55:07,JF_EDU_03,active,auto_mapped,,,,,,,,,2026-03-16
4219,기타 교사 보조 및 아동 돌봄 종사원,기타 교사 보조 및 아동 돌봄 종사원,기타교사보조및아동돌봄종사원,detail,4,세분류,421.0,0,True,355,4/42/421/4219,서비스 종사자 / 돌봄 및 보건 서비스직 / 교사 보조 및 아동 돌봄 종사자 / 기타 교사 보조 및 아동 돌봄 종사원,4,42.0,421.0,4219.0,,서비스 종사자,돌봄 및 보건 서비스직,교사 보조 및 아동 돌봄 종사자,기타 교사 보조 및 아동 돌봄 종사원,,KSCO,8,2025-01-01,,active,2026-03-10 00:55:07,JF_EDU_03,active,auto_mapped,,,,,,,,,2026-03-16
422,요양보호사 및 간병인,요양보호사 및 간병인,요양보호사및간병인,small,3,소분류,42.0,2,False,356,4/42/422,서비스 종사자 / 돌봄 및 보건 서비스직 / 요양보호사 및 간병인,4,42.0,422.0,,,서비스 종사자,돌봄 및 보건 서비스직,요양보호사 및 간병인,,,KSCO,8,2025-01-01,,active,2026-03-10 00:55:07,JF_EDU_03,hierarchy_only,,,,,,,,,,2026-03-16
4221,요양보호사,요양보호사,요양보호사,detail,4,세분류,422.0,0,True,357,4/42/422/4221,서비스 종사자 / 돌봄 및 보건 서비스직 / 요양보호사 및 간병인 / 요양보호사,4,42.0,422.0,4221.0,,서비스 종사자,돌봄 및 보건 서비스직,요양보호사 및 간병인,요양보호사,,KSCO,8,2025-01-01,,active,2026-03-10 00:55:07,JF_EDU_03,active,auto_mapped,,,,,,,,,2026-03-16
4222,간병인,간병인,간병인,detail,4,세분류,422.0,0,True,358,4/42/422/4222,서비스 종사자 / 돌봄 및 보건 서비스직 / 요양보호사 및 간병인 / 간병인,4,42.0,422.0,4222.0,,서비스 종사자,돌봄 및 보건 서비스직,요양보호사 및 간병인,간병인,,KSCO,8,2025-01-01,,active,2026-03-10 00:55:07,JF_EDU_03,active,auto_mapped,,,,,,,,,2026-03-16
423,노인 및 장애인 돌봄 종사자,노인 및 장애인 돌봄 종사자,노인및장애인돌봄종사자,small,3,소분류,42.0,2,False,359,4/42/423,서비스 종사자 / 돌봄 및 보건 서비스직 / 노인 및 장애인 돌봄 종사자,4,42.0,423.0,,,서비스 종사자,돌봄 및 보건 서비스직,노인 및 장애인 돌봄 종사자,,,KSCO,8,2025-01-01,,active,2026-03-10 00:55:07,JF_EDU_03,hierarchy_only,,,,,,,,,,2026-03-16
4231,노인 돌봄 종사원,노인 돌봄 종사원,노인돌봄종사원,detail,4,세분류,423.0,0,True,360,4/42/423/4231,서비스 종사자 / 돌봄 및 보건 서비스직 / 노인 및 장애인 돌봄 종사자 / 노인 돌봄 종사원,4,42.0,423.0,4231.0,,서비스 종사자,돌봄 및 보건 서비스직,노인 및 장애인 돌봄 종사자,노인 돌봄 종사원,,KSCO,8,2025-01-01,,active,2026-03-10 00:55:07,JF_EDU_03,active,auto_mapped,,,,,,,,,2026-03-16
4232,장애인 돌봄 종사원,장애인 돌봄 종사원,장애인돌봄종사원,detail,4,세분류,423.0,0,True,361,4/42/423/4232,서비스 종사자 / 돌봄 및 보건 서비스직 / 노인 및 장애인 돌봄 종사자 / 장애인 돌봄 종사원,4,42.0,423.0,4232.0,,서비스 종사자,돌봄 및 보건 서비스직,노인 및 장애인 돌봄 종사자,장애인 돌봄 종사원,,KSCO,8,2025-01-01,,active,2026-03-10 00:55:07,JF_EDU_03,active,auto_mapped,,,,,,,,,2026-03-16
429,기타 돌봄 및 보건 서비스 종사자,기타 돌봄 및 보건 서비스 종사자,기타돌봄및보건서비스종사자,small,3,소분류,42.0,1,False,362,4/42/429,서비스 종사자 / 돌봄 및 보건 서비스직 / 기타 돌봄 및 보건 서비스 종사자,4,42.0,429.0,,,서비스 종사자,돌봄 및 보건 서비스직,기타 돌봄 및 보건 서비스 종사자,,,KSCO,8,2025-01-01,,active,2026-03-10 00:55:07,JF_EDU_03,hierarchy_only,,,,,,,,,,2026-03-16
4290,기타 돌봄 및 보건 서비스 종사원,기타 돌봄 및 보건 서비스 종사원,기타돌봄및보건서비스종사원,detail,4,세분류,429.0,0,True,363,4/42/429/4290,서비스 종사자 / 돌봄 및 보건 서비스직 / 기타 돌봄 및 보건 서비스 종사자 / 기타 돌봄 및 보건 서비스 종사원,4,42.0,429.0,4290.0,,서비스 종사자,돌봄 및 보건 서비스직,기타 돌봄 및 보건 서비스 종사자,기타 돌봄 및 보건 서비스 종사원,,KSCO,8,2025-01-01,,active,2026-03-10 00:55:07,JF_EDU_03,active,auto_mapped,,,,,,,,,2026-03-16
43,개인 생활 서비스직,개인 생활 서비스직,개인생활서비스직,middle,2,중분류,4.0,4,False,364,4/43,서비스 종사자 / 개인 생활 서비스직,4,43.0,,,,서비스 종사자,개인 생활 서비스직,,,,KSCO,8,2025-01-01,,active,2026-03-10 00:55:07,JF_SVC_03,hierarchy_only,,,,,,,,,,2026-03-16
431,미용 관련 서비스 종사자,미용 관련 서비스 종사자,미용관련서비스종사자,small,3,소분류,43.0,6,False,365,4/43/431,서비스 종사자 / 개인 생활 서비스직 / 미용 관련 서비스 종사자,4,43.0,431.0,,,서비스 종사자,개인 생활 서비스직,미용 관련 서비스 종사자,,,KSCO,8,2025-01-01,,active,2026-03-10 00:55:07,JF_SVC_03,hierarchy_only,,,,,,,,,,2026-03-16
4311,이용사,이용사,이용사,detail,4,세분류,431.0,0,True,366,4/43/431/4311,서비스 종사자 / 개인 생활 서비스직 / 미용 관련 서비스 종사자 / 이용사,4,43.0,431.0,4311.0,,서비스 종사자,개인 생활 서비스직,미용 관련 서비스 종사자,이용사,,KSCO,8,2025-01-01,,active,2026-03-10 00:55:07,JF_SVC_03,active,auto_mapped,,,,,,,,,2026-03-16
4312,미용사,미용사,미용사,detail,4,세분류,431.0,0,True,367,4/43/431/4312,서비스 종사자 / 개인 생활 서비스직 / 미용 관련 서비스 종사자 / 미용사,4,43.0,431.0,4312.0,,서비스 종사자,개인 생활 서비스직,미용 관련 서비스 종사자,미용사,,KSCO,8,2025-01-01,,active,2026-03-10 00:55:07,JF_SVC_03,active,auto_mapped,,,,,,,,,2026-03-16
4313,네일 관리사,네일 관리사,네일관리사,detail,4,세분류,431.0,0,True,368,4/43/431/4313,서비스 종사자 / 개인 생활 서비스직 / 미용 관련 서비스 종사자 / 네일 관리사,4,43.0,431.0,4313.0,,서비스 종사자,개인 생활 서비스직,미용 관련 서비스 종사자,네일 관리사,,KSCO,8,2025-01-01,,active,2026-03-10 00:55:07,JF_SVC_03,active,auto_mapped,,,,,,,,,2026-03-16
4314,피부 및 체형 관리사,피부 및 체형 관리사,피부및체형관리사,detail,4,세분류,431.0,0,True,369,4/43/431/4314,서비스 종사자 / 개인 생활 서비스직 / 미용 관련 서비스 종사자 / 피부 및 체형 관리사,4,43.0,431.0,4314.0,,서비스 종사자,개인 생활 서비스직,미용 관련 서비스 종사자,피부 및 체형 관리사,,KSCO,8,2025-01-01,,active,2026-03-10 00:55:07,JF_SVC_03,active,auto_mapped,,,,,,,,,2026-03-16
4315,메이크업 아티스트 및 분장사,메이크업 아티스트 및 분장사,메이크업아티스트및분장사,detail,4,세분류,431.0,0,True,370,4/43/431/4315,서비스 종사자 / 개인 생활 서비스직 / 미용 관련 서비스 종사자 / 메이크업 아티스트 및 분장사,4,43.0,431.0,4315.0,,서비스 종사자,개인 생활 서비스직,미용 관련 서비스 종사자,메이크업 아티스트 및 분장사,,KSCO,8,2025-01-01,,active,2026-03-10 00:55:07,JF_SVC_03,active,auto_mapped,,,,,,,,,2026-03-16
4319,기타 미용 관련 서비스 종사원,기타 미용 관련 서비스 종사원,기타미용관련서비스종사원,detail,4,세분류,431.0,0,True,371,4/43/431/4319,서비스 종사자 / 개인 생활 서비스직 / 미용 관련 서비스 종사자 / 기타 미용 관련 서비스 종사원,4,43.0,431.0,4319.0,,서비스 종사자,개인 생활 서비스직,미용 관련 서비스 종사자,기타 미용 관련 서비스 종사원,,KSCO,8,2025-01-01,,active,2026-03-10 00:55:07,JF_SVC_03,active,auto_mapped,,,,,,,,,2026-03-16
432,혼례 및 장례 종사자,혼례 및 장례 종사자,혼례및장례종사자,small,3,소분류,43.0,3,False,372,4/43/432,서비스 종사자 / 개인 생활 서비스직 / 혼례 및 장례 종사자,4,43.0,432.0,,,서비스 종사자,개인 생활 서비스직,혼례 및 장례 종사자,,,KSCO,8,2025-01-01,,active,2026-03-10 00:55:07,JF_SVC_03,hierarchy_only,,,,,,,,,,2026-03-16
4321,결혼 상담원 및 웨딩플래너,결혼 상담원 및 웨딩플래너,결혼상담원및웨딩플래너,detail,4,세분류,432.0,0,True,373,4/43/432/4321,서비스 종사자 / 개인 생활 서비스직 / 혼례 및 장례 종사자 / 결혼 상담원 및 웨딩플래너,4,43.0,432.0,4321.0,,서비스 종사자,개인 생활 서비스직,혼례 및 장례 종사자,결혼 상담원 및 웨딩플래너,,KSCO,8,2025-01-01,,active,2026-03-10 00:55:07,JF_SVC_03,active,auto_mapped,,,,,,,,,2026-03-16
4322,혼례 종사원,혼례 종사원,혼례종사원,detail,4,세분류,432.0,0,True,374,4/43/432/4322,서비스 종사자 / 개인 생활 서비스직 / 혼례 및 장례 종사자 / 혼례 종사원,4,43.0,432.0,4322.0,,서비스 종사자,개인 생활 서비스직,혼례 및 장례 종사자,혼례 종사원,,KSCO,8,2025-01-01,,active,2026-03-10 00:55:07,JF_SVC_03,active,auto_mapped,,,,,,,,,2026-03-16
4323,장례 상담원 및 장례 지도사,장례 상담원 및 장례 지도사,장례상담원및장례지도사,detail,4,세분류,432.0,0,True,375,4/43/432/4323,서비스 종사자 / 개인 생활 서비스직 / 혼례 및 장례 종사자 / 장례 상담원 및 장례 지도사,4,43.0,432.0,4323.0,,서비스 종사자,개인 생활 서비스직,혼례 및 장례 종사자,장례 상담원 및 장례 지도사,,KSCO,8,2025-01-01,,active,2026-03-10 00:55:07,JF_SVC_03,active,auto_mapped,,,,,,,,,2026-03-16
433,동물 관련 서비스 종사자,동물 관련 서비스 종사자,동물관련서비스종사자,small,3,소분류,43.0,3,False,376,4/43/433,서비스 종사자 / 개인 생활 서비스직 / 동물 관련 서비스 종사자,4,43.0,433.0,,,서비스 종사자,개인 생활 서비스직,동물 관련 서비스 종사자,,,KSCO,8,2025-01-01,,active,2026-03-10 00:55:07,JF_SVC_03,hierarchy_only,,,,,,,,,,2026-03-16
4331,수의사 보조원,수의사 보조원,수의사보조원,detail,4,세분류,433.0,0,True,377,4/43/433/4331,서비스 종사자 / 개인 생활 서비스직 / 동물 관련 서비스 종사자 / 수의사 보조원,4,43.0,433.0,4331.0,,서비스 종사자,개인 생활 서비스직,동물 관련 서비스 종사자,수의사 보조원,,KSCO,8,2025-01-01,,active,2026-03-10 00:55:07,JF_PRO_12,active,auto_mapped,,,,,,,,,2026-03-23
4332,반려동물 훈련사 및 행동 상담사,반려동물 훈련사 및 행동 상담사,반려동물훈련사및행동상담사,detail,4,세분류,433.0,0,True,378,4/43/433/4332,서비스 종사자 / 개인 생활 서비스직 / 동물 관련 서비스 종사자 / 반려동물 훈련사 및 행동 상담사,4,43.0,433.0,4332.0,,서비스 종사자,개인 생활 서비스직,동물 관련 서비스 종사자,반려동물 훈련사 및 행동 상담사,,KSCO,8,2025-01-01,,active,2026-03-10 00:55:07,JF_SVC_03,active,auto_mapped,,,,,,,,,2026-03-16
4333,반려동물 관리 종사원,반려동물 관리 종사원,반려동물관리종사원,detail,4,세분류,433.0,0,True,379,4/43/433/4333,서비스 종사자 / 개인 생활 서비스직 / 동물 관련 서비스 종사자 / 반려동물 관리 종사원,4,43.0,433.0,4333.0,,서비스 종사자,개인 생활 서비스직,동물 관련 서비스 종사자,반려동물 관리 종사원,,KSCO,8,2025-01-01,,active,2026-03-10 00:55:07,JF_SVC_03,active,auto_mapped,,,,,,,,,2026-03-16
439,기타 개인 생활 서비스 종사자,기타 개인 생활 서비스 종사자,기타개인생활서비스종사자,small,3,소분류,43.0,2,False,380,4/43/439,서비스 종사자 / 개인 생활 서비스직 / 기타 개인 생활 서비스 종사자,4,43.0,439.0,,,서비스 종사자,개인 생활 서비스직,기타 개인 생활 서비스 종사자,,,KSCO,8,2025-01-01,,active,2026-03-10 00:55:07,JF_SVC_03,hierarchy_only,,,,,,,,,,2026-03-16
4391,점술가 및 민속신앙 종사원,점술가 및 민속신앙 종사원,점술가및민속신앙종사원,detail,4,세분류,439.0,0,True,381,4/43/439/4391,서비스 종사자 / 개인 생활 서비스직 / 기타 개인 생활 서비스 종사자 / 점술가 및 민속신앙 종사원,4,43.0,439.0,4391.0,,서비스 종사자,개인 생활 서비스직,기타 개인 생활 서비스 종사자,점술가 및 민속신앙 종사원,,KSCO,8,2025-01-01,,active,2026-03-10 00:55:07,JF_SVC_03,active,auto_mapped,,,,,,,,,2026-03-16
4399,기타 개인 생활 서비스 종사원,기타 개인 생활 서비스 종사원,기타개인생활서비스종사원,detail,4,세분류,439.0,0,True,382,4/43/439/4399,서비스 종사자 / 개인 생활 서비스직 / 기타 개인 생활 서비스 종사자 / 기타 개인 생활 서비스 종사원,4,43.0,439.0,4399.0,,서비스 종사자,개인 생활 서비스직,기타 개인 생활 서비스 종사자,기타 개인 생활 서비스 종사원,,KSCO,8,2025-01-01,,active,2026-03-10 00:55:07,JF_SVC_03,active,auto_mapped,,,,,,,,,2026-03-16
44,운송 및 여가 서비스직,운송 및 여가 서비스직,운송및여가서비스직,middle,2,중분류,4.0,2,False,383,4/44,서비스 종사자 / 운송 및 여가 서비스직,4,44.0,,,,서비스 종사자,운송 및 여가 서비스직,,,,KSCO,8,2025-01-01,,active,2026-03-10 00:55:07,JF_SVC_03,hierarchy_only,,,,,,,,,,2026-03-16
441,운송 서비스 종사자,운송 서비스 종사자,운송서비스종사자,small,3,소분류,44.0,2,False,384,4/44/441,서비스 종사자 / 운송 및 여가 서비스직 / 운송 서비스 종사자,4,44.0,441.0,,,서비스 종사자,운송 및 여가 서비스직,운송 서비스 종사자,,,KSCO,8,2025-01-01,,active,2026-03-10 00:55:07,JF_SVC_03,hierarchy_only,,,,,,,,,,2026-03-16
4411,항공기 객실 승무원,항공기 객실 승무원,항공기객실승무원,detail,4,세분류,441.0,0,True,385,4/44/441/4411,서비스 종사자 / 운송 및 여가 서비스직 / 운송 서비스 종사자 / 항공기 객실 승무원,4,44.0,441.0,4411.0,,서비스 종사자,운송 및 여가 서비스직,운송 서비스 종사자,항공기 객실 승무원,,KSCO,8,2025-01-01,,active,2026-03-10 00:55:07,JF_SVC_03,active,auto_mapped,,,,,,,,,2026-03-16
4412,선박 및 열차 객실 승무원,선박 및 열차 객실 승무원,선박및열차객실승무원,detail,4,세분류,441.0,0,True,386,4/44/441/4412,서비스 종사자 / 운송 및 여가 서비스직 / 운송 서비스 종사자 / 선박 및 열차 객실 승무원,4,44.0,441.0,4412.0,,서비스 종사자,운송 및 여가 서비스직,운송 서비스 종사자,선박 및 열차 객실 승무원,,KSCO,8,2025-01-01,,active,2026-03-10 00:55:07,JF_SVC_03,active,auto_mapped,,,,,,,,,2026-03-16
442,여가 서비스 종사자,여가 서비스 종사자,여가서비스종사자,small,3,소분류,44.0,4,False,387,4/44/442,서비스 종사자 / 운송 및 여가 서비스직 / 여가 서비스 종사자,4,44.0,442.0,,,서비스 종사자,운송 및 여가 서비스직,여가 서비스 종사자,,,KSCO,8,2025-01-01,,active,2026-03-10 00:55:07,JF_SVC_03,hierarchy_only,,,,,,,,,,2026-03-16
4421,관광 서비스 종사원,관광 서비스 종사원,관광서비스종사원,detail,4,세분류,442.0,0,True,388,4/44/442/4421,서비스 종사자 / 운송 및 여가 서비스직 / 여가 서비스 종사자 / 관광 서비스 종사원,4,44.0,442.0,4421.0,,서비스 종사자,운송 및 여가 서비스직,여가 서비스 종사자,관광 서비스 종사원,,KSCO,8,2025-01-01,,active,2026-03-10 00:55:07,JF_SVC_03,active,auto_mapped,,,,,,,,,2026-03-16
4422,숙박시설 서비스 종사원,숙박시설 서비스 종사원,숙박시설서비스종사원,detail,4,세분류,442.0,0,True,389,4/44/442/4422,서비스 종사자 / 운송 및 여가 서비스직 / 여가 서비스 종사자 / 숙박시설 서비스 종사원,4,44.0,442.0,4422.0,,서비스 종사자,운송 및 여가 서비스직,여가 서비스 종사자,숙박시설 서비스 종사원,,KSCO,8,2025-01-01,,active,2026-03-10 00:55:07,JF_SVC_03,active,auto_mapped,,,,,,,,,2026-03-16
4423,오락시설 서비스 종사원,오락시설 서비스 종사원,오락시설서비스종사원,detail,4,세분류,442.0,0,True,390,4/44/442/4423,서비스 종사자 / 운송 및 여가 서비스직 / 여가 서비스 종사자 / 오락시설 서비스 종사원,4,44.0,442.0,4423.0,,서비스 종사자,운송 및 여가 서비스직,여가 서비스 종사자,오락시설 서비스 종사원,,KSCO,8,2025-01-01,,active,2026-03-10 00:55:07,JF_SVC_03,active,auto_mapped,,,,,,,,,2026-03-16
4429,기타 여가 서비스 종사원,기타 여가 서비스 종사원,기타여가서비스종사원,detail,4,세분류,442.0,0,True,391,4/44/442/4429,서비스 종사자 / 운송 및 여가 서비스직 / 여가 서비스 종사자 / 기타 여가 서비스 종사원,4,44.0,442.0,4429.0,,서비스 종사자,운송 및 여가 서비스직,여가 서비스 종사자,기타 여가 서비스 종사원,,KSCO,8,2025-01-01,,active,2026-03-10 00:55:07,JF_SVC_03,active,auto_mapped,,,,,,,,,2026-03-16
45,조리 및 음식 서비스직,조리 및 음식 서비스직,조리및음식서비스직,middle,2,중분류,4.0,3,False,392,4/45,서비스 종사자 / 조리 및 음식 서비스직,4,45.0,,,,서비스 종사자,조리 및 음식 서비스직,,,,KSCO,8,2025-01-01,,active,2026-03-10 00:55:07,JF_SVC_03,hierarchy_only,,,,,,,,,,2026-03-16
451,조리사,조리사,조리사,small,3,소분류,45.0,6,False,393,4/45/451,서비스 종사자 / 조리 및 음식 서비스직 / 조리사,4,45.0,451.0,,,서비스 종사자,조리 및 음식 서비스직,조리사,,,KSCO,8,2025-01-01,,active,2026-03-10 00:55:07,JF_SVC_03,hierarchy_only,,,,,,,,,,2026-03-16
4511,한식 조리사,한식 조리사,한식조리사,detail,4,세분류,451.0,0,True,394,4/45/451/4511,서비스 종사자 / 조리 및 음식 서비스직 / 조리사 / 한식 조리사,4,45.0,451.0,4511.0,,서비스 종사자,조리 및 음식 서비스직,조리사,한식 조리사,,KSCO,8,2025-01-01,,active,2026-03-10 00:55:07,JF_SVC_03,active,auto_mapped,,,,,,,,,2026-03-16
4512,중식 조리사,중식 조리사,중식조리사,detail,4,세분류,451.0,0,True,395,4/45/451/4512,서비스 종사자 / 조리 및 음식 서비스직 / 조리사 / 중식 조리사,4,45.0,451.0,4512.0,,서비스 종사자,조리 및 음식 서비스직,조리사,중식 조리사,,KSCO,8,2025-01-01,,active,2026-03-10 00:55:07,JF_SVC_03,active,auto_mapped,,,,,,,,,2026-03-16
4513,양식 조리사,양식 조리사,양식조리사,detail,4,세분류,451.0,0,True,396,4/45/451/4513,서비스 종사자 / 조리 및 음식 서비스직 / 조리사 / 양식 조리사,4,45.0,451.0,4513.0,,서비스 종사자,조리 및 음식 서비스직,조리사,양식 조리사,,KSCO,8,2025-01-01,,active,2026-03-10 00:55:07,JF_SVC_03,active,auto_mapped,,,,,,,,,2026-03-16
4514,일식 조리사,일식 조리사,일식조리사,detail,4,세분류,451.0,0,True,397,4/45/451/4514,서비스 종사자 / 조리 및 음식 서비스직 / 조리사 / 일식 조리사,4,45.0,451.0,4514.0,,서비스 종사자,조리 및 음식 서비스직,조리사,일식 조리사,,KSCO,8,2025-01-01,,active,2026-03-10 00:55:07,JF_SVC_03,active,auto_mapped,,,,,,,,,2026-03-16
4515,단체급식 조리사,단체급식 조리사,단체급식조리사,detail,4,세분류,451.0,0,True,398,4/45/451/4515,서비스 종사자 / 조리 및 음식 서비스직 / 조리사 / 단체급식 조리사,4,45.0,451.0,4515.0,,서비스 종사자,조리 및 음식 서비스직,조리사,단체급식 조리사,,KSCO,8,2025-01-01,,active,2026-03-10 00:55:07,JF_SVC_03,active,auto_mapped,,,,,,,,,2026-03-16
4519,기타 조리사,기타 조리사,기타조리사,detail,4,세분류,451.0,0,True,399,4/45/451/4519,서비스 종사자 / 조리 및 음식 서비스직 / 조리사 / 기타 조리사,4,45.0,451.0,4519.0,,서비스 종사자,조리 및 음식 서비스직,조리사,기타 조리사,,KSCO,8,2025-01-01,,active,2026-03-10 00:55:07,JF_SVC_03,active,auto_mapped,,,,,,,,,2026-03-16
452,음료 조리 종사자,음료 조리 종사자,음료조리종사자,small,3,소분류,45.0,2,False,400,4/45/452,서비스 종사자 / 조리 및 음식 서비스직 / 음료 조리 종사자,4,45.0,452.0,,,서비스 종사자,조리 및 음식 서비스직,음료 조리 종사자,,,KSCO,8,2025-01-01,,active,2026-03-10 00:55:07,JF_SVC_03,hierarchy_only,,,,,,,,,,2026-03-16
4521,음료 조리원,음료 조리원,음료조리원,detail,4,세분류,452.0,0,True,401,4/45/452/4521,서비스 종사자 / 조리 및 음식 서비스직 / 음료 조리 종사자 / 음료 조리원,4,45.0,452.0,4521.0,,서비스 종사자,조리 및 음식 서비스직,음료 조리 종사자,음료 조리원,,KSCO,8,2025-01-01,,active,2026-03-10 00:55:07,JF_SVC_03,active,auto_mapped,,,,,,,,,2026-03-16
4522,바텐더,바텐더,바텐더,detail,4,세분류,452.0,0,True,402,4/45/452/4522,서비스 종사자 / 조리 및 음식 서비스직 / 음료 조리 종사자 / 바텐더,4,45.0,452.0,4522.0,,서비스 종사자,조리 및 음식 서비스직,음료 조리 종사자,바텐더,,KSCO,8,2025-01-01,,active,2026-03-10 00:55:07,JF_SVC_03,active,auto_mapped,,,,,,,,,2026-03-16
453,식음료 서비스 종사자,식음료 서비스 종사자,식음료서비스종사자,small,3,소분류,45.0,2,False,403,4/45/453,서비스 종사자 / 조리 및 음식 서비스직 / 식음료 서비스 종사자,4,45.0,453.0,,,서비스 종사자,조리 및 음식 서비스직,식음료 서비스 종사자,,,KSCO,8,2025-01-01,,active,2026-03-10 00:55:07,JF_SVC_03,hierarchy_only,,,,,,,,,,2026-03-16
4531,식음료 서비스 종사원,식음료 서비스 종사원,식음료서비스종사원,detail,4,세분류,453.0,0,True,404,4/45/453/4531,서비스 종사자 / 조리 및 음식 서비스직 / 식음료 서비스 종사자 / 식음료 서비스 종사원,4,45.0,453.0,4531.0,,서비스 종사자,조리 및 음식 서비스직,식음료 서비스 종사자,식음료 서비스 종사원,,KSCO,8,2025-01-01,,active,2026-03-10 00:55:07,JF_SVC_03,active,auto_mapped,,,,,,,,,2026-03-16
4539,기타 식음료 서비스 종사원,기타 식음료 서비스 종사원,기타식음료서비스종사원,detail,4,세분류,453.0,0,True,405,4/45/453/4539,서비스 종사자 / 조리 및 음식 서비스직 / 식음료 서비스 종사자 / 기타 식음료 서비스 종사원,4,45.0,453.0,4539.0,,서비스 종사자,조리 및 음식 서비스직,식음료 서비스 종사자,기타 식음료 서비스 종사원,,KSCO,8,2025-01-01,,active,2026-03-10 00:55:07,JF_SVC_03,active,auto_mapped,,,,,,,,,2026-03-16
5,판매 종사자,판매 종사자,판매종사자,major,1,대분류,,3,False,406,5,판매 종사자,5,,,,,판매 종사자,,,,,KSCO,8,2025-01-01,,active,2026-03-10 00:55:07,JF_SAL_04,hierarchy_only,,,,,,,,,,2026-03-23
51,영업직,영업직,영업직,middle,2,중분류,5.0,1,False,407,5/51,판매 종사자 / 영업직,5,51.0,,,,판매 종사자,영업직,,,,KSCO,8,2025-01-01,,active,2026-03-10 00:55:07,JF_SAL_04,hierarchy_only,,,,,,,,,,2026-03-23
510,영업 종사자,영업 종사자,영업종사자,small,3,소분류,51.0,6,False,408,5/51/510,판매 종사자 / 영업직 / 영업 종사자,5,51.0,510.0,,,판매 종사자,영업직,영업 종사자,,,KSCO,8,2025-01-01,,active,2026-03-10 00:55:07,JF_SAL_04,hierarchy_only,,,,,,,,,,2026-03-23
5101,자동차 영업원,자동차 영업원,자동차영업원,detail,4,세분류,510.0,0,True,409,5/51/510/5101,판매 종사자 / 영업직 / 영업 종사자 / 자동차 영업원,5,51.0,510.0,5101.0,,판매 종사자,영업직,영업 종사자,자동차 영업원,,KSCO,8,2025-01-01,,active,2026-03-10 00:55:07,JF_SAL_04,active,auto_mapped,,,,,,,,,2026-03-23
5102,제품 영업원,제품 영업원,제품영업원,detail,4,세분류,510.0,0,True,410,5/51/510/5102,판매 종사자 / 영업직 / 영업 종사자 / 제품 영업원,5,51.0,510.0,5102.0,,판매 종사자,영업직,영업 종사자,제품 영업원,,KSCO,8,2025-01-01,,active,2026-03-10 00:55:07,JF_SAL_01,active,auto_mapped,,,,,,,,,2026-03-23
5103,보험 모집인 및 투자 권유 대행인,보험 모집인 및 투자 권유 대행인,보험모집인및투자권유대행인,detail,4,세분류,510.0,0,True,411,5/51/510/5103,판매 종사자 / 영업직 / 영업 종사자 / 보험 모집인 및 투자 권유 대행인,5,51.0,510.0,5103.0,,판매 종사자,영업직,영업 종사자,보험 모집인 및 투자 권유 대행인,,KSCO,8,2025-01-01,,active,2026-03-10 00:55:07,JF_BNK_06,active,auto_mapped,,,,,,,,,2026-03-23
5104,대출 및 신용카드 모집인,대출 및 신용카드 모집인,대출및신용카드모집인,detail,4,세분류,510.0,0,True,412,5/51/510/5104,판매 종사자 / 영업직 / 영업 종사자 / 대출 및 신용카드 모집인,5,51.0,510.0,5104.0,,판매 종사자,영업직,영업 종사자,대출 및 신용카드 모집인,,KSCO,8,2025-01-01,,active,2026-03-10 00:55:07,JF_BNK_03,active,auto_mapped,,,,,,,,,2026-03-23
5105,홍보 도우미 및 판촉원,홍보 도우미 및 판촉원,홍보도우미및판촉원,detail,4,세분류,510.0,0,True,413,5/51/510/5105,판매 종사자 / 영업직 / 영업 종사자 / 홍보 도우미 및 판촉원,5,51.0,510.0,5105.0,,판매 종사자,영업직,영업 종사자,홍보 도우미 및 판촉원,,KSCO,8,2025-01-01,,active,2026-03-10 00:55:07,JF_MKT_07,active,auto_mapped,,,,,,,,,2026-03-23
5109,기타 영업원,기타 영업원,기타영업원,detail,4,세분류,510.0,0,True,414,5/51/510/5109,판매 종사자 / 영업직 / 영업 종사자 / 기타 영업원,5,51.0,510.0,5109.0,,판매 종사자,영업직,영업 종사자,기타 영업원,,KSCO,8,2025-01-01,,active,2026-03-10 00:55:07,JF_SAL_04,active,auto_mapped,,,,,,,,,2026-03-23
52,매장 판매 및 상품 대여직,매장 판매 및 상품 대여직,매장판매및상품대여직,middle,2,중분류,5.0,2,False,415,5/52,판매 종사자 / 매장 판매 및 상품 대여직,5,52.0,,,,판매 종사자,매장 판매 및 상품 대여직,,,,KSCO,8,2025-01-01,,active,2026-03-10 00:55:07,JF_SAL_04,hierarchy_only,,,,,,,,,,2026-03-23
521,매장 판매 종사자,매장 판매 종사자,매장판매종사자,small,3,소분류,52.0,4,False,416,5/52/521,판매 종사자 / 매장 판매 및 상품 대여직 / 매장 판매 종사자,5,52.0,521.0,,,판매 종사자,매장 판매 및 상품 대여직,매장 판매 종사자,,,KSCO,8,2025-01-01,,active,2026-03-10 00:55:07,JF_SAL_04,hierarchy_only,,,,,,,,,,2026-03-23
5211,소규모 상점 경영 및 일선 관리 종사원,소규모 상점 경영 및 일선 관리 종사원,소규모상점경영및일선관리종사원,detail,4,세분류,521.0,0,True,417,5/52/521/5211,판매 종사자 / 매장 판매 및 상품 대여직 / 매장 판매 종사자 / 소규모 상점 경영 및 일선 관리 종사원,5,52.0,521.0,5211.0,,판매 종사자,매장 판매 및 상품 대여직,매장 판매 종사자,소규모 상점 경영 및 일선 관리 종사원,,KSCO,8,2025-01-01,,active,2026-03-10 00:55:07,JF_SVC_08,active,auto_mapped,,,,,,,,,2026-03-23
5212,상점 판매원,상점 판매원,상점판매원,detail,4,세분류,521.0,0,True,418,5/52/521/5212,판매 종사자 / 매장 판매 및 상품 대여직 / 매장 판매 종사자 / 상점 판매원,5,52.0,521.0,5212.0,,판매 종사자,매장 판매 및 상품 대여직,매장 판매 종사자,상점 판매원,,KSCO,8,2025-01-01,,active,2026-03-10 00:55:07,JF_SVC_09,active,auto_mapped,,,,,,,,,2026-03-23
5213,매표원 및 복권 판매원,매표원 및 복권 판매원,매표원및복권판매원,detail,4,세분류,521.0,0,True,419,5/52/521/5213,판매 종사자 / 매장 판매 및 상품 대여직 / 매장 판매 종사자 / 매표원 및 복권 판매원,5,52.0,521.0,5213.0,,판매 종사자,매장 판매 및 상품 대여직,매장 판매 종사자,매표원 및 복권 판매원,,KSCO,8,2025-01-01,,active,2026-03-10 00:55:07,JF_SVC_09,active,auto_mapped,,,,,,,,,2026-03-23
5214,매장 계산원 및 요금 정산원,매장 계산원 및 요금 정산원,매장계산원및요금정산원,detail,4,세분류,521.0,0,True,420,5/52/521/5214,판매 종사자 / 매장 판매 및 상품 대여직 / 매장 판매 종사자 / 매장 계산원 및 요금 정산원,5,52.0,521.0,5214.0,,판매 종사자,매장 판매 및 상품 대여직,매장 판매 종사자,매장 계산원 및 요금 정산원,,KSCO,8,2025-01-01,,active,2026-03-10 00:55:07,JF_SVC_09,active,auto_mapped,,,,,,,,,2026-03-23
522,상품 대여 종사자,상품 대여 종사자,상품대여종사자,small,3,소분류,52.0,1,False,421,5/52/522,판매 종사자 / 매장 판매 및 상품 대여직 / 상품 대여 종사자,5,52.0,522.0,,,판매 종사자,매장 판매 및 상품 대여직,상품 대여 종사자,,,KSCO,8,2025-01-01,,active,2026-03-10 00:55:07,JF_SAL_04,hierarchy_only,,,,,,,,,,2026-03-23
5220,상품 대여원,상품 대여원,상품대여원,detail,4,세분류,522.0,0,True,422,5/52/522/5220,판매 종사자 / 매장 판매 및 상품 대여직 / 상품 대여 종사자 / 상품 대여원,5,52.0,522.0,5220.0,,판매 종사자,매장 판매 및 상품 대여직,상품 대여 종사자,상품 대여원,,KSCO,8,2025-01-01,,active,2026-03-10 00:55:07,JF_SVC_09,active,auto_mapped,,,,,,,,,2026-03-23
53,통신 및 방문‧노점 판매 관련직,통신 및 방문‧노점 판매 관련직,통신및방문노점판매관련직,middle,2,중분류,5.0,2,False,423,5/53,판매 종사자 / 통신 및 방문‧노점 판매 관련직,5,53.0,,,,판매 종사자,통신 및 방문‧노점 판매 관련직,,,,KSCO,8,2025-01-01,,active,2026-03-10 00:55:07,JF_SAL_04,hierarchy_only,,,,,,,,,,2026-03-23
531,통신 관련 판매 종사자,통신 관련 판매 종사자,통신관련판매종사자,small,3,소분류,53.0,3,False,424,5/53/531,판매 종사자 / 통신 및 방문‧노점 판매 관련직 / 통신 관련 판매 종사자,5,53.0,531.0,,,판매 종사자,통신 및 방문‧노점 판매 관련직,통신 관련 판매 종사자,,,KSCO,8,2025-01-01,,active,2026-03-10 00:55:07,JF_SAL_04,hierarchy_only,,,,,,,,,,2026-03-23
5311,단말기 및 통신 서비스 판매원,단말기 및 통신 서비스 판매원,단말기및통신서비스판매원,detail,4,세분류,531.0,0,True,425,5/53/531/5311,판매 종사자 / 통신 및 방문‧노점 판매 관련직 / 통신 관련 판매 종사자 / 단말기 및 통신 서비스 판매원,5,53.0,531.0,5311.0,,판매 종사자,통신 및 방문‧노점 판매 관련직,통신 관련 판매 종사자,단말기 및 통신 서비스 판매원,,KSCO,8,2025-01-01,,active,2026-03-10 00:55:07,JF_SAL_04,active,auto_mapped,,,,,,,,,2026-03-23
5312,온라인 쇼핑 판매원,온라인 쇼핑 판매원,온라인쇼핑판매원,detail,4,세분류,531.0,0,True,426,5/53/531/5312,판매 종사자 / 통신 및 방문‧노점 판매 관련직 / 통신 관련 판매 종사자 / 온라인 쇼핑 판매원,5,53.0,531.0,5312.0,,판매 종사자,통신 및 방문‧노점 판매 관련직,통신 관련 판매 종사자,온라인 쇼핑 판매원,,KSCO,8,2025-01-01,,active,2026-03-10 00:55:07,JF_SAL_04,active,auto_mapped,,,,,,,,,2026-03-23
5313,텔레마케터,텔레마케터,텔레마케터,detail,4,세분류,531.0,0,True,427,5/53/531/5313,판매 종사자 / 통신 및 방문‧노점 판매 관련직 / 통신 관련 판매 종사자 / 텔레마케터,5,53.0,531.0,5313.0,,판매 종사자,통신 및 방문‧노점 판매 관련직,통신 관련 판매 종사자,텔레마케터,,KSCO,8,2025-01-01,,active,2026-03-10 00:55:07,JF_CS_03,active,auto_mapped,,,,,,,,,2026-03-23
532,방문 및 노점 판매 종사자,방문 및 노점 판매 종사자,방문및노점판매종사자,small,3,소분류,53.0,2,False,428,5/53/532,판매 종사자 / 통신 및 방문‧노점 판매 관련직 / 방문 및 노점 판매 종사자,5,53.0,532.0,,,판매 종사자,통신 및 방문‧노점 판매 관련직,방문 및 노점 판매 종사자,,,KSCO,8,2025-01-01,,active,2026-03-10 00:55:07,JF_SAL_04,hierarchy_only,,,,,,,,,,2026-03-23
5321,방문 판매원,방문 판매원,방문판매원,detail,4,세분류,532.0,0,True,429,5/53/532/5321,판매 종사자 / 통신 및 방문‧노점 판매 관련직 / 방문 및 노점 판매 종사자 / 방문 판매원,5,53.0,532.0,5321.0,,판매 종사자,통신 및 방문‧노점 판매 관련직,방문 및 노점 판매 종사자,방문 판매원,,KSCO,8,2025-01-01,,active,2026-03-10 00:55:07,JF_SAL_04,active,auto_mapped,,,,,,,,,2026-03-23
5322,노점 및 이동 판매원,노점 및 이동 판매원,노점및이동판매원,detail,4,세분류,532.0,0,True,430,5/53/532/5322,판매 종사자 / 통신 및 방문‧노점 판매 관련직 / 방문 및 노점 판매 종사자 / 노점 및 이동 판매원,5,53.0,532.0,5322.0,,판매 종사자,통신 및 방문‧노점 판매 관련직,방문 및 노점 판매 종사자,노점 및 이동 판매원,,KSCO,8,2025-01-01,,active,2026-03-10 00:55:07,JF_SAL_04,active,auto_mapped,,,,,,,,,2026-03-23
6,농림∙어업 숙련 종사자,농림∙어업 숙련 종사자,농림어업숙련종사자,major,1,대분류,,3,False,431,6,농림∙어업 숙련 종사자,6,,,,,농림∙어업 숙련 종사자,,,,,KSCO,8,2025-01-01,,active,2026-03-10 00:55:07,JF_SVC_06,hierarchy_only,,,,,,,,,,2026-03-16
61,농축산 숙련직,농축산 숙련직,농축산숙련직,middle,2,중분류,6.0,3,False,432,6/61,농림∙어업 숙련 종사자 / 농축산 숙련직,6,61.0,,,,농림∙어업 숙련 종사자,농축산 숙련직,,,,KSCO,8,2025-01-01,,active,2026-03-10 00:55:07,JF_SVC_06,hierarchy_only,,,,,,,,,,2026-03-16
611,작물 재배 종사자,작물 재배 종사자,작물재배종사자,small,3,소분류,61.0,3,False,433,6/61/611,농림∙어업 숙련 종사자 / 농축산 숙련직 / 작물 재배 종사자,6,61.0,611.0,,,농림∙어업 숙련 종사자,농축산 숙련직,작물 재배 종사자,,,KSCO,8,2025-01-01,,active,2026-03-10 00:55:07,JF_SVC_06,hierarchy_only,,,,,,,,,,2026-03-16
6111,곡식작물 재배원,곡식작물 재배원,곡식작물재배원,detail,4,세분류,611.0,0,True,434,6/61/611/6111,농림∙어업 숙련 종사자 / 농축산 숙련직 / 작물 재배 종사자 / 곡식작물 재배원,6,61.0,611.0,6111.0,,농림∙어업 숙련 종사자,농축산 숙련직,작물 재배 종사자,곡식작물 재배원,,KSCO,8,2025-01-01,,active,2026-03-10 00:55:07,JF_AGR_01,active,auto_mapped,,,,,,,,,2026-03-23
6112,채소 및 특용작물 재배원,채소 및 특용작물 재배원,채소및특용작물재배원,detail,4,세분류,611.0,0,True,435,6/61/611/6112,농림∙어업 숙련 종사자 / 농축산 숙련직 / 작물 재배 종사자 / 채소 및 특용작물 재배원,6,61.0,611.0,6112.0,,농림∙어업 숙련 종사자,농축산 숙련직,작물 재배 종사자,채소 및 특용작물 재배원,,KSCO,8,2025-01-01,,active,2026-03-10 00:55:07,JF_AGR_01,active,auto_mapped,,,,,,,,,2026-03-23
6113,과수작물 재배원,과수작물 재배원,과수작물재배원,detail,4,세분류,611.0,0,True,436,6/61/611/6113,농림∙어업 숙련 종사자 / 농축산 숙련직 / 작물 재배 종사자 / 과수작물 재배원,6,61.0,611.0,6113.0,,농림∙어업 숙련 종사자,농축산 숙련직,작물 재배 종사자,과수작물 재배원,,KSCO,8,2025-01-01,,active,2026-03-10 00:55:07,JF_AGR_01,active,auto_mapped,,,,,,,,,2026-03-23
612,원예 및 조경 종사자,원예 및 조경 종사자,원예및조경종사자,small,3,소분류,61.0,2,False,437,6/61/612,농림∙어업 숙련 종사자 / 농축산 숙련직 / 원예 및 조경 종사자,6,61.0,612.0,,,농림∙어업 숙련 종사자,농축산 숙련직,원예 및 조경 종사자,,,KSCO,8,2025-01-01,,active,2026-03-10 00:55:07,JF_SVC_06,hierarchy_only,,,,,,,,,,2026-03-16
6121,원예작물 재배원,원예작물 재배원,원예작물재배원,detail,4,세분류,612.0,0,True,438,6/61/612/6121,농림∙어업 숙련 종사자 / 농축산 숙련직 / 원예 및 조경 종사자 / 원예작물 재배원,6,61.0,612.0,6121.0,,농림∙어업 숙련 종사자,농축산 숙련직,원예 및 조경 종사자,원예작물 재배원,,KSCO,8,2025-01-01,,active,2026-03-10 00:55:07,JF_AGR_01,active,auto_mapped,,,,,,,,,2026-03-23
6122,조경원,조경원,조경원,detail,4,세분류,612.0,0,True,439,6/61/612/6122,농림∙어업 숙련 종사자 / 농축산 숙련직 / 원예 및 조경 종사자 / 조경원,6,61.0,612.0,6122.0,,농림∙어업 숙련 종사자,농축산 숙련직,원예 및 조경 종사자,조경원,,KSCO,8,2025-01-01,,active,2026-03-10 00:55:07,JF_AGR_01,active,auto_mapped,,,,,,,,,2026-03-23
613,축산 및 사육 관련 종사자,축산 및 사육 관련 종사자,축산및사육관련종사자,small,3,소분류,61.0,5,False,440,6/61/613,농림∙어업 숙련 종사자 / 농축산 숙련직 / 축산 및 사육 관련 종사자,6,61.0,613.0,,,농림∙어업 숙련 종사자,농축산 숙련직,축산 및 사육 관련 종사자,,,KSCO,8,2025-01-01,,active,2026-03-10 00:55:07,JF_SVC_06,hierarchy_only,,,,,,,,,,2026-03-16
6131,낙농 관련 종사원,낙농 관련 종사원,낙농관련종사원,detail,4,세분류,613.0,0,True,441,6/61/613/6131,농림∙어업 숙련 종사자 / 농축산 숙련직 / 축산 및 사육 관련 종사자 / 낙농 관련 종사원,6,61.0,613.0,6131.0,,농림∙어업 숙련 종사자,농축산 숙련직,축산 및 사육 관련 종사자,낙농 관련 종사원,,KSCO,8,2025-01-01,,active,2026-03-10 00:55:07,JF_AGR_02,active,auto_mapped,,,,,,,,,2026-03-23
6132,한우 및 육우 사육원,한우 및 육우 사육원,한우및육우사육원,detail,4,세분류,613.0,0,True,442,6/61/613/6132,농림∙어업 숙련 종사자 / 농축산 숙련직 / 축산 및 사육 관련 종사자 / 한우 및 육우 사육원,6,61.0,613.0,6132.0,,농림∙어업 숙련 종사자,농축산 숙련직,축산 및 사육 관련 종사자,한우 및 육우 사육원,,KSCO,8,2025-01-01,,active,2026-03-10 00:55:07,JF_AGR_02,active,auto_mapped,,,,,,,,,2026-03-23
6133,돼지 사육원,돼지 사육원,돼지사육원,detail,4,세분류,613.0,0,True,443,6/61/613/6133,농림∙어업 숙련 종사자 / 농축산 숙련직 / 축산 및 사육 관련 종사자 / 돼지 사육원,6,61.0,613.0,6133.0,,농림∙어업 숙련 종사자,농축산 숙련직,축산 및 사육 관련 종사자,돼지 사육원,,KSCO,8,2025-01-01,,active,2026-03-10 00:55:07,JF_AGR_02,active,auto_mapped,,,,,,,,,2026-03-23
6134,가금 사육원,가금 사육원,가금사육원,detail,4,세분류,613.0,0,True,444,6/61/613/6134,농림∙어업 숙련 종사자 / 농축산 숙련직 / 축산 및 사육 관련 종사자 / 가금 사육원,6,61.0,613.0,6134.0,,농림∙어업 숙련 종사자,농축산 숙련직,축산 및 사육 관련 종사자,가금 사육원,,KSCO,8,2025-01-01,,active,2026-03-10 00:55:07,JF_AGR_02,active,auto_mapped,,,,,,,,,2026-03-23
6139,기타 축산 및 사육 관련 종사원,기타 축산 및 사육 관련 종사원,기타축산및사육관련종사원,detail,4,세분류,613.0,0,True,445,6/61/613/6139,농림∙어업 숙련 종사자 / 농축산 숙련직 / 축산 및 사육 관련 종사자 / 기타 축산 및 사육 관련 종사원,6,61.0,613.0,6139.0,,농림∙어업 숙련 종사자,농축산 숙련직,축산 및 사육 관련 종사자,기타 축산 및 사육 관련 종사원,,KSCO,8,2025-01-01,,active,2026-03-10 00:55:07,JF_AGR_02,active,auto_mapped,,,,,,,,,2026-03-23
62,임업 숙련직,임업 숙련직,임업숙련직,middle,2,중분류,6.0,1,False,446,6/62,농림∙어업 숙련 종사자 / 임업 숙련직,6,62.0,,,,농림∙어업 숙련 종사자,임업 숙련직,,,,KSCO,8,2025-01-01,,active,2026-03-10 00:55:07,JF_SVC_06,hierarchy_only,,,,,,,,,,2026-03-16
620,임업 관련 종사자,임업 관련 종사자,임업관련종사자,small,3,소분류,62.0,2,False,447,6/62/620,농림∙어업 숙련 종사자 / 임업 숙련직 / 임업 관련 종사자,6,62.0,620.0,,,농림∙어업 숙련 종사자,임업 숙련직,임업 관련 종사자,,,KSCO,8,2025-01-01,,active,2026-03-10 00:55:07,JF_SVC_06,hierarchy_only,,,,,,,,,,2026-03-16
6201,조림‧산림 경영인 및 벌목원,조림‧산림 경영인 및 벌목원,조림산림경영인및벌목원,detail,4,세분류,620.0,0,True,448,6/62/620/6201,농림∙어업 숙련 종사자 / 임업 숙련직 / 임업 관련 종사자 / 조림‧산림 경영인 및 벌목원,6,62.0,620.0,6201.0,,농림∙어업 숙련 종사자,임업 숙련직,임업 관련 종사자,조림‧산림 경영인 및 벌목원,,KSCO,8,2025-01-01,,active,2026-03-10 00:55:07,JF_AGR_04,active,auto_mapped,,,,,,,,,2026-03-23
6209,기타 임업 관련 종사원,기타 임업 관련 종사원,기타임업관련종사원,detail,4,세분류,620.0,0,True,449,6/62/620/6209,농림∙어업 숙련 종사자 / 임업 숙련직 / 임업 관련 종사자 / 기타 임업 관련 종사원,6,62.0,620.0,6209.0,,농림∙어업 숙련 종사자,임업 숙련직,임업 관련 종사자,기타 임업 관련 종사원,,KSCO,8,2025-01-01,,active,2026-03-10 00:55:07,JF_AGR_04,active,auto_mapped,,,,,,,,,2026-03-23
63,어업 숙련직,어업 숙련직,어업숙련직,middle,2,중분류,6.0,1,False,450,6/63,농림∙어업 숙련 종사자 / 어업 숙련직,6,63.0,,,,농림∙어업 숙련 종사자,어업 숙련직,,,,KSCO,8,2025-01-01,,active,2026-03-10 00:55:07,JF_SVC_06,hierarchy_only,,,,,,,,,,2026-03-16
630,어업 관련 종사자,어업 관련 종사자,어업관련종사자,small,3,소분류,63.0,2,False,451,6/63/630,농림∙어업 숙련 종사자 / 어업 숙련직 / 어업 관련 종사자,6,63.0,630.0,,,농림∙어업 숙련 종사자,어업 숙련직,어업 관련 종사자,,,KSCO,8,2025-01-01,,active,2026-03-10 00:55:07,JF_SVC_06,hierarchy_only,,,,,,,,,,2026-03-16
6301,양식원,양식원,양식원,detail,4,세분류,630.0,0,True,452,6/63/630/6301,농림∙어업 숙련 종사자 / 어업 숙련직 / 어업 관련 종사자 / 양식원,6,63.0,630.0,6301.0,,농림∙어업 숙련 종사자,어업 숙련직,어업 관련 종사자,양식원,,KSCO,8,2025-01-01,,active,2026-03-10 00:55:07,JF_AGR_03,active,auto_mapped,,,,,,,,,2026-03-23
6302,어부 및 해녀,어부 및 해녀,어부및해녀,detail,4,세분류,630.0,0,True,453,6/63/630/6302,농림∙어업 숙련 종사자 / 어업 숙련직 / 어업 관련 종사자 / 어부 및 해녀,6,63.0,630.0,6302.0,,농림∙어업 숙련 종사자,어업 숙련직,어업 관련 종사자,어부 및 해녀,,KSCO,8,2025-01-01,,active,2026-03-10 00:55:07,JF_AGR_03,active,auto_mapped,,,,,,,,,2026-03-23
7,기능원 및 관련 기능 종사자,기능원 및 관련 기능 종사자,기능원및관련기능종사자,major,1,대분류,,9,False,454,7,기능원 및 관련 기능 종사자,7,,,,,기능원 및 관련 기능 종사자,,,,,KSCO,8,2025-01-01,,active,2026-03-10 00:55:07,JF_SVC_06,hierarchy_only,,,,,,,,,,2026-03-16
71,식품 가공 관련 기능직,식품 가공 관련 기능직,식품가공관련기능직,middle,2,중분류,7.0,1,False,455,7/71,기능원 및 관련 기능 종사자 / 식품 가공 관련 기능직,7,71.0,,,,기능원 및 관련 기능 종사자,식품 가공 관련 기능직,,,,KSCO,8,2025-01-01,,active,2026-03-10 00:55:07,JF_SVC_03,hierarchy_only,,,,,,,,,,2026-03-16
710,식품 가공 관련 기능 종사자,식품 가공 관련 기능 종사자,식품가공관련기능종사자,small,3,소분류,71.0,7,False,456,7/71/710,기능원 및 관련 기능 종사자 / 식품 가공 관련 기능직 / 식품 가공 관련 기능 종사자,7,71.0,710.0,,,기능원 및 관련 기능 종사자,식품 가공 관련 기능직,식품 가공 관련 기능 종사자,,,KSCO,8,2025-01-01,,active,2026-03-10 00:55:07,JF_SVC_03,hierarchy_only,,,,,,,,,,2026-03-16
7101,제빵사 및 제과원,제빵사 및 제과원,제빵사및제과원,detail,4,세분류,710.0,0,True,457,7/71/710/7101,기능원 및 관련 기능 종사자 / 식품 가공 관련 기능직 / 식품 가공 관련 기능 종사자 / 제빵사 및 제과원,7,71.0,710.0,7101.0,,기능원 및 관련 기능 종사자,식품 가공 관련 기능직,식품 가공 관련 기능 종사자,제빵사 및 제과원,,KSCO,8,2025-01-01,,active,2026-03-10 00:55:07,JF_SVC_03,active,auto_mapped,,,,,,,,,2026-03-16
7102,떡 제조원,떡 제조원,떡제조원,detail,4,세분류,710.0,0,True,458,7/71/710/7102,기능원 및 관련 기능 종사자 / 식품 가공 관련 기능직 / 식품 가공 관련 기능 종사자 / 떡 제조원,7,71.0,710.0,7102.0,,기능원 및 관련 기능 종사자,식품 가공 관련 기능직,식품 가공 관련 기능 종사자,떡 제조원,,KSCO,8,2025-01-01,,active,2026-03-10 00:55:07,JF_SVC_03,active,auto_mapped,,,,,,,,,2026-03-16
7103,정육 가공원 및 도축원,정육 가공원 및 도축원,정육가공원및도축원,detail,4,세분류,710.0,0,True,459,7/71/710/7103,기능원 및 관련 기능 종사자 / 식품 가공 관련 기능직 / 식품 가공 관련 기능 종사자 / 정육 가공원 및 도축원,7,71.0,710.0,7103.0,,기능원 및 관련 기능 종사자,식품 가공 관련 기능직,식품 가공 관련 기능 종사자,정육 가공원 및 도축원,,KSCO,8,2025-01-01,,active,2026-03-10 00:55:07,JF_SVC_03,active,auto_mapped,,,,,,,,,2026-03-16
7104,식품 및 담배 등급원,식품 및 담배 등급원,식품및담배등급원,detail,4,세분류,710.0,0,True,460,7/71/710/7104,기능원 및 관련 기능 종사자 / 식품 가공 관련 기능직 / 식품 가공 관련 기능 종사자 / 식품 및 담배 등급원,7,71.0,710.0,7104.0,,기능원 및 관련 기능 종사자,식품 가공 관련 기능직,식품 가공 관련 기능 종사자,식품 및 담배 등급원,,KSCO,8,2025-01-01,,active,2026-03-10 00:55:07,JF_SVC_03,active,auto_mapped,,,,,,,,,2026-03-16
7105,김치 및 밑반찬 제조 종사원,김치 및 밑반찬 제조 종사원,김치및밑반찬제조종사원,detail,4,세분류,710.0,0,True,461,7/71/710/7105,기능원 및 관련 기능 종사자 / 식품 가공 관련 기능직 / 식품 가공 관련 기능 종사자 / 김치 및 밑반찬 제조 종사원,7,71.0,710.0,7105.0,,기능원 및 관련 기능 종사자,식품 가공 관련 기능직,식품 가공 관련 기능 종사자,김치 및 밑반찬 제조 종사원,,KSCO,8,2025-01-01,,active,2026-03-10 00:55:07,JF_SVC_03,active,auto_mapped,,,,,,,,,2026-03-16
7106,도시락 제조원,도시락 제조원,도시락제조원,detail,4,세분류,710.0,0,True,462,7/71/710/7106,기능원 및 관련 기능 종사자 / 식품 가공 관련 기능직 / 식품 가공 관련 기능 종사자 / 도시락 제조원,7,71.0,710.0,7106.0,,기능원 및 관련 기능 종사자,식품 가공 관련 기능직,식품 가공 관련 기능 종사자,도시락 제조원,,KSCO,8,2025-01-01,,active,2026-03-10 00:55:07,JF_SVC_03,active,auto_mapped,,,,,,,,,2026-03-16
7109,기타 식품 가공 관련 기능 종사원,기타 식품 가공 관련 기능 종사원,기타식품가공관련기능종사원,detail,4,세분류,710.0,0,True,463,7/71/710/7109,기능원 및 관련 기능 종사자 / 식품 가공 관련 기능직 / 식품 가공 관련 기능 종사자 / 기타 식품 가공 관련 기능 종사원,7,71.0,710.0,7109.0,,기능원 및 관련 기능 종사자,식품 가공 관련 기능직,식품 가공 관련 기능 종사자,기타 식품 가공 관련 기능 종사원,,KSCO,8,2025-01-01,,active,2026-03-10 00:55:07,JF_SVC_03,active,auto_mapped,,,,,,,,,2026-03-16
72,섬유‧의복 및 가죽 관련 기능직,섬유‧의복 및 가죽 관련 기능직,섬유의복및가죽관련기능직,middle,2,중분류,7.0,2,False,464,7/72,기능원 및 관련 기능 종사자 / 섬유‧의복 및 가죽 관련 기능직,7,72.0,,,,기능원 및 관련 기능 종사자,섬유‧의복 및 가죽 관련 기능직,,,,KSCO,8,2025-01-01,,active,2026-03-10 00:55:07,JF_SVC_06,hierarchy_only,,,,,,,,,,2026-03-16
721,섬유 및 가죽 관련 기능 종사자,섬유 및 가죽 관련 기능 종사자,섬유및가죽관련기능종사자,small,3,소분류,72.0,5,False,465,7/72/721,기능원 및 관련 기능 종사자 / 섬유‧의복 및 가죽 관련 기능직 / 섬유 및 가죽 관련 기능 종사자,7,72.0,721.0,,,기능원 및 관련 기능 종사자,섬유‧의복 및 가죽 관련 기능직,섬유 및 가죽 관련 기능 종사자,,,KSCO,8,2025-01-01,,active,2026-03-10 00:55:07,JF_SVC_06,hierarchy_only,,,,,,,,,,2026-03-16
7211,패턴사,패턴사,패턴사,detail,4,세분류,721.0,0,True,466,7/72/721/7211,기능원 및 관련 기능 종사자 / 섬유‧의복 및 가죽 관련 기능직 / 섬유 및 가죽 관련 기능 종사자 / 패턴사,7,72.0,721.0,7211.0,,기능원 및 관련 기능 종사자,섬유‧의복 및 가죽 관련 기능직,섬유 및 가죽 관련 기능 종사자,패턴사,,KSCO,8,2025-01-01,,active,2026-03-10 00:55:07,JF_SVC_06,active,auto_mapped,,,,,,,,,2026-03-16
7212,재단사,재단사,재단사,detail,4,세분류,721.0,0,True,467,7/72/721/7212,기능원 및 관련 기능 종사자 / 섬유‧의복 및 가죽 관련 기능직 / 섬유 및 가죽 관련 기능 종사자 / 재단사,7,72.0,721.0,7212.0,,기능원 및 관련 기능 종사자,섬유‧의복 및 가죽 관련 기능직,섬유 및 가죽 관련 기능 종사자,재단사,,KSCO,8,2025-01-01,,active,2026-03-10 00:55:07,JF_SVC_06,active,auto_mapped,,,,,,,,,2026-03-16
7213,재봉사,재봉사,재봉사,detail,4,세분류,721.0,0,True,468,7/72/721/7213,기능원 및 관련 기능 종사자 / 섬유‧의복 및 가죽 관련 기능직 / 섬유 및 가죽 관련 기능 종사자 / 재봉사,7,72.0,721.0,7213.0,,기능원 및 관련 기능 종사자,섬유‧의복 및 가죽 관련 기능직,섬유 및 가죽 관련 기능 종사자,재봉사,,KSCO,8,2025-01-01,,active,2026-03-10 00:55:07,JF_SVC_06,active,auto_mapped,,,,,,,,,2026-03-16
7214,제화원,제화원,제화원,detail,4,세분류,721.0,0,True,469,7/72/721/7214,기능원 및 관련 기능 종사자 / 섬유‧의복 및 가죽 관련 기능직 / 섬유 및 가죽 관련 기능 종사자 / 제화원,7,72.0,721.0,7214.0,,기능원 및 관련 기능 종사자,섬유‧의복 및 가죽 관련 기능직,섬유 및 가죽 관련 기능 종사자,제화원,,KSCO,8,2025-01-01,,active,2026-03-10 00:55:07,JF_SVC_06,active,auto_mapped,,,,,,,,,2026-03-16
7219,기타 섬유 및 가죽 관련 기능 종사원,기타 섬유 및 가죽 관련 기능 종사원,기타섬유및가죽관련기능종사원,detail,4,세분류,721.0,0,True,470,7/72/721/7219,기능원 및 관련 기능 종사자 / 섬유‧의복 및 가죽 관련 기능직 / 섬유 및 가죽 관련 기능 종사자 / 기타 섬유 및 가죽 관련 기능 종사원,7,72.0,721.0,7219.0,,기능원 및 관련 기능 종사자,섬유‧의복 및 가죽 관련 기능직,섬유 및 가죽 관련 기능 종사자,기타 섬유 및 가죽 관련 기능 종사원,,KSCO,8,2025-01-01,,active,2026-03-10 00:55:07,JF_SVC_06,active,auto_mapped,,,,,,,,,2026-03-16
722,의복 제조 관련 기능 종사자,의복 제조 관련 기능 종사자,의복제조관련기능종사자,small,3,소분류,72.0,5,False,471,7/72/722,기능원 및 관련 기능 종사자 / 섬유‧의복 및 가죽 관련 기능직 / 의복 제조 관련 기능 종사자,7,72.0,722.0,,,기능원 및 관련 기능 종사자,섬유‧의복 및 가죽 관련 기능직,의복 제조 관련 기능 종사자,,,KSCO,8,2025-01-01,,active,2026-03-10 00:55:07,JF_SVC_06,hierarchy_only,,,,,,,,,,2026-03-16
7221,한복 제조원,한복 제조원,한복제조원,detail,4,세분류,722.0,0,True,472,7/72/722/7221,기능원 및 관련 기능 종사자 / 섬유‧의복 및 가죽 관련 기능직 / 의복 제조 관련 기능 종사자 / 한복 제조원,7,72.0,722.0,7221.0,,기능원 및 관련 기능 종사자,섬유‧의복 및 가죽 관련 기능직,의복 제조 관련 기능 종사자,한복 제조원,,KSCO,8,2025-01-01,,active,2026-03-10 00:55:07,JF_SVC_06,active,auto_mapped,,,,,,,,,2026-03-16
7222,양장 및 양복 제조원,양장 및 양복 제조원,양장및양복제조원,detail,4,세분류,722.0,0,True,473,7/72/722/7222,기능원 및 관련 기능 종사자 / 섬유‧의복 및 가죽 관련 기능직 / 의복 제조 관련 기능 종사자 / 양장 및 양복 제조원,7,72.0,722.0,7222.0,,기능원 및 관련 기능 종사자,섬유‧의복 및 가죽 관련 기능직,의복 제조 관련 기능 종사자,양장 및 양복 제조원,,KSCO,8,2025-01-01,,active,2026-03-10 00:55:07,JF_SVC_06,active,auto_mapped,,,,,,,,,2026-03-16
7223,모피 및 가죽 의복 제조원,모피 및 가죽 의복 제조원,모피및가죽의복제조원,detail,4,세분류,722.0,0,True,474,7/72/722/7223,기능원 및 관련 기능 종사자 / 섬유‧의복 및 가죽 관련 기능직 / 의복 제조 관련 기능 종사자 / 모피 및 가죽 의복 제조원,7,72.0,722.0,7223.0,,기능원 및 관련 기능 종사자,섬유‧의복 및 가죽 관련 기능직,의복 제조 관련 기능 종사자,모피 및 가죽 의복 제조원,,KSCO,8,2025-01-01,,active,2026-03-10 00:55:07,JF_SVC_06,active,auto_mapped,,,,,,,,,2026-03-16
7224,의복‧가죽 및 모피 수선원,의복‧가죽 및 모피 수선원,의복가죽및모피수선원,detail,4,세분류,722.0,0,True,475,7/72/722/7224,기능원 및 관련 기능 종사자 / 섬유‧의복 및 가죽 관련 기능직 / 의복 제조 관련 기능 종사자 / 의복‧가죽 및 모피 수선원,7,72.0,722.0,7224.0,,기능원 및 관련 기능 종사자,섬유‧의복 및 가죽 관련 기능직,의복 제조 관련 기능 종사자,의복‧가죽 및 모피 수선원,,KSCO,8,2025-01-01,,active,2026-03-10 00:55:07,JF_SVC_06,active,auto_mapped,,,,,,,,,2026-03-16
7229,기타 의복 제조 관련 기능 종사원,기타 의복 제조 관련 기능 종사원,기타의복제조관련기능종사원,detail,4,세분류,722.0,0,True,476,7/72/722/7229,기능원 및 관련 기능 종사자 / 섬유‧의복 및 가죽 관련 기능직 / 의복 제조 관련 기능 종사자 / 기타 의복 제조 관련 기능 종사원,7,72.0,722.0,7229.0,,기능원 및 관련 기능 종사자,섬유‧의복 및 가죽 관련 기능직,의복 제조 관련 기능 종사자,기타 의복 제조 관련 기능 종사원,,KSCO,8,2025-01-01,,active,2026-03-10 00:55:07,JF_SVC_06,active,auto_mapped,,,,,,,,,2026-03-16
73,목재‧가구‧악기 및 간판 관련 기능직,목재‧가구‧악기 및 간판 관련 기능직,목재가구악기및간판관련기능직,middle,2,중분류,7.0,1,False,477,7/73,기능원 및 관련 기능 종사자 / 목재‧가구‧악기 및 간판 관련 기능직,7,73.0,,,,기능원 및 관련 기능 종사자,목재‧가구‧악기 및 간판 관련 기능직,,,,KSCO,8,2025-01-01,,active,2026-03-10 00:55:07,JF_SVC_06,hierarchy_only,,,,,,,,,,2026-03-16
730,목재‧가구‧악기 및 간판 관련 기능 종사자,목재‧가구‧악기 및 간판 관련 기능 종사자,목재가구악기및간판관련기능종사자,small,3,소분류,73.0,4,False,478,7/73/730,기능원 및 관련 기능 종사자 / 목재‧가구‧악기 및 간판 관련 기능직 / 목재‧가구‧악기 및 간판 관련 기능 종사자,7,73.0,730.0,,,기능원 및 관련 기능 종사자,목재‧가구‧악기 및 간판 관련 기능직,목재‧가구‧악기 및 간판 관련 기능 종사자,,,KSCO,8,2025-01-01,,active,2026-03-10 00:55:07,JF_SVC_06,hierarchy_only,,,,,,,,,,2026-03-16
7301,목제품 제조 관련 종사원,목제품 제조 관련 종사원,목제품제조관련종사원,detail,4,세분류,730.0,0,True,479,7/73/730/7301,기능원 및 관련 기능 종사자 / 목재‧가구‧악기 및 간판 관련 기능직 / 목재‧가구‧악기 및 간판 관련 기능 종사자 / 목제품 제조 관련 종사원,7,73.0,730.0,7301.0,,기능원 및 관련 기능 종사자,목재‧가구‧악기 및 간판 관련 기능직,목재‧가구‧악기 및 간판 관련 기능 종사자,목제품 제조 관련 종사원,,KSCO,8,2025-01-01,,active,2026-03-10 00:55:07,JF_SVC_06,active,auto_mapped,,,,,,,,,2026-03-16
7302,가구 제조 및 수리원,가구 제조 및 수리원,가구제조및수리원,detail,4,세분류,730.0,0,True,480,7/73/730/7302,기능원 및 관련 기능 종사자 / 목재‧가구‧악기 및 간판 관련 기능직 / 목재‧가구‧악기 및 간판 관련 기능 종사자 / 가구 제조 및 수리원,7,73.0,730.0,7302.0,,기능원 및 관련 기능 종사자,목재‧가구‧악기 및 간판 관련 기능직,목재‧가구‧악기 및 간판 관련 기능 종사자,가구 제조 및 수리원,,KSCO,8,2025-01-01,,active,2026-03-10 00:55:07,JF_SVC_06,active,auto_mapped,,,,,,,,,2026-03-16
7303,악기 제조 및 조율사,악기 제조 및 조율사,악기제조및조율사,detail,4,세분류,730.0,0,True,481,7/73/730/7303,기능원 및 관련 기능 종사자 / 목재‧가구‧악기 및 간판 관련 기능직 / 목재‧가구‧악기 및 간판 관련 기능 종사자 / 악기 제조 및 조율사,7,73.0,730.0,7303.0,,기능원 및 관련 기능 종사자,목재‧가구‧악기 및 간판 관련 기능직,목재‧가구‧악기 및 간판 관련 기능 종사자,악기 제조 및 조율사,,KSCO,8,2025-01-01,,active,2026-03-10 00:55:07,JF_SVC_06,active,auto_mapped,,,,,,,,,2026-03-16
7304,간판 제작 및 설치원,간판 제작 및 설치원,간판제작및설치원,detail,4,세분류,730.0,0,True,482,7/73/730/7304,기능원 및 관련 기능 종사자 / 목재‧가구‧악기 및 간판 관련 기능직 / 목재‧가구‧악기 및 간판 관련 기능 종사자 / 간판 제작 및 설치원,7,73.0,730.0,7304.0,,기능원 및 관련 기능 종사자,목재‧가구‧악기 및 간판 관련 기능직,목재‧가구‧악기 및 간판 관련 기능 종사자,간판 제작 및 설치원,,KSCO,8,2025-01-01,,active,2026-03-10 00:55:07,JF_SVC_06,active,auto_mapped,,,,,,,,,2026-03-16
74,금속 성형 관련 기능직,금속 성형 관련 기능직,금속성형관련기능직,middle,2,중분류,7.0,1,False,483,7/74,기능원 및 관련 기능 종사자 / 금속 성형 관련 기능직,7,74.0,,,,기능원 및 관련 기능 종사자,금속 성형 관련 기능직,,,,KSCO,8,2025-01-01,,active,2026-03-10 00:55:07,JF_SVC_06,hierarchy_only,,,,,,,,,,2026-03-16
740,금속 성형 관련 기능 종사자,금속 성형 관련 기능 종사자,금속성형관련기능종사자,small,3,소분류,74.0,6,False,484,7/74/740,기능원 및 관련 기능 종사자 / 금속 성형 관련 기능직 / 금속 성형 관련 기능 종사자,7,74.0,740.0,,,기능원 및 관련 기능 종사자,금속 성형 관련 기능직,금속 성형 관련 기능 종사자,,,KSCO,8,2025-01-01,,active,2026-03-10 00:55:07,JF_SVC_06,hierarchy_only,,,,,,,,,,2026-03-16
7401,금형원,금형원,금형원,detail,4,세분류,740.0,0,True,485,7/74/740/7401,기능원 및 관련 기능 종사자 / 금속 성형 관련 기능직 / 금속 성형 관련 기능 종사자 / 금형원,7,74.0,740.0,7401.0,,기능원 및 관련 기능 종사자,금속 성형 관련 기능직,금속 성형 관련 기능 종사자,금형원,,KSCO,8,2025-01-01,,active,2026-03-10 00:55:07,JF_SVC_06,active,auto_mapped,,,,,,,,,2026-03-16
7402,주조원,주조원,주조원,detail,4,세분류,740.0,0,True,486,7/74/740/7402,기능원 및 관련 기능 종사자 / 금속 성형 관련 기능직 / 금속 성형 관련 기능 종사자 / 주조원,7,74.0,740.0,7402.0,,기능원 및 관련 기능 종사자,금속 성형 관련 기능직,금속 성형 관련 기능 종사자,주조원,,KSCO,8,2025-01-01,,active,2026-03-10 00:55:07,JF_SVC_06,active,auto_mapped,,,,,,,,,2026-03-16
7403,단조원,단조원,단조원,detail,4,세분류,740.0,0,True,487,7/74/740/7403,기능원 및 관련 기능 종사자 / 금속 성형 관련 기능직 / 금속 성형 관련 기능 종사자 / 단조원,7,74.0,740.0,7403.0,,기능원 및 관련 기능 종사자,금속 성형 관련 기능직,금속 성형 관련 기능 종사자,단조원,,KSCO,8,2025-01-01,,active,2026-03-10 00:55:07,JF_SVC_06,active,auto_mapped,,,,,,,,,2026-03-16
7404,제관원,제관원,제관원,detail,4,세분류,740.0,0,True,488,7/74/740/7404,기능원 및 관련 기능 종사자 / 금속 성형 관련 기능직 / 금속 성형 관련 기능 종사자 / 제관원,7,74.0,740.0,7404.0,,기능원 및 관련 기능 종사자,금속 성형 관련 기능직,금속 성형 관련 기능 종사자,제관원,,KSCO,8,2025-01-01,,active,2026-03-10 00:55:07,JF_SVC_06,active,auto_mapped,,,,,,,,,2026-03-16
7405,판금원,판금원,판금원,detail,4,세분류,740.0,0,True,489,7/74/740/7405,기능원 및 관련 기능 종사자 / 금속 성형 관련 기능직 / 금속 성형 관련 기능 종사자 / 판금원,7,74.0,740.0,7405.0,,기능원 및 관련 기능 종사자,금속 성형 관련 기능직,금속 성형 관련 기능 종사자,판금원,,KSCO,8,2025-01-01,,active,2026-03-10 00:55:07,JF_SVC_06,active,auto_mapped,,,,,,,,,2026-03-16
7406,용접원,용접원,용접원,detail,4,세분류,740.0,0,True,490,7/74/740/7406,기능원 및 관련 기능 종사자 / 금속 성형 관련 기능직 / 금속 성형 관련 기능 종사자 / 용접원,7,74.0,740.0,7406.0,,기능원 및 관련 기능 종사자,금속 성형 관련 기능직,금속 성형 관련 기능 종사자,용접원,,KSCO,8,2025-01-01,,active,2026-03-10 00:55:07,JF_SVC_06,active,auto_mapped,,,,,,,,,2026-03-16
75,운송 및 기계 관련 기능직,운송 및 기계 관련 기능직,운송및기계관련기능직,middle,2,중분류,7.0,3,False,491,7/75,기능원 및 관련 기능 종사자 / 운송 및 기계 관련 기능직,7,75.0,,,,기능원 및 관련 기능 종사자,운송 및 기계 관련 기능직,,,,KSCO,8,2025-01-01,,active,2026-03-10 00:55:07,JF_SVC_06,hierarchy_only,,,,,,,,,,2026-03-16
751,자동차 정비원,자동차 정비원,자동차정비원,small,3,소분류,75.0,1,False,492,7/75/751,기능원 및 관련 기능 종사자 / 운송 및 기계 관련 기능직 / 자동차 정비원,7,75.0,751.0,,,기능원 및 관련 기능 종사자,운송 및 기계 관련 기능직,자동차 정비원,,,KSCO,8,2025-01-01,,active,2026-03-10 00:55:07,JF_SVC_06,hierarchy_only,,,,,,,,,,2026-03-16
7510,자동차 정비원,자동차 정비원,자동차정비원,detail,4,세분류,751.0,0,True,493,7/75/751/7510,기능원 및 관련 기능 종사자 / 운송 및 기계 관련 기능직 / 자동차 정비원 / 자동차 정비원,7,75.0,751.0,7510.0,,기능원 및 관련 기능 종사자,운송 및 기계 관련 기능직,자동차 정비원,자동차 정비원,,KSCO,8,2025-01-01,,active,2026-03-10 00:55:07,JF_SVC_06,active,auto_mapped,,,,,,,,,2026-03-16
752,운송장비 정비원,운송장비 정비원,운송장비정비원,small,3,소분류,75.0,4,False,494,7/75/752,기능원 및 관련 기능 종사자 / 운송 및 기계 관련 기능직 / 운송장비 정비원,7,75.0,752.0,,,기능원 및 관련 기능 종사자,운송 및 기계 관련 기능직,운송장비 정비원,,,KSCO,8,2025-01-01,,active,2026-03-10 00:55:07,JF_SVC_06,hierarchy_only,,,,,,,,,,2026-03-16
7521,항공기 정비원,항공기 정비원,항공기정비원,detail,4,세분류,752.0,0,True,495,7/75/752/7521,기능원 및 관련 기능 종사자 / 운송 및 기계 관련 기능직 / 운송장비 정비원 / 항공기 정비원,7,75.0,752.0,7521.0,,기능원 및 관련 기능 종사자,운송 및 기계 관련 기능직,운송장비 정비원,항공기 정비원,,KSCO,8,2025-01-01,,active,2026-03-10 00:55:07,JF_SVC_06,active,auto_mapped,,,,,,,,,2026-03-16
7522,선박 정비원,선박 정비원,선박정비원,detail,4,세분류,752.0,0,True,496,7/75/752/7522,기능원 및 관련 기능 종사자 / 운송 및 기계 관련 기능직 / 운송장비 정비원 / 선박 정비원,7,75.0,752.0,7522.0,,기능원 및 관련 기능 종사자,운송 및 기계 관련 기능직,운송장비 정비원,선박 정비원,,KSCO,8,2025-01-01,,active,2026-03-10 00:55:07,JF_SVC_06,active,auto_mapped,,,,,,,,,2026-03-16
7523,철도 기관차 및 전동차 정비원,철도 기관차 및 전동차 정비원,철도기관차및전동차정비원,detail,4,세분류,752.0,0,True,497,7/75/752/7523,기능원 및 관련 기능 종사자 / 운송 및 기계 관련 기능직 / 운송장비 정비원 / 철도 기관차 및 전동차 정비원,7,75.0,752.0,7523.0,,기능원 및 관련 기능 종사자,운송 및 기계 관련 기능직,운송장비 정비원,철도 기관차 및 전동차 정비원,,KSCO,8,2025-01-01,,active,2026-03-10 00:55:07,JF_SVC_06,active,auto_mapped,,,,,,,,,2026-03-16
7529,기타 운송장비 정비원,기타 운송장비 정비원,기타운송장비정비원,detail,4,세분류,752.0,0,True,498,7/75/752/7529,기능원 및 관련 기능 종사자 / 운송 및 기계 관련 기능직 / 운송장비 정비원 / 기타 운송장비 정비원,7,75.0,752.0,7529.0,,기능원 및 관련 기능 종사자,운송 및 기계 관련 기능직,운송장비 정비원,기타 운송장비 정비원,,KSCO,8,2025-01-01,,active,2026-03-10 00:55:07,JF_SVC_06,active,auto_mapped,,,,,,,,,2026-03-16
753,기계장비 설치 및 정비원,기계장비 설치 및 정비원,기계장비설치및정비원,small,3,소분류,75.0,8,False,499,7/75/753,기능원 및 관련 기능 종사자 / 운송 및 기계 관련 기능직 / 기계장비 설치 및 정비원,7,75.0,753.0,,,기능원 및 관련 기능 종사자,운송 및 기계 관련 기능직,기계장비 설치 및 정비원,,,KSCO,8,2025-01-01,,active,2026-03-10 00:55:07,JF_SVC_06,hierarchy_only,,,,,,,,,,2026-03-16
7531,로봇 설치 및 정비원,로봇 설치 및 정비원,로봇설치및정비원,detail,4,세분류,753.0,0,True,500,7/75/753/7531,기능원 및 관련 기능 종사자 / 운송 및 기계 관련 기능직 / 기계장비 설치 및 정비원 / 로봇 설치 및 정비원,7,75.0,753.0,7531.0,,기능원 및 관련 기능 종사자,운송 및 기계 관련 기능직,기계장비 설치 및 정비원,로봇 설치 및 정비원,,KSCO,8,2025-01-01,,active,2026-03-10 00:55:07,JF_MFG_04,active,auto_mapped,,,,,,,,,2026-03-23
7532,공업기계 설치 및 정비원,공업기계 설치 및 정비원,공업기계설치및정비원,detail,4,세분류,753.0,0,True,501,7/75/753/7532,기능원 및 관련 기능 종사자 / 운송 및 기계 관련 기능직 / 기계장비 설치 및 정비원 / 공업기계 설치 및 정비원,7,75.0,753.0,7532.0,,기능원 및 관련 기능 종사자,운송 및 기계 관련 기능직,기계장비 설치 및 정비원,공업기계 설치 및 정비원,,KSCO,8,2025-01-01,,active,2026-03-10 00:55:07,JF_MFG_04,active,auto_mapped,,,,,,,,,2026-03-23
7533,승강기 설치 및 정비원,승강기 설치 및 정비원,승강기설치및정비원,detail,4,세분류,753.0,0,True,502,7/75/753/7533,기능원 및 관련 기능 종사자 / 운송 및 기계 관련 기능직 / 기계장비 설치 및 정비원 / 승강기 설치 및 정비원,7,75.0,753.0,7533.0,,기능원 및 관련 기능 종사자,운송 및 기계 관련 기능직,기계장비 설치 및 정비원,승강기 설치 및 정비원,,KSCO,8,2025-01-01,,active,2026-03-10 00:55:07,JF_MFG_04,active,auto_mapped,,,,,,,,,2026-03-23
7534,물품 이동 장비 설치 및 정비원,물품 이동 장비 설치 및 정비원,물품이동장비설치및정비원,detail,4,세분류,753.0,0,True,503,7/75/753/7534,기능원 및 관련 기능 종사자 / 운송 및 기계 관련 기능직 / 기계장비 설치 및 정비원 / 물품 이동 장비 설치 및 정비원,7,75.0,753.0,7534.0,,기능원 및 관련 기능 종사자,운송 및 기계 관련 기능직,기계장비 설치 및 정비원,물품 이동 장비 설치 및 정비원,,KSCO,8,2025-01-01,,active,2026-03-10 00:55:07,JF_MFG_04,active,auto_mapped,,,,,,,,,2026-03-23
7535,냉동‧냉장‧공조기 설치 및 정비원,냉동‧냉장‧공조기 설치 및 정비원,냉동냉장공조기설치및정비원,detail,4,세분류,753.0,0,True,504,7/75/753/7535,기능원 및 관련 기능 종사자 / 운송 및 기계 관련 기능직 / 기계장비 설치 및 정비원 / 냉동‧냉장‧공조기 설치 및 정비원,7,75.0,753.0,7535.0,,기능원 및 관련 기능 종사자,운송 및 기계 관련 기능직,기계장비 설치 및 정비원,냉동‧냉장‧공조기 설치 및 정비원,,KSCO,8,2025-01-01,,active,2026-03-10 00:55:07,JF_MFG_04,active,auto_mapped,,,,,,,,,2026-03-23
7536,보일러 설치 및 정비원,보일러 설치 및 정비원,보일러설치및정비원,detail,4,세분류,753.0,0,True,505,7/75/753/7536,기능원 및 관련 기능 종사자 / 운송 및 기계 관련 기능직 / 기계장비 설치 및 정비원 / 보일러 설치 및 정비원,7,75.0,753.0,7536.0,,기능원 및 관련 기능 종사자,운송 및 기계 관련 기능직,기계장비 설치 및 정비원,보일러 설치 및 정비원,,KSCO,8,2025-01-01,,active,2026-03-10 00:55:07,JF_MFG_04,active,auto_mapped,,,,,,,,,2026-03-23
7537,건설‧광업기계 설치 및 정비원,건설‧광업기계 설치 및 정비원,건설광업기계설치및정비원,detail,4,세분류,753.0,0,True,506,7/75/753/7537,기능원 및 관련 기능 종사자 / 운송 및 기계 관련 기능직 / 기계장비 설치 및 정비원 / 건설‧광업기계 설치 및 정비원,7,75.0,753.0,7537.0,,기능원 및 관련 기능 종사자,운송 및 기계 관련 기능직,기계장비 설치 및 정비원,건설‧광업기계 설치 및 정비원,,KSCO,8,2025-01-01,,active,2026-03-10 00:55:07,JF_MFG_04,active,auto_mapped,,,,,,,,,2026-03-23
7539,농업용‧기타 기계장비 설치 및 정비원,농업용‧기타 기계장비 설치 및 정비원,농업용기타기계장비설치및정비원,detail,4,세분류,753.0,0,True,507,7/75/753/7539,기능원 및 관련 기능 종사자 / 운송 및 기계 관련 기능직 / 기계장비 설치 및 정비원 / 농업용‧기타 기계장비 설치 및 정비원,7,75.0,753.0,7539.0,,기능원 및 관련 기능 종사자,운송 및 기계 관련 기능직,기계장비 설치 및 정비원,농업용‧기타 기계장비 설치 및 정비원,,KSCO,8,2025-01-01,,active,2026-03-10 00:55:07,JF_MFG_04,active,auto_mapped,,,,,,,,,2026-03-23
76,전기 및 전자 관련 기능직,전기 및 전자 관련 기능직,전기및전자관련기능직,middle,2,중분류,7.0,2,False,508,7/76,기능원 및 관련 기능 종사자 / 전기 및 전자 관련 기능직,7,76.0,,,,기능원 및 관련 기능 종사자,전기 및 전자 관련 기능직,,,,KSCO,8,2025-01-01,,active,2026-03-10 00:55:07,JF_RND_02,hierarchy_only,,,,,,,,,,2026-03-16
761,전기‧전자기기 설치 및 수리원,전기‧전자기기 설치 및 수리원,전기전자기기설치및수리원,small,3,소분류,76.0,3,False,509,7/76/761,기능원 및 관련 기능 종사자 / 전기 및 전자 관련 기능직 / 전기‧전자기기 설치 및 수리원,7,76.0,761.0,,,기능원 및 관련 기능 종사자,전기 및 전자 관련 기능직,전기‧전자기기 설치 및 수리원,,,KSCO,8,2025-01-01,,active,2026-03-10 00:55:07,JF_RND_02,hierarchy_only,,,,,,,,,,2026-03-16
7611,사무용 전자기기 설치 및 수리원,사무용 전자기기 설치 및 수리원,사무용전자기기설치및수리원,detail,4,세분류,761.0,0,True,510,7/76/761/7611,기능원 및 관련 기능 종사자 / 전기 및 전자 관련 기능직 / 전기‧전자기기 설치 및 수리원 / 사무용 전자기기 설치 및 수리원,7,76.0,761.0,7611.0,,기능원 및 관련 기능 종사자,전기 및 전자 관련 기능직,전기‧전자기기 설치 및 수리원,사무용 전자기기 설치 및 수리원,,KSCO,8,2025-01-01,,active,2026-03-10 00:55:07,JF_MFG_05,active,auto_mapped,,,,,,,,,2026-03-23
7612,가전제품 설치 및 수리원,가전제품 설치 및 수리원,가전제품설치및수리원,detail,4,세분류,761.0,0,True,511,7/76/761/7612,기능원 및 관련 기능 종사자 / 전기 및 전자 관련 기능직 / 전기‧전자기기 설치 및 수리원 / 가전제품 설치 및 수리원,7,76.0,761.0,7612.0,,기능원 및 관련 기능 종사자,전기 및 전자 관련 기능직,전기‧전자기기 설치 및 수리원,가전제품 설치 및 수리원,,KSCO,8,2025-01-01,,active,2026-03-10 00:55:07,JF_MFG_05,active,auto_mapped,,,,,,,,,2026-03-23
7619,기타 전기‧전자기기 설치 및 수리원,기타 전기‧전자기기 설치 및 수리원,기타전기전자기기설치및수리원,detail,4,세분류,761.0,0,True,512,7/76/761/7619,기능원 및 관련 기능 종사자 / 전기 및 전자 관련 기능직 / 전기‧전자기기 설치 및 수리원 / 기타 전기‧전자기기 설치 및 수리원,7,76.0,761.0,7619.0,,기능원 및 관련 기능 종사자,전기 및 전자 관련 기능직,전기‧전자기기 설치 및 수리원,기타 전기‧전자기기 설치 및 수리원,,KSCO,8,2025-01-01,,active,2026-03-10 00:55:07,JF_MFG_05,active,auto_mapped,,,,,,,,,2026-03-23
762,전기공,전기공,전기공,small,3,소분류,76.0,3,False,513,7/76/762,기능원 및 관련 기능 종사자 / 전기 및 전자 관련 기능직 / 전기공,7,76.0,762.0,,,기능원 및 관련 기능 종사자,전기 및 전자 관련 기능직,전기공,,,KSCO,8,2025-01-01,,active,2026-03-10 00:55:07,JF_RND_02,hierarchy_only,,,,,,,,,,2026-03-16
7621,산업 전기공,산업 전기공,산업전기공,detail,4,세분류,762.0,0,True,514,7/76/762/7621,기능원 및 관련 기능 종사자 / 전기 및 전자 관련 기능직 / 전기공 / 산업 전기공,7,76.0,762.0,7621.0,,기능원 및 관련 기능 종사자,전기 및 전자 관련 기능직,전기공,산업 전기공,,KSCO,8,2025-01-01,,active,2026-03-10 00:55:07,JF_MFG_05,active,auto_mapped,,,,,,,,,2026-03-23
7622,내선 전기공,내선 전기공,내선전기공,detail,4,세분류,762.0,0,True,515,7/76/762/7622,기능원 및 관련 기능 종사자 / 전기 및 전자 관련 기능직 / 전기공 / 내선 전기공,7,76.0,762.0,7622.0,,기능원 및 관련 기능 종사자,전기 및 전자 관련 기능직,전기공,내선 전기공,,KSCO,8,2025-01-01,,active,2026-03-10 00:55:07,JF_MFG_05,active,auto_mapped,,,,,,,,,2026-03-23
7623,외선 전기공,외선 전기공,외선전기공,detail,4,세분류,762.0,0,True,516,7/76/762/7623,기능원 및 관련 기능 종사자 / 전기 및 전자 관련 기능직 / 전기공 / 외선 전기공,7,76.0,762.0,7623.0,,기능원 및 관련 기능 종사자,전기 및 전자 관련 기능직,전기공,외선 전기공,,KSCO,8,2025-01-01,,active,2026-03-10 00:55:07,JF_MFG_05,active,auto_mapped,,,,,,,,,2026-03-23
77,정보 통신 및 방송장비 관련 기능직,정보 통신 및 방송장비 관련 기능직,정보통신및방송장비관련기능직,middle,2,중분류,7.0,2,False,517,7/77,기능원 및 관련 기능 종사자 / 정보 통신 및 방송장비 관련 기능직,7,77.0,,,,기능원 및 관련 기능 종사자,정보 통신 및 방송장비 관련 기능직,,,,KSCO,8,2025-01-01,,active,2026-03-10 00:55:07,JF_SVC_06,hierarchy_only,,,,,,,,,,2026-03-16
771,정보 통신기기 설치 및 수리원,정보 통신기기 설치 및 수리원,정보통신기기설치및수리원,small,3,소분류,77.0,3,False,518,7/77/771,기능원 및 관련 기능 종사자 / 정보 통신 및 방송장비 관련 기능직 / 정보 통신기기 설치 및 수리원,7,77.0,771.0,,,기능원 및 관련 기능 종사자,정보 통신 및 방송장비 관련 기능직,정보 통신기기 설치 및 수리원,,,KSCO,8,2025-01-01,,active,2026-03-10 00:55:07,JF_SVC_06,hierarchy_only,,,,,,,,,,2026-03-16
7711,컴퓨터 설치 및 수리원,컴퓨터 설치 및 수리원,컴퓨터설치및수리원,detail,4,세분류,771.0,0,True,519,7/77/771/7711,기능원 및 관련 기능 종사자 / 정보 통신 및 방송장비 관련 기능직 / 정보 통신기기 설치 및 수리원 / 컴퓨터 설치 및 수리원,7,77.0,771.0,7711.0,,기능원 및 관련 기능 종사자,정보 통신 및 방송장비 관련 기능직,정보 통신기기 설치 및 수리원,컴퓨터 설치 및 수리원,,KSCO,8,2025-01-01,,active,2026-03-10 00:55:07,JF_SVC_06,active,auto_mapped,,,,,,,,,2026-03-16
7712,이동전화기 수리원,이동전화기 수리원,이동전화기수리원,detail,4,세분류,771.0,0,True,520,7/77/771/7712,기능원 및 관련 기능 종사자 / 정보 통신 및 방송장비 관련 기능직 / 정보 통신기기 설치 및 수리원 / 이동전화기 수리원,7,77.0,771.0,7712.0,,기능원 및 관련 기능 종사자,정보 통신 및 방송장비 관련 기능직,정보 통신기기 설치 및 수리원,이동전화기 수리원,,KSCO,8,2025-01-01,,active,2026-03-10 00:55:07,JF_SVC_06,active,auto_mapped,,,,,,,,,2026-03-16
7719,기타 정보 통신기기 설치 및 수리원,기타 정보 통신기기 설치 및 수리원,기타정보통신기기설치및수리원,detail,4,세분류,771.0,0,True,521,7/77/771/7719,기능원 및 관련 기능 종사자 / 정보 통신 및 방송장비 관련 기능직 / 정보 통신기기 설치 및 수리원 / 기타 정보 통신기기 설치 및 수리원,7,77.0,771.0,7719.0,,기능원 및 관련 기능 종사자,정보 통신 및 방송장비 관련 기능직,정보 통신기기 설치 및 수리원,기타 정보 통신기기 설치 및 수리원,,KSCO,8,2025-01-01,,active,2026-03-10 00:55:07,JF_SVC_06,active,auto_mapped,,,,,,,,,2026-03-16
772,방송‧통신장비 관련 설치 및 수리원,방송‧통신장비 관련 설치 및 수리원,방송통신장비관련설치및수리원,small,3,소분류,77.0,3,False,522,7/77/772,기능원 및 관련 기능 종사자 / 정보 통신 및 방송장비 관련 기능직 / 방송‧통신장비 관련 설치 및 수리원,7,77.0,772.0,,,기능원 및 관련 기능 종사자,정보 통신 및 방송장비 관련 기능직,방송‧통신장비 관련 설치 및 수리원,,,KSCO,8,2025-01-01,,active,2026-03-10 00:55:07,JF_SVC_06,hierarchy_only,,,,,,,,,,2026-03-16
7721,방송 관련 장비 설치 및 수리원,방송 관련 장비 설치 및 수리원,방송관련장비설치및수리원,detail,4,세분류,772.0,0,True,523,7/77/772/7721,기능원 및 관련 기능 종사자 / 정보 통신 및 방송장비 관련 기능직 / 방송‧통신장비 관련 설치 및 수리원 / 방송 관련 장비 설치 및 수리원,7,77.0,772.0,7721.0,,기능원 및 관련 기능 종사자,정보 통신 및 방송장비 관련 기능직,방송‧통신장비 관련 설치 및 수리원,방송 관련 장비 설치 및 수리원,,KSCO,8,2025-01-01,,active,2026-03-10 00:55:07,JF_SVC_06,active,auto_mapped,,,,,,,,,2026-03-16
7722,통신 관련 장비 설치 및 수리원,통신 관련 장비 설치 및 수리원,통신관련장비설치및수리원,detail,4,세분류,772.0,0,True,524,7/77/772/7722,기능원 및 관련 기능 종사자 / 정보 통신 및 방송장비 관련 기능직 / 방송‧통신장비 관련 설치 및 수리원 / 통신 관련 장비 설치 및 수리원,7,77.0,772.0,7722.0,,기능원 및 관련 기능 종사자,정보 통신 및 방송장비 관련 기능직,방송‧통신장비 관련 설치 및 수리원,통신 관련 장비 설치 및 수리원,,KSCO,8,2025-01-01,,active,2026-03-10 00:55:07,JF_SVC_06,active,auto_mapped,,,,,,,,,2026-03-16
7723,통신‧방송‧인터넷 케이블 설치 및 수리원,통신‧방송‧인터넷 케이블 설치 및 수리원,통신방송인터넷케이블설치및수리원,detail,4,세분류,772.0,0,True,525,7/77/772/7723,기능원 및 관련 기능 종사자 / 정보 통신 및 방송장비 관련 기능직 / 방송‧통신장비 관련 설치 및 수리원 / 통신‧방송‧인터넷 케이블 설치 및 수리원,7,77.0,772.0,7723.0,,기능원 및 관련 기능 종사자,정보 통신 및 방송장비 관련 기능직,방송‧통신장비 관련 설치 및 수리원,통신‧방송‧인터넷 케이블 설치 및 수리원,,KSCO,8,2025-01-01,,active,2026-03-10 00:55:07,JF_SVC_06,active,auto_mapped,,,,,,,,,2026-03-16
78,건설 및 채굴 관련 기능직,건설 및 채굴 관련 기능직,건설및채굴관련기능직,middle,2,중분류,7.0,4,False,526,7/78,기능원 및 관련 기능 종사자 / 건설 및 채굴 관련 기능직,7,78.0,,,,기능원 및 관련 기능 종사자,건설 및 채굴 관련 기능직,,,,KSCO,8,2025-01-01,,active,2026-03-10 00:55:07,JF_SVC_06,hierarchy_only,,,,,,,,,,2026-03-16
781,건설 구조 관련 기능 종사자,건설 구조 관련 기능 종사자,건설구조관련기능종사자,small,3,소분류,78.0,2,False,527,7/78/781,기능원 및 관련 기능 종사자 / 건설 및 채굴 관련 기능직 / 건설 구조 관련 기능 종사자,7,78.0,781.0,,,기능원 및 관련 기능 종사자,건설 및 채굴 관련 기능직,건설 구조 관련 기능 종사자,,,KSCO,8,2025-01-01,,active,2026-03-10 00:55:07,JF_SVC_06,hierarchy_only,,,,,,,,,,2026-03-16
7811,강구조물 가공원 및 건립원,강구조물 가공원 및 건립원,강구조물가공원및건립원,detail,4,세분류,781.0,0,True,528,7/78/781/7811,기능원 및 관련 기능 종사자 / 건설 및 채굴 관련 기능직 / 건설 구조 관련 기능 종사자 / 강구조물 가공원 및 건립원,7,78.0,781.0,7811.0,,기능원 및 관련 기능 종사자,건설 및 채굴 관련 기능직,건설 구조 관련 기능 종사자,강구조물 가공원 및 건립원,,KSCO,8,2025-01-01,,active,2026-03-10 00:55:07,JF_CON_01,active,auto_mapped,,,,,,,,,2026-03-23
7812,경량 철골공,경량 철골공,경량철골공,detail,4,세분류,781.0,0,True,529,7/78/781/7812,기능원 및 관련 기능 종사자 / 건설 및 채굴 관련 기능직 / 건설 구조 관련 기능 종사자 / 경량 철골공,7,78.0,781.0,7812.0,,기능원 및 관련 기능 종사자,건설 및 채굴 관련 기능직,건설 구조 관련 기능 종사자,경량 철골공,,KSCO,8,2025-01-01,,active,2026-03-10 00:55:07,JF_CON_01,active,auto_mapped,,,,,,,,,2026-03-23
782,건설 관련 기능 종사자,건설 관련 기능 종사자,건설관련기능종사자,small,3,소분류,78.0,6,False,530,7/78/782,기능원 및 관련 기능 종사자 / 건설 및 채굴 관련 기능직 / 건설 관련 기능 종사자,7,78.0,782.0,,,기능원 및 관련 기능 종사자,건설 및 채굴 관련 기능직,건설 관련 기능 종사자,,,KSCO,8,2025-01-01,,active,2026-03-10 00:55:07,JF_SVC_06,hierarchy_only,,,,,,,,,,2026-03-16
7821,철근공,철근공,철근공,detail,4,세분류,782.0,0,True,531,7/78/782/7821,기능원 및 관련 기능 종사자 / 건설 및 채굴 관련 기능직 / 건설 관련 기능 종사자 / 철근공,7,78.0,782.0,7821.0,,기능원 및 관련 기능 종사자,건설 및 채굴 관련 기능직,건설 관련 기능 종사자,철근공,,KSCO,8,2025-01-01,,active,2026-03-10 00:55:07,JF_CON_01,active,auto_mapped,,,,,,,,,2026-03-23
7822,콘크리트공,콘크리트공,콘크리트공,detail,4,세분류,782.0,0,True,532,7/78/782/7822,기능원 및 관련 기능 종사자 / 건설 및 채굴 관련 기능직 / 건설 관련 기능 종사자 / 콘크리트공,7,78.0,782.0,7822.0,,기능원 및 관련 기능 종사자,건설 및 채굴 관련 기능직,건설 관련 기능 종사자,콘크리트공,,KSCO,8,2025-01-01,,active,2026-03-10 00:55:07,JF_CON_01,active,auto_mapped,,,,,,,,,2026-03-23
7823,건축 석공,건축 석공,건축석공,detail,4,세분류,782.0,0,True,533,7/78/782/7823,기능원 및 관련 기능 종사자 / 건설 및 채굴 관련 기능직 / 건설 관련 기능 종사자 / 건축 석공,7,78.0,782.0,7823.0,,기능원 및 관련 기능 종사자,건설 및 채굴 관련 기능직,건설 관련 기능 종사자,건축 석공,,KSCO,8,2025-01-01,,active,2026-03-10 00:55:07,JF_CON_01,active,auto_mapped,,,,,,,,,2026-03-23
7824,건축 목공,건축 목공,건축목공,detail,4,세분류,782.0,0,True,534,7/78/782/7824,기능원 및 관련 기능 종사자 / 건설 및 채굴 관련 기능직 / 건설 관련 기능 종사자 / 건축 목공,7,78.0,782.0,7824.0,,기능원 및 관련 기능 종사자,건설 및 채굴 관련 기능직,건설 관련 기능 종사자,건축 목공,,KSCO,8,2025-01-01,,active,2026-03-10 00:55:07,JF_CON_01,active,auto_mapped,,,,,,,,,2026-03-23
7825,조적공 및 석재 부설원,조적공 및 석재 부설원,조적공및석재부설원,detail,4,세분류,782.0,0,True,535,7/78/782/7825,기능원 및 관련 기능 종사자 / 건설 및 채굴 관련 기능직 / 건설 관련 기능 종사자 / 조적공 및 석재 부설원,7,78.0,782.0,7825.0,,기능원 및 관련 기능 종사자,건설 및 채굴 관련 기능직,건설 관련 기능 종사자,조적공 및 석재 부설원,,KSCO,8,2025-01-01,,active,2026-03-10 00:55:07,JF_CON_01,active,auto_mapped,,,,,,,,,2026-03-23
7829,기타 건설 관련 기능 종사원,기타 건설 관련 기능 종사원,기타건설관련기능종사원,detail,4,세분류,782.0,0,True,536,7/78/782/7829,기능원 및 관련 기능 종사자 / 건설 및 채굴 관련 기능직 / 건설 관련 기능 종사자 / 기타 건설 관련 기능 종사원,7,78.0,782.0,7829.0,,기능원 및 관련 기능 종사자,건설 및 채굴 관련 기능직,건설 관련 기능 종사자,기타 건설 관련 기능 종사원,,KSCO,8,2025-01-01,,active,2026-03-10 00:55:07,JF_CON_01,active,auto_mapped,,,,,,,,,2026-03-23
783,건축 마감 관련 기능 종사자,건축 마감 관련 기능 종사자,건축마감관련기능종사자,small,3,소분류,78.0,8,False,537,7/78/783,기능원 및 관련 기능 종사자 / 건설 및 채굴 관련 기능직 / 건축 마감 관련 기능 종사자,7,78.0,783.0,,,기능원 및 관련 기능 종사자,건설 및 채굴 관련 기능직,건축 마감 관련 기능 종사자,,,KSCO,8,2025-01-01,,active,2026-03-10 00:55:07,JF_SVC_06,hierarchy_only,,,,,,,,,,2026-03-16
7831,미장공,미장공,미장공,detail,4,세분류,783.0,0,True,538,7/78/783/7831,기능원 및 관련 기능 종사자 / 건설 및 채굴 관련 기능직 / 건축 마감 관련 기능 종사자 / 미장공,7,78.0,783.0,7831.0,,기능원 및 관련 기능 종사자,건설 및 채굴 관련 기능직,건축 마감 관련 기능 종사자,미장공,,KSCO,8,2025-01-01,,active,2026-03-10 00:55:07,JF_CON_01,active,auto_mapped,,,,,,,,,2026-03-23
7832,방수공,방수공,방수공,detail,4,세분류,783.0,0,True,539,7/78/783/7832,기능원 및 관련 기능 종사자 / 건설 및 채굴 관련 기능직 / 건축 마감 관련 기능 종사자 / 방수공,7,78.0,783.0,7832.0,,기능원 및 관련 기능 종사자,건설 및 채굴 관련 기능직,건축 마감 관련 기능 종사자,방수공,,KSCO,8,2025-01-01,,active,2026-03-10 00:55:07,JF_CON_01,active,auto_mapped,,,,,,,,,2026-03-23
7833,단열공,단열공,단열공,detail,4,세분류,783.0,0,True,540,7/78/783/7833,기능원 및 관련 기능 종사자 / 건설 및 채굴 관련 기능직 / 건축 마감 관련 기능 종사자 / 단열공,7,78.0,783.0,7833.0,,기능원 및 관련 기능 종사자,건설 및 채굴 관련 기능직,건축 마감 관련 기능 종사자,단열공,,KSCO,8,2025-01-01,,active,2026-03-10 00:55:07,JF_CON_01,active,auto_mapped,,,,,,,,,2026-03-23
7834,바닥재 시공원,바닥재 시공원,바닥재시공원,detail,4,세분류,783.0,0,True,541,7/78/783/7834,기능원 및 관련 기능 종사자 / 건설 및 채굴 관련 기능직 / 건축 마감 관련 기능 종사자 / 바닥재 시공원,7,78.0,783.0,7834.0,,기능원 및 관련 기능 종사자,건설 및 채굴 관련 기능직,건축 마감 관련 기능 종사자,바닥재 시공원,,KSCO,8,2025-01-01,,active,2026-03-10 00:55:07,JF_CON_01,active,auto_mapped,,,,,,,,,2026-03-23
7835,도배공 및 유리 부착원,도배공 및 유리 부착원,도배공및유리부착원,detail,4,세분류,783.0,0,True,542,7/78/783/7835,기능원 및 관련 기능 종사자 / 건설 및 채굴 관련 기능직 / 건축 마감 관련 기능 종사자 / 도배공 및 유리 부착원,7,78.0,783.0,7835.0,,기능원 및 관련 기능 종사자,건설 및 채굴 관련 기능직,건축 마감 관련 기능 종사자,도배공 및 유리 부착원,,KSCO,8,2025-01-01,,active,2026-03-10 00:55:07,JF_CON_01,active,auto_mapped,,,,,,,,,2026-03-23
7836,건축 도장공,건축 도장공,건축도장공,detail,4,세분류,783.0,0,True,543,7/78/783/7836,기능원 및 관련 기능 종사자 / 건설 및 채굴 관련 기능직 / 건축 마감 관련 기능 종사자 / 건축 도장공,7,78.0,783.0,7836.0,,기능원 및 관련 기능 종사자,건설 및 채굴 관련 기능직,건축 마감 관련 기능 종사자,건축 도장공,,KSCO,8,2025-01-01,,active,2026-03-10 00:55:07,JF_CON_01,active,auto_mapped,,,,,,,,,2026-03-23
7837,새시 조립 및 설치원,새시 조립 및 설치원,새시조립및설치원,detail,4,세분류,783.0,0,True,544,7/78/783/7837,기능원 및 관련 기능 종사자 / 건설 및 채굴 관련 기능직 / 건축 마감 관련 기능 종사자 / 새시 조립 및 설치원,7,78.0,783.0,7837.0,,기능원 및 관련 기능 종사자,건설 및 채굴 관련 기능직,건축 마감 관련 기능 종사자,새시 조립 및 설치원,,KSCO,8,2025-01-01,,active,2026-03-10 00:55:07,JF_CON_01,active,auto_mapped,,,,,,,,,2026-03-23
7839,기타 건축 마감 관련 기능 종사원,기타 건축 마감 관련 기능 종사원,기타건축마감관련기능종사원,detail,4,세분류,783.0,0,True,545,7/78/783/7839,기능원 및 관련 기능 종사자 / 건설 및 채굴 관련 기능직 / 건축 마감 관련 기능 종사자 / 기타 건축 마감 관련 기능 종사원,7,78.0,783.0,7839.0,,기능원 및 관련 기능 종사자,건설 및 채굴 관련 기능직,건축 마감 관련 기능 종사자,기타 건축 마감 관련 기능 종사원,,KSCO,8,2025-01-01,,active,2026-03-10 00:55:07,JF_CON_01,active,auto_mapped,,,,,,,,,2026-03-23
784,채굴 및 토목 관련 기능 종사자,채굴 및 토목 관련 기능 종사자,채굴및토목관련기능종사자,small,3,소분류,78.0,3,False,546,7/78/784,기능원 및 관련 기능 종사자 / 건설 및 채굴 관련 기능직 / 채굴 및 토목 관련 기능 종사자,7,78.0,784.0,,,기능원 및 관련 기능 종사자,건설 및 채굴 관련 기능직,채굴 및 토목 관련 기능 종사자,,,KSCO,8,2025-01-01,,active,2026-03-10 00:55:07,JF_SVC_06,hierarchy_only,,,,,,,,,,2026-03-16
7841,광원‧채석원 및 석재 절단원,광원‧채석원 및 석재 절단원,광원채석원및석재절단원,detail,4,세분류,784.0,0,True,547,7/78/784/7841,기능원 및 관련 기능 종사자 / 건설 및 채굴 관련 기능직 / 채굴 및 토목 관련 기능 종사자 / 광원‧채석원 및 석재 절단원,7,78.0,784.0,7841.0,,기능원 및 관련 기능 종사자,건설 및 채굴 관련 기능직,채굴 및 토목 관련 기능 종사자,광원‧채석원 및 석재 절단원,,KSCO,8,2025-01-01,,active,2026-03-10 00:55:07,JF_CON_01,active,auto_mapped,,,,,,,,,2026-03-23
7842,철로 설치 및 보수원,철로 설치 및 보수원,철로설치및보수원,detail,4,세분류,784.0,0,True,548,7/78/784/7842,기능원 및 관련 기능 종사자 / 건설 및 채굴 관련 기능직 / 채굴 및 토목 관련 기능 종사자 / 철로 설치 및 보수원,7,78.0,784.0,7842.0,,기능원 및 관련 기능 종사자,건설 및 채굴 관련 기능직,채굴 및 토목 관련 기능 종사자,철로 설치 및 보수원,,KSCO,8,2025-01-01,,active,2026-03-10 00:55:07,JF_CON_01,active,auto_mapped,,,,,,,,,2026-03-23
7849,기타 채굴 및 토목 관련 종사원,기타 채굴 및 토목 관련 종사원,기타채굴및토목관련종사원,detail,4,세분류,784.0,0,True,549,7/78/784/7849,기능원 및 관련 기능 종사자 / 건설 및 채굴 관련 기능직 / 채굴 및 토목 관련 기능 종사자 / 기타 채굴 및 토목 관련 종사원,7,78.0,784.0,7849.0,,기능원 및 관련 기능 종사자,건설 및 채굴 관련 기능직,채굴 및 토목 관련 기능 종사자,기타 채굴 및 토목 관련 종사원,,KSCO,8,2025-01-01,,active,2026-03-10 00:55:07,JF_CON_01,active,auto_mapped,,,,,,,,,2026-03-23
79,기타 기능 관련직,기타 기능 관련직,기타기능관련직,middle,2,중분류,7.0,3,False,550,7/79,기능원 및 관련 기능 종사자 / 기타 기능 관련직,7,79.0,,,,기능원 및 관련 기능 종사자,기타 기능 관련직,,,,KSCO,8,2025-01-01,,active,2026-03-10 00:55:07,JF_SVC_06,hierarchy_only,,,,,,,,,,2026-03-16
791,공예 및 귀금속 세공원,공예 및 귀금속 세공원,공예및귀금속세공원,small,3,소분류,79.0,2,False,551,7/79/791,기능원 및 관련 기능 종사자 / 기타 기능 관련직 / 공예 및 귀금속 세공원,7,79.0,791.0,,,기능원 및 관련 기능 종사자,기타 기능 관련직,공예 및 귀금속 세공원,,,KSCO,8,2025-01-01,,active,2026-03-10 00:55:07,JF_SVC_06,hierarchy_only,,,,,,,,,,2026-03-16
7911,공예원,공예원,공예원,detail,4,세분류,791.0,0,True,552,7/79/791/7911,기능원 및 관련 기능 종사자 / 기타 기능 관련직 / 공예 및 귀금속 세공원 / 공예원,7,79.0,791.0,7911.0,,기능원 및 관련 기능 종사자,기타 기능 관련직,공예 및 귀금속 세공원,공예원,,KSCO,8,2025-01-01,,active,2026-03-10 00:55:07,JF_SVC_06,active,auto_mapped,,,,,,,,,2026-03-16
7912,귀금속 및 보석 세공원,귀금속 및 보석 세공원,귀금속및보석세공원,detail,4,세분류,791.0,0,True,553,7/79/791/7912,기능원 및 관련 기능 종사자 / 기타 기능 관련직 / 공예 및 귀금속 세공원 / 귀금속 및 보석 세공원,7,79.0,791.0,7912.0,,기능원 및 관련 기능 종사자,기타 기능 관련직,공예 및 귀금속 세공원,귀금속 및 보석 세공원,,KSCO,8,2025-01-01,,active,2026-03-10 00:55:07,JF_SVC_06,active,auto_mapped,,,,,,,,,2026-03-16
792,배관공,배관공,배관공,small,3,소분류,79.0,3,False,554,7/79/792,기능원 및 관련 기능 종사자 / 기타 기능 관련직 / 배관공,7,79.0,792.0,,,기능원 및 관련 기능 종사자,기타 기능 관련직,배관공,,,KSCO,8,2025-01-01,,active,2026-03-10 00:55:07,JF_SVC_06,hierarchy_only,,,,,,,,,,2026-03-16
7921,건설 배관공,건설 배관공,건설배관공,detail,4,세분류,792.0,0,True,555,7/79/792/7921,기능원 및 관련 기능 종사자 / 기타 기능 관련직 / 배관공 / 건설 배관공,7,79.0,792.0,7921.0,,기능원 및 관련 기능 종사자,기타 기능 관련직,배관공,건설 배관공,,KSCO,8,2025-01-01,,active,2026-03-10 00:55:07,JF_SVC_06,active,auto_mapped,,,,,,,,,2026-03-16
7922,공업 배관공,공업 배관공,공업배관공,detail,4,세분류,792.0,0,True,556,7/79/792/7922,기능원 및 관련 기능 종사자 / 기타 기능 관련직 / 배관공 / 공업 배관공,7,79.0,792.0,7922.0,,기능원 및 관련 기능 종사자,기타 기능 관련직,배관공,공업 배관공,,KSCO,8,2025-01-01,,active,2026-03-10 00:55:07,JF_SVC_06,active,auto_mapped,,,,,,,,,2026-03-16
7929,기타 배관공,기타 배관공,기타배관공,detail,4,세분류,792.0,0,True,557,7/79/792/7929,기능원 및 관련 기능 종사자 / 기타 기능 관련직 / 배관공 / 기타 배관공,7,79.0,792.0,7929.0,,기능원 및 관련 기능 종사자,기타 기능 관련직,배관공,기타 배관공,,KSCO,8,2025-01-01,,active,2026-03-10 00:55:07,JF_SVC_06,active,auto_mapped,,,,,,,,,2026-03-16
799,기타 기능 관련 종사자,기타 기능 관련 종사자,기타기능관련종사자,small,3,소분류,79.0,3,False,558,7/79/799,기능원 및 관련 기능 종사자 / 기타 기능 관련직 / 기타 기능 관련 종사자,7,79.0,799.0,,,기능원 및 관련 기능 종사자,기타 기능 관련직,기타 기능 관련 종사자,,,KSCO,8,2025-01-01,,active,2026-03-10 00:55:07,JF_SVC_06,hierarchy_only,,,,,,,,,,2026-03-16
7991,세정원,세정원,세정원,detail,4,세분류,799.0,0,True,559,7/79/799/7991,기능원 및 관련 기능 종사자 / 기타 기능 관련직 / 기타 기능 관련 종사자 / 세정원,7,79.0,799.0,7991.0,,기능원 및 관련 기능 종사자,기타 기능 관련직,기타 기능 관련 종사자,세정원,,KSCO,8,2025-01-01,,active,2026-03-10 00:55:07,JF_SVC_06,active,auto_mapped,,,,,,,,,2026-03-16
7992,방역원,방역원,방역원,detail,4,세분류,799.0,0,True,560,7/79/799/7992,기능원 및 관련 기능 종사자 / 기타 기능 관련직 / 기타 기능 관련 종사자 / 방역원,7,79.0,799.0,7992.0,,기능원 및 관련 기능 종사자,기타 기능 관련직,기타 기능 관련 종사자,방역원,,KSCO,8,2025-01-01,,active,2026-03-10 00:55:07,JF_SVC_06,active,auto_mapped,,,,,,,,,2026-03-16
7999,기타 기능 관련 종사원,기타 기능 관련 종사원,기타기능관련종사원,detail,4,세분류,799.0,0,True,561,7/79/799/7999,기능원 및 관련 기능 종사자 / 기타 기능 관련직 / 기타 기능 관련 종사자 / 기타 기능 관련 종사원,7,79.0,799.0,7999.0,,기능원 및 관련 기능 종사자,기타 기능 관련직,기타 기능 관련 종사자,기타 기능 관련 종사원,,KSCO,8,2025-01-01,,active,2026-03-10 00:55:07,JF_SVC_06,active,auto_mapped,,,,,,,,,2026-03-16
8,장치∙기계 조작 및 조립 종사자,장치∙기계 조작 및 조립 종사자,장치기계조작및조립종사자,major,1,대분류,,9,False,562,8,장치∙기계 조작 및 조립 종사자,8,,,,,장치∙기계 조작 및 조립 종사자,,,,,KSCO,8,2025-01-01,,active,2026-03-10 00:55:07,JF_MFG_01,hierarchy_only,,,,,,,,,,2026-03-16
81,식품가공 관련 기계 조작직,식품가공 관련 기계 조작직,식품가공관련기계조작직,middle,2,중분류,8.0,3,False,563,8/81,장치∙기계 조작 및 조립 종사자 / 식품가공 관련 기계 조작직,8,81.0,,,,장치∙기계 조작 및 조립 종사자,식품가공 관련 기계 조작직,,,,KSCO,8,2025-01-01,,active,2026-03-10 00:55:07,JF_MFG_01,hierarchy_only,,,,,,,,,,2026-03-16
811,식품가공 관련 기계 조작원,식품가공 관련 기계 조작원,식품가공관련기계조작원,small,3,소분류,81.0,4,False,564,8/81/811,장치∙기계 조작 및 조립 종사자 / 식품가공 관련 기계 조작직 / 식품가공 관련 기계 조작원,8,81.0,811.0,,,장치∙기계 조작 및 조립 종사자,식품가공 관련 기계 조작직,식품가공 관련 기계 조작원,,,KSCO,8,2025-01-01,,active,2026-03-10 00:55:07,JF_MFG_01,hierarchy_only,,,,,,,,,,2026-03-16
8111,제분 및 도정 관련 기계 조작원,제분 및 도정 관련 기계 조작원,제분및도정관련기계조작원,detail,4,세분류,811.0,0,True,565,8/81/811/8111,장치∙기계 조작 및 조립 종사자 / 식품가공 관련 기계 조작직 / 식품가공 관련 기계 조작원 / 제분 및 도정 관련 기계 조작원,8,81.0,811.0,8111.0,,장치∙기계 조작 및 조립 종사자,식품가공 관련 기계 조작직,식품가공 관련 기계 조작원,제분 및 도정 관련 기계 조작원,,KSCO,8,2025-01-01,,active,2026-03-10 00:55:07,JF_MFG_01,active,auto_mapped,,,,,,,,,2026-03-16
8112,곡물가공 제품 기계 조작원,곡물가공 제품 기계 조작원,곡물가공제품기계조작원,detail,4,세분류,811.0,0,True,566,8/81/811/8112,장치∙기계 조작 및 조립 종사자 / 식품가공 관련 기계 조작직 / 식품가공 관련 기계 조작원 / 곡물가공 제품 기계 조작원,8,81.0,811.0,8112.0,,장치∙기계 조작 및 조립 종사자,식품가공 관련 기계 조작직,식품가공 관련 기계 조작원,곡물가공 제품 기계 조작원,,KSCO,8,2025-01-01,,active,2026-03-10 00:55:07,JF_MFG_01,active,auto_mapped,,,,,,,,,2026-03-16
8113,육류‧어패류 및 낙농품 가공 기계 조작원,육류‧어패류 및 낙농품 가공 기계 조작원,육류어패류및낙농품가공기계조작원,detail,4,세분류,811.0,0,True,567,8/81/811/8113,장치∙기계 조작 및 조립 종사자 / 식품가공 관련 기계 조작직 / 식품가공 관련 기계 조작원 / 육류‧어패류 및 낙농품 가공 기계 조작원,8,81.0,811.0,8113.0,,장치∙기계 조작 및 조립 종사자,식품가공 관련 기계 조작직,식품가공 관련 기계 조작원,육류‧어패류 및 낙농품 가공 기계 조작원,,KSCO,8,2025-01-01,,active,2026-03-10 00:55:07,JF_MFG_01,active,auto_mapped,,,,,,,,,2026-03-16
8114,과실 및 채소가공 관련 기계 조작원,과실 및 채소가공 관련 기계 조작원,과실및채소가공관련기계조작원,detail,4,세분류,811.0,0,True,568,8/81/811/8114,장치∙기계 조작 및 조립 종사자 / 식품가공 관련 기계 조작직 / 식품가공 관련 기계 조작원 / 과실 및 채소가공 관련 기계 조작원,8,81.0,811.0,8114.0,,장치∙기계 조작 및 조립 종사자,식품가공 관련 기계 조작직,식품가공 관련 기계 조작원,과실 및 채소가공 관련 기계 조작원,,KSCO,8,2025-01-01,,active,2026-03-10 00:55:07,JF_MFG_01,active,auto_mapped,,,,,,,,,2026-03-16
812,음료 제조 관련 기계 조작원,음료 제조 관련 기계 조작원,음료제조관련기계조작원,small,3,소분류,81.0,1,False,569,8/81/812,장치∙기계 조작 및 조립 종사자 / 식품가공 관련 기계 조작직 / 음료 제조 관련 기계 조작원,8,81.0,812.0,,,장치∙기계 조작 및 조립 종사자,식품가공 관련 기계 조작직,음료 제조 관련 기계 조작원,,,KSCO,8,2025-01-01,,active,2026-03-10 00:55:07,JF_MFG_01,hierarchy_only,,,,,,,,,,2026-03-16
8120,음료 제조 관련 기계 조작원,음료 제조 관련 기계 조작원,음료제조관련기계조작원,detail,4,세분류,812.0,0,True,570,8/81/812/8120,장치∙기계 조작 및 조립 종사자 / 식품가공 관련 기계 조작직 / 음료 제조 관련 기계 조작원 / 음료 제조 관련 기계 조작원,8,81.0,812.0,8120.0,,장치∙기계 조작 및 조립 종사자,식품가공 관련 기계 조작직,음료 제조 관련 기계 조작원,음료 제조 관련 기계 조작원,,KSCO,8,2025-01-01,,active,2026-03-10 00:55:07,JF_MFG_01,active,auto_mapped,,,,,,,,,2026-03-16
819,기타 식품가공 관련 기계 조작원,기타 식품가공 관련 기계 조작원,기타식품가공관련기계조작원,small,3,소분류,81.0,1,False,571,8/81/819,장치∙기계 조작 및 조립 종사자 / 식품가공 관련 기계 조작직 / 기타 식품가공 관련 기계 조작원,8,81.0,819.0,,,장치∙기계 조작 및 조립 종사자,식품가공 관련 기계 조작직,기타 식품가공 관련 기계 조작원,,,KSCO,8,2025-01-01,,active,2026-03-10 00:55:07,JF_MFG_01,hierarchy_only,,,,,,,,,,2026-03-16
8190,기타 식품가공 관련 기계 조작원,기타 식품가공 관련 기계 조작원,기타식품가공관련기계조작원,detail,4,세분류,819.0,0,True,572,8/81/819/8190,장치∙기계 조작 및 조립 종사자 / 식품가공 관련 기계 조작직 / 기타 식품가공 관련 기계 조작원 / 기타 식품가공 관련 기계 조작원,8,81.0,819.0,8190.0,,장치∙기계 조작 및 조립 종사자,식품가공 관련 기계 조작직,기타 식품가공 관련 기계 조작원,기타 식품가공 관련 기계 조작원,,KSCO,8,2025-01-01,,active,2026-03-10 00:55:07,JF_MFG_01,active,auto_mapped,,,,,,,,,2026-03-16
82,섬유 및 신발 관련 기계 조작직,섬유 및 신발 관련 기계 조작직,섬유및신발관련기계조작직,middle,2,중분류,8.0,3,False,573,8/82,장치∙기계 조작 및 조립 종사자 / 섬유 및 신발 관련 기계 조작직,8,82.0,,,,장치∙기계 조작 및 조립 종사자,섬유 및 신발 관련 기계 조작직,,,,KSCO,8,2025-01-01,,active,2026-03-10 00:55:07,JF_MFG_01,hierarchy_only,,,,,,,,,,2026-03-16
821,섬유 제조 및 가공 기계 조작원,섬유 제조 및 가공 기계 조작원,섬유제조및가공기계조작원,small,3,소분류,82.0,2,False,574,8/82/821,장치∙기계 조작 및 조립 종사자 / 섬유 및 신발 관련 기계 조작직 / 섬유 제조 및 가공 기계 조작원,8,82.0,821.0,,,장치∙기계 조작 및 조립 종사자,섬유 및 신발 관련 기계 조작직,섬유 제조 및 가공 기계 조작원,,,KSCO,8,2025-01-01,,active,2026-03-10 00:55:07,JF_MFG_01,hierarchy_only,,,,,,,,,,2026-03-16
8211,섬유 제조 기계 조작원,섬유 제조 기계 조작원,섬유제조기계조작원,detail,4,세분류,821.0,0,True,575,8/82/821/8211,장치∙기계 조작 및 조립 종사자 / 섬유 및 신발 관련 기계 조작직 / 섬유 제조 및 가공 기계 조작원 / 섬유 제조 기계 조작원,8,82.0,821.0,8211.0,,장치∙기계 조작 및 조립 종사자,섬유 및 신발 관련 기계 조작직,섬유 제조 및 가공 기계 조작원,섬유 제조 기계 조작원,,KSCO,8,2025-01-01,,active,2026-03-10 00:55:07,JF_MFG_01,active,auto_mapped,,,,,,,,,2026-03-16
8212,표백 및 염색 관련 기계 조작원,표백 및 염색 관련 기계 조작원,표백및염색관련기계조작원,detail,4,세분류,821.0,0,True,576,8/82/821/8212,장치∙기계 조작 및 조립 종사자 / 섬유 및 신발 관련 기계 조작직 / 섬유 제조 및 가공 기계 조작원 / 표백 및 염색 관련 기계 조작원,8,82.0,821.0,8212.0,,장치∙기계 조작 및 조립 종사자,섬유 및 신발 관련 기계 조작직,섬유 제조 및 가공 기계 조작원,표백 및 염색 관련 기계 조작원,,KSCO,8,2025-01-01,,active,2026-03-10 00:55:07,JF_MFG_01,active,auto_mapped,,,,,,,,,2026-03-16
822,직물‧신발 관련 기계 조작원,직물‧신발 관련 기계 조작원,직물신발관련기계조작원,small,3,소분류,82.0,3,False,577,8/82/822,장치∙기계 조작 및 조립 종사자 / 섬유 및 신발 관련 기계 조작직 / 직물‧신발 관련 기계 조작원,8,82.0,822.0,,,장치∙기계 조작 및 조립 종사자,섬유 및 신발 관련 기계 조작직,직물‧신발 관련 기계 조작원,,,KSCO,8,2025-01-01,,active,2026-03-10 00:55:07,JF_MFG_01,hierarchy_only,,,,,,,,,,2026-03-16
8221,직조기 및 편직기 조작원,직조기 및 편직기 조작원,직조기및편직기조작원,detail,4,세분류,822.0,0,True,578,8/82/822/8221,장치∙기계 조작 및 조립 종사자 / 섬유 및 신발 관련 기계 조작직 / 직물‧신발 관련 기계 조작원 / 직조기 및 편직기 조작원,8,82.0,822.0,8221.0,,장치∙기계 조작 및 조립 종사자,섬유 및 신발 관련 기계 조작직,직물‧신발 관련 기계 조작원,직조기 및 편직기 조작원,,KSCO,8,2025-01-01,,active,2026-03-10 00:55:07,JF_MFG_01,active,auto_mapped,,,,,,,,,2026-03-16
8222,신발 제조기 조작원,신발 제조기 조작원,신발제조기조작원,detail,4,세분류,822.0,0,True,579,8/82/822/8222,장치∙기계 조작 및 조립 종사자 / 섬유 및 신발 관련 기계 조작직 / 직물‧신발 관련 기계 조작원 / 신발 제조기 조작원,8,82.0,822.0,8222.0,,장치∙기계 조작 및 조립 종사자,섬유 및 신발 관련 기계 조작직,직물‧신발 관련 기계 조작원,신발 제조기 조작원,,KSCO,8,2025-01-01,,active,2026-03-10 00:55:07,JF_MFG_01,active,auto_mapped,,,,,,,,,2026-03-16
8229,기타 직물‧신발 관련 기계 조작원,기타 직물‧신발 관련 기계 조작원,기타직물신발관련기계조작원,detail,4,세분류,822.0,0,True,580,8/82/822/8229,장치∙기계 조작 및 조립 종사자 / 섬유 및 신발 관련 기계 조작직 / 직물‧신발 관련 기계 조작원 / 기타 직물‧신발 관련 기계 조작원,8,82.0,822.0,8229.0,,장치∙기계 조작 및 조립 종사자,섬유 및 신발 관련 기계 조작직,직물‧신발 관련 기계 조작원,기타 직물‧신발 관련 기계 조작원,,KSCO,8,2025-01-01,,active,2026-03-10 00:55:07,JF_MFG_01,active,auto_mapped,,,,,,,,,2026-03-16
823,세탁 기계 조작원,세탁 기계 조작원,세탁기계조작원,small,3,소분류,82.0,1,False,581,8/82/823,장치∙기계 조작 및 조립 종사자 / 섬유 및 신발 관련 기계 조작직 / 세탁 기계 조작원,8,82.0,823.0,,,장치∙기계 조작 및 조립 종사자,섬유 및 신발 관련 기계 조작직,세탁 기계 조작원,,,KSCO,8,2025-01-01,,active,2026-03-10 00:55:07,JF_MFG_01,hierarchy_only,,,,,,,,,,2026-03-16
8230,세탁 기계 조작원,세탁 기계 조작원,세탁기계조작원,detail,4,세분류,823.0,0,True,582,8/82/823/8230,장치∙기계 조작 및 조립 종사자 / 섬유 및 신발 관련 기계 조작직 / 세탁 기계 조작원 / 세탁 기계 조작원,8,82.0,823.0,8230.0,,장치∙기계 조작 및 조립 종사자,섬유 및 신발 관련 기계 조작직,세탁 기계 조작원,세탁 기계 조작원,,KSCO,8,2025-01-01,,active,2026-03-10 00:55:07,JF_MFG_01,active,auto_mapped,,,,,,,,,2026-03-16
83,화학 관련 기계 조작직,화학 관련 기계 조작직,화학관련기계조작직,middle,2,중분류,8.0,2,False,583,8/83,장치∙기계 조작 및 조립 종사자 / 화학 관련 기계 조작직,8,83.0,,,,장치∙기계 조작 및 조립 종사자,화학 관련 기계 조작직,,,,KSCO,8,2025-01-01,,active,2026-03-10 00:55:07,JF_MFG_01,hierarchy_only,,,,,,,,,,2026-03-16
831,석유 및 화학물 가공 장치 조작원,석유 및 화학물 가공 장치 조작원,석유및화학물가공장치조작원,small,3,소분류,83.0,3,False,584,8/83/831,장치∙기계 조작 및 조립 종사자 / 화학 관련 기계 조작직 / 석유 및 화학물 가공 장치 조작원,8,83.0,831.0,,,장치∙기계 조작 및 조립 종사자,화학 관련 기계 조작직,석유 및 화학물 가공 장치 조작원,,,KSCO,8,2025-01-01,,active,2026-03-10 00:55:07,JF_MFG_01,hierarchy_only,,,,,,,,,,2026-03-16
8311,석유 및 천연가스 제조 관련 제어 장치 조작원,석유 및 천연가스 제조 관련 제어 장치 조작원,석유및천연가스제조관련제어장치조작원,detail,4,세분류,831.0,0,True,585,8/83/831/8311,장치∙기계 조작 및 조립 종사자 / 화학 관련 기계 조작직 / 석유 및 화학물 가공 장치 조작원 / 석유 및 천연가스 제조 관련 제어 장치 조작원,8,83.0,831.0,8311.0,,장치∙기계 조작 및 조립 종사자,화학 관련 기계 조작직,석유 및 화학물 가공 장치 조작원,석유 및 천연가스 제조 관련 제어 장치 조작원,,KSCO,8,2025-01-01,,active,2026-03-10 00:55:07,JF_MFG_01,active,auto_mapped,,,,,,,,,2026-03-16
8312,화학물 가공 장치 조작원,화학물 가공 장치 조작원,화학물가공장치조작원,detail,4,세분류,831.0,0,True,586,8/83/831/8312,장치∙기계 조작 및 조립 종사자 / 화학 관련 기계 조작직 / 석유 및 화학물 가공 장치 조작원 / 화학물 가공 장치 조작원,8,83.0,831.0,8312.0,,장치∙기계 조작 및 조립 종사자,화학 관련 기계 조작직,석유 및 화학물 가공 장치 조작원,화학물 가공 장치 조작원,,KSCO,8,2025-01-01,,active,2026-03-10 00:55:07,JF_MFG_01,active,auto_mapped,,,,,,,,,2026-03-16
8319,기타 석유 및 화학물 가공 장치 조작원,기타 석유 및 화학물 가공 장치 조작원,기타석유및화학물가공장치조작원,detail,4,세분류,831.0,0,True,587,8/83/831/8319,장치∙기계 조작 및 조립 종사자 / 화학 관련 기계 조작직 / 석유 및 화학물 가공 장치 조작원 / 기타 석유 및 화학물 가공 장치 조작원,8,83.0,831.0,8319.0,,장치∙기계 조작 및 조립 종사자,화학 관련 기계 조작직,석유 및 화학물 가공 장치 조작원,기타 석유 및 화학물 가공 장치 조작원,,KSCO,8,2025-01-01,,active,2026-03-10 00:55:07,JF_MFG_01,active,auto_mapped,,,,,,,,,2026-03-16
832,화학‧고무 및 플라스틱 제품 생산기 조작원,화학‧고무 및 플라스틱 제품 생산기 조작원,화학고무및플라스틱제품생산기조작원,small,3,소분류,83.0,4,False,588,8/83/832,장치∙기계 조작 및 조립 종사자 / 화학 관련 기계 조작직 / 화학‧고무 및 플라스틱 제품 생산기 조작원,8,83.0,832.0,,,장치∙기계 조작 및 조립 종사자,화학 관련 기계 조작직,화학‧고무 및 플라스틱 제품 생산기 조작원,,,KSCO,8,2025-01-01,,active,2026-03-10 00:55:07,JF_MFG_01,hierarchy_only,,,,,,,,,,2026-03-16
8321,화학제품 생산기 조작원,화학제품 생산기 조작원,화학제품생산기조작원,detail,4,세분류,832.0,0,True,589,8/83/832/8321,장치∙기계 조작 및 조립 종사자 / 화학 관련 기계 조작직 / 화학‧고무 및 플라스틱 제품 생산기 조작원 / 화학제품 생산기 조작원,8,83.0,832.0,8321.0,,장치∙기계 조작 및 조립 종사자,화학 관련 기계 조작직,화학‧고무 및 플라스틱 제품 생산기 조작원,화학제품 생산기 조작원,,KSCO,8,2025-01-01,,active,2026-03-10 00:55:07,JF_MFG_01,active,auto_mapped,,,,,,,,,2026-03-16
8322,타이어 및 고무제품 생산기 조작원,타이어 및 고무제품 생산기 조작원,타이어및고무제품생산기조작원,detail,4,세분류,832.0,0,True,590,8/83/832/8322,장치∙기계 조작 및 조립 종사자 / 화학 관련 기계 조작직 / 화학‧고무 및 플라스틱 제품 생산기 조작원 / 타이어 및 고무제품 생산기 조작원,8,83.0,832.0,8322.0,,장치∙기계 조작 및 조립 종사자,화학 관련 기계 조작직,화학‧고무 및 플라스틱 제품 생산기 조작원,타이어 및 고무제품 생산기 조작원,,KSCO,8,2025-01-01,,active,2026-03-10 00:55:07,JF_MFG_01,active,auto_mapped,,,,,,,,,2026-03-16
8323,플라스틱제품 생산기 조작원,플라스틱제품 생산기 조작원,플라스틱제품생산기조작원,detail,4,세분류,832.0,0,True,591,8/83/832/8323,장치∙기계 조작 및 조립 종사자 / 화학 관련 기계 조작직 / 화학‧고무 및 플라스틱 제품 생산기 조작원 / 플라스틱제품 생산기 조작원,8,83.0,832.0,8323.0,,장치∙기계 조작 및 조립 종사자,화학 관련 기계 조작직,화학‧고무 및 플라스틱 제품 생산기 조작원,플라스틱제품 생산기 조작원,,KSCO,8,2025-01-01,,active,2026-03-10 00:55:07,JF_MFG_01,active,auto_mapped,,,,,,,,,2026-03-16
8324,고무 및 플라스틱제품 조립원,고무 및 플라스틱제품 조립원,고무및플라스틱제품조립원,detail,4,세분류,832.0,0,True,592,8/83/832/8324,장치∙기계 조작 및 조립 종사자 / 화학 관련 기계 조작직 / 화학‧고무 및 플라스틱 제품 생산기 조작원 / 고무 및 플라스틱제품 조립원,8,83.0,832.0,8324.0,,장치∙기계 조작 및 조립 종사자,화학 관련 기계 조작직,화학‧고무 및 플라스틱 제품 생산기 조작원,고무 및 플라스틱제품 조립원,,KSCO,8,2025-01-01,,active,2026-03-10 00:55:07,JF_MFG_01,active,auto_mapped,,,,,,,,,2026-03-16
84,금속 및 비금속 관련 기계 조작직,금속 및 비금속 관련 기계 조작직,금속및비금속관련기계조작직,middle,2,중분류,8.0,3,False,593,8/84,장치∙기계 조작 및 조립 종사자 / 금속 및 비금속 관련 기계 조작직,8,84.0,,,,장치∙기계 조작 및 조립 종사자,금속 및 비금속 관련 기계 조작직,,,,KSCO,8,2025-01-01,,active,2026-03-10 00:55:07,JF_MFG_01,hierarchy_only,,,,,,,,,,2026-03-16
841,주조 및 금속가공 관련 기계 조작원,주조 및 금속가공 관련 기계 조작원,주조및금속가공관련기계조작원,small,3,소분류,84.0,7,False,594,8/84/841,장치∙기계 조작 및 조립 종사자 / 금속 및 비금속 관련 기계 조작직 / 주조 및 금속가공 관련 기계 조작원,8,84.0,841.0,,,장치∙기계 조작 및 조립 종사자,금속 및 비금속 관련 기계 조작직,주조 및 금속가공 관련 기계 조작원,,,KSCO,8,2025-01-01,,active,2026-03-10 00:55:07,JF_MFG_01,hierarchy_only,,,,,,,,,,2026-03-16
8411,주조기 조작원,주조기 조작원,주조기조작원,detail,4,세분류,841.0,0,True,595,8/84/841/8411,장치∙기계 조작 및 조립 종사자 / 금속 및 비금속 관련 기계 조작직 / 주조 및 금속가공 관련 기계 조작원 / 주조기 조작원,8,84.0,841.0,8411.0,,장치∙기계 조작 및 조립 종사자,금속 및 비금속 관련 기계 조작직,주조 및 금속가공 관련 기계 조작원,주조기 조작원,,KSCO,8,2025-01-01,,active,2026-03-10 00:55:07,JF_MFG_01,active,auto_mapped,,,,,,,,,2026-03-16
8412,단조기 조작원,단조기 조작원,단조기조작원,detail,4,세분류,841.0,0,True,596,8/84/841/8412,장치∙기계 조작 및 조립 종사자 / 금속 및 비금속 관련 기계 조작직 / 주조 및 금속가공 관련 기계 조작원 / 단조기 조작원,8,84.0,841.0,8412.0,,장치∙기계 조작 및 조립 종사자,금속 및 비금속 관련 기계 조작직,주조 및 금속가공 관련 기계 조작원,단조기 조작원,,KSCO,8,2025-01-01,,active,2026-03-10 00:55:07,JF_MFG_01,active,auto_mapped,,,,,,,,,2026-03-16
8413,용접기 조작원,용접기 조작원,용접기조작원,detail,4,세분류,841.0,0,True,597,8/84/841/8413,장치∙기계 조작 및 조립 종사자 / 금속 및 비금속 관련 기계 조작직 / 주조 및 금속가공 관련 기계 조작원 / 용접기 조작원,8,84.0,841.0,8413.0,,장치∙기계 조작 및 조립 종사자,금속 및 비금속 관련 기계 조작직,주조 및 금속가공 관련 기계 조작원,용접기 조작원,,KSCO,8,2025-01-01,,active,2026-03-10 00:55:07,JF_MFG_01,active,auto_mapped,,,,,,,,,2026-03-16
8414,금속가공 관련 제어 장치 조작원,금속가공 관련 제어 장치 조작원,금속가공관련제어장치조작원,detail,4,세분류,841.0,0,True,598,8/84/841/8414,장치∙기계 조작 및 조립 종사자 / 금속 및 비금속 관련 기계 조작직 / 주조 및 금속가공 관련 기계 조작원 / 금속가공 관련 제어 장치 조작원,8,84.0,841.0,8414.0,,장치∙기계 조작 및 조립 종사자,금속 및 비금속 관련 기계 조작직,주조 및 금속가공 관련 기계 조작원,금속가공 관련 제어 장치 조작원,,KSCO,8,2025-01-01,,active,2026-03-10 00:55:07,JF_MFG_01,active,auto_mapped,,,,,,,,,2026-03-16
8415,금속가공 기계 조작원,금속가공 기계 조작원,금속가공기계조작원,detail,4,세분류,841.0,0,True,599,8/84/841/8415,장치∙기계 조작 및 조립 종사자 / 금속 및 비금속 관련 기계 조작직 / 주조 및 금속가공 관련 기계 조작원 / 금속가공 기계 조작원,8,84.0,841.0,8415.0,,장치∙기계 조작 및 조립 종사자,금속 및 비금속 관련 기계 조작직,주조 및 금속가공 관련 기계 조작원,금속가공 기계 조작원,,KSCO,8,2025-01-01,,active,2026-03-10 00:55:07,JF_MFG_01,active,auto_mapped,,,,,,,,,2026-03-16
8416,제관기 조작원,제관기 조작원,제관기조작원,detail,4,세분류,841.0,0,True,600,8/84/841/8416,장치∙기계 조작 및 조립 종사자 / 금속 및 비금속 관련 기계 조작직 / 주조 및 금속가공 관련 기계 조작원 / 제관기 조작원,8,84.0,841.0,8416.0,,장치∙기계 조작 및 조립 종사자,금속 및 비금속 관련 기계 조작직,주조 및 금속가공 관련 기계 조작원,제관기 조작원,,KSCO,8,2025-01-01,,active,2026-03-10 00:55:07,JF_MFG_01,active,auto_mapped,,,,,,,,,2026-03-16
8417,판금기 조작원,판금기 조작원,판금기조작원,detail,4,세분류,841.0,0,True,601,8/84/841/8417,장치∙기계 조작 및 조립 종사자 / 금속 및 비금속 관련 기계 조작직 / 주조 및 금속가공 관련 기계 조작원 / 판금기 조작원,8,84.0,841.0,8417.0,,장치∙기계 조작 및 조립 종사자,금속 및 비금속 관련 기계 조작직,주조 및 금속가공 관련 기계 조작원,판금기 조작원,,KSCO,8,2025-01-01,,active,2026-03-10 00:55:07,JF_MFG_01,active,auto_mapped,,,,,,,,,2026-03-16
842,도장 및 도금기 조작원,도장 및 도금기 조작원,도장및도금기조작원,small,3,소분류,84.0,2,False,602,8/84/842,장치∙기계 조작 및 조립 종사자 / 금속 및 비금속 관련 기계 조작직 / 도장 및 도금기 조작원,8,84.0,842.0,,,장치∙기계 조작 및 조립 종사자,금속 및 비금속 관련 기계 조작직,도장 및 도금기 조작원,,,KSCO,8,2025-01-01,,active,2026-03-10 00:55:07,JF_MFG_01,hierarchy_only,,,,,,,,,,2026-03-16
8421,도장기 조작원,도장기 조작원,도장기조작원,detail,4,세분류,842.0,0,True,603,8/84/842/8421,장치∙기계 조작 및 조립 종사자 / 금속 및 비금속 관련 기계 조작직 / 도장 및 도금기 조작원 / 도장기 조작원,8,84.0,842.0,8421.0,,장치∙기계 조작 및 조립 종사자,금속 및 비금속 관련 기계 조작직,도장 및 도금기 조작원,도장기 조작원,,KSCO,8,2025-01-01,,active,2026-03-10 00:55:07,JF_MFG_01,active,auto_mapped,,,,,,,,,2026-03-16
8422,도금 및 금속 분무기 조작원,도금 및 금속 분무기 조작원,도금및금속분무기조작원,detail,4,세분류,842.0,0,True,604,8/84/842/8422,장치∙기계 조작 및 조립 종사자 / 금속 및 비금속 관련 기계 조작직 / 도장 및 도금기 조작원 / 도금 및 금속 분무기 조작원,8,84.0,842.0,8422.0,,장치∙기계 조작 및 조립 종사자,금속 및 비금속 관련 기계 조작직,도장 및 도금기 조작원,도금 및 금속 분무기 조작원,,KSCO,8,2025-01-01,,active,2026-03-10 00:55:07,JF_MFG_01,active,auto_mapped,,,,,,,,,2026-03-16
843,비금속제품 생산기 조작원,비금속제품 생산기 조작원,비금속제품생산기조작원,small,3,소분류,84.0,5,False,605,8/84/843,장치∙기계 조작 및 조립 종사자 / 금속 및 비금속 관련 기계 조작직 / 비금속제품 생산기 조작원,8,84.0,843.0,,,장치∙기계 조작 및 조립 종사자,금속 및 비금속 관련 기계 조작직,비금속제품 생산기 조작원,,,KSCO,8,2025-01-01,,active,2026-03-10 00:55:07,JF_MFG_01,hierarchy_only,,,,,,,,,,2026-03-16
8431,유리 제조 및 가공기 조작원,유리 제조 및 가공기 조작원,유리제조및가공기조작원,detail,4,세분류,843.0,0,True,606,8/84/843/8431,장치∙기계 조작 및 조립 종사자 / 금속 및 비금속 관련 기계 조작직 / 비금속제품 생산기 조작원 / 유리 제조 및 가공기 조작원,8,84.0,843.0,8431.0,,장치∙기계 조작 및 조립 종사자,금속 및 비금속 관련 기계 조작직,비금속제품 생산기 조작원,유리 제조 및 가공기 조작원,,KSCO,8,2025-01-01,,active,2026-03-10 00:55:07,JF_MFG_01,active,auto_mapped,,,,,,,,,2026-03-16
8432,점토제품 생산기 조작원,점토제품 생산기 조작원,점토제품생산기조작원,detail,4,세분류,843.0,0,True,607,8/84/843/8432,장치∙기계 조작 및 조립 종사자 / 금속 및 비금속 관련 기계 조작직 / 비금속제품 생산기 조작원 / 점토제품 생산기 조작원,8,84.0,843.0,8432.0,,장치∙기계 조작 및 조립 종사자,금속 및 비금속 관련 기계 조작직,비금속제품 생산기 조작원,점토제품 생산기 조작원,,KSCO,8,2025-01-01,,active,2026-03-10 00:55:07,JF_MFG_01,active,auto_mapped,,,,,,,,,2026-03-16
8433,시멘트 및 광물제품 제조기 조작원,시멘트 및 광물제품 제조기 조작원,시멘트및광물제품제조기조작원,detail,4,세분류,843.0,0,True,608,8/84/843/8433,장치∙기계 조작 및 조립 종사자 / 금속 및 비금속 관련 기계 조작직 / 비금속제품 생산기 조작원 / 시멘트 및 광물제품 제조기 조작원,8,84.0,843.0,8433.0,,장치∙기계 조작 및 조립 종사자,금속 및 비금속 관련 기계 조작직,비금속제품 생산기 조작원,시멘트 및 광물제품 제조기 조작원,,KSCO,8,2025-01-01,,active,2026-03-10 00:55:07,JF_MFG_01,active,auto_mapped,,,,,,,,,2026-03-16
8434,광석 및 석제품 가공기 조작원,광석 및 석제품 가공기 조작원,광석및석제품가공기조작원,detail,4,세분류,843.0,0,True,609,8/84/843/8434,장치∙기계 조작 및 조립 종사자 / 금속 및 비금속 관련 기계 조작직 / 비금속제품 생산기 조작원 / 광석 및 석제품 가공기 조작원,8,84.0,843.0,8434.0,,장치∙기계 조작 및 조립 종사자,금속 및 비금속 관련 기계 조작직,비금속제품 생산기 조작원,광석 및 석제품 가공기 조작원,,KSCO,8,2025-01-01,,active,2026-03-10 00:55:07,JF_MFG_01,active,auto_mapped,,,,,,,,,2026-03-16
8439,기타 비금속제품 관련 생산기 조작원,기타 비금속제품 관련 생산기 조작원,기타비금속제품관련생산기조작원,detail,4,세분류,843.0,0,True,610,8/84/843/8439,장치∙기계 조작 및 조립 종사자 / 금속 및 비금속 관련 기계 조작직 / 비금속제품 생산기 조작원 / 기타 비금속제품 관련 생산기 조작원,8,84.0,843.0,8439.0,,장치∙기계 조작 및 조립 종사자,금속 및 비금속 관련 기계 조작직,비금속제품 생산기 조작원,기타 비금속제품 관련 생산기 조작원,,KSCO,8,2025-01-01,,active,2026-03-10 00:55:07,JF_MFG_01,active,auto_mapped,,,,,,,,,2026-03-16
85,기계 제조‧관련 기계 조작 및 조립직,기계 제조‧관련 기계 조작 및 조립직,기계제조관련기계조작및조립직,middle,2,중분류,8.0,5,False,611,8/85,장치∙기계 조작 및 조립 종사자 / 기계 제조‧관련 기계 조작 및 조립직,8,85.0,,,,장치∙기계 조작 및 조립 종사자,기계 제조‧관련 기계 조작 및 조립직,,,,KSCO,8,2025-01-01,,active,2026-03-10 00:55:07,JF_MFG_01,hierarchy_only,,,,,,,,,,2026-03-16
851,금속 공작 기계 조작원,금속 공작 기계 조작원,금속공작기계조작원,small,3,소분류,85.0,1,False,612,8/85/851,장치∙기계 조작 및 조립 종사자 / 기계 제조‧관련 기계 조작 및 조립직 / 금속 공작 기계 조작원,8,85.0,851.0,,,장치∙기계 조작 및 조립 종사자,기계 제조‧관련 기계 조작 및 조립직,금속 공작 기계 조작원,,,KSCO,8,2025-01-01,,active,2026-03-10 00:55:07,JF_MFG_01,hierarchy_only,,,,,,,,,,2026-03-16
8510,금속 공작 기계 조작원,금속 공작 기계 조작원,금속공작기계조작원,detail,4,세분류,851.0,0,True,613,8/85/851/8510,장치∙기계 조작 및 조립 종사자 / 기계 제조‧관련 기계 조작 및 조립직 / 금속 공작 기계 조작원 / 금속 공작 기계 조작원,8,85.0,851.0,8510.0,,장치∙기계 조작 및 조립 종사자,기계 제조‧관련 기계 조작 및 조립직,금속 공작 기계 조작원,금속 공작 기계 조작원,,KSCO,8,2025-01-01,,active,2026-03-10 00:55:07,JF_MFG_01,active,auto_mapped,,,,,,,,,2026-03-16
852,냉난방 관련 설비 조작원,냉난방 관련 설비 조작원,냉난방관련설비조작원,small,3,소분류,85.0,1,False,614,8/85/852,장치∙기계 조작 및 조립 종사자 / 기계 제조‧관련 기계 조작 및 조립직 / 냉난방 관련 설비 조작원,8,85.0,852.0,,,장치∙기계 조작 및 조립 종사자,기계 제조‧관련 기계 조작 및 조립직,냉난방 관련 설비 조작원,,,KSCO,8,2025-01-01,,active,2026-03-10 00:55:07,JF_MFG_01,hierarchy_only,,,,,,,,,,2026-03-16
8520,냉난방 관련 설비 조작원,냉난방 관련 설비 조작원,냉난방관련설비조작원,detail,4,세분류,852.0,0,True,615,8/85/852/8520,장치∙기계 조작 및 조립 종사자 / 기계 제조‧관련 기계 조작 및 조립직 / 냉난방 관련 설비 조작원 / 냉난방 관련 설비 조작원,8,85.0,852.0,8520.0,,장치∙기계 조작 및 조립 종사자,기계 제조‧관련 기계 조작 및 조립직,냉난방 관련 설비 조작원,냉난방 관련 설비 조작원,,KSCO,8,2025-01-01,,active,2026-03-10 00:55:07,JF_MFG_01,active,auto_mapped,,,,,,,,,2026-03-16
853,자동 조립라인 및 산업용로봇 조작원,자동 조립라인 및 산업용로봇 조작원,자동조립라인및산업용로봇조작원,small,3,소분류,85.0,1,False,616,8/85/853,장치∙기계 조작 및 조립 종사자 / 기계 제조‧관련 기계 조작 및 조립직 / 자동 조립라인 및 산업용로봇 조작원,8,85.0,853.0,,,장치∙기계 조작 및 조립 종사자,기계 제조‧관련 기계 조작 및 조립직,자동 조립라인 및 산업용로봇 조작원,,,KSCO,8,2025-01-01,,active,2026-03-10 00:55:07,JF_MFG_01,hierarchy_only,,,,,,,,,,2026-03-16
8530,자동 조립라인 및 산업용로봇 조작원,자동 조립라인 및 산업용로봇 조작원,자동조립라인및산업용로봇조작원,detail,4,세분류,853.0,0,True,617,8/85/853/8530,장치∙기계 조작 및 조립 종사자 / 기계 제조‧관련 기계 조작 및 조립직 / 자동 조립라인 및 산업용로봇 조작원 / 자동 조립라인 및 산업용로봇 조작원,8,85.0,853.0,8530.0,,장치∙기계 조작 및 조립 종사자,기계 제조‧관련 기계 조작 및 조립직,자동 조립라인 및 산업용로봇 조작원,자동 조립라인 및 산업용로봇 조작원,,KSCO,8,2025-01-01,,active,2026-03-10 00:55:07,JF_MFG_01,active,auto_mapped,,,,,,,,,2026-03-16
854,운송차량 조립원,운송차량 조립원,운송차량조립원,small,3,소분류,85.0,4,False,618,8/85/854,장치∙기계 조작 및 조립 종사자 / 기계 제조‧관련 기계 조작 및 조립직 / 운송차량 조립원,8,85.0,854.0,,,장치∙기계 조작 및 조립 종사자,기계 제조‧관련 기계 조작 및 조립직,운송차량 조립원,,,KSCO,8,2025-01-01,,active,2026-03-10 00:55:07,JF_MFG_01,hierarchy_only,,,,,,,,,,2026-03-16
8541,자동차 조립원,자동차 조립원,자동차조립원,detail,4,세분류,854.0,0,True,619,8/85/854/8541,장치∙기계 조작 및 조립 종사자 / 기계 제조‧관련 기계 조작 및 조립직 / 운송차량 조립원 / 자동차 조립원,8,85.0,854.0,8541.0,,장치∙기계 조작 및 조립 종사자,기계 제조‧관련 기계 조작 및 조립직,운송차량 조립원,자동차 조립원,,KSCO,8,2025-01-01,,active,2026-03-10 00:55:07,JF_MFG_01,active,auto_mapped,,,,,,,,,2026-03-16
8542,자동차 부품 조립원,자동차 부품 조립원,자동차부품조립원,detail,4,세분류,854.0,0,True,620,8/85/854/8542,장치∙기계 조작 및 조립 종사자 / 기계 제조‧관련 기계 조작 및 조립직 / 운송차량 조립원 / 자동차 부품 조립원,8,85.0,854.0,8542.0,,장치∙기계 조작 및 조립 종사자,기계 제조‧관련 기계 조작 및 조립직,운송차량 조립원,자동차 부품 조립원,,KSCO,8,2025-01-01,,active,2026-03-10 00:55:07,JF_MFG_01,active,auto_mapped,,,,,,,,,2026-03-16
8543,운송장비 조립원,운송장비 조립원,운송장비조립원,detail,4,세분류,854.0,0,True,621,8/85/854/8543,장치∙기계 조작 및 조립 종사자 / 기계 제조‧관련 기계 조작 및 조립직 / 운송차량 조립원 / 운송장비 조립원,8,85.0,854.0,8543.0,,장치∙기계 조작 및 조립 종사자,기계 제조‧관련 기계 조작 및 조립직,운송차량 조립원,운송장비 조립원,,KSCO,8,2025-01-01,,active,2026-03-10 00:55:07,JF_MFG_01,active,auto_mapped,,,,,,,,,2026-03-16
8551,일반기계 조립원,일반기계 조립원,일반기계조립원,detail,4,세분류,854.0,0,True,622,8/85/854/8551,장치∙기계 조작 및 조립 종사자 / 기계 제조‧관련 기계 조작 및 조립직 / 운송차량 조립원 / 일반기계 조립원,8,85.0,854.0,8551.0,,장치∙기계 조작 및 조립 종사자,기계 제조‧관련 기계 조작 및 조립직,운송차량 조립원,일반기계 조립원,,KSCO,8,2025-01-01,,active,2026-03-10 00:55:07,JF_MFG_01,active,auto_mapped,,,,,,,,,2026-03-16
855,기계 및 기계 부품 조립원,기계 및 기계 부품 조립원,기계및기계부품조립원,small,3,소분류,85.0,1,False,623,8/85/855,장치∙기계 조작 및 조립 종사자 / 기계 제조‧관련 기계 조작 및 조립직 / 기계 및 기계 부품 조립원,8,85.0,855.0,,,장치∙기계 조작 및 조립 종사자,기계 제조‧관련 기계 조작 및 조립직,기계 및 기계 부품 조립원,,,KSCO,8,2025-01-01,,active,2026-03-10 00:55:07,JF_MFG_01,hierarchy_only,,,,,,,,,,2026-03-16
8552,기계 부품 조립원,기계 부품 조립원,기계부품조립원,detail,4,세분류,855.0,0,True,624,8/85/855/8552,장치∙기계 조작 및 조립 종사자 / 기계 제조‧관련 기계 조작 및 조립직 / 기계 및 기계 부품 조립원 / 기계 부품 조립원,8,85.0,855.0,8552.0,,장치∙기계 조작 및 조립 종사자,기계 제조‧관련 기계 조작 및 조립직,기계 및 기계 부품 조립원,기계 부품 조립원,,KSCO,8,2025-01-01,,active,2026-03-10 00:55:07,JF_MFG_01,active,auto_mapped,,,,,,,,,2026-03-16
86,전기‧전자 관련 기계 조작 및 조립직,전기‧전자 관련 기계 조작 및 조립직,전기전자관련기계조작및조립직,middle,2,중분류,8.0,4,False,625,8/86,장치∙기계 조작 및 조립 종사자 / 전기‧전자 관련 기계 조작 및 조립직,8,86.0,,,,장치∙기계 조작 및 조립 종사자,전기‧전자 관련 기계 조작 및 조립직,,,,KSCO,8,2025-01-01,,active,2026-03-10 00:55:07,JF_MFG_01,hierarchy_only,,,,,,,,,,2026-03-16
861,발전 및 배전 장치 조작원,발전 및 배전 장치 조작원,발전및배전장치조작원,small,3,소분류,86.0,1,False,626,8/86/861,장치∙기계 조작 및 조립 종사자 / 전기‧전자 관련 기계 조작 및 조립직 / 발전 및 배전 장치 조작원,8,86.0,861.0,,,장치∙기계 조작 및 조립 종사자,전기‧전자 관련 기계 조작 및 조립직,발전 및 배전 장치 조작원,,,KSCO,8,2025-01-01,,active,2026-03-10 00:55:07,JF_MFG_01,hierarchy_only,,,,,,,,,,2026-03-16
8610,발전 및 배전 장치 조작원,발전 및 배전 장치 조작원,발전및배전장치조작원,detail,4,세분류,861.0,0,True,627,8/86/861/8610,장치∙기계 조작 및 조립 종사자 / 전기‧전자 관련 기계 조작 및 조립직 / 발전 및 배전 장치 조작원 / 발전 및 배전 장치 조작원,8,86.0,861.0,8610.0,,장치∙기계 조작 및 조립 종사자,전기‧전자 관련 기계 조작 및 조립직,발전 및 배전 장치 조작원,발전 및 배전 장치 조작원,,KSCO,8,2025-01-01,,active,2026-03-10 00:55:07,JF_MFG_01,active,auto_mapped,,,,,,,,,2026-03-16
862,전기 및 전자설비 조작원,전기 및 전자설비 조작원,전기및전자설비조작원,small,3,소분류,86.0,1,False,628,8/86/862,장치∙기계 조작 및 조립 종사자 / 전기‧전자 관련 기계 조작 및 조립직 / 전기 및 전자설비 조작원,8,86.0,862.0,,,장치∙기계 조작 및 조립 종사자,전기‧전자 관련 기계 조작 및 조립직,전기 및 전자설비 조작원,,,KSCO,8,2025-01-01,,active,2026-03-10 00:55:07,JF_MFG_01,hierarchy_only,,,,,,,,,,2026-03-16
8620,전기 및 전자설비 조작원,전기 및 전자설비 조작원,전기및전자설비조작원,detail,4,세분류,862.0,0,True,629,8/86/862/8620,장치∙기계 조작 및 조립 종사자 / 전기‧전자 관련 기계 조작 및 조립직 / 전기 및 전자설비 조작원 / 전기 및 전자설비 조작원,8,86.0,862.0,8620.0,,장치∙기계 조작 및 조립 종사자,전기‧전자 관련 기계 조작 및 조립직,전기 및 전자설비 조작원,전기 및 전자설비 조작원,,KSCO,8,2025-01-01,,active,2026-03-10 00:55:07,JF_MFG_01,active,auto_mapped,,,,,,,,,2026-03-16
863,전기‧전자 부품 및 제품 제조 장치 조작원,전기‧전자 부품 및 제품 제조 장치 조작원,전기전자부품및제품제조장치조작원,small,3,소분류,86.0,2,False,630,8/86/863,장치∙기계 조작 및 조립 종사자 / 전기‧전자 관련 기계 조작 및 조립직 / 전기‧전자 부품 및 제품 제조 장치 조작원,8,86.0,863.0,,,장치∙기계 조작 및 조립 종사자,전기‧전자 관련 기계 조작 및 조립직,전기‧전자 부품 및 제품 제조 장치 조작원,,,KSCO,8,2025-01-01,,active,2026-03-10 00:55:07,JF_MFG_01,hierarchy_only,,,,,,,,,,2026-03-16
8632,전기 부품 및 제품 제조 기계 조작원,전기 부품 및 제품 제조 기계 조작원,전기부품및제품제조기계조작원,detail,4,세분류,863.0,0,True,631,8/86/863/8632,장치∙기계 조작 및 조립 종사자 / 전기‧전자 관련 기계 조작 및 조립직 / 전기‧전자 부품 및 제품 제조 장치 조작원 / 전기 부품 및 제품 제조 기계 조작원,8,86.0,863.0,8632.0,,장치∙기계 조작 및 조립 종사자,전기‧전자 관련 기계 조작 및 조립직,전기‧전자 부품 및 제품 제조 장치 조작원,전기 부품 및 제품 제조 기계 조작원,,KSCO,8,2025-01-01,,active,2026-03-10 00:55:07,JF_MFG_01,active,auto_mapped,,,,,,,,,2026-03-16
8633,전자 부품 및 제품 제조 기계 조작원,전자 부품 및 제품 제조 기계 조작원,전자부품및제품제조기계조작원,detail,4,세분류,863.0,0,True,632,8/86/863/8633,장치∙기계 조작 및 조립 종사자 / 전기‧전자 관련 기계 조작 및 조립직 / 전기‧전자 부품 및 제품 제조 장치 조작원 / 전자 부품 및 제품 제조 기계 조작원,8,86.0,863.0,8633.0,,장치∙기계 조작 및 조립 종사자,전기‧전자 관련 기계 조작 및 조립직,전기‧전자 부품 및 제품 제조 장치 조작원,전자 부품 및 제품 제조 기계 조작원,,KSCO,8,2025-01-01,,active,2026-03-10 00:55:07,JF_MFG_01,active,auto_mapped,,,,,,,,,2026-03-16
864,전기‧전자 부품 및 제품 조립원,전기‧전자 부품 및 제품 조립원,전기전자부품및제품조립원,small,3,소분류,86.0,1,False,633,8/86/864,장치∙기계 조작 및 조립 종사자 / 전기‧전자 관련 기계 조작 및 조립직 / 전기‧전자 부품 및 제품 조립원,8,86.0,864.0,,,장치∙기계 조작 및 조립 종사자,전기‧전자 관련 기계 조작 및 조립직,전기‧전자 부품 및 제품 조립원,,,KSCO,8,2025-01-01,,active,2026-03-10 00:55:07,JF_MFG_01,hierarchy_only,,,,,,,,,,2026-03-16
8640,전기‧전자 부품 및 제품 조립원,전기‧전자 부품 및 제품 조립원,전기전자부품및제품조립원,detail,4,세분류,864.0,0,True,634,8/86/864/8640,장치∙기계 조작 및 조립 종사자 / 전기‧전자 관련 기계 조작 및 조립직 / 전기‧전자 부품 및 제품 조립원 / 전기‧전자 부품 및 제품 조립원,8,86.0,864.0,8640.0,,장치∙기계 조작 및 조립 종사자,전기‧전자 관련 기계 조작 및 조립직,전기‧전자 부품 및 제품 조립원,전기‧전자 부품 및 제품 조립원,,KSCO,8,2025-01-01,,active,2026-03-10 00:55:07,JF_MFG_01,active,auto_mapped,,,,,,,,,2026-03-16
87,운전 및 운송 관련 기계 조작직,운전 및 운송 관련 기계 조작직,운전및운송관련기계조작직,middle,2,중분류,8.0,5,False,635,8/87,장치∙기계 조작 및 조립 종사자 / 운전 및 운송 관련 기계 조작직,8,87.0,,,,장치∙기계 조작 및 조립 종사자,운전 및 운송 관련 기계 조작직,,,,KSCO,8,2025-01-01,,active,2026-03-10 00:55:07,JF_SVC_04,hierarchy_only,,,,,,,,,,2026-03-16
871,철도‧전동차 기관사 및 관련 종사자,철도‧전동차 기관사 및 관련 종사자,철도전동차기관사및관련종사자,small,3,소분류,87.0,2,False,636,8/87/871,장치∙기계 조작 및 조립 종사자 / 운전 및 운송 관련 기계 조작직 / 철도‧전동차 기관사 및 관련 종사자,8,87.0,871.0,,,장치∙기계 조작 및 조립 종사자,운전 및 운송 관련 기계 조작직,철도‧전동차 기관사 및 관련 종사자,,,KSCO,8,2025-01-01,,active,2026-03-10 00:55:07,JF_SVC_04,hierarchy_only,,,,,,,,,,2026-03-16
8711,철도 및 전동차 기관사,철도 및 전동차 기관사,철도및전동차기관사,detail,4,세분류,871.0,0,True,637,8/87/871/8711,장치∙기계 조작 및 조립 종사자 / 운전 및 운송 관련 기계 조작직 / 철도‧전동차 기관사 및 관련 종사자 / 철도 및 전동차 기관사,8,87.0,871.0,8711.0,,장치∙기계 조작 및 조립 종사자,운전 및 운송 관련 기계 조작직,철도‧전동차 기관사 및 관련 종사자,철도 및 전동차 기관사,,KSCO,8,2025-01-01,,active,2026-03-10 00:55:07,JF_SVC_04,active,auto_mapped,,,,,,,,,2026-03-16
8712,철도운송 관련 종사원,철도운송 관련 종사원,철도운송관련종사원,detail,4,세분류,871.0,0,True,638,8/87/871/8712,장치∙기계 조작 및 조립 종사자 / 운전 및 운송 관련 기계 조작직 / 철도‧전동차 기관사 및 관련 종사자 / 철도운송 관련 종사원,8,87.0,871.0,8712.0,,장치∙기계 조작 및 조립 종사자,운전 및 운송 관련 기계 조작직,철도‧전동차 기관사 및 관련 종사자,철도운송 관련 종사원,,KSCO,8,2025-01-01,,active,2026-03-10 00:55:07,JF_SVC_04,active,auto_mapped,,,,,,,,,2026-03-16
872,자동차 운전원,자동차 운전원,자동차운전원,small,3,소분류,87.0,4,False,639,8/87/872,장치∙기계 조작 및 조립 종사자 / 운전 및 운송 관련 기계 조작직 / 자동차 운전원,8,87.0,872.0,,,장치∙기계 조작 및 조립 종사자,운전 및 운송 관련 기계 조작직,자동차 운전원,,,KSCO,8,2025-01-01,,active,2026-03-10 00:55:07,JF_SVC_04,hierarchy_only,,,,,,,,,,2026-03-16
8721,택시 운전원,택시 운전원,택시운전원,detail,4,세분류,872.0,0,True,640,8/87/872/8721,장치∙기계 조작 및 조립 종사자 / 운전 및 운송 관련 기계 조작직 / 자동차 운전원 / 택시 운전원,8,87.0,872.0,8721.0,,장치∙기계 조작 및 조립 종사자,운전 및 운송 관련 기계 조작직,자동차 운전원,택시 운전원,,KSCO,8,2025-01-01,,active,2026-03-10 00:55:07,JF_SVC_04,active,auto_mapped,,,,,,,,,2026-03-16
8722,버스 운전원,버스 운전원,버스운전원,detail,4,세분류,872.0,0,True,641,8/87/872/8722,장치∙기계 조작 및 조립 종사자 / 운전 및 운송 관련 기계 조작직 / 자동차 운전원 / 버스 운전원,8,87.0,872.0,8722.0,,장치∙기계 조작 및 조립 종사자,운전 및 운송 관련 기계 조작직,자동차 운전원,버스 운전원,,KSCO,8,2025-01-01,,active,2026-03-10 00:55:07,JF_SVC_04,active,auto_mapped,,,,,,,,,2026-03-16
8723,화물차 및 특수차 운전원,화물차 및 특수차 운전원,화물차및특수차운전원,detail,4,세분류,872.0,0,True,642,8/87/872/8723,장치∙기계 조작 및 조립 종사자 / 운전 및 운송 관련 기계 조작직 / 자동차 운전원 / 화물차 및 특수차 운전원,8,87.0,872.0,8723.0,,장치∙기계 조작 및 조립 종사자,운전 및 운송 관련 기계 조작직,자동차 운전원,화물차 및 특수차 운전원,,KSCO,8,2025-01-01,,active,2026-03-10 00:55:07,JF_SVC_04,active,auto_mapped,,,,,,,,,2026-03-16
8729,기타 자동차 운전원,기타 자동차 운전원,기타자동차운전원,detail,4,세분류,872.0,0,True,643,8/87/872/8729,장치∙기계 조작 및 조립 종사자 / 운전 및 운송 관련 기계 조작직 / 자동차 운전원 / 기타 자동차 운전원,8,87.0,872.0,8729.0,,장치∙기계 조작 및 조립 종사자,운전 및 운송 관련 기계 조작직,자동차 운전원,기타 자동차 운전원,,KSCO,8,2025-01-01,,active,2026-03-10 00:55:07,JF_SVC_04,active,auto_mapped,,,,,,,,,2026-03-16
873,물품 이동 장비 조작원,물품 이동 장비 조작원,물품이동장비조작원,small,3,소분류,87.0,1,False,644,8/87/873,장치∙기계 조작 및 조립 종사자 / 운전 및 운송 관련 기계 조작직 / 물품 이동 장비 조작원,8,87.0,873.0,,,장치∙기계 조작 및 조립 종사자,운전 및 운송 관련 기계 조작직,물품 이동 장비 조작원,,,KSCO,8,2025-01-01,,active,2026-03-10 00:55:07,JF_SVC_04,hierarchy_only,,,,,,,,,,2026-03-16
8730,물품 이동 장비 조작원,물품 이동 장비 조작원,물품이동장비조작원,detail,4,세분류,873.0,0,True,645,8/87/873/8730,장치∙기계 조작 및 조립 종사자 / 운전 및 운송 관련 기계 조작직 / 물품 이동 장비 조작원 / 물품 이동 장비 조작원,8,87.0,873.0,8730.0,,장치∙기계 조작 및 조립 종사자,운전 및 운송 관련 기계 조작직,물품 이동 장비 조작원,물품 이동 장비 조작원,,KSCO,8,2025-01-01,,active,2026-03-10 00:55:07,JF_SVC_04,active,auto_mapped,,,,,,,,,2026-03-16
874,건설 및 채굴기계 운전원,건설 및 채굴기계 운전원,건설및채굴기계운전원,small,3,소분류,87.0,1,False,646,8/87/874,장치∙기계 조작 및 조립 종사자 / 운전 및 운송 관련 기계 조작직 / 건설 및 채굴기계 운전원,8,87.0,874.0,,,장치∙기계 조작 및 조립 종사자,운전 및 운송 관련 기계 조작직,건설 및 채굴기계 운전원,,,KSCO,8,2025-01-01,,active,2026-03-10 00:55:07,JF_SVC_04,hierarchy_only,,,,,,,,,,2026-03-16
8740,건설 및 채굴기계 운전원,건설 및 채굴기계 운전원,건설및채굴기계운전원,detail,4,세분류,874.0,0,True,647,8/87/874/8740,장치∙기계 조작 및 조립 종사자 / 운전 및 운송 관련 기계 조작직 / 건설 및 채굴기계 운전원 / 건설 및 채굴기계 운전원,8,87.0,874.0,8740.0,,장치∙기계 조작 및 조립 종사자,운전 및 운송 관련 기계 조작직,건설 및 채굴기계 운전원,건설 및 채굴기계 운전원,,KSCO,8,2025-01-01,,active,2026-03-10 00:55:07,JF_SVC_04,active,auto_mapped,,,,,,,,,2026-03-16
875,선박 승무원 및 관련 종사자,선박 승무원 및 관련 종사자,선박승무원및관련종사자,small,3,소분류,87.0,1,False,648,8/87/875,장치∙기계 조작 및 조립 종사자 / 운전 및 운송 관련 기계 조작직 / 선박 승무원 및 관련 종사자,8,87.0,875.0,,,장치∙기계 조작 및 조립 종사자,운전 및 운송 관련 기계 조작직,선박 승무원 및 관련 종사자,,,KSCO,8,2025-01-01,,active,2026-03-10 00:55:07,JF_SVC_04,hierarchy_only,,,,,,,,,,2026-03-16
8750,선박 승무원 및 관련 종사원,선박 승무원 및 관련 종사원,선박승무원및관련종사원,detail,4,세분류,875.0,0,True,649,8/87/875/8750,장치∙기계 조작 및 조립 종사자 / 운전 및 운송 관련 기계 조작직 / 선박 승무원 및 관련 종사자 / 선박 승무원 및 관련 종사원,8,87.0,875.0,8750.0,,장치∙기계 조작 및 조립 종사자,운전 및 운송 관련 기계 조작직,선박 승무원 및 관련 종사자,선박 승무원 및 관련 종사원,,KSCO,8,2025-01-01,,active,2026-03-10 00:55:07,JF_SVC_04,active,auto_mapped,,,,,,,,,2026-03-16
88,상하수도 및 재활용 처리 관련 기계 조작직,상하수도 및 재활용 처리 관련 기계 조작직,상하수도및재활용처리관련기계조작직,middle,2,중분류,8.0,2,False,650,8/88,장치∙기계 조작 및 조립 종사자 / 상하수도 및 재활용 처리 관련 기계 조작직,8,88.0,,,,장치∙기계 조작 및 조립 종사자,상하수도 및 재활용 처리 관련 기계 조작직,,,,KSCO,8,2025-01-01,,active,2026-03-10 00:55:07,JF_MFG_01,hierarchy_only,,,,,,,,,,2026-03-16
881,상하수도 처리 장치 조작원,상하수도 처리 장치 조작원,상하수도처리장치조작원,small,3,소분류,88.0,1,False,651,8/88/881,장치∙기계 조작 및 조립 종사자 / 상하수도 및 재활용 처리 관련 기계 조작직 / 상하수도 처리 장치 조작원,8,88.0,881.0,,,장치∙기계 조작 및 조립 종사자,상하수도 및 재활용 처리 관련 기계 조작직,상하수도 처리 장치 조작원,,,KSCO,8,2025-01-01,,active,2026-03-10 00:55:07,JF_MFG_01,hierarchy_only,,,,,,,,,,2026-03-16
8810,상하수도 처리 장치 조작원,상하수도 처리 장치 조작원,상하수도처리장치조작원,detail,4,세분류,881.0,0,True,652,8/88/881/8810,장치∙기계 조작 및 조립 종사자 / 상하수도 및 재활용 처리 관련 기계 조작직 / 상하수도 처리 장치 조작원 / 상하수도 처리 장치 조작원,8,88.0,881.0,8810.0,,장치∙기계 조작 및 조립 종사자,상하수도 및 재활용 처리 관련 기계 조작직,상하수도 처리 장치 조작원,상하수도 처리 장치 조작원,,KSCO,8,2025-01-01,,active,2026-03-10 00:55:07,JF_MFG_01,active,auto_mapped,,,,,,,,,2026-03-16
882,재활용 처리 및 소각로 조작원,재활용 처리 및 소각로 조작원,재활용처리및소각로조작원,small,3,소분류,88.0,1,False,653,8/88/882,장치∙기계 조작 및 조립 종사자 / 상하수도 및 재활용 처리 관련 기계 조작직 / 재활용 처리 및 소각로 조작원,8,88.0,882.0,,,장치∙기계 조작 및 조립 종사자,상하수도 및 재활용 처리 관련 기계 조작직,재활용 처리 및 소각로 조작원,,,KSCO,8,2025-01-01,,active,2026-03-10 00:55:07,JF_MFG_01,hierarchy_only,,,,,,,,,,2026-03-16
8820,재활용 처리 및 소각로 조작원,재활용 처리 및 소각로 조작원,재활용처리및소각로조작원,detail,4,세분류,882.0,0,True,654,8/88/882/8820,장치∙기계 조작 및 조립 종사자 / 상하수도 및 재활용 처리 관련 기계 조작직 / 재활용 처리 및 소각로 조작원 / 재활용 처리 및 소각로 조작원,8,88.0,882.0,8820.0,,장치∙기계 조작 및 조립 종사자,상하수도 및 재활용 처리 관련 기계 조작직,재활용 처리 및 소각로 조작원,재활용 처리 및 소각로 조작원,,KSCO,8,2025-01-01,,active,2026-03-10 00:55:07,JF_MFG_01,active,auto_mapped,,,,,,,,,2026-03-16
89,목재‧인쇄 및 기타 기계 조작직,목재‧인쇄 및 기타 기계 조작직,목재인쇄및기타기계조작직,middle,2,중분류,8.0,3,False,655,8/89,장치∙기계 조작 및 조립 종사자 / 목재‧인쇄 및 기타 기계 조작직,8,89.0,,,,장치∙기계 조작 및 조립 종사자,목재‧인쇄 및 기타 기계 조작직,,,,KSCO,8,2025-01-01,,active,2026-03-10 00:55:07,JF_MFG_01,hierarchy_only,,,,,,,,,,2026-03-16
891,목재 및 종이 관련 기계 조작원,목재 및 종이 관련 기계 조작원,목재및종이관련기계조작원,small,3,소분류,89.0,4,False,656,8/89/891,장치∙기계 조작 및 조립 종사자 / 목재‧인쇄 및 기타 기계 조작직 / 목재 및 종이 관련 기계 조작원,8,89.0,891.0,,,장치∙기계 조작 및 조립 종사자,목재‧인쇄 및 기타 기계 조작직,목재 및 종이 관련 기계 조작원,,,KSCO,8,2025-01-01,,active,2026-03-10 00:55:07,JF_MFG_01,hierarchy_only,,,,,,,,,,2026-03-16
8911,목재 가공 관련 기계 조작원,목재 가공 관련 기계 조작원,목재가공관련기계조작원,detail,4,세분류,891.0,0,True,657,8/89/891/8911,장치∙기계 조작 및 조립 종사자 / 목재‧인쇄 및 기타 기계 조작직 / 목재 및 종이 관련 기계 조작원 / 목재 가공 관련 기계 조작원,8,89.0,891.0,8911.0,,장치∙기계 조작 및 조립 종사자,목재‧인쇄 및 기타 기계 조작직,목재 및 종이 관련 기계 조작원,목재 가공 관련 기계 조작원,,KSCO,8,2025-01-01,,active,2026-03-10 00:55:07,JF_MFG_01,active,auto_mapped,,,,,,,,,2026-03-16
8912,펄프 및 종이 제조 장치 조작원,펄프 및 종이 제조 장치 조작원,펄프및종이제조장치조작원,detail,4,세분류,891.0,0,True,658,8/89/891/8912,장치∙기계 조작 및 조립 종사자 / 목재‧인쇄 및 기타 기계 조작직 / 목재 및 종이 관련 기계 조작원 / 펄프 및 종이 제조 장치 조작원,8,89.0,891.0,8912.0,,장치∙기계 조작 및 조립 종사자,목재‧인쇄 및 기타 기계 조작직,목재 및 종이 관련 기계 조작원,펄프 및 종이 제조 장치 조작원,,KSCO,8,2025-01-01,,active,2026-03-10 00:55:07,JF_MFG_01,active,auto_mapped,,,,,,,,,2026-03-16
8913,종이제품 생산기 조작원,종이제품 생산기 조작원,종이제품생산기조작원,detail,4,세분류,891.0,0,True,659,8/89/891/8913,장치∙기계 조작 및 조립 종사자 / 목재‧인쇄 및 기타 기계 조작직 / 목재 및 종이 관련 기계 조작원 / 종이제품 생산기 조작원,8,89.0,891.0,8913.0,,장치∙기계 조작 및 조립 종사자,목재‧인쇄 및 기타 기계 조작직,목재 및 종이 관련 기계 조작원,종이제품 생산기 조작원,,KSCO,8,2025-01-01,,active,2026-03-10 00:55:07,JF_MFG_01,active,auto_mapped,,,,,,,,,2026-03-16
8919,기타 목재 및 종이 관련 기계 조작원,기타 목재 및 종이 관련 기계 조작원,기타목재및종이관련기계조작원,detail,4,세분류,891.0,0,True,660,8/89/891/8919,장치∙기계 조작 및 조립 종사자 / 목재‧인쇄 및 기타 기계 조작직 / 목재 및 종이 관련 기계 조작원 / 기타 목재 및 종이 관련 기계 조작원,8,89.0,891.0,8919.0,,장치∙기계 조작 및 조립 종사자,목재‧인쇄 및 기타 기계 조작직,목재 및 종이 관련 기계 조작원,기타 목재 및 종이 관련 기계 조작원,,KSCO,8,2025-01-01,,active,2026-03-10 00:55:07,JF_MFG_01,active,auto_mapped,,,,,,,,,2026-03-16
892,인쇄 및 사진 현상 관련 기계 조작원,인쇄 및 사진 현상 관련 기계 조작원,인쇄및사진현상관련기계조작원,small,3,소분류,89.0,2,False,661,8/89/892,장치∙기계 조작 및 조립 종사자 / 목재‧인쇄 및 기타 기계 조작직 / 인쇄 및 사진 현상 관련 기계 조작원,8,89.0,892.0,,,장치∙기계 조작 및 조립 종사자,목재‧인쇄 및 기타 기계 조작직,인쇄 및 사진 현상 관련 기계 조작원,,,KSCO,8,2025-01-01,,active,2026-03-10 00:55:07,JF_MFG_01,hierarchy_only,,,,,,,,,,2026-03-16
8921,인쇄 관련 기계 조작원,인쇄 관련 기계 조작원,인쇄관련기계조작원,detail,4,세분류,892.0,0,True,662,8/89/892/8921,장치∙기계 조작 및 조립 종사자 / 목재‧인쇄 및 기타 기계 조작직 / 인쇄 및 사진 현상 관련 기계 조작원 / 인쇄 관련 기계 조작원,8,89.0,892.0,8921.0,,장치∙기계 조작 및 조립 종사자,목재‧인쇄 및 기타 기계 조작직,인쇄 및 사진 현상 관련 기계 조작원,인쇄 관련 기계 조작원,,KSCO,8,2025-01-01,,active,2026-03-10 00:55:07,JF_MFG_01,active,auto_mapped,,,,,,,,,2026-03-16
8922,사진 인화 및 현상기 조작원,사진 인화 및 현상기 조작원,사진인화및현상기조작원,detail,4,세분류,892.0,0,True,663,8/89/892/8922,장치∙기계 조작 및 조립 종사자 / 목재‧인쇄 및 기타 기계 조작직 / 인쇄 및 사진 현상 관련 기계 조작원 / 사진 인화 및 현상기 조작원,8,89.0,892.0,8922.0,,장치∙기계 조작 및 조립 종사자,목재‧인쇄 및 기타 기계 조작직,인쇄 및 사진 현상 관련 기계 조작원,사진 인화 및 현상기 조작원,,KSCO,8,2025-01-01,,active,2026-03-10 00:55:07,JF_MFG_01,active,auto_mapped,,,,,,,,,2026-03-16
899,기타 기계 조작원,기타 기계 조작원,기타기계조작원,small,3,소분류,89.0,1,False,664,8/89/899,장치∙기계 조작 및 조립 종사자 / 목재‧인쇄 및 기타 기계 조작직 / 기타 기계 조작원,8,89.0,899.0,,,장치∙기계 조작 및 조립 종사자,목재‧인쇄 및 기타 기계 조작직,기타 기계 조작원,,,KSCO,8,2025-01-01,,active,2026-03-10 00:55:07,JF_MFG_01,hierarchy_only,,,,,,,,,,2026-03-16
8990,기타 기계 조작원,기타 기계 조작원,기타기계조작원,detail,4,세분류,899.0,0,True,665,8/89/899/8990,장치∙기계 조작 및 조립 종사자 / 목재‧인쇄 및 기타 기계 조작직 / 기타 기계 조작원 / 기타 기계 조작원,8,89.0,899.0,8990.0,,장치∙기계 조작 및 조립 종사자,목재‧인쇄 및 기타 기계 조작직,기타 기계 조작원,기타 기계 조작원,,KSCO,8,2025-01-01,,active,2026-03-10 00:55:07,JF_MFG_01,active,auto_mapped,,,,,,,,,2026-03-16
9,단순노무 종사자,단순노무 종사자,단순노무종사자,major,1,대분류,,6,False,666,9,단순노무 종사자,9,,,,,단순노무 종사자,,,,,KSCO,8,2025-01-01,,active,2026-03-10 00:55:07,JF_SVC_06,hierarchy_only,,,,,,,,,,2026-03-16
91,건설 및 광업 관련 단순 노무직,건설 및 광업 관련 단순 노무직,건설및광업관련단순노무직,middle,2,중분류,9.0,1,False,667,9/91,단순노무 종사자 / 건설 및 광업 관련 단순 노무직,9,91.0,,,,단순노무 종사자,건설 및 광업 관련 단순 노무직,,,,KSCO,8,2025-01-01,,active,2026-03-10 00:55:07,JF_MFG_05,hierarchy_only,,,,,,,,,,2026-03-16
910,건설 및 광업 단순 종사자,건설 및 광업 단순 종사자,건설및광업단순종사자,small,3,소분류,91.0,1,False,668,9/91/910,단순노무 종사자 / 건설 및 광업 관련 단순 노무직 / 건설 및 광업 단순 종사자,9,91.0,910.0,,,단순노무 종사자,건설 및 광업 관련 단순 노무직,건설 및 광업 단순 종사자,,,KSCO,8,2025-01-01,,active,2026-03-10 00:55:07,JF_MFG_05,hierarchy_only,,,,,,,,,,2026-03-16
9100,건설 및 광업 단순 종사원,건설 및 광업 단순 종사원,건설및광업단순종사원,detail,4,세분류,910.0,0,True,669,9/91/910/9100,단순노무 종사자 / 건설 및 광업 관련 단순 노무직 / 건설 및 광업 단순 종사자 / 건설 및 광업 단순 종사원,9,91.0,910.0,9100.0,,단순노무 종사자,건설 및 광업 관련 단순 노무직,건설 및 광업 단순 종사자,건설 및 광업 단순 종사원,,KSCO,8,2025-01-01,,active,2026-03-10 00:55:07,JF_MFG_01,active,auto_mapped,,,,,,,,,2026-03-23
92,운송 관련 단순 노무직,운송 관련 단순 노무직,운송관련단순노무직,middle,2,중분류,9.0,2,False,670,9/92,단순노무 종사자 / 운송 관련 단순 노무직,9,92.0,,,,단순노무 종사자,운송 관련 단순 노무직,,,,KSCO,8,2025-01-01,,active,2026-03-10 00:55:07,JF_SVC_06,hierarchy_only,,,,,,,,,,2026-03-16
921,하역‧적재 및 분류 단순 종사자,하역‧적재 및 분류 단순 종사자,하역적재및분류단순종사자,small,3,소분류,92.0,2,False,671,9/92/921,단순노무 종사자 / 운송 관련 단순 노무직 / 하역‧적재 및 분류 단순 종사자,9,92.0,921.0,,,단순노무 종사자,운송 관련 단순 노무직,하역‧적재 및 분류 단순 종사자,,,KSCO,8,2025-01-01,,active,2026-03-10 00:55:07,JF_SVC_06,hierarchy_only,,,,,,,,,,2026-03-16
9211,하역 및 적재 단순 종사원,하역 및 적재 단순 종사원,하역및적재단순종사원,detail,4,세분류,921.0,0,True,672,9/92/921/9211,단순노무 종사자 / 운송 관련 단순 노무직 / 하역‧적재 및 분류 단순 종사자 / 하역 및 적재 단순 종사원,9,92.0,921.0,9211.0,,단순노무 종사자,운송 관련 단순 노무직,하역‧적재 및 분류 단순 종사자,하역 및 적재 단순 종사원,,KSCO,8,2025-01-01,,active,2026-03-10 00:55:07,JF_SVC_06,active,auto_mapped,,,,,,,,,2026-03-16
9212,화물 분류원,화물 분류원,화물분류원,detail,4,세분류,921.0,0,True,673,9/92/921/9212,단순노무 종사자 / 운송 관련 단순 노무직 / 하역‧적재 및 분류 단순 종사자 / 화물 분류원,9,92.0,921.0,9212.0,,단순노무 종사자,운송 관련 단순 노무직,하역‧적재 및 분류 단순 종사자,화물 분류원,,KSCO,8,2025-01-01,,active,2026-03-10 00:55:07,JF_SVC_06,active,auto_mapped,,,,,,,,,2026-03-16
922,배달원,배달원,배달원,small,3,소분류,92.0,5,False,674,9/92/922,단순노무 종사자 / 운송 관련 단순 노무직 / 배달원,9,92.0,922.0,,,단순노무 종사자,운송 관련 단순 노무직,배달원,,,KSCO,8,2025-01-01,,active,2026-03-10 00:55:07,JF_OPS_02,hierarchy_only,,,,,,,,,,2026-03-16
9221,우편집배원,우편집배원,우편집배원,detail,4,세분류,922.0,0,True,675,9/92/922/9221,단순노무 종사자 / 운송 관련 단순 노무직 / 배달원 / 우편집배원,9,92.0,922.0,9221.0,,단순노무 종사자,운송 관련 단순 노무직,배달원,우편집배원,,KSCO,8,2025-01-01,,active,2026-03-10 00:55:07,JF_OPS_02,active,auto_mapped,,,,,,,,,2026-03-16
9222,택배원,택배원,택배원,detail,4,세분류,922.0,0,True,676,9/92/922/9222,단순노무 종사자 / 운송 관련 단순 노무직 / 배달원 / 택배원,9,92.0,922.0,9222.0,,단순노무 종사자,운송 관련 단순 노무직,배달원,택배원,,KSCO,8,2025-01-01,,active,2026-03-10 00:55:07,JF_OPS_02,active,auto_mapped,,,,,,,,,2026-03-16
9223,늘찬배달원,늘찬배달원,늘찬배달원,detail,4,세분류,922.0,0,True,677,9/92/922/9223,단순노무 종사자 / 운송 관련 단순 노무직 / 배달원 / 늘찬배달원,9,92.0,922.0,9223.0,,단순노무 종사자,운송 관련 단순 노무직,배달원,늘찬배달원,,KSCO,8,2025-01-01,,active,2026-03-10 00:55:07,JF_OPS_02,active,auto_mapped,,,,,,,,,2026-03-16
9224,정기배달원,정기배달원,정기배달원,detail,4,세분류,922.0,0,True,678,9/92/922/9224,단순노무 종사자 / 운송 관련 단순 노무직 / 배달원 / 정기배달원,9,92.0,922.0,9224.0,,단순노무 종사자,운송 관련 단순 노무직,배달원,정기배달원,,KSCO,8,2025-01-01,,active,2026-03-10 00:55:07,JF_OPS_02,active,auto_mapped,,,,,,,,,2026-03-16
9229,기타 배달원,기타 배달원,기타배달원,detail,4,세분류,922.0,0,True,679,9/92/922/9229,단순노무 종사자 / 운송 관련 단순 노무직 / 배달원 / 기타 배달원,9,92.0,922.0,9229.0,,단순노무 종사자,운송 관련 단순 노무직,배달원,기타 배달원,,KSCO,8,2025-01-01,,active,2026-03-10 00:55:07,JF_OPS_02,active,auto_mapped,,,,,,,,,2026-03-16
93,제조 관련 단순 노무직,제조 관련 단순 노무직,제조관련단순노무직,middle,2,중분류,9.0,1,False,680,9/93,단순노무 종사자 / 제조 관련 단순 노무직,9,93.0,,,,단순노무 종사자,제조 관련 단순 노무직,,,,KSCO,8,2025-01-01,,active,2026-03-10 00:55:07,JF_SVC_06,hierarchy_only,,,,,,,,,,2026-03-16
930,제조 관련 단순 종사자,제조 관련 단순 종사자,제조관련단순종사자,small,3,소분류,93.0,2,False,681,9/93/930,단순노무 종사자 / 제조 관련 단순 노무직 / 제조 관련 단순 종사자,9,93.0,930.0,,,단순노무 종사자,제조 관련 단순 노무직,제조 관련 단순 종사자,,,KSCO,8,2025-01-01,,active,2026-03-10 00:55:07,JF_SVC_06,hierarchy_only,,,,,,,,,,2026-03-16
9301,가구 조립원,가구 조립원,가구조립원,detail,4,세분류,930.0,0,True,682,9/93/930/9301,단순노무 종사자 / 제조 관련 단순 노무직 / 제조 관련 단순 종사자 / 가구 조립원,9,93.0,930.0,9301.0,,단순노무 종사자,제조 관련 단순 노무직,제조 관련 단순 종사자,가구 조립원,,KSCO,8,2025-01-01,,active,2026-03-10 00:55:07,JF_SVC_06,active,auto_mapped,,,,,,,,,2026-03-16
9309,기타 제조 관련 단순 종사원,기타 제조 관련 단순 종사원,기타제조관련단순종사원,detail,4,세분류,930.0,0,True,683,9/93/930/9309,단순노무 종사자 / 제조 관련 단순 노무직 / 제조 관련 단순 종사자 / 기타 제조 관련 단순 종사원,9,93.0,930.0,9309.0,,단순노무 종사자,제조 관련 단순 노무직,제조 관련 단순 종사자,기타 제조 관련 단순 종사원,,KSCO,8,2025-01-01,,active,2026-03-10 00:55:07,JF_SVC_06,active,auto_mapped,,,,,,,,,2026-03-16
94,청소 및 건물 관리 단순 노무직,청소 및 건물 관리 단순 노무직,청소및건물관리단순노무직,middle,2,중분류,9.0,2,False,684,9/94,단순노무 종사자 / 청소 및 건물 관리 단순 노무직,9,94.0,,,,단순노무 종사자,청소 및 건물 관리 단순 노무직,,,,KSCO,8,2025-01-01,,active,2026-03-10 00:55:07,JF_SVC_06,hierarchy_only,,,,,,,,,,2026-03-16
941,청소 관련 종사자,청소 관련 종사자,청소관련종사자,small,3,소분류,94.0,5,False,685,9/94/941,단순노무 종사자 / 청소 및 건물 관리 단순 노무직 / 청소 관련 종사자,9,94.0,941.0,,,단순노무 종사자,청소 및 건물 관리 단순 노무직,청소 관련 종사자,,,KSCO,8,2025-01-01,,active,2026-03-10 00:55:07,JF_SVC_06,hierarchy_only,,,,,,,,,,2026-03-16
9411,건물 청소원,건물 청소원,건물청소원,detail,4,세분류,941.0,0,True,686,9/94/941/9411,단순노무 종사자 / 청소 및 건물 관리 단순 노무직 / 청소 관련 종사자 / 건물 청소원,9,94.0,941.0,9411.0,,단순노무 종사자,청소 및 건물 관리 단순 노무직,청소 관련 종사자,건물 청소원,,KSCO,8,2025-01-01,,active,2026-03-10 00:55:07,JF_SVC_06,active,auto_mapped,,,,,,,,,2026-03-16
9412,운송 및 시설장비 청소원,운송 및 시설장비 청소원,운송및시설장비청소원,detail,4,세분류,941.0,0,True,687,9/94/941/9412,단순노무 종사자 / 청소 및 건물 관리 단순 노무직 / 청소 관련 종사자 / 운송 및 시설장비 청소원,9,94.0,941.0,9412.0,,단순노무 종사자,청소 및 건물 관리 단순 노무직,청소 관련 종사자,운송 및 시설장비 청소원,,KSCO,8,2025-01-01,,active,2026-03-10 00:55:07,JF_SVC_06,active,auto_mapped,,,,,,,,,2026-03-16
9413,거리 및 공공장소 청소원,거리 및 공공장소 청소원,거리및공공장소청소원,detail,4,세분류,941.0,0,True,688,9/94/941/9413,단순노무 종사자 / 청소 및 건물 관리 단순 노무직 / 청소 관련 종사자 / 거리 및 공공장소 청소원,9,94.0,941.0,9413.0,,단순노무 종사자,청소 및 건물 관리 단순 노무직,청소 관련 종사자,거리 및 공공장소 청소원,,KSCO,8,2025-01-01,,active,2026-03-10 00:55:07,JF_SVC_06,active,auto_mapped,,,,,,,,,2026-03-16
9414,재활용품 및 쓰레기 수거원,재활용품 및 쓰레기 수거원,재활용품및쓰레기수거원,detail,4,세분류,941.0,0,True,689,9/94/941/9414,단순노무 종사자 / 청소 및 건물 관리 단순 노무직 / 청소 관련 종사자 / 재활용품 및 쓰레기 수거원,9,94.0,941.0,9414.0,,단순노무 종사자,청소 및 건물 관리 단순 노무직,청소 관련 종사자,재활용품 및 쓰레기 수거원,,KSCO,8,2025-01-01,,active,2026-03-10 00:55:07,JF_SVC_06,active,auto_mapped,,,,,,,,,2026-03-16
9419,기타 청소 관련 종사원,기타 청소 관련 종사원,기타청소관련종사원,detail,4,세분류,941.0,0,True,690,9/94/941/9419,단순노무 종사자 / 청소 및 건물 관리 단순 노무직 / 청소 관련 종사자 / 기타 청소 관련 종사원,9,94.0,941.0,9419.0,,단순노무 종사자,청소 및 건물 관리 단순 노무직,청소 관련 종사자,기타 청소 관련 종사원,,KSCO,8,2025-01-01,,active,2026-03-10 00:55:07,JF_SVC_06,active,auto_mapped,,,,,,,,,2026-03-16
942,건물 관리원,건물 관리원,건물관리원,small,3,소분류,94.0,1,False,691,9/94/942,단순노무 종사자 / 청소 및 건물 관리 단순 노무직 / 건물 관리원,9,94.0,942.0,,,단순노무 종사자,청소 및 건물 관리 단순 노무직,건물 관리원,,,KSCO,8,2025-01-01,,active,2026-03-10 00:55:07,JF_SVC_06,hierarchy_only,,,,,,,,,,2026-03-16
9420,건물 관리원,건물 관리원,건물관리원,detail,4,세분류,942.0,0,True,692,9/94/942/9420,단순노무 종사자 / 청소 및 건물 관리 단순 노무직 / 건물 관리원 / 건물 관리원,9,94.0,942.0,9420.0,,단순노무 종사자,청소 및 건물 관리 단순 노무직,건물 관리원,건물 관리원,,KSCO,8,2025-01-01,,active,2026-03-10 00:55:07,JF_SVC_06,active,auto_mapped,,,,,,,,,2026-03-16
95,가사‧음식 및 판매 관련 단순 노무직,가사‧음식 및 판매 관련 단순 노무직,가사음식및판매관련단순노무직,middle,2,중분류,9.0,3,False,693,9/95,단순노무 종사자 / 가사‧음식 및 판매 관련 단순 노무직,9,95.0,,,,단순노무 종사자,가사‧음식 및 판매 관련 단순 노무직,,,,KSCO,8,2025-01-01,,active,2026-03-10 00:55:07,JF_SVC_06,hierarchy_only,,,,,,,,,,2026-03-16
951,가사 및 육아 도우미,가사 및 육아 도우미,가사및육아도우미,small,3,소분류,95.0,2,False,694,9/95/951,단순노무 종사자 / 가사‧음식 및 판매 관련 단순 노무직 / 가사 및 육아 도우미,9,95.0,951.0,,,단순노무 종사자,가사‧음식 및 판매 관련 단순 노무직,가사 및 육아 도우미,,,KSCO,8,2025-01-01,,active,2026-03-10 00:55:07,JF_SVC_06,hierarchy_only,,,,,,,,,,2026-03-16
9511,가사 도우미,가사 도우미,가사도우미,detail,4,세분류,951.0,0,True,695,9/95/951/9511,단순노무 종사자 / 가사‧음식 및 판매 관련 단순 노무직 / 가사 및 육아 도우미 / 가사 도우미,9,95.0,951.0,9511.0,,단순노무 종사자,가사‧음식 및 판매 관련 단순 노무직,가사 및 육아 도우미,가사 도우미,,KSCO,8,2025-01-01,,active,2026-03-10 00:55:07,JF_SVC_06,active,auto_mapped,,,,,,,,,2026-03-16
9512,육아 도우미,육아 도우미,육아도우미,detail,4,세분류,951.0,0,True,696,9/95/951/9512,단순노무 종사자 / 가사‧음식 및 판매 관련 단순 노무직 / 가사 및 육아 도우미 / 육아 도우미,9,95.0,951.0,9512.0,,단순노무 종사자,가사‧음식 및 판매 관련 단순 노무직,가사 및 육아 도우미,육아 도우미,,KSCO,8,2025-01-01,,active,2026-03-10 00:55:07,JF_SVC_06,active,auto_mapped,,,,,,,,,2026-03-16
952,음식 관련 단순 종사자,음식 관련 단순 종사자,음식관련단순종사자,small,3,소분류,95.0,2,False,697,9/95/952,단순노무 종사자 / 가사‧음식 및 판매 관련 단순 노무직 / 음식 관련 단순 종사자,9,95.0,952.0,,,단순노무 종사자,가사‧음식 및 판매 관련 단순 노무직,음식 관련 단순 종사자,,,KSCO,8,2025-01-01,,active,2026-03-10 00:55:07,JF_SVC_06,hierarchy_only,,,,,,,,,,2026-03-16
9521,패스트푸드 준비원,패스트푸드 준비원,패스트푸드준비원,detail,4,세분류,952.0,0,True,698,9/95/952/9521,단순노무 종사자 / 가사‧음식 및 판매 관련 단순 노무직 / 음식 관련 단순 종사자 / 패스트푸드 준비원,9,95.0,952.0,9521.0,,단순노무 종사자,가사‧음식 및 판매 관련 단순 노무직,음식 관련 단순 종사자,패스트푸드 준비원,,KSCO,8,2025-01-01,,active,2026-03-10 00:55:07,JF_SVC_06,active,auto_mapped,,,,,,,,,2026-03-16
9522,주방 보조원,주방 보조원,주방보조원,detail,4,세분류,952.0,0,True,699,9/95/952/9522,단순노무 종사자 / 가사‧음식 및 판매 관련 단순 노무직 / 음식 관련 단순 종사자 / 주방 보조원,9,95.0,952.0,9522.0,,단순노무 종사자,가사‧음식 및 판매 관련 단순 노무직,음식 관련 단순 종사자,주방 보조원,,KSCO,8,2025-01-01,,active,2026-03-10 00:55:07,JF_SVC_06,active,auto_mapped,,,,,,,,,2026-03-16
953,판매 관련 단순 종사자,판매 관련 단순 종사자,판매관련단순종사자,small,3,소분류,95.0,2,False,700,9/95/953,단순노무 종사자 / 가사‧음식 및 판매 관련 단순 노무직 / 판매 관련 단순 종사자,9,95.0,953.0,,,단순노무 종사자,가사‧음식 및 판매 관련 단순 노무직,판매 관련 단순 종사자,,,KSCO,8,2025-01-01,,active,2026-03-10 00:55:07,JF_SVC_06,hierarchy_only,,,,,,,,,,2026-03-16
9531,주유원,주유원,주유원,detail,4,세분류,953.0,0,True,701,9/95/953/9531,단순노무 종사자 / 가사‧음식 및 판매 관련 단순 노무직 / 판매 관련 단순 종사자 / 주유원,9,95.0,953.0,9531.0,,단순노무 종사자,가사‧음식 및 판매 관련 단순 노무직,판매 관련 단순 종사자,주유원,,KSCO,8,2025-01-01,,active,2026-03-10 00:55:07,JF_SVC_06,active,auto_mapped,,,,,,,,,2026-03-16
9539,기타 판매 관련 단순 종사원,기타 판매 관련 단순 종사원,기타판매관련단순종사원,detail,4,세분류,953.0,0,True,702,9/95/953/9539,단순노무 종사자 / 가사‧음식 및 판매 관련 단순 노무직 / 판매 관련 단순 종사자 / 기타 판매 관련 단순 종사원,9,95.0,953.0,9539.0,,단순노무 종사자,가사‧음식 및 판매 관련 단순 노무직,판매 관련 단순 종사자,기타 판매 관련 단순 종사원,,KSCO,8,2025-01-01,,active,2026-03-10 00:55:07,JF_SVC_06,active,auto_mapped,,,,,,,,,2026-03-16
99,농림어업 및 기타 서비스 단순 노무직,농림어업 및 기타 서비스 단순 노무직,농림어업및기타서비스단순노무직,middle,2,중분류,9.0,3,False,703,9/99,단순노무 종사자 / 농림어업 및 기타 서비스 단순 노무직,9,99.0,,,,단순노무 종사자,농림어업 및 기타 서비스 단순 노무직,,,,KSCO,8,2025-01-01,,active,2026-03-10 00:55:07,JF_SVC_06,hierarchy_only,,,,,,,,,,2026-03-16
991,농림어업 관련 단순 종사자,농림어업 관련 단순 종사자,농림어업관련단순종사자,small,3,소분류,99.0,3,False,704,9/99/991,단순노무 종사자 / 농림어업 및 기타 서비스 단순 노무직 / 농림어업 관련 단순 종사자,9,99.0,991.0,,,단순노무 종사자,농림어업 및 기타 서비스 단순 노무직,농림어업 관련 단순 종사자,,,KSCO,8,2025-01-01,,active,2026-03-10 00:55:07,JF_SVC_06,hierarchy_only,,,,,,,,,,2026-03-16
9911,농업 관련 단순 종사원,농업 관련 단순 종사원,농업관련단순종사원,detail,4,세분류,991.0,0,True,705,9/99/991/9911,단순노무 종사자 / 농림어업 및 기타 서비스 단순 노무직 / 농림어업 관련 단순 종사자 / 농업 관련 단순 종사원,9,99.0,991.0,9911.0,,단순노무 종사자,농림어업 및 기타 서비스 단순 노무직,농림어업 관련 단순 종사자,농업 관련 단순 종사원,,KSCO,8,2025-01-01,,active,2026-03-10 00:55:07,JF_SVC_06,active,auto_mapped,,,,,,,,,2026-03-16
9912,임업 관련 단순 종사원,임업 관련 단순 종사원,임업관련단순종사원,detail,4,세분류,991.0,0,True,706,9/99/991/9912,단순노무 종사자 / 농림어업 및 기타 서비스 단순 노무직 / 농림어업 관련 단순 종사자 / 임업 관련 단순 종사원,9,99.0,991.0,9912.0,,단순노무 종사자,농림어업 및 기타 서비스 단순 노무직,농림어업 관련 단순 종사자,임업 관련 단순 종사원,,KSCO,8,2025-01-01,,active,2026-03-10 00:55:07,JF_SVC_06,active,auto_mapped,,,,,,,,,2026-03-16
9913,어업 관련 단순 종사원,어업 관련 단순 종사원,어업관련단순종사원,detail,4,세분류,991.0,0,True,707,9/99/991/9913,단순노무 종사자 / 농림어업 및 기타 서비스 단순 노무직 / 농림어업 관련 단순 종사자 / 어업 관련 단순 종사원,9,99.0,991.0,9913.0,,단순노무 종사자,농림어업 및 기타 서비스 단순 노무직,농림어업 관련 단순 종사자,어업 관련 단순 종사원,,KSCO,8,2025-01-01,,active,2026-03-10 00:55:07,JF_SVC_06,active,auto_mapped,,,,,,,,,2026-03-16
992,계기‧자판기 및 주차 관리 종사자,계기‧자판기 및 주차 관리 종사자,계기자판기및주차관리종사자,small,3,소분류,99.0,3,False,708,9/99/992,단순노무 종사자 / 농림어업 및 기타 서비스 단순 노무직 / 계기‧자판기 및 주차 관리 종사자,9,99.0,992.0,,,단순노무 종사자,농림어업 및 기타 서비스 단순 노무직,계기‧자판기 및 주차 관리 종사자,,,KSCO,8,2025-01-01,,active,2026-03-10 00:55:07,JF_SVC_06,hierarchy_only,,,,,,,,,,2026-03-16
9921,계기 검침원 및 가스 점검원,계기 검침원 및 가스 점검원,계기검침원및가스점검원,detail,4,세분류,992.0,0,True,709,9/99/992/9921,단순노무 종사자 / 농림어업 및 기타 서비스 단순 노무직 / 계기‧자판기 및 주차 관리 종사자 / 계기 검침원 및 가스 점검원,9,99.0,992.0,9921.0,,단순노무 종사자,농림어업 및 기타 서비스 단순 노무직,계기‧자판기 및 주차 관리 종사자,계기 검침원 및 가스 점검원,,KSCO,8,2025-01-01,,active,2026-03-10 00:55:07,JF_SVC_06,active,auto_mapped,,,,,,,,,2026-03-16
9922,자동판매기 관리원,자동판매기 관리원,자동판매기관리원,detail,4,세분류,992.0,0,True,710,9/99/992/9922,단순노무 종사자 / 농림어업 및 기타 서비스 단순 노무직 / 계기‧자판기 및 주차 관리 종사자 / 자동판매기 관리원,9,99.0,992.0,9922.0,,단순노무 종사자,농림어업 및 기타 서비스 단순 노무직,계기‧자판기 및 주차 관리 종사자,자동판매기 관리원,,KSCO,8,2025-01-01,,active,2026-03-10 00:55:07,JF_SVC_06,active,auto_mapped,,,,,,,,,2026-03-16
9923,주차 관리원 및 안내원,주차 관리원 및 안내원,주차관리원및안내원,detail,4,세분류,992.0,0,True,711,9/99/992/9923,단순노무 종사자 / 농림어업 및 기타 서비스 단순 노무직 / 계기‧자판기 및 주차 관리 종사자 / 주차 관리원 및 안내원,9,99.0,992.0,9923.0,,단순노무 종사자,농림어업 및 기타 서비스 단순 노무직,계기‧자판기 및 주차 관리 종사자,주차 관리원 및 안내원,,KSCO,8,2025-01-01,,active,2026-03-10 00:55:07,JF_SVC_06,active,auto_mapped,,,,,,,,,2026-03-16
999,기타 서비스 관련 단순 종사자,기타 서비스 관련 단순 종사자,기타서비스관련단순종사자,small,3,소분류,99.0,5,False,712,9/99/999,단순노무 종사자 / 농림어업 및 기타 서비스 단순 노무직 / 기타 서비스 관련 단순 종사자,9,99.0,999.0,,,단순노무 종사자,농림어업 및 기타 서비스 단순 노무직,기타 서비스 관련 단순 종사자,,,KSCO,8,2025-01-01,,active,2026-03-10 00:55:07,JF_SVC_06,hierarchy_only,,,,,,,,,,2026-03-16
9991,구두 미화원,구두 미화원,구두미화원,detail,4,세분류,999.0,0,True,713,9/99/999/9991,단순노무 종사자 / 농림어업 및 기타 서비스 단순 노무직 / 기타 서비스 관련 단순 종사자 / 구두 미화원,9,99.0,999.0,9991.0,,단순노무 종사자,농림어업 및 기타 서비스 단순 노무직,기타 서비스 관련 단순 종사자,구두 미화원,,KSCO,8,2025-01-01,,active,2026-03-10 00:55:07,JF_SVC_06,active,auto_mapped,,,,,,,,,2026-03-16
9992,세탁원 및 다림질원,세탁원 및 다림질원,세탁원및다림질원,detail,4,세분류,999.0,0,True,714,9/99/999/9992,단순노무 종사자 / 농림어업 및 기타 서비스 단순 노무직 / 기타 서비스 관련 단순 종사자 / 세탁원 및 다림질원,9,99.0,999.0,9992.0,,단순노무 종사자,농림어업 및 기타 서비스 단순 노무직,기타 서비스 관련 단순 종사자,세탁원 및 다림질원,,KSCO,8,2025-01-01,,active,2026-03-10 00:55:07,JF_SVC_06,active,auto_mapped,,,,,,,,,2026-03-16
9993,검표원,검표원,검표원,detail,4,세분류,999.0,0,True,715,9/99/999/9993,단순노무 종사자 / 농림어업 및 기타 서비스 단순 노무직 / 기타 서비스 관련 단순 종사자 / 검표원,9,99.0,999.0,9993.0,,단순노무 종사자,농림어업 및 기타 서비스 단순 노무직,기타 서비스 관련 단순 종사자,검표원,,KSCO,8,2025-01-01,,active,2026-03-10 00:55:07,JF_SVC_06,active,auto_mapped,,,,,,,,,2026-03-16
9994,대여 제품 방문 점검원,대여 제품 방문 점검원,대여제품방문점검원,detail,4,세분류,999.0,0,True,716,9/99/999/9994,단순노무 종사자 / 농림어업 및 기타 서비스 단순 노무직 / 기타 서비스 관련 단순 종사자 / 대여 제품 방문 점검원,9,99.0,999.0,9994.0,,단순노무 종사자,농림어업 및 기타 서비스 단순 노무직,기타 서비스 관련 단순 종사자,대여 제품 방문 점검원,,KSCO,8,2025-01-01,,active,2026-03-10 00:55:07,JF_SVC_06,active,auto_mapped,,,,,,,,,2026-03-16
9999,기타 서비스 관련 단순 종사원,기타 서비스 관련 단순 종사원,기타서비스관련단순종사원,detail,4,세분류,999.0,0,True,717,9/99/999/9999,단순노무 종사자 / 농림어업 및 기타 서비스 단순 노무직 / 기타 서비스 관련 단순 종사자 / 기타 서비스 관련 단순 종사원,9,99.0,999.0,9999.0,,단순노무 종사자,농림어업 및 기타 서비스 단순 노무직,기타 서비스 관련 단순 종사자,기타 서비스 관련 단순 종사원,,KSCO,8,2025-01-01,,active,2026-03-10 00:55:07,JF_SVC_06,active,auto_mapped,,,,,,,,,2026-03-16
A,군인,군인,군인,major,1,대분류,,0,True,718,A,군인,A,,,,,군인,,,,,KSCO,8,2025-01-01,,active,2026-03-10 00:55:07,JF_SVC_05,active,auto_mapped,,,,,,,,,2026-03-16
